NMEA,$GPGSV,4,1,13,03,18,173,38,04,53,101,45,07,53,281,39,08,18,126,46,1*62,1763494167858
NMEA,$GPGSV,4,2,13,09,77,359,44,16,34,050,34,20,14,319,41,21,15,320,40,1*6F,1763494167858
NMEA,$GPGSV,4,3,13,26,02,041,23,27,19,094,44,30,25,265,34,46,00,000,36,1*66,1763494167858
NMEA,$GPGSV,4,4,13,48,00,000,42,1*5C,1763494167858
NMEA,$GPGSV,3,1,10,03,18,173,35,04,53,101,37,06,03,257,18,08,18,126,41,8*6C,1763494167858
NMEA,$GPGSV,3,2,10,09,77,359,30,11,04,294,19,21,15,320,32,26,02,041,26,8*6B,1763494167858
NMEA,$GPGSV,3,3,10,27,19,094,40,30,25,265,34,8*6A,1763494167858
NMEA,$GLGSV,1,1,04,12,63,229,36,11,53,029,46,01,76,106,40,08,22,135,32,1*74,1763494167858
NMEA,$GAGSV,3,1,10,02,51,173,41,03,67,075,40,05,19,108,44,08,48,316,31,7*74,1763494167858
NMEA,$GAGSV,3,2,10,13,12,276,26,15,05,227,20,16,34,049,32,25,54,070,44,7*7C,1763494167858
NMEA,$GAGSV,3,3,10,26,03,323,33,30,06,202,38,7*79,1763494167858
NMEA,$GAGSV,3,1,09,02,51,173,31,03,67,075,34,05,19,108,34,08,48,316,23,1*7A,1763494167858
NMEA,$GAGSV,3,2,09,13,12,276,30,15,05,227,18,16,34,049,39,25,54,070,35,1*73,1763494167858
NMEA,$GAGSV,3,3,09,30,06,202,19,1*41,1763494167858
NMEA,$GBGSV,2,1,07,37,47,047,44,36,18,232,36,32,14,144,42,22,04,319,36,1*75,1763494167858
NMEA,$GBGSV,2,2,07,20,70,160,36,19,55,311,37,04,03,265,26,1*4B,1763494167858
NMEA,$GBGSV,2,1,05,19,55,311,35,20,70,160,39,32,14,144,41,36,18,232,35,3*7E,1763494167858
NMEA,$GBGSV,2,2,05,37,47,047,41,3*40,1763494167858
NMEA,$GBGSV,2,1,06,19,55,311,37,20,70,160,35,22,04,319,33,32,14,144,29,5*7D,1763494167858
NMEA,$GBGSV,2,2,06,36,18,232,33,37,47,047,29,5*74,1763494167858
NMEA,$GNGSA,A,3,03,04,07,08,09,16,20,21,27,30,,,0.6,0.4,0.5,1*37,1763494167870
NMEA,$PSSGR,GSA,A,3,03,04,08,09,21,27,30,,,,,,0.6,0.4,0.5,1,8*41,1763494167870
NMEA,$GNGSA,A,3,65,72,75,76,,,,,,,,,0.6,0.4,0.5,2*30,1763494167870
NMEA,$GNGSA,A,3,02,03,05,08,13,16,25,30,,,,,0.6,0.4,0.5,3*39,1763494167870
NMEA,$PSSGR,GSA,A,3,302,303,305,308,313,316,325,330,,,,,0.6,0.4,0.5,3,1*44,1763494167870
NMEA,$GNGSA,A,3,19,20,32,36,37,,,,,,,,0.6,0.4,0.5,4*39,1763494167870
NMEA,$PSSGR,GSA,A,3,219,220,232,236,237,,,,,,,,0.6,0.4,0.5,4,5*72,1763494167870
NMEA,$GNVTG,,T,,M,0.0,N,0.0,K,E*39,1763494167870
NMEA,$GNDTM,W84,,0000.000000,N,00000.000000,E,0.000,W84*41,1763494167870
NMEA,$GNRMC,192928.00,A,3725.861607,N,12209.319745,W,0.0,,181125,12.8,E,E,V*5D,1763494167870
NMEA,$GNGNS,192928.00,3725.861607,N,12209.319745,W,EEEEEE,27,0.4,19.7,-32.6,,,V*25,1763494167870
NMEA,$GNGGA,192928.00,3725.861607,N,12209.319745,W,6,12,0.4,19.7,M,-32.6,M,,*74,1763494167870
NMEA,$PSMSG,magcal=PASS,bluesky=0*00,1763494167875
NMEA,$GPGSV,3,1,12,03,18,173,41,04,53,101,44,07,53,281,41,08,18,126,44,1*66,1763494168857
NMEA,$GPGSV,3,2,12,09,77,359,45,16,34,050,42,20,14,319,38,21,15,320,37,1*67,1763494168857
NMEA,$GPGSV,3,3,12,27,19,094,40,30,25,265,35,46,00,000,38,48,00,000,39,1*6F,1763494168857
NMEA,$GPGSV,3,1,10,03,18,173,31,04,53,101,36,06,03,257,18,08,18,126,38,8*67,1763494168857
NMEA,$GPGSV,3,2,10,09,77,359,34,11,04,294,23,21,15,320,35,26,02,041,22,8*65,1763494168857
NMEA,$GPGSV,3,3,10,27,19,094,33,30,25,265,31,8*6B,1763494168857
NMEA,$GLGSV,1,1,04,12,63,229,40,11,53,029,44,01,76,106,40,08,22,135,45,1*77,1763494168857
NMEA,$GAGSV,3,1,10,02,51,173,38,03,67,075,41,05,19,108,42,08,48,316,39,7*75,1763494168857
NMEA,$GAGSV,3,2,10,13,12,276,28,15,05,227,18,16,34,049,40,25,54,070,43,7*7B,1763494168857
NMEA,$GAGSV,3,3,10,26,03,323,32,30,06,202,35,7*75,1763494168857
NMEA,$GAGSV,3,1,09,02,51,173,32,03,67,075,34,05,19,108,32,08,48,316,31,1*7C,1763494168857
NMEA,$GAGSV,3,2,09,13,12,276,31,15,05,227,18,16,34,049,35,25,54,070,32,1*79,1763494168857
NMEA,$GAGSV,3,3,09,30,06,202,19,1*41,1763494168857
NMEA,$GBGSV,2,1,07,37,47,047,43,36,18,232,38,32,14,144,43,22,04,319,35,1*7E,1763494168857
NMEA,$GBGSV,2,2,07,20,70,160,44,19,55,311,42,04,03,265,26,1*4C,1763494168857
NMEA,$GBGSV,2,1,05,19,55,311,41,20,70,160,43,32,14,144,42,36,18,232,35,3*73,1763494168857
NMEA,$GBGSV,2,2,05,37,47,047,42,3*43,1763494168857
NMEA,$GBGSV,2,1,06,19,55,311,34,20,70,160,36,22,04,319,30,32,14,144,28,5*7F,1763494168857
NMEA,$GBGSV,2,2,06,36,18,232,30,37,47,047,35,5*7A,1763494168857
NMEA,$GNGSA,A,3,03,04,07,08,09,16,20,21,27,30,,,0.6,0.4,0.5,1*37,1763494168872
NMEA,$PSSGR,GSA,A,3,03,04,08,09,21,27,30,,,,,,0.6,0.4,0.5,1,8*41,1763494168872
NMEA,$GNGSA,A,3,65,72,75,76,,,,,,,,,0.6,0.4,0.5,2*30,1763494168872
NMEA,$GNGSA,A,3,02,03,05,08,13,16,25,30,,,,,0.6,0.4,0.5,3*39,1763494168872
NMEA,$PSSGR,GSA,A,3,302,303,305,308,313,316,325,,,,,,0.6,0.4,0.5,3,1*74,1763494168872
NMEA,$GNGSA,A,3,19,20,32,36,37,,,,,,,,0.6,0.4,0.5,4*39,1763494168872
NMEA,$PSSGR,GSA,A,3,219,220,232,236,237,,,,,,,,0.6,0.4,0.5,4,5*72,1763494168872
NMEA,$GNVTG,,T,,M,0.0,N,0.0,K,E*39,1763494168872
NMEA,$GNDTM,W84,,0000.000000,N,00000.000000,E,0.000,W84*41,1763494168872
NMEA,$GNRMC,192929.00,A,3725.861675,N,12209.319739,W,0.0,,181125,12.8,E,E,V*52,1763494168872
NMEA,$GNGNS,192929.00,3725.861675,N,12209.319739,W,EEEEEE,27,0.4,20.3,-32.6,,,V*24,1763494168872
NMEA,$GNGGA,192929.00,3725.861675,N,12209.319739,W,6,12,0.4,20.3,M,-32.6,M,,*75,1763494168872
NMEA,$PSMSG,magcal=PASS,bluesky=0*00,1763494168877
NMEA,$GPGSV,4,1,13,03,18,173,38,04,53,101,44,06,03,257,27,07,53,281,44,1*6F,1763494169861
NMEA,$GPGSV,4,2,13,08,18,126,45,09,77,359,43,16,34,050,42,20,14,319,41,1*6E,1763494169861
NMEA,$GPGSV,4,3,13,21,15,320,42,27,19,094,41,30,25,265,42,46,00,000,42,1*63,1763494169861
NMEA,$GPGSV,4,4,13,48,00,000,43,1*5D,1763494169861
NMEA,$GPGSV,3,1,10,03,18,173,33,04,53,101,37,06,03,257,18,08,18,126,33,8*6F,1763494169861
NMEA,$GPGSV,3,2,10,09,77,359,34,11,04,294,23,21,15,320,35,26,02,041,21,8*66,1763494169861
NMEA,$GPGSV,3,3,10,27,19,094,38,30,25,265,32,8*63,1763494169861
NMEA,$GLGSV,1,1,04,12,63,229,41,11,53,029,40,01,76,106,38,08,22,135,45,1*7D,1763494169861
NMEA,$GAGSV,3,1,10,02,51,173,40,03,67,075,42,05,19,108,41,08,48,316,42,7*76,1763494169861
NMEA,$GAGSV,3,2,10,13,12,276,40,15,05,227,25,16,34,049,40,25,54,070,40,7*78,1763494169861
NMEA,$GAGSV,3,3,10,26,03,323,37,30,06,202,33,7*76,1763494169861
NMEA,$GAGSV,3,1,09,02,51,173,37,03,67,075,39,05,19,108,31,08,48,316,33,1*75,1763494169861
NMEA,$GAGSV,3,2,09,13,12,276,27,15,05,227,18,16,34,049,38,25,54,070,37,1*76,1763494169861
NMEA,$GAGSV,3,3,09,30,06,202,19,1*41,1763494169861
NMEA,$GBGSV,2,1,07,37,47,047,42,36,18,232,42,32,14,144,43,22,04,319,37,1*70,1763494169861
NMEA,$GBGSV,2,2,07,20,70,160,43,19,55,311,44,04,03,265,26,1*4D,1763494169861
NMEA,$GBGSV,2,1,05,19,55,311,43,20,70,160,42,32,14,144,43,36,18,232,41,3*72,1763494169861
NMEA,$GBGSV,2,2,05,37,47,047,41,3*40,1763494169861
NMEA,$GBGSV,2,1,06,19,55,311,32,20,70,160,38,22,04,319,29,32,14,144,29,5*7E,1763494169861
NMEA,$GBGSV,2,2,06,36,18,232,32,37,47,047,37,5*7A,1763494169861
NMEA,$GNGSA,A,3,03,04,07,08,09,16,20,21,27,30,,,0.6,0.4,0.5,1*37,1763494169871
NMEA,$PSSGR,GSA,A,3,03,04,08,09,21,27,30,,,,,,0.6,0.4,0.5,1,8*41,1763494169871
NMEA,$GNGSA,A,3,65,72,75,76,,,,,,,,,0.6,0.4,0.5,2*30,1763494169871
NMEA,$GNGSA,A,3,02,03,05,08,13,15,16,25,30,,,,0.6,0.4,0.5,3*3D,1763494169871
NMEA,$PSSGR,GSA,A,3,302,303,305,308,313,316,325,,,,,,0.6,0.4,0.5,3,1*74,1763494169871
NMEA,$GNGSA,A,3,19,20,32,36,37,,,,,,,,0.6,0.4,0.5,4*39,1763494169871
NMEA,$PSSGR,GSA,A,3,219,220,232,236,237,,,,,,,,0.6,0.4,0.5,4,5*72,1763494169871
NMEA,$GNVTG,235.4,T,222.6,M,0.5,N,1.0,K,E*39,1763494169871
NMEA,$GNDTM,W84,,0000.000000,N,00000.000000,E,0.000,W84*41,1763494169871
NMEA,$GNRMC,192930.00,A,3725.861700,N,12209.319978,W,0.5,235.4,181125,12.8,E,E,V*79,1763494169871
NMEA,$GNGNS,192930.00,3725.861700,N,12209.319978,W,EEEEEE,28,0.4,20.8,-32.6,,,V*20,1763494169871
NMEA,$GNGGA,192930.00,3725.861700,N,12209.319978,W,6,12,0.4,20.8,M,-32.6,M,,*7E,1763494169871
NMEA,$PSMSG,magcal=PASS,bluesky=0*00,1763494169875
NMEA,$GPGSV,4,1,13,03,18,173,42,04,53,101,37,06,03,257,28,07,53,281,41,1*6C,1763494170860
NMEA,$GPGSV,4,2,13,08,18,126,43,09,77,359,40,16,34,050,43,20,14,319,44,1*6F,1763494170860
NMEA,$GPGSV,4,3,13,21,15,320,37,27,19,094,41,30,25,265,43,46,00,000,41,1*63,1763494170860
NMEA,$GPGSV,4,4,13,48,00,000,43,1*5D,1763494170860
NMEA,$GPGSV,3,1,10,03,18,173,27,04,53,101,32,06,03,257,18,08,18,126,33,8*6F,1763494170860
NMEA,$GPGSV,3,2,10,09,77,359,30,11,04,294,24,21,15,320,30,26,02,041,21,8*60,1763494170860
NMEA,$GPGSV,3,3,10,27,19,094,39,30,25,265,30,8*60,1763494170860
NMEA,$GLGSV,1,1,04,12,63,229,44,11,53,029,39,01,76,106,34,08,22,135,44,1*7B,1763494170860
NMEA,$GAGSV,3,1,10,02,51,173,42,03,67,075,43,05,19,108,45,08,48,316,40,7*73,1763494170860
NMEA,$GAGSV,3,2,10,13,12,276,43,15,05,227,23,16,34,049,40,25,54,070,41,7*7C,1763494170860
NMEA,$GAGSV,3,3,10,26,03,323,37,30,06,202,36,7*73,1763494170860
NMEA,$GAGSV,3,1,09,02,51,173,33,03,67,075,32,05,19,108,36,08,48,316,29,1*76,1763494170860
NMEA,$GAGSV,3,2,09,13,12,276,26,15,05,227,18,16,34,049,29,25,54,070,36,1*76,1763494170860
NMEA,$GAGSV,3,3,09,30,06,202,20,1*4B,1763494170860
NMEA,$GBGSV,2,1,07,37,47,047,42,36,18,232,42,32,14,144,43,22,04,319,37,1*70,1763494170860
NMEA,$GBGSV,2,2,07,20,70,160,43,19,55,311,44,04,03,265,26,1*4D,1763494170860
NMEA,$GBGSV,2,1,05,19,55,311,42,20,70,160,40,32,14,144,45,36,18,232,41,3*77,1763494170860
NMEA,$GBGSV,2,2,05,37,47,047,42,3*43,1763494170860
NMEA,$GBGSV,2,1,06,19,55,311,34,20,70,160,35,22,04,319,30,32,14,144,30,5*75,1763494170860
NMEA,$GBGSV,2,2,06,36,18,232,28,37,47,047,27,5*70,1763494170860
NMEA,$GNGSA,A,3,03,04,07,08,09,16,20,21,27,30,,,0.6,0.4,0.5,1*37,1763494170873
NMEA,$PSSGR,GSA,A,3,03,04,08,09,21,27,30,,,,,,0.6,0.4,0.5,1,8*41,1763494170873
NMEA,$GNGSA,A,3,65,72,75,76,,,,,,,,,0.6,0.4,0.5,2*30,1763494170873
NMEA,$GNGSA,A,3,02,03,05,08,13,15,16,25,30,,,,0.6,0.4,0.5,3*3D,1763494170873
NMEA,$PSSGR,GSA,A,3,302,303,305,308,313,316,325,,,,,,0.6,0.4,0.5,3,1*74,1763494170873
NMEA,$GNGSA,A,3,19,20,32,36,37,,,,,,,,0.6,0.4,0.5,4*39,1763494170873
NMEA,$PSSGR,GSA,A,3,219,220,232,236,237,,,,,,,,0.6,0.4,0.5,4,5*72,1763494170873
NMEA,$GNVTG,,T,,M,0.0,N,0.0,K,E*39,1763494170873
NMEA,$GNDTM,W84,,0000.000000,N,00000.000000,E,0.000,W84*41,1763494170873
NMEA,$GNRMC,192931.00,A,3725.861748,N,12209.320122,W,0.0,,181125,12.8,E,E,V*52,1763494170873
NMEA,$GNGNS,192931.00,3725.861748,N,12209.320122,W,EEEEEE,28,0.4,20.9,-32.6,,,V*21,1763494170873
NMEA,$GNGGA,192931.00,3725.861748,N,12209.320122,W,6,12,0.4,20.9,M,-32.6,M,,*7F,1763494170873
NMEA,$PSMSG,magcal=PASS,bluesky=0*00,1763494170885
NMEA,$GPGSV,4,1,13,03,18,173,43,04,53,101,37,06,03,257,28,07,53,281,40,1*6C,1763494171861
NMEA,$GPGSV,4,2,13,08,18,126,43,09,77,359,41,16,34,050,44,20,14,319,42,1*6F,1763494171861
NMEA,$GPGSV,4,3,13,21,15,320,37,27,19,094,41,30,25,265,43,46,00,000,41,1*63,1763494171861
NMEA,$GPGSV,4,4,13,48,00,000,43,1*5D,1763494171861
NMEA,$GPGSV,3,1,10,03,18,173,27,04,53,101,30,06,03,257,18,08,18,126,33,8*6D,1763494171861
NMEA,$GPGSV,3,2,10,09,77,359,29,11,04,294,24,21,15,320,26,26,02,041,21,8*6F,1763494171861
NMEA,$GPGSV,3,3,10,27,19,094,39,30,25,265,27,8*66,1763494171861
NMEA,$GLGSV,1,1,04,12,63,229,44,11,53,029,39,01,76,106,36,08,22,135,44,1*79,1763494171861
NMEA,$GAGSV,3,1,10,02,51,173,41,03,67,075,43,05,19,108,46,08,48,316,39,7*7D,1763494171861
NMEA,$GAGSV,3,2,10,13,12,276,42,15,05,227,24,16,34,049,40,25,54,070,40,7*7B,1763494171861
NMEA,$GAGSV,3,3,10,26,03,323,37,30,06,202,35,7*70,1763494171861
NMEA,$GAGSV,3,1,09,02,51,173,31,03,67,075,30,05,19,108,35,08,48,316,28,1*74,1763494171861
NMEA,$GAGSV,3,2,09,13,12,276,28,15,05,227,18,16,34,049,25,25,54,070,34,1*76,1763494171861
NMEA,$GAGSV,3,3,09,30,06,202,23,1*48,1763494171861
NMEA,$GBGSV,2,1,07,37,47,047,42,36,18,232,42,32,14,144,43,22,04,319,37,1*70,1763494171861
NMEA,$GBGSV,2,2,07,20,70,160,43,19,55,311,44,04,03,265,26,1*4D,1763494171861
NMEA,$GBGSV,2,1,05,19,55,311,42,20,70,160,40,32,14,144,45,36,18,232,39,3*78,1763494171861
NMEA,$GBGSV,2,2,05,37,47,047,40,3*41,1763494171861
NMEA,$GBGSV,2,1,06,19,55,311,34,20,70,160,35,22,04,319,30,32,14,144,28,5*7C,1763494171861
NMEA,$GBGSV,2,2,06,36,18,232,27,37,47,047,25,5*7D,1763494171861
NMEA,$GNGSA,A,3,03,04,07,08,09,16,20,21,27,30,,,0.6,0.4,0.5,1*37,1763494171875
NMEA,$PSSGR,GSA,A,3,03,04,08,09,21,27,30,,,,,,0.6,0.4,0.5,1,8*41,1763494171875
NMEA,$GNGSA,A,3,65,72,75,76,,,,,,,,,0.6,0.4,0.5,2*30,1763494171875
NMEA,$GNGSA,A,3,02,03,05,08,13,15,16,25,30,,,,0.6,0.4,0.5,3*3D,1763494171875
NMEA,$PSSGR,GSA,A,3,302,303,305,308,313,316,325,,,,,,0.6,0.4,0.5,3,1*74,1763494171875
NMEA,$GNGSA,A,3,19,20,32,36,37,,,,,,,,0.6,0.4,0.5,4*39,1763494171875
NMEA,$PSSGR,GSA,A,3,219,220,232,236,237,,,,,,,,0.6,0.4,0.5,4,5*72,1763494171875
NMEA,$GNVTG,235.4,T,222.6,M,0.3,N,0.6,K,E*38,1763494171875
NMEA,$GNDTM,W84,,0000.000000,N,00000.000000,E,0.000,W84*41,1763494171875
NMEA,$GNRMC,192932.00,A,3725.861756,N,12209.320146,W,0.3,235.4,181125,12.8,E,E,V*71,1763494171875
NMEA,$GNGNS,192932.00,3725.861756,N,12209.320146,W,EEEEEE,28,0.4,20.9,-32.6,,,V*2F,1763494171875
NMEA,$GNGGA,192932.00,3725.861756,N,12209.320146,W,6,12,0.4,20.9,M,-32.6,M,,*71,1763494171875
NMEA,$PSMSG,magcal=PASS,bluesky=0*00,1763494171881
NMEA,$GPGSV,4,1,13,03,18,173,45,04,53,101,40,06,03,257,28,07,53,281,41,1*6B,1763494172860
NMEA,$GPGSV,4,2,13,08,18,126,43,09,77,359,40,16,34,050,43,20,14,319,42,1*69,1763494172860
NMEA,$GPGSV,4,3,13,21,15,320,38,27,19,094,39,30,25,265,43,46,00,000,41,1*63,1763494172860
NMEA,$GPGSV,4,4,13,48,00,000,39,1*50,1763494172860
NMEA,$GPGSV,3,1,10,03,18,173,21,04,53,101,27,06,03,257,23,08,18,126,33,8*65,1763494172860
NMEA,$GPGSV,3,2,10,09,77,359,29,11,04,294,23,21,15,320,29,26,02,041,21,8*67,1763494172860
NMEA,$GPGSV,3,3,10,27,19,094,38,30,25,265,22,8*62,1763494172860
NMEA,$GLGSV,1,1,04,12,63,229,41,11,53,029,37,01,76,106,35,08,22,135,43,1*76,1763494172860
NMEA,$GAGSV,3,1,10,02,51,173,40,03,67,075,43,05,19,108,45,08,48,316,39,7*7F,1763494172860
NMEA,$GAGSV,3,2,10,13,12,276,42,15,05,227,24,16,34,049,40,25,54,070,41,7*7A,1763494172860
NMEA,$GAGSV,3,3,10,26,03,323,37,30,06,202,35,7*70,1763494172860
NMEA,$GAGSV,2,1,08,02,51,173,32,03,67,075,26,05,19,108,36,08,48,316,28,1*73,1763494172860
NMEA,$GAGSV,2,2,08,13,12,276,26,16,34,049,28,25,54,070,31,30,06,202,27,1*7F,1763494172860
NMEA,$GQGSV,1,1,01,03,02,297,24,1*5F,1763494172860
NMEA,$GBGSV,2,1,07,37,47,047,42,36,18,232,42,32,14,144,43,22,04,319,37,1*70,1763494172860
NMEA,$GBGSV,2,2,07,20,70,160,43,19,55,311,44,04,03,265,26,1*4D,1763494172860
NMEA,$GBGSV,2,1,05,19,55,311,40,20,70,160,40,32,14,144,45,36,18,232,37,3*74,1763494172860
NMEA,$GBGSV,2,2,05,37,47,047,41,3*40,1763494172860
NMEA,$GBGSV,2,1,05,19,55,311,32,20,70,160,36,32,14,144,28,36,18,232,28,5*73,1763494172860
NMEA,$GBGSV,2,2,05,37,47,047,29,5*48,1763494172860
NMEA,$GNGSA,A,3,03,04,07,08,09,16,20,21,27,30,,,0.6,0.4,0.5,1*37,1763494172875
NMEA,$PSSGR,GSA,A,3,03,04,08,09,21,27,30,,,,,,0.6,0.4,0.5,1,8*41,1763494172875
NMEA,$GNGSA,A,3,65,72,75,76,,,,,,,,,0.6,0.4,0.5,2*30,1763494172875
NMEA,$GNGSA,A,3,02,03,05,08,13,15,16,25,30,,,,0.6,0.4,0.5,3*3D,1763494172875
NMEA,$PSSGR,GSA,A,3,302,303,305,308,313,316,325,330,,,,,0.6,0.4,0.5,3,1*44,1763494172875
NMEA,$GNGSA,A,3,19,20,32,36,37,,,,,,,,0.6,0.4,0.5,4*39,1763494172875
NMEA,$PSSGR,GSA,A,3,219,220,232,236,237,,,,,,,,0.6,0.4,0.5,4,5*72,1763494172875
NMEA,$GNVTG,235.4,T,222.6,M,0.9,N,1.7,K,E*32,1763494172875
NMEA,$GNDTM,W84,,0000.000000,N,00000.000000,E,0.000,W84*41,1763494172875
NMEA,$GNRMC,192933.00,A,3725.861766,N,12209.319877,W,0.9,235.4,181125,12.8,E,E,V*78,1763494172875
NMEA,$GNGNS,192933.00,3725.861766,N,12209.319877,W,EEEEEE,28,0.4,20.9,-32.6,,,V*2C,1763494172875
NMEA,$GNGGA,192933.00,3725.861766,N,12209.319877,W,6,12,0.4,20.9,M,-32.6,M,,*72,1763494172875
NMEA,$PSMSG,magcal=PASS,bluesky=0*00,1763494172879
NMEA,$GPGSV,4,1,14,03,18,173,45,04,53,101,43,06,03,257,24,07,53,281,41,1*63,1763494173858
NMEA,$GPGSV,4,2,14,08,18,126,43,09,77,359,39,11,04,294,35,16,34,050,43,1*67,1763494173858
NMEA,$GPGSV,4,3,14,20,14,319,44,21,15,320,39,27,19,094,37,30,25,265,46,1*65,1763494173858
NMEA,$GPGSV,4,4,14,46,00,000,44,48,00,000,41,1*6A,1763494173858
NMEA,$GPGSV,3,1,10,03,18,173,22,04,53,101,27,06,03,257,22,08,18,126,33,8*67,1763494173858
NMEA,$GPGSV,3,2,10,09,77,359,27,11,04,294,26,21,15,320,32,26,02,041,21,8*66,1763494173858
NMEA,$GPGSV,3,3,10,27,19,094,37,30,25,265,22,8*6D,1763494173858
NMEA,$GLGSV,1,1,04,12,63,229,38,11,53,029,38,01,76,106,28,08,22,135,45,1*7D,1763494173858
NMEA,$GAGSV,3,1,10,02,51,173,39,03,67,075,43,05,19,108,44,08,48,316,41,7*7F,1763494173858
NMEA,$GAGSV,3,2,10,13,12,276,41,15,05,227,21,16,34,049,40,25,54,070,39,7*73,1763494173858
NMEA,$GAGSV,3,3,10,26,03,323,37,30,06,202,36,7*73,1763494173858
NMEA,$GAGSV,2,1,08,02,51,173,27,03,67,075,27,05,19,108,35,08,48,316,28,1*75,1763494173858
NMEA,$GAGSV,2,2,08,13,12,276,28,16,34,049,33,25,54,070,28,30,06,202,24,1*70,1763494173858
NMEA,$GQGSV,1,1,01,03,02,297,27,1*5C,1763494173858
NMEA,$GBGSV,2,1,07,37,47,047,42,36,18,232,42,32,14,144,43,22,04,319,37,1*70,1763494173858
NMEA,$GBGSV,2,2,07,20,70,160,43,19,55,311,44,04,03,265,26,1*4D,1763494173858
NMEA,$GBGSV,2,1,05,19,55,311,41,20,70,160,39,32,14,144,43,36,18,232,38,3*72,1763494173858
NMEA,$GBGSV,2,2,05,37,47,047,40,3*41,1763494173858
NMEA,$GBGSV,2,1,05,19,55,311,30,20,70,160,37,32,14,144,27,36,18,232,30,5*76,1763494173858
NMEA,$GBGSV,2,2,05,37,47,047,30,5*40,1763494173858
NMEA,$GNGSA,A,3,03,04,07,08,09,16,20,21,27,30,,,0.6,0.4,0.5,1*37,1763494173872
NMEA,$PSSGR,GSA,A,3,03,04,08,09,21,27,30,,,,,,0.6,0.4,0.5,1,8*41,1763494173872
NMEA,$GNGSA,A,3,65,72,75,76,,,,,,,,,0.6,0.4,0.5,2*30,1763494173872
NMEA,$GNGSA,A,3,02,03,05,08,13,15,16,25,30,,,,0.6,0.4,0.5,3*3D,1763494173872
NMEA,$PSSGR,GSA,A,3,302,303,305,308,313,316,325,330,,,,,0.6,0.4,0.5,3,1*44,1763494173872
NMEA,$GNGSA,A,3,19,20,32,36,37,,,,,,,,0.6,0.4,0.5,4*39,1763494173872
NMEA,$PSSGR,GSA,A,3,219,220,232,236,237,,,,,,,,0.6,0.4,0.5,4,5*72,1763494173872
NMEA,$GNVTG,235.4,T,222.6,M,1.0,N,1.8,K,E*35,1763494173872
NMEA,$GNDTM,W84,,0000.000000,N,00000.000000,E,0.000,W84*41,1763494173872
NMEA,$GNRMC,192934.00,A,3725.861738,N,12209.319577,W,1.0,235.4,181125,12.8,E,E,V*71,1763494173872
NMEA,$GNGNS,192934.00,3725.861738,N,12209.319577,W,EEEEEE,28,0.4,20.9,-32.6,,,V*2D,1763494173872
NMEA,$GNGGA,192934.00,3725.861738,N,12209.319577,W,6,12,0.4,20.9,M,-32.6,M,,*73,1763494173872
NMEA,$PSMSG,magcal=PASS,bluesky=0*00,1763494173876
NMEA,$GPGSV,4,1,13,03,18,173,46,04,53,101,43,07,53,281,42,08,18,126,42,1*65,1763494174854
NMEA,$GPGSV,4,2,13,09,77,359,39,11,04,294,34,16,34,050,41,20,14,319,46,1*6E,1763494174854
NMEA,$GPGSV,4,3,13,21,15,320,42,27,19,094,37,30,25,265,45,46,00,000,42,1*65,1763494174854
NMEA,$GPGSV,4,4,13,48,00,000,42,1*5C,1763494174854
NMEA,$GPGSV,3,1,10,03,18,173,33,04,53,101,32,06,03,257,22,08,18,126,25,8*64,1763494174854
NMEA,$GPGSV,3,2,10,09,77,359,26,11,04,294,26,21,15,320,32,26,02,041,21,8*67,1763494174854
NMEA,$GPGSV,3,3,10,27,19,094,36,30,25,265,26,8*68,1763494174854
NMEA,$GLGSV,1,1,04,12,63,229,38,11,53,029,39,01,76,106,32,08,22,135,42,1*70,1763494174854
NMEA,$GAGSV,3,1,10,02,51,173,41,03,67,075,39,05,19,108,41,08,48,316,41,7*78,1763494174854
NMEA,$GAGSV,3,2,10,13,12,276,40,15,05,227,23,16,34,049,39,25,54,070,36,7*71,1763494174854
NMEA,$GAGSV,3,3,10,26,03,323,37,30,06,202,39,7*7C,1763494174854
NMEA,$GAGSV,2,1,08,02,51,173,28,03,67,075,30,05,19,108,30,08,48,316,21,1*70,1763494174854
NMEA,$GAGSV,2,2,08,13,12,276,27,16,34,049,34,25,54,070,28,30,06,202,24,1*78,1763494174854
NMEA,$GBGSV,2,1,07,37,47,047,42,36,18,232,42,32,14,144,43,22,04,319,37,1*70,1763494174854
NMEA,$GBGSV,2,2,07,20,70,160,43,19,55,311,44,04,03,265,26,1*4D,1763494174854
NMEA,$GBGSV,2,1,05,19,55,311,40,20,70,160,37,32,14,144,42,36,18,232,38,3*7C,1763494174854
NMEA,$GBGSV,2,2,05,37,47,047,40,3*41,1763494174854
NMEA,$GBGSV,2,1,05,19,55,311,24,20,70,160,37,32,14,144,29,36,18,232,32,5*7F,1763494174854
NMEA,$GBGSV,2,2,05,37,47,047,30,5*40,1763494174854
NMEA,$GNGSA,A,3,03,04,07,08,09,16,20,21,27,30,,,0.6,0.4,0.5,1*37,1763494174863
NMEA,$PSSGR,GSA,A,3,03,04,08,09,21,27,30,,,,,,0.6,0.4,0.5,1,8*41,1763494174863
NMEA,$GNGSA,A,3,65,72,75,76,,,,,,,,,0.6,0.4,0.5,2*30,1763494174863
NMEA,$GNGSA,A,3,02,03,05,08,13,15,16,25,30,,,,0.6,0.4,0.5,3*3D,1763494174863
NMEA,$PSSGR,GSA,A,3,302,303,305,308,313,316,325,330,,,,,0.6,0.4,0.5,3,1*44,1763494174863
NMEA,$GNGSA,A,3,19,20,32,36,37,,,,,,,,0.6,0.4,0.5,4*39,1763494174863
NMEA,$PSSGR,GSA,A,3,219,220,232,236,237,,,,,,,,0.6,0.4,0.5,4,5*72,1763494174863
NMEA,$GNVTG,235.4,T,222.6,M,1.0,N,1.8,K,E*35,1763494174863
NMEA,$GNDTM,W84,,0000.000000,N,00000.000000,E,0.000,W84*41,1763494174863
NMEA,$GNRMC,192935.00,A,3725.861633,N,12209.319325,W,1.0,235.4,181125,12.8,E,E,V*7B,1763494174863
NMEA,$GNGNS,192935.00,3725.861633,N,12209.319325,W,EEEEEE,28,0.4,20.5,-32.6,,,V*2B,1763494174863
NMEA,$GNGGA,192935.00,3725.861633,N,12209.319325,W,6,12,0.4,20.5,M,-32.6,M,,*75,1763494174863
NMEA,$PSMSG,magcal=PASS,bluesky=0*00,1763494174867
NMEA,$GPGSV,4,1,14,03,18,173,45,04,53,101,40,06,03,257,25,07,53,281,41,1*61,1763494175858
NMEA,$GPGSV,4,2,14,08,18,126,40,09,77,359,40,11,04,294,33,16,34,050,40,1*6F,1763494175858
NMEA,$GPGSV,4,3,14,20,14,319,46,21,15,320,43,27,19,094,32,30,25,265,44,1*6D,1763494175858
NMEA,$GPGSV,4,4,14,46,00,000,41,48,00,000,42,1*6C,1763494175858
NMEA,$GPGSV,3,1,10,03,18,173,37,04,53,101,36,06,03,257,22,08,18,126,28,8*69,1763494175858
NMEA,$GPGSV,3,2,10,09,77,359,29,11,04,294,26,21,15,320,31,26,02,041,20,8*6A,1763494175858
NMEA,$GPGSV,3,3,10,27,19,094,37,30,25,265,33,8*6D,1763494175858
NMEA,$GLGSV,1,1,04,12,63,229,36,11,53,029,40,01,76,106,32,08,22,135,43,1*71,1763494175858
NMEA,$GAGSV,3,1,10,02,51,173,43,03,67,075,38,05,19,108,39,08,48,316,43,7*76,1763494175858
NMEA,$GAGSV,3,2,10,13,12,276,39,15,05,227,26,16,34,049,40,25,54,070,36,7*74,1763494175858
NMEA,$GAGSV,3,3,10,26,03,323,37,30,06,202,39,7*7C,1763494175858
NMEA,$GAGSV,2,1,08,02,51,173,34,03,67,075,30,05,19,108,31,08,48,316,29,1*74,1763494175858
NMEA,$GAGSV,2,2,08,13,12,276,25,16,34,049,33,25,54,070,22,30,06,202,24,1*77,1763494175858
NMEA,$GBGSV,2,1,07,37,47,047,42,36,18,232,42,32,14,144,43,22,04,319,37,1*70,1763494175858
NMEA,$GBGSV,2,2,07,20,70,160,43,19,55,311,44,04,03,265,26,1*4D,1763494175858
NMEA,$GBGSV,2,1,05,19,55,311,37,20,70,160,37,32,14,144,41,36,18,232,39,3*7E,1763494175858
NMEA,$GBGSV,2,2,05,37,47,047,41,3*40,1763494175858
NMEA,$GBGSV,2,1,05,19,55,311,24,20,70,160,36,32,14,144,30,36,18,232,31,5*75,1763494175858
NMEA,$GBGSV,2,2,05,37,47,047,30,5*40,1763494175858
NMEA,$GNGSA,A,3,03,04,07,08,09,16,20,21,27,30,,,0.6,0.4,0.5,1*37,1763494175873
NMEA,$PSSGR,GSA,A,3,03,04,08,09,21,27,30,,,,,,0.6,0.4,0.5,1,8*41,1763494175873
NMEA,$GNGSA,A,3,65,72,75,76,,,,,,,,,0.6,0.4,0.5,2*30,1763494175873
NMEA,$GNGSA,A,3,02,03,05,08,13,15,16,25,30,,,,0.6,0.4,0.5,3*3D,1763494175873
NMEA,$PSSGR,GSA,A,3,302,303,305,308,313,316,325,330,,,,,0.6,0.4,0.5,3,1*44,1763494175873
NMEA,$GNGSA,A,3,19,20,32,36,37,,,,,,,,0.6,0.4,0.5,4*39,1763494175873
NMEA,$PSSGR,GSA,A,3,219,220,232,236,237,,,,,,,,0.6,0.4,0.5,4,5*72,1763494175873
NMEA,$GNVTG,235.4,T,222.6,M,1.1,N,2.1,K,E*3E,1763494175873
NMEA,$GNDTM,W84,,0000.000000,N,00000.000000,E,0.000,W84*41,1763494175873
NMEA,$GNRMC,192936.00,A,3725.861488,N,12209.319037,W,1.1,235.4,181125,12.8,E,E,V*7B,1763494175873
NMEA,$GNGNS,192936.00,3725.861488,N,12209.319037,W,EEEEEE,28,0.4,20.4,-32.6,,,V*2B,1763494175873
NMEA,$GNGGA,192936.00,3725.861488,N,12209.319037,W,6,12,0.4,20.4,M,-32.6,M,,*75,1763494175873
NMEA,$PSMSG,magcal=PASS,bluesky=0*00,1763494175878
NMEA,$GPGSV,4,1,14,03,18,173,46,04,53,101,40,06,03,257,27,07,53,281,43,1*62,1763494176855
NMEA,$GPGSV,4,2,14,08,18,126,37,09,77,359,43,11,04,294,31,16,34,050,41,1*6F,1763494176855
NMEA,$GPGSV,4,3,14,20,14,319,46,21,15,320,44,27,19,094,34,30,25,265,43,1*6B,1763494176855
NMEA,$GPGSV,4,4,14,46,00,000,41,48,00,000,40,1*6E,1763494176855
NMEA,$GPGSV,3,1,10,03,18,173,37,04,53,101,38,06,03,257,21,08,18,126,30,8*6D,1763494176855
NMEA,$GPGSV,3,2,10,09,77,359,32,11,04,294,26,21,15,320,31,26,02,041,20,8*60,1763494176855
NMEA,$GPGSV,3,3,10,27,19,094,35,30,25,265,34,8*68,1763494176855
NMEA,$GLGSV,1,1,04,12,63,229,36,11,53,029,41,01,76,106,37,08,22,135,41,1*77,1763494176855
NMEA,$GAGSV,3,1,10,02,51,173,43,03,67,075,38,05,19,108,37,08,48,316,43,7*78,1763494176855
NMEA,$GAGSV,3,2,10,13,12,276,40,15,05,227,27,16,34,049,40,25,54,070,36,7*7B,1763494176855
NMEA,$GAGSV,3,3,10,26,03,323,37,30,06,202,39,7*7C,1763494176855
NMEA,$GAGSV,2,1,08,02,51,173,36,03,67,075,29,05,19,108,33,08,48,316,33,1*77,1763494176855
NMEA,$GAGSV,2,2,08,13,12,276,23,16,34,049,34,25,54,070,26,30,06,202,24,1*72,1763494176855
NMEA,$GBGSV,2,1,07,37,47,047,42,36,18,232,42,32,14,144,43,22,04,319,37,1*70,1763494176855
NMEA,$GBGSV,2,2,07,20,70,160,43,19,55,311,44,04,03,265,26,1*4D,1763494176855
NMEA,$GBGSV,2,1,05,19,55,311,35,20,70,160,39,32,14,144,39,36,18,232,40,3*73,1763494176855
NMEA,$GBGSV,2,2,05,37,47,047,41,3*40,1763494176855
NMEA,$GBGSV,2,1,05,19,55,311,30,20,70,160,35,32,14,144,33,36,18,232,31,5*70,1763494176855
NMEA,$GBGSV,2,2,05,37,47,047,32,5*42,1763494176855
NMEA,$GNGSA,A,3,03,04,07,08,09,16,20,21,27,30,,,0.6,0.4,0.5,1*37,1763494176867
NMEA,$PSSGR,GSA,A,3,03,04,08,09,21,27,30,,,,,,0.6,0.4,0.5,1,8*41,1763494176867
NMEA,$GNGSA,A,3,65,72,75,76,,,,,,,,,0.6,0.4,0.5,2*30,1763494176867
NMEA,$GNGSA,A,3,02,03,05,08,13,15,16,25,30,,,,0.6,0.4,0.5,3*3D,1763494176867
NMEA,$PSSGR,GSA,A,3,302,303,305,308,313,316,325,330,,,,,0.6,0.4,0.5,3,1*44,1763494176867
NMEA,$GNGSA,A,3,19,20,32,36,37,,,,,,,,0.6,0.4,0.5,4*39,1763494176867
NMEA,$PSSGR,GSA,A,3,219,220,232,236,237,,,,,,,,0.6,0.4,0.5,4,5*72,1763494176867
NMEA,$GNVTG,235.4,T,222.6,M,0.7,N,1.3,K,E*38,1763494176867
NMEA,$GNDTM,W84,,0000.000000,N,00000.000000,E,0.000,W84*41,1763494176867
NMEA,$GNRMC,192937.00,A,3725.861375,N,12209.318840,W,0.7,235.4,181125,12.8,E,E,V*71,1763494176867
NMEA,$GNGNS,192937.00,3725.861375,N,12209.318840,W,EEEEEE,28,0.4,20.4,-32.6,,,V*26,1763494176867
NMEA,$GNGGA,192937.00,3725.861375,N,12209.318840,W,6,12,0.4,20.4,M,-32.6,M,,*78,1763494176867
NMEA,$PSMSG,magcal=PASS,bluesky=0*00,1763494176875
NMEA,$GPGSV,4,1,14,03,18,173,40,04,53,101,39,06,03,257,35,07,53,281,42,1*68,1763494177855
NMEA,$GPGSV,4,2,14,08,18,126,36,09,77,359,43,11,04,294,33,16,34,050,47,1*6A,1763494177855
NMEA,$GPGSV,4,3,14,20,14,319,43,21,15,320,39,27,19,094,40,30,25,265,45,1*61,1763494177855
NMEA,$GPGSV,4,4,14,46,00,000,35,48,00,000,41,1*6C,1763494177855
NMEA,$GPGSV,3,1,10,03,18,173,40,04,53,101,29,06,03,257,21,08,18,126,29,8*65,1763494177855
NMEA,$GPGSV,3,2,10,09,77,359,34,11,04,294,26,21,15,320,32,26,02,041,20,8*65,1763494177855
NMEA,$GPGSV,3,3,10,27,19,094,31,30,25,265,34,8*6C,1763494177855
NMEA,$GLGSV,1,1,04,12,63,229,40,11,53,029,37,01,76,106,33,08,22,135,36,1*73,1763494177855
NMEA,$GAGSV,3,1,10,02,51,173,43,03,67,075,38,05,19,108,37,08,48,316,42,7*79,1763494177855
NMEA,$GAGSV,3,2,10,13,12,276,43,15,05,227,27,16,34,049,44,25,54,070,39,7*73,1763494177855
NMEA,$GAGSV,3,3,10,26,03,323,37,30,06,202,36,7*73,1763494177855
NMEA,$GAGSV,2,1,08,02,51,173,37,03,67,075,24,05,19,108,31,08,48,316,37,1*7D,1763494177855
NMEA,$GAGSV,2,2,08,13,12,276,30,16,34,049,27,25,54,070,26,30,06,202,18,1*7D,1763494177855
NMEA,$GBGSV,2,1,07,37,47,047,42,36,18,232,42,32,14,144,43,22,04,319,37,1*70,1763494177855
NMEA,$GBGSV,2,2,07,20,70,160,43,19,55,311,44,04,03,265,26,1*4D,1763494177855
NMEA,$GBGSV,2,1,05,19,55,311,37,20,70,160,36,32,14,144,34,36,18,232,41,3*72,1763494177855
NMEA,$GBGSV,2,2,05,37,47,047,42,3*43,1763494177855
NMEA,$GBGSV,2,1,05,19,55,311,34,20,70,160,34,32,14,144,34,36,18,232,31,5*72,1763494177855
NMEA,$GBGSV,2,2,05,37,47,047,32,5*42,1763494177855
NMEA,$GNGSA,A,3,03,04,07,08,09,16,20,21,27,30,,,0.6,0.4,0.5,1*37,1763494177867
NMEA,$PSSGR,GSA,A,3,03,04,08,09,21,27,30,,,,,,0.6,0.4,0.5,1,8*41,1763494177867
NMEA,$GNGSA,A,3,65,72,75,76,,,,,,,,,0.6,0.4,0.5,2*30,1763494177867
NMEA,$GNGSA,A,3,02,03,05,08,13,15,16,25,30,,,,0.6,0.4,0.5,3*3D,1763494177867
NMEA,$PSSGR,GSA,A,3,302,303,305,308,313,316,325,330,,,,,0.6,0.4,0.5,3,1*44,1763494177867
NMEA,$GNGSA,A,3,19,20,32,36,37,,,,,,,,0.6,0.4,0.5,4*39,1763494177867
NMEA,$PSSGR,GSA,A,3,219,220,232,236,237,,,,,,,,0.6,0.4,0.5,4,5*72,1763494177867
NMEA,$GNVTG,235.4,T,222.6,M,0.4,N,0.7,K,E*3E,1763494177867
NMEA,$GNDTM,W84,,0000.000000,N,00000.000000,E,0.000,W84*41,1763494177867
NMEA,$GNRMC,192938.00,A,3725.861307,N,12209.318833,W,0.4,235.4,181125,12.8,E,E,V*7C,1763494177867
NMEA,$GNGNS,192938.00,3725.861307,N,12209.318833,W,EEEEEE,28,0.4,20.6,-32.6,,,V*2A,1763494177867
NMEA,$GNGGA,192938.00,3725.861307,N,12209.318833,W,6,12,0.4,20.6,M,-32.6,M,,*74,1763494177867
NMEA,$PSMSG,magcal=PASS,bluesky=0*00,1763494177871
NMEA,$GPGSV,4,1,14,03,18,173,34,04,53,101,39,06,03,257,35,07,53,281,42,1*6B,1763494178856
NMEA,$GPGSV,4,2,14,08,18,126,38,09,77,359,41,11,04,294,31,16,34,050,47,1*64,1763494178856
NMEA,$GPGSV,4,3,14,20,14,319,43,21,15,320,38,27,19,094,42,30,25,265,45,1*62,1763494178856
NMEA,$GPGSV,4,4,14,46,00,000,33,48,00,000,40,1*6B,1763494178856
NMEA,$GPGSV,3,1,10,03,18,173,39,04,53,101,26,06,03,257,21,08,18,126,32,8*6E,1763494178856
NMEA,$GPGSV,3,2,10,09,77,359,35,11,04,294,26,21,15,320,30,26,02,041,20,8*66,1763494178856
NMEA,$GPGSV,3,3,10,27,19,094,25,30,25,265,32,8*6F,1763494178856
NMEA,$GLGSV,1,1,04,12,63,229,41,11,53,029,35,01,76,106,34,08,22,135,37,1*76,1763494178856
NMEA,$GAGSV,3,1,10,02,51,173,40,03,67,075,38,05,19,108,38,08,48,316,40,7*77,1763494178856
NMEA,$GAGSV,3,2,10,13,12,276,42,15,05,227,26,16,34,049,43,25,54,070,38,7*75,1763494178856
NMEA,$GAGSV,3,3,10,26,03,323,37,30,06,202,33,7*76,1763494178856
NMEA,$GAGSV,2,1,08,02,51,173,36,03,67,075,23,05,19,108,29,08,48,316,36,1*73,1763494178856
NMEA,$GAGSV,2,2,08,13,12,276,30,16,34,049,26,25,54,070,26,30,06,202,23,1*74,1763494178856
NMEA,$GBGSV,2,1,07,37,47,047,42,36,18,232,42,32,14,144,43,22,04,319,37,1*70,1763494178856
NMEA,$GBGSV,2,2,07,20,70,160,43,19,55,311,44,04,03,265,26,1*4D,1763494178856
NMEA,$GBGSV,2,1,05,19,55,311,39,20,70,160,35,32,14,144,27,36,18,232,39,3*72,1763494178856
NMEA,$GBGSV,2,2,05,37,47,047,42,3*43,1763494178856
NMEA,$GBGSV,2,1,05,19,55,311,33,20,70,160,32,32,14,144,34,36,18,232,32,5*70,1763494178856
NMEA,$GBGSV,2,2,05,37,47,047,26,5*47,1763494178856
NMEA,$GNGSA,A,3,03,04,07,08,09,16,20,21,27,30,,,0.7,0.4,0.5,1*36,1763494178865
NMEA,$PSSGR,GSA,A,3,03,04,08,09,21,27,30,,,,,,0.7,0.4,0.5,1,8*40,1763494178865
NMEA,$GNGSA,A,3,65,72,75,76,,,,,,,,,0.7,0.4,0.5,2*31,1763494178865
NMEA,$GNGSA,A,3,02,03,05,08,13,15,16,25,30,,,,0.7,0.4,0.5,3*3C,1763494178865
NMEA,$PSSGR,GSA,A,3,302,303,305,308,313,316,325,,,,,,0.7,0.4,0.5,3,1*75,1763494178865
NMEA,$GNGSA,A,3,19,20,32,36,37,,,,,,,,0.7,0.4,0.5,4*38,1763494178865
NMEA,$PSSGR,GSA,A,3,219,220,232,236,237,,,,,,,,0.7,0.4,0.5,4,5*73,1763494178865
NMEA,$GNVTG,235.4,T,222.6,M,0.7,N,1.4,K,E*3F,1763494178865
NMEA,$GNDTM,W84,,0000.000000,N,00000.000000,E,0.000,W84*41,1763494178865
NMEA,$GNRMC,192939.00,A,3725.861207,N,12209.319045,W,0.7,235.4,181125,12.8,E,E,V*77,1763494178865
NMEA,$GNGNS,192939.00,3725.861207,N,12209.319045,W,EEEEEE,28,0.4,20.6,-32.6,,,V*22,1763494178865
NMEA,$GNGGA,192939.00,3725.861207,N,12209.319045,W,6,12,0.4,20.6,M,-32.6,M,,*7C,1763494178865
NMEA,$PSMSG,magcal=PASS,bluesky=0*00,1763494178870
NMEA,$GPGSV,4,1,14,03,18,173,33,04,53,101,40,06,03,257,34,07,53,281,42,1*63,1763494179855
NMEA,$GPGSV,4,2,14,08,18,126,38,09,77,359,42,11,04,294,35,16,34,050,47,1*63,1763494179855
NMEA,$GPGSV,4,3,14,20,14,319,45,21,15,320,42,27,19,094,43,30,25,265,44,1*69,1763494179855
NMEA,$GPGSV,4,4,14,46,00,000,38,48,00,000,38,1*6F,1763494179855
NMEA,$GPGSV,3,1,10,03,18,173,40,04,53,101,29,06,03,257,21,08,18,126,33,8*6E,1763494179855
NMEA,$GPGSV,3,2,10,09,77,359,37,11,04,294,26,21,15,320,32,26,02,041,20,8*66,1763494179855
NMEA,$GPGSV,3,3,10,27,19,094,26,30,25,265,31,8*6F,1763494179855
NMEA,$GLGSV,1,1,04,12,63,229,44,11,53,029,38,01,76,106,36,08,22,135,41,1*7D,1763494179855
NMEA,$GAGSV,3,1,10,02,51,173,41,03,67,075,42,05,19,108,41,08,48,316,41,7*74,1763494179855
NMEA,$GAGSV,3,2,10,13,12,276,46,15,05,227,30,16,34,049,45,25,54,070,37,7*7F,1763494179855
NMEA,$GAGSV,3,3,10,26,03,323,37,30,06,202,32,7*77,1763494179855
NMEA,$GAGSV,2,1,08,02,51,173,36,03,67,075,27,05,19,108,29,08,48,316,36,1*77,1763494179855
NMEA,$GAGSV,2,2,08,13,12,276,30,16,34,049,24,25,54,070,31,30,06,202,22,1*71,1763494179855
NMEA,$GBGSV,2,1,07,37,47,047,42,36,18,232,42,32,14,144,43,22,04,319,37,1*70,1763494179855
NMEA,$GBGSV,2,2,07,20,70,160,43,19,55,311,44,04,03,265,26,1*4D,1763494179855
NMEA,$GBGSV,2,1,05,19,55,311,41,20,70,160,36,32,14,144,31,36,18,232,41,3*76,1763494179855
NMEA,$GBGSV,2,2,05,37,47,047,45,3*44,1763494179855
NMEA,$GBGSV,2,1,05,19,55,311,35,20,70,160,34,32,14,144,33,36,18,232,34,5*71,1763494179855
NMEA,$GBGSV,2,2,05,37,47,047,31,5*41,1763494179855
NMEA,$GNGSA,A,3,03,04,07,08,09,16,20,21,27,30,,,0.7,0.4,0.5,1*36,1763494179868
NMEA,$PSSGR,GSA,A,3,03,04,08,09,21,27,30,,,,,,0.7,0.4,0.5,1,8*40,1763494179868
NMEA,$GNGSA,A,3,65,72,75,76,,,,,,,,,0.7,0.4,0.5,2*31,1763494179868
NMEA,$GNGSA,A,3,02,03,05,08,13,15,16,25,30,,,,0.7,0.4,0.5,3*3C,1763494179868
NMEA,$PSSGR,GSA,A,3,302,303,305,308,313,316,325,,,,,,0.7,0.4,0.5,3,1*75,1763494179868
NMEA,$GNGSA,A,3,19,20,32,36,37,,,,,,,,0.7,0.4,0.5,4*38,1763494179868
NMEA,$PSSGR,GSA,A,3,219,220,232,236,237,,,,,,,,0.7,0.4,0.5,4,5*73,1763494179868
NMEA,$GNVTG,235.4,T,222.6,M,0.8,N,1.5,K,E*31,1763494179868
NMEA,$GNDTM,W84,,0000.000000,N,00000.000000,E,0.000,W84*41,1763494179868
NMEA,$GNRMC,192940.00,A,3725.861087,N,12209.319324,W,0.8,235.4,181125,12.8,E,E,V*78,1763494179868
NMEA,$GNGNS,192940.00,3725.861087,N,12209.319324,W,EEEEEE,28,0.4,20.4,-32.6,,,V*20,1763494179868
NMEA,$GNGGA,192940.00,3725.861087,N,12209.319324,W,6,12,0.4,20.4,M,-32.6,M,,*7E,1763494179868
NMEA,$PSMSG,magcal=PASS,bluesky=0*00,1763494179875
NMEA,$GPGSV,4,1,14,03,18,173,35,04,53,101,40,06,03,257,33,07,53,281,42,1*62,1763494180857
NMEA,$GPGSV,4,2,14,08,18,126,39,09,77,359,43,11,04,294,32,16,34,050,47,1*64,1763494180857
NMEA,$GPGSV,4,3,14,20,14,319,46,21,15,320,44,27,19,094,45,30,25,265,43,1*6D,1763494180857
NMEA,$GPGSV,4,4,14,46,00,000,40,48,00,000,39,1*61,1763494180857
NMEA,$GPGSV,3,1,10,03,18,173,37,04,53,101,26,06,03,257,23,08,18,126,33,8*63,1763494180857
NMEA,$GPGSV,3,2,10,09,77,359,37,11,04,294,21,21,15,320,34,26,02,041,20,8*67,1763494180857
NMEA,$GPGSV,3,3,10,27,19,094,25,30,25,265,30,8*6D,1763494180857
NMEA,$GLGSV,1,1,04,12,64,230,43,11,52,029,46,01,76,110,36,08,21,136,42,1*79,1763494180857
NMEA,$GAGSV,3,1,10,02,51,173,39,03,67,075,43,05,19,108,43,08,48,316,41,7*78,1763494180857
NMEA,$GAGSV,3,2,10,13,12,276,47,15,05,227,30,16,34,049,44,25,54,070,31,7*79,1763494180857
NMEA,$GAGSV,3,3,10,26,03,323,37,30,06,202,25,7*71,1763494180857
NMEA,$GAGSV,2,1,08,02,51,173,35,03,67,075,31,05,19,108,28,08,48,316,38,1*7C,1763494180857
NMEA,$GAGSV,2,2,08,13,12,276,27,16,34,049,22,25,54,070,31,30,06,202,26,1*75,1763494180857
NMEA,$GBGSV,2,1,07,37,47,047,42,36,18,232,42,32,14,144,43,22,04,319,37,1*70,1763494180857
NMEA,$GBGSV,2,2,07,20,70,160,43,19,55,311,44,04,03,265,26,1*4D,1763494180857
NMEA,$GBGSV,2,1,05,19,55,311,41,20,70,160,38,32,14,144,37,36,18,232,39,3*71,1763494180857
NMEA,$GBGSV,2,2,05,37,47,047,45,3*44,1763494180857
NMEA,$GBGSV,2,1,05,19,55,311,38,20,70,160,36,32,14,144,29,36,18,232,35,5*74,1763494180857
NMEA,$GBGSV,2,2,05,37,47,047,34,5*44,1763494180857
NMEA,$GNGSA,A,3,03,04,07,08,09,16,20,21,27,30,,,0.6,0.4,0.5,1*37,1763494180870
NMEA,$PSSGR,GSA,A,3,03,04,08,09,21,27,30,,,,,,0.6,0.4,0.5,1,8*41,1763494180870
NMEA,$GNGSA,A,3,65,72,75,76,,,,,,,,,0.6,0.4,0.5,2*30,1763494180870
NMEA,$GNGSA,A,3,02,03,05,08,13,15,16,25,30,,,,0.6,0.4,0.5,3*3D,1763494180870
NMEA,$PSSGR,GSA,A,3,302,303,305,308,313,316,325,330,,,,,0.6,0.4,0.5,3,1*44,1763494180870
NMEA,$GNGSA,A,3,19,20,32,36,37,,,,,,,,0.6,0.4,0.5,4*39,1763494180870
NMEA,$PSSGR,GSA,A,3,219,220,232,236,237,,,,,,,,0.6,0.4,0.5,4,5*72,1763494180870
NMEA,$GNVTG,235.4,T,222.6,M,1.0,N,1.9,K,E*34,1763494180870
NMEA,$GNDTM,W84,,0000.000000,N,00000.000000,E,0.000,W84*41,1763494180870
NMEA,$GNRMC,192941.00,A,3725.860973,N,12209.319655,W,1.0,235.4,181125,12.8,E,E,V*70,1763494180870
NMEA,$GNGNS,192941.00,3725.860973,N,12209.319655,W,EEEEEE,28,0.4,20.6,-32.6,,,V*23,1763494180870
NMEA,$GNGGA,192941.00,3725.860973,N,12209.319655,W,6,12,0.4,20.6,M,-32.6,M,,*7D,1763494180870
NMEA,$PSMSG,magcal=PASS,bluesky=0*00,1763494180875
NMEA,$GPGSV,4,1,14,03,18,173,39,04,53,101,41,06,03,257,33,07,53,281,43,1*6E,1763494181858
NMEA,$GPGSV,4,2,14,08,18,126,38,09,77,359,43,11,04,294,32,16,34,050,46,1*64,1763494181858
NMEA,$GPGSV,4,3,14,20,14,319,44,21,15,320,40,27,19,094,41,30,25,265,44,1*68,1763494181858
NMEA,$GPGSV,4,4,14,46,00,000,38,48,00,000,42,1*62,1763494181858
NMEA,$GPGSV,3,1,10,03,18,173,39,04,53,101,26,06,03,257,23,08,18,126,30,8*6E,1763494181858
NMEA,$GPGSV,3,2,10,09,77,359,35,11,04,294,21,21,15,320,34,26,02,041,20,8*65,1763494181858
NMEA,$GPGSV,3,3,10,27,19,094,31,30,25,265,34,8*6C,1763494181858
NMEA,$GLGSV,1,1,04,12,64,230,43,11,52,029,43,01,76,110,36,08,21,136,39,1*70,1763494181858
NMEA,$GAGSV,3,1,10,02,51,173,42,03,67,075,39,05,19,108,40,08,48,316,42,7*79,1763494181858
NMEA,$GAGSV,3,2,10,13,12,276,46,15,05,227,31,16,34,049,44,25,54,070,37,7*7F,1763494181858
NMEA,$GAGSV,3,3,10,26,03,323,38,30,06,202,35,7*7F,1763494181858
NMEA,$GAGSV,3,1,09,02,51,173,36,03,67,075,29,05,19,108,30,08,48,316,38,1*7F,1763494181858
NMEA,$GAGSV,3,2,09,13,12,276,30,15,05,227,22,16,34,049,22,25,54,070,23,1*77,1763494181858
NMEA,$GAGSV,3,3,09,30,06,202,26,1*4D,1763494181858
NMEA,$GBGSV,2,1,07,37,47,047,43,36,18,232,42,32,14,144,36,22,04,319,38,1*7C,1763494181858
NMEA,$GBGSV,2,2,07,20,70,160,42,19,55,311,42,04,03,265,26,1*4A,1763494181858
NMEA,$GBGSV,2,1,05,19,55,311,41,20,70,160,36,32,14,144,35,36,18,232,41,3*72,1763494181858
NMEA,$GBGSV,2,2,05,37,47,047,44,3*45,1763494181858
NMEA,$GBGSV,2,1,06,19,55,311,36,20,70,160,35,22,04,319,24,32,14,144,32,5*70,1763494181858
NMEA,$GBGSV,2,2,06,36,18,232,31,37,47,047,29,5*76,1763494181858
NMEA,$GNGSA,A,3,03,04,07,08,09,16,20,21,27,30,,,0.6,0.4,0.5,1*37,1763494181870
NMEA,$PSSGR,GSA,A,3,03,04,08,09,21,27,30,,,,,,0.6,0.4,0.5,1,8*41,1763494181870
NMEA,$GNGSA,A,3,65,72,75,76,,,,,,,,,0.6,0.4,0.5,2*30,1763494181870
NMEA,$GNGSA,A,3,02,03,05,08,13,15,16,25,30,,,,0.6,0.4,0.5,3*3D,1763494181870
NMEA,$PSSGR,GSA,A,3,302,303,305,308,313,316,325,330,,,,,0.6,0.4,0.5,3,1*44,1763494181870
NMEA,$GNGSA,A,3,19,20,32,36,37,,,,,,,,0.6,0.4,0.5,4*39,1763494181870
NMEA,$PSSGR,GSA,A,3,219,220,232,236,237,,,,,,,,0.6,0.4,0.5,4,5*72,1763494181870
NMEA,$GNVTG,235.4,T,222.6,M,0.8,N,1.5,K,E*31,1763494181870
NMEA,$GNDTM,W84,,0000.000000,N,00000.000000,E,0.000,W84*41,1763494181870
NMEA,$GNRMC,192942.00,A,3725.860824,N,12209.319874,W,0.8,235.4,181125,12.8,E,E,V*74,1763494181870
NMEA,$GNGNS,192942.00,3725.860824,N,12209.319874,W,EEEEEE,28,0.4,20.6,-32.6,,,V*2E,1763494181870
NMEA,$GNGGA,192942.00,3725.860824,N,12209.319874,W,6,12,0.4,20.6,M,-32.6,M,,*70,1763494181870
NMEA,$PSMSG,magcal=PASS,bluesky=0*00,1763494181875
NMEA,$GPGSV,4,1,14,03,18,173,47,04,53,101,41,06,03,257,30,07,53,281,42,1*65,1763494182859
NMEA,$GPGSV,4,2,14,08,18,126,40,09,77,359,39,11,04,294,37,16,34,050,42,1*67,1763494182859
NMEA,$GPGSV,4,3,14,20,14,319,46,21,15,320,42,27,19,094,36,30,25,265,43,1*6F,1763494182859
NMEA,$GPGSV,4,4,14,46,00,000,43,48,00,000,43,1*6F,1763494182859
NMEA,$GPGSV,3,1,10,03,18,173,36,04,53,101,26,06,03,257,18,08,18,126,28,8*60,1763494182859
NMEA,$GPGSV,3,2,10,09,77,359,32,11,04,294,21,21,15,320,33,26,02,041,20,8*65,1763494182859
NMEA,$GPGSV,3,3,10,27,19,094,38,30,25,265,33,8*62,1763494182859
NMEA,$GLGSV,1,1,04,12,64,230,42,11,52,029,39,01,76,110,34,08,21,136,44,1*74,1763494182859
NMEA,$GAGSV,3,1,10,02,51,173,44,03,67,075,41,05,19,108,38,08,48,316,41,7*7C,1763494182859
NMEA,$GAGSV,3,2,10,13,12,276,45,15,05,227,26,16,34,049,40,25,54,070,38,7*71,1763494182859
NMEA,$GAGSV,3,3,10,26,03,323,42,30,06,202,39,7*7E,1763494182859
NMEA,$GAGSV,3,1,09,02,51,173,28,03,67,075,30,05,19,108,31,08,48,316,25,1*75,1763494182859
NMEA,$GAGSV,3,2,09,13,12,276,29,15,05,227,22,16,34,049,27,25,54,070,29,1*70,1763494182859
NMEA,$GAGSV,3,3,09,30,06,202,26,1*4D,1763494182859
NMEA,$GBGSV,2,1,07,37,47,047,41,36,18,232,41,32,14,144,45,22,04,319,40,1*76,1763494182859
NMEA,$GBGSV,2,2,07,20,70,160,38,19,55,311,42,04,03,265,31,1*41,1763494182859
NMEA,$GBGSV,2,1,05,19,55,311,44,20,70,160,39,32,14,144,43,36,18,232,40,3*78,1763494182859
NMEA,$GBGSV,2,2,05,37,47,047,41,3*40,1763494182859
NMEA,$GBGSV,2,1,06,19,55,311,32,20,70,160,37,22,04,319,29,32,14,144,32,5*7B,1763494182859
NMEA,$GBGSV,2,2,06,36,18,232,32,37,47,047,27,5*7B,1763494182859
NMEA,$GNGSA,A,3,03,04,07,08,09,16,20,21,27,30,,,0.6,0.4,0.5,1*37,1763494182872
NMEA,$PSSGR,GSA,A,3,03,04,08,09,21,27,30,,,,,,0.6,0.4,0.5,1,8*41,1763494182872
NMEA,$GNGSA,A,3,65,72,75,76,,,,,,,,,0.6,0.4,0.5,2*30,1763494182872
NMEA,$GNGSA,A,3,02,03,05,08,13,15,16,25,30,,,,0.6,0.4,0.5,3*3D,1763494182872
NMEA,$PSSGR,GSA,A,3,302,303,305,308,313,316,325,330,,,,,0.6,0.4,0.5,3,1*44,1763494182872
NMEA,$GNGSA,A,3,19,20,32,36,37,,,,,,,,0.6,0.4,0.5,4*39,1763494182872
NMEA,$PSSGR,GSA,A,3,219,220,232,236,237,,,,,,,,0.6,0.4,0.5,4,5*72,1763494182872
NMEA,$GNVTG,235.4,T,222.6,M,0.8,N,1.4,K,E*30,1763494182872
NMEA,$GNDTM,W84,,0000.000000,N,00000.000000,E,0.000,W84*41,1763494182872
NMEA,$GNRMC,192943.00,A,3725.860644,N,12209.319816,W,0.8,235.4,181125,12.8,E,E,V*79,1763494182872
NMEA,$GNGNS,192943.00,3725.860644,N,12209.319816,W,EEEEEE,28,0.4,20.7,-32.6,,,V*22,1763494182872
NMEA,$GNGGA,192943.00,3725.860644,N,12209.319816,W,6,12,0.4,20.7,M,-32.6,M,,*7C,1763494182872
NMEA,$PSMSG,magcal=PASS,bluesky=0*00,1763494182876
NMEA,$GPGSV,4,1,14,03,18,173,46,04,53,101,36,06,03,257,35,07,53,281,37,1*63,1763494183861
NMEA,$GPGSV,4,2,14,08,18,126,44,09,77,359,41,11,04,294,35,16,34,050,39,1*62,1763494183861
NMEA,$GPGSV,4,3,14,20,14,319,44,21,15,320,37,27,19,094,41,30,25,265,41,1*6D,1763494183861
NMEA,$GPGSV,4,4,14,46,00,000,38,48,00,000,43,1*63,1763494183861
NMEA,$GPGSV,3,1,10,03,18,173,26,04,53,101,29,06,03,257,23,08,18,126,32,8*6D,1763494183861
NMEA,$GPGSV,3,2,10,09,77,359,34,11,04,294,21,21,15,320,31,26,02,041,20,8*61,1763494183861
NMEA,$GPGSV,3,3,10,27,19,094,36,30,25,265,32,8*6D,1763494183861
NMEA,$GLGSV,1,1,04,12,64,230,44,11,52,029,38,01,76,110,38,08,21,136,45,1*7E,1763494183861
NMEA,$GAGSV,3,1,10,02,51,173,44,03,67,075,41,05,19,108,44,08,48,316,38,7*79,1763494183861
NMEA,$GAGSV,3,2,10,13,12,276,47,15,05,227,26,16,34,049,37,25,54,070,41,7*7D,1763494183861
NMEA,$GAGSV,3,3,10,26,03,323,41,30,06,202,34,7*70,1763494183861
NMEA,$GAGSV,3,1,09,02,51,173,37,03,67,075,31,05,19,108,30,08,48,316,27,1*79,1763494183861
NMEA,$GAGSV,3,2,09,13,12,276,32,15,05,227,20,16,34,049,27,25,54,070,32,1*72,1763494183861
NMEA,$GAGSV,3,3,09,30,06,202,18,1*40,1763494183861
NMEA,$GBGSV,2,1,07,37,47,047,41,36,18,232,41,32,14,144,46,22,04,319,38,1*7A,1763494183861
NMEA,$GBGSV,2,2,07,20,70,160,40,19,55,311,42,04,03,265,35,1*4A,1763494183861
NMEA,$GBGSV,2,1,05,19,55,311,43,20,70,160,39,32,14,144,46,36,18,232,38,3*75,1763494183861
NMEA,$GBGSV,2,2,05,37,47,047,40,3*41,1763494183861
NMEA,$GBGSV,2,1,06,19,55,311,34,20,70,160,32,22,04,319,31,32,14,144,26,5*74,1763494183861
NMEA,$GBGSV,2,2,06,36,18,232,25,37,47,047,26,5*7C,1763494183861
NMEA,$GNGSA,A,3,03,04,07,08,09,16,20,21,27,30,,,0.6,0.4,0.5,1*37,1763494183872
NMEA,$PSSGR,GSA,A,3,03,04,08,09,21,27,30,,,,,,0.6,0.4,0.5,1,8*41,1763494183872
NMEA,$GNGSA,A,3,65,72,75,76,,,,,,,,,0.6,0.4,0.5,2*30,1763494183872
NMEA,$GNGSA,A,3,02,03,05,08,13,15,16,25,30,,,,0.6,0.4,0.5,3*3D,1763494183872
NMEA,$PSSGR,GSA,A,3,302,303,305,308,313,316,325,330,,,,,0.6,0.4,0.5,3,1*44,1763494183872
NMEA,$GNGSA,A,3,19,20,32,36,37,,,,,,,,0.6,0.4,0.5,4*39,1763494183872
NMEA,$PSSGR,GSA,A,3,219,220,232,236,237,,,,,,,,0.6,0.4,0.5,4,5*72,1763494183872
NMEA,$GNVTG,235.4,T,222.6,M,1.0,N,1.8,K,E*35,1763494183872
NMEA,$GNDTM,W84,,0000.000000,N,00000.000000,E,0.000,W84*41,1763494183872
NMEA,$GNRMC,192944.00,A,3725.860523,N,12209.319497,W,1.0,235.4,181125,12.8,E,E,V*70,1763494183872
NMEA,$GNGNS,192944.00,3725.860523,N,12209.319497,W,EEEEEE,28,0.4,20.9,-32.6,,,V*2C,1763494183872
NMEA,$GNGGA,192944.00,3725.860523,N,12209.319497,W,6,12,0.4,20.9,M,-32.6,M,,*72,1763494183872
NMEA,$PSMSG,magcal=PASS,bluesky=0*00,1763494183876
NMEA,$GPGSV,4,1,14,03,18,173,46,04,53,101,37,06,03,257,32,07,53,281,39,1*6B,1763494184865
NMEA,$GPGSV,4,2,14,08,18,126,42,09,77,359,41,11,04,294,35,16,34,050,39,1*64,1763494184865
NMEA,$GPGSV,4,3,14,20,14,319,43,21,15,320,34,27,19,094,42,30,25,265,44,1*6F,1763494184865
NMEA,$GPGSV,4,4,14,46,00,000,39,48,00,000,43,1*62,1763494184865
NMEA,$GPGSV,3,1,10,03,18,173,30,04,53,101,33,06,03,257,21,08,18,126,35,8*64,1763494184865
NMEA,$GPGSV,3,2,10,09,77,359,34,11,04,294,18,21,15,320,31,26,02,041,20,8*6B,1763494184865
NMEA,$GPGSV,3,3,10,27,19,094,37,30,25,265,33,8*6D,1763494184865
NMEA,$GLGSV,1,1,04,12,64,230,45,11,52,029,38,01,76,110,35,08,21,136,45,1*72,1763494184865
NMEA,$GAGSV,3,1,10,02,51,173,45,03,67,075,42,05,19,108,43,08,48,316,38,7*7C,1763494184865
NMEA,$GAGSV,3,2,10,13,12,276,47,15,05,227,28,16,34,049,36,25,54,070,40,7*73,1763494184865
NMEA,$GAGSV,3,3,10,26,03,323,40,30,06,202,35,7*70,1763494184865
NMEA,$GAGSV,3,1,09,02,51,173,38,03,67,075,32,05,19,108,34,08,48,316,26,1*70,1763494184865
NMEA,$GAGSV,3,2,09,13,12,276,31,15,05,227,23,16,34,049,26,25,54,070,32,1*73,1763494184865
NMEA,$GAGSV,3,3,09,30,06,202,22,1*49,1763494184865
NMEA,$GBGSV,2,1,07,37,47,047,40,36,18,232,43,32,14,144,45,22,04,319,40,1*75,1763494184865
NMEA,$GBGSV,2,2,07,20,70,160,42,19,55,311,41,04,03,265,36,1*48,1763494184865
NMEA,$GBGSV,2,1,05,19,55,311,42,20,70,160,36,32,14,144,45,36,18,232,40,3*77,1763494184865
NMEA,$GBGSV,2,2,05,37,47,047,41,3*40,1763494184865
NMEA,$GBGSV,2,1,06,19,55,311,31,20,70,160,29,22,04,319,30,32,14,144,28,5*74,1763494184865
NMEA,$GBGSV,2,2,06,36,18,232,25,37,47,047,26,5*7C,1763494184865
NMEA,$GNGSA,A,3,03,04,07,08,09,16,20,21,27,30,,,0.6,0.4,0.5,1*37,1763494184876
NMEA,$PSSGR,GSA,A,3,03,04,08,09,21,27,30,,,,,,0.6,0.4,0.5,1,8*41,1763494184876
NMEA,$GNGSA,A,3,65,72,75,76,,,,,,,,,0.6,0.4,0.5,2*30,1763494184876
NMEA,$GNGSA,A,3,02,03,05,08,13,15,16,25,30,,,,0.6,0.4,0.5,3*3D,1763494184876
NMEA,$PSSGR,GSA,A,3,302,303,305,308,313,316,325,330,,,,,0.6,0.4,0.5,3,1*44,1763494184876
NMEA,$GNGSA,A,3,19,20,32,36,37,,,,,,,,0.6,0.4,0.5,4*39,1763494184876
NMEA,$PSSGR,GSA,A,3,219,220,232,236,237,,,,,,,,0.6,0.4,0.5,4,5*72,1763494184876
NMEA,$GNVTG,235.4,T,222.6,M,0.6,N,1.1,K,E*3B,1763494184876
NMEA,$GNDTM,W84,,0000.000000,N,00000.000000,E,0.000,W84*41,1763494184876
NMEA,$GNRMC,192945.00,A,3725.860481,N,12209.319263,W,0.6,235.4,181125,12.8,E,E,V*72,1763494184876
NMEA,$GNGNS,192945.00,3725.860481,N,12209.319263,W,EEEEEE,28,0.4,20.9,-32.6,,,V*29,1763494184876
NMEA,$GNGGA,192945.00,3725.860481,N,12209.319263,W,6,12,0.4,20.9,M,-32.6,M,,*77,1763494184876
NMEA,$PSMSG,magcal=PASS,bluesky=0*00,1763494184881
NMEA,$GPGSV,4,1,14,03,18,173,47,04,53,101,42,06,03,257,29,07,53,281,43,1*6F,1763494185855
NMEA,$GPGSV,4,2,14,08,18,126,36,09,77,359,39,11,04,294,35,16,34,050,39,1*68,1763494185855
NMEA,$GPGSV,4,3,14,20,14,319,46,21,15,320,41,27,19,094,34,30,25,265,43,1*6E,1763494185855
NMEA,$GPGSV,4,4,14,46,00,000,43,48,00,000,43,1*6F,1763494185855
NMEA,$GPGSV,3,1,10,03,18,173,35,04,53,101,24,06,03,257,21,08,18,126,28,8*6B,1763494185855
NMEA,$GPGSV,3,2,10,09,77,359,31,11,04,294,22,21,15,320,33,26,02,041,20,8*65,1763494185855
NMEA,$GPGSV,3,3,10,27,19,094,37,30,25,265,31,8*6F,1763494185855
NMEA,$GLGSV,1,1,04,12,64,230,40,11,52,029,39,01,76,110,31,08,21,136,45,1*72,1763494185855
NMEA,$GAGSV,3,1,10,02,51,173,44,03,67,075,42,05,19,108,38,08,48,316,42,7*7C,1763494185855
NMEA,$GAGSV,3,2,10,13,12,276,44,15,05,227,31,16,34,049,38,25,54,070,33,7*72,1763494185855
NMEA,$GAGSV,3,3,10,26,03,323,42,30,06,202,37,7*70,1763494185855
NMEA,$GAGSV,3,1,09,02,51,173,29,03,67,075,28,05,19,108,32,08,48,316,27,1*7C,1763494185855
NMEA,$GAGSV,3,2,09,13,12,276,28,15,05,227,22,16,34,049,29,25,54,070,27,1*71,1763494185855
NMEA,$GAGSV,3,3,09,30,06,202,22,1*49,1763494185855
NMEA,$GBGSV,2,1,07,37,47,047,41,36,18,232,43,32,14,144,45,22,04,319,41,1*75,1763494185855
NMEA,$GBGSV,2,2,07,20,70,160,41,19,55,311,38,04,03,265,36,1*45,1763494185855
NMEA,$GBGSV,2,1,05,19,55,311,43,20,70,160,37,32,14,144,42,36,18,232,39,3*7E,1763494185855
NMEA,$GBGSV,2,2,05,37,47,047,41,3*40,1763494185855
NMEA,$GBGSV,2,1,06,19,55,311,31,20,70,160,35,22,04,319,27,32,14,144,31,5*77,1763494185855
NMEA,$GBGSV,2,2,06,36,18,232,29,37,47,047,31,5*76,1763494185855
NMEA,$GNGSA,A,3,03,04,07,08,09,16,20,21,27,30,,,0.6,0.4,0.5,1*37,1763494185865
NMEA,$PSSGR,GSA,A,3,03,04,08,09,21,27,30,,,,,,0.6,0.4,0.5,1,8*41,1763494185865
NMEA,$GNGSA,A,3,65,72,75,76,,,,,,,,,0.6,0.4,0.5,2*30,1763494185865
NMEA,$GNGSA,A,3,02,03,05,08,13,15,16,25,30,,,,0.6,0.4,0.5,3*3D,1763494185865
NMEA,$PSSGR,GSA,A,3,302,303,305,308,313,316,325,330,,,,,0.6,0.4,0.5,3,1*44,1763494185865
NMEA,$GNGSA,A,3,19,20,32,36,37,,,,,,,,0.6,0.4,0.5,4*39,1763494185865
NMEA,$PSSGR,GSA,A,3,219,220,232,236,237,,,,,,,,0.6,0.4,0.5,4,5*72,1763494185865
NMEA,$GNVTG,235.4,T,222.6,M,0.5,N,0.9,K,E*31,1763494185865
NMEA,$GNDTM,W84,,0000.000000,N,00000.000000,E,0.000,W84*41,1763494185865
NMEA,$GNRMC,192946.00,A,3725.860465,N,12209.319108,W,0.5,235.4,181125,12.8,E,E,V*76,1763494185865
NMEA,$GNGNS,192946.00,3725.860465,N,12209.319108,W,EEEEEE,28,0.4,20.6,-32.6,,,V*21,1763494185865
NMEA,$GNGGA,192946.00,3725.860465,N,12209.319108,W,6,12,0.4,20.6,M,-32.6,M,,*7F,1763494185865
NMEA,$PSMSG,magcal=PASS,bluesky=0*00,1763494185868
NMEA,$GPGSV,4,1,14,03,18,173,46,04,53,101,40,06,03,257,30,07,53,281,37,1*67,1763494186858
NMEA,$GPGSV,4,2,14,08,18,126,41,09,77,359,40,11,04,294,37,16,34,050,41,1*6B,1763494186858
NMEA,$GPGSV,4,3,14,20,14,319,44,21,15,320,36,27,19,094,42,30,25,265,42,1*6C,1763494186858
NMEA,$GPGSV,4,4,14,46,00,000,39,48,00,000,43,1*62,1763494186858
NMEA,$GPGSV,3,1,10,03,18,173,32,04,53,101,29,06,03,257,20,08,18,126,32,8*6B,1763494186858
NMEA,$GPGSV,3,2,10,09,77,359,32,11,04,294,22,21,15,320,32,26,02,041,20,8*67,1763494186858
NMEA,$GPGSV,3,3,10,27,19,094,37,30,25,265,32,8*6C,1763494186858
NMEA,$GLGSV,1,1,04,12,64,230,45,11,52,029,40,01,76,110,37,08,21,136,45,1*7F,1763494186858
NMEA,$GAGSV,3,1,10,02,51,173,44,03,67,075,41,05,19,108,42,08,48,316,39,7*7E,1763494186858
NMEA,$GAGSV,3,2,10,13,12,276,46,15,05,227,32,16,34,049,38,25,54,070,39,7*79,1763494186858
NMEA,$GAGSV,3,3,10,26,03,323,40,30,06,202,34,7*71,1763494186858
NMEA,$GAGSV,3,1,09,02,51,173,36,03,67,075,31,05,19,108,33,08,48,316,28,1*74,1763494186858
NMEA,$GAGSV,3,2,09,13,12,276,32,15,05,227,26,16,34,049,29,25,54,070,31,1*79,1763494186858
NMEA,$GAGSV,3,3,09,30,06,202,21,1*4A,1763494186858
NMEA,$GBGSV,2,1,07,37,47,047,42,36,18,232,42,32,14,144,45,22,04,319,39,1*78,1763494186858
NMEA,$GBGSV,2,2,07,20,70,160,42,19,55,311,42,04,03,265,33,1*4E,1763494186858
NMEA,$GBGSV,2,1,05,19,55,311,43,20,70,160,37,32,14,144,43,36,18,232,38,3*7E,1763494186858
NMEA,$GBGSV,2,2,05,37,47,047,40,3*41,1763494186858
NMEA,$GBGSV,2,1,06,19,55,311,34,20,70,160,31,22,04,319,28,32,14,144,28,5*71,1763494186858
NMEA,$GBGSV,2,2,06,36,18,232,26,37,47,047,27,5*7E,1763494186858
NMEA,$GNGSA,A,3,03,04,07,08,09,16,20,21,27,30,,,0.6,0.4,0.5,1*37,1763494186872
NMEA,$PSSGR,GSA,A,3,03,04,08,09,21,27,30,,,,,,0.6,0.4,0.5,1,8*41,1763494186872
NMEA,$GNGSA,A,3,65,72,75,76,,,,,,,,,0.6,0.4,0.5,2*30,1763494186872
NMEA,$GNGSA,A,3,02,03,05,08,13,15,16,25,30,,,,0.6,0.4,0.5,3*3D,1763494186872
NMEA,$PSSGR,GSA,A,3,302,303,305,308,313,315,316,325,,,,,0.6,0.4,0.5,3,1*43,1763494186872
NMEA,$GNGSA,A,3,19,20,32,36,37,,,,,,,,0.6,0.4,0.5,4*39,1763494186872
NMEA,$PSSGR,GSA,A,3,219,220,232,236,237,,,,,,,,0.6,0.4,0.5,4,5*72,1763494186872
NMEA,$GNVTG,235.4,T,222.6,M,0.8,N,1.4,K,E*30,1763494186872
NMEA,$GNDTM,W84,,0000.000000,N,00000.000000,E,0.000,W84*41,1763494186872
NMEA,$GNRMC,192947.00,A,3725.860469,N,12209.318855,W,0.8,235.4,181125,12.8,E,E,V*76,1763494186872
NMEA,$GNGNS,192947.00,3725.860469,N,12209.318855,W,EEEEEE,28,0.4,20.7,-32.6,,,V*2D,1763494186872
NMEA,$GNGGA,192947.00,3725.860469,N,12209.318855,W,6,12,0.4,20.7,M,-32.6,M,,*73,1763494186872
NMEA,$PSMSG,magcal=PASS,bluesky=0*00,1763494186875
NMEA,$GPGSV,4,1,14,03,18,173,45,04,53,101,41,06,03,257,31,07,53,281,38,1*6B,1763494187860
NMEA,$GPGSV,4,2,14,08,18,126,38,09,77,359,40,11,04,294,34,16,34,050,43,1*64,1763494187860
NMEA,$GPGSV,4,3,14,20,14,319,39,21,15,320,32,27,19,094,45,30,25,265,42,1*65,1763494187860
NMEA,$GPGSV,4,4,14,46,00,000,37,48,00,000,43,1*6C,1763494187860
NMEA,$GPGSV,3,1,10,03,18,173,35,04,53,101,36,06,03,257,20,08,18,126,35,8*65,1763494187860
NMEA,$GPGSV,3,2,10,09,77,359,34,11,04,294,19,21,15,320,33,26,02,041,16,8*6D,1763494187860
NMEA,$GPGSV,3,3,10,27,19,094,36,30,25,265,35,8*6A,1763494187860
NMEA,$GLGSV,1,1,04,12,64,230,45,11,52,029,42,01,76,110,31,08,21,136,42,1*7C,1763494187860
NMEA,$GAGSV,3,1,10,02,51,173,45,03,67,075,42,05,19,108,44,08,48,316,39,7*7A,1763494187860
NMEA,$GAGSV,3,2,10,13,12,276,45,15,05,227,37,16,34,049,40,25,54,070,41,7*7F,1763494187860
NMEA,$GAGSV,3,3,10,26,03,323,34,30,06,202,35,7*73,1763494187860
NMEA,$GAGSV,3,1,09,02,51,173,37,03,67,075,33,05,19,108,34,08,48,316,22,1*7A,1763494187860
NMEA,$GAGSV,3,2,09,13,12,276,30,15,05,227,25,16,34,049,28,25,54,070,33,1*7B,1763494187860
NMEA,$GAGSV,3,3,09,30,06,202,24,1*4F,1763494187860
NMEA,$GBGSV,2,1,07,37,47,047,44,36,18,232,44,32,14,144,44,22,04,319,35,1*75,1763494187860
NMEA,$GBGSV,2,2,07,20,70,160,43,19,55,311,41,04,03,265,33,1*4C,1763494187860
NMEA,$GBGSV,2,1,05,19,55,311,40,20,70,160,31,32,14,144,43,36,18,232,39,3*7A,1763494187860
NMEA,$GBGSV,2,2,05,37,47,047,42,3*43,1763494187860
NMEA,$GBGSV,2,1,06,19,55,311,32,20,70,160,28,22,04,319,32,32,14,144,29,5*75,1763494187860
NMEA,$GBGSV,2,2,06,36,18,232,28,37,47,047,29,5*7E,1763494187860
NMEA,$GNGSA,A,3,03,04,07,08,09,16,20,21,27,30,,,0.6,0.4,0.5,1*37,1763494187883
NMEA,$PSSGR,GSA,A,3,03,04,08,09,21,27,30,,,,,,0.6,0.4,0.5,1,8*41,1763494187883
NMEA,$GNGSA,A,3,65,72,75,76,,,,,,,,,0.6,0.4,0.5,2*30,1763494187883
NMEA,$GNGSA,A,3,02,03,05,08,13,15,16,25,30,,,,0.6,0.4,0.5,3*3D,1763494187883
NMEA,$PSSGR,GSA,A,3,302,303,305,308,313,315,316,325,,,,,0.6,0.4,0.5,3,1*43,1763494187883
NMEA,$GNGSA,A,3,19,20,32,36,37,,,,,,,,0.6,0.4,0.5,4*39,1763494187883
NMEA,$PSSGR,GSA,A,3,219,220,232,236,237,,,,,,,,0.6,0.4,0.5,4,5*72,1763494187883
NMEA,$GNVTG,235.4,T,222.6,M,0.6,N,1.1,K,E*3B,1763494187883
NMEA,$GNDTM,W84,,0000.000000,N,00000.000000,E,0.000,W84*41,1763494187883
NMEA,$GNRMC,192948.00,A,3725.860582,N,12209.318620,W,0.6,235.4,181125,12.8,E,E,V*7F,1763494187883
NMEA,$GNGNS,192948.00,3725.860582,N,12209.318620,W,EEEEEE,28,0.4,20.7,-32.6,,,V*2A,1763494187883
NMEA,$GNGGA,192948.00,3725.860582,N,12209.318620,W,6,12,0.4,20.7,M,-32.6,M,,*74,1763494187883
NMEA,$PSMSG,magcal=PASS,bluesky=0*00,1763494187895
NMEA,$GPGSV,4,1,14,03,18,173,46,04,53,101,43,06,03,257,31,07,53,281,39,1*6B,1763494188855
NMEA,$GPGSV,4,2,14,08,18,126,42,09,77,359,38,11,04,294,33,16,34,050,42,1*60,1763494188855
NMEA,$GPGSV,4,3,14,20,14,319,44,21,15,320,35,27,19,094,42,30,25,265,43,1*6E,1763494188855
NMEA,$GPGSV,4,4,14,46,00,000,36,48,00,000,39,1*60,1763494188855
NMEA,$GPGSV,3,1,10,03,18,173,30,04,53,101,30,06,03,257,19,08,18,126,33,8*6A,1763494188855
NMEA,$GPGSV,3,2,10,09,77,359,32,11,04,294,19,21,15,320,30,26,02,041,16,8*68,1763494188855
NMEA,$GPGSV,3,3,10,27,19,094,36,30,25,265,35,8*6A,1763494188855
NMEA,$GLGSV,1,1,04,12,64,230,45,11,52,029,38,01,76,110,35,08,21,136,42,1*75,1763494188855
NMEA,$GAGSV,3,1,11,02,51,173,44,03,67,075,42,05,19,108,44,07,01,299,15,7*70,1763494188855
NMEA,$GAGSV,3,2,11,08,48,316,40,13,12,276,46,15,05,227,36,16,34,049,40,7*7C,1763494188855
NMEA,$GAGSV,3,3,11,25,54,070,40,26,03,323,38,30,06,202,33,7*4D,1763494188855
NMEA,$GAGSV,3,1,09,02,51,173,37,03,67,075,30,05,19,108,32,08,48,316,27,1*7A,1763494188855
NMEA,$GAGSV,3,2,09,13,12,276,30,15,05,227,25,16,34,049,32,25,54,070,30,1*73,1763494188855
NMEA,$GAGSV,3,3,09,30,06,202,23,1*48,1763494188855
NMEA,$GBGSV,2,1,07,37,47,047,42,36,18,232,44,32,14,144,46,22,04,319,40,1*73,1763494188855
NMEA,$GBGSV,2,2,07,20,70,160,44,19,55,311,40,04,03,265,35,1*4C,1763494188855
NMEA,$GBGSV,2,1,05,19,55,311,41,20,70,160,35,32,14,144,45,36,18,232,40,3*77,1763494188855
NMEA,$GBGSV,2,2,05,37,47,047,43,3*42,1763494188855
NMEA,$GBGSV,2,1,06,19,55,311,33,20,70,160,30,22,04,319,31,32,14,144,31,5*77,1763494188855
NMEA,$GBGSV,2,2,06,36,18,232,21,37,47,047,31,5*7E,1763494188855
NMEA,$GNGSA,A,3,03,04,07,08,09,16,20,21,27,30,,,0.6,0.4,0.5,1*37,1763494188865
NMEA,$PSSGR,GSA,A,3,03,04,08,09,21,27,30,,,,,,0.6,0.4,0.5,1,8*41,1763494188865
NMEA,$GNGSA,A,3,65,72,75,76,,,,,,,,,0.6,0.4,0.5,2*30,1763494188865
NMEA,$GNGSA,A,3,02,03,05,08,13,15,16,25,30,,,,0.6,0.4,0.5,3*3D,1763494188865
NMEA,$PSSGR,GSA,A,3,302,303,305,308,313,315,316,325,,,,,0.6,0.4,0.5,3,1*43,1763494188865
NMEA,$GNGSA,A,3,19,20,32,36,37,,,,,,,,0.6,0.4,0.5,4*39,1763494188865
NMEA,$PSSGR,GSA,A,3,219,220,232,236,237,,,,,,,,0.6,0.4,0.5,4,5*72,1763494188865
NMEA,$GNVTG,,T,,M,0.0,N,0.0,K,E*39,1763494188865
NMEA,$GNDTM,W84,,0000.000000,N,00000.000000,E,0.000,W84*41,1763494188865
NMEA,$GNRMC,192949.00,A,3725.860643,N,12209.318539,W,0.0,,181125,12.8,E,E,V*53,1763494188865
NMEA,$GNGNS,192949.00,3725.860643,N,12209.318539,W,EEEEEE,28,0.4,21.0,-32.6,,,V*28,1763494188865
NMEA,$GNGGA,192949.00,3725.860643,N,12209.318539,W,6,12,0.4,21.0,M,-32.6,M,,*76,1763494188865
NMEA,$PSMSG,magcal=PASS,bluesky=0*00,1763494188868
NMEA,$GPGSV,4,1,14,03,18,173,45,04,53,101,40,06,03,257,29,07,53,281,43,1*6F,1763494189858
NMEA,$GPGSV,4,2,14,08,18,126,38,09,77,359,41,11,04,294,28,16,34,050,44,1*6F,1763494189858
NMEA,$GPGSV,4,3,14,20,14,319,45,21,15,320,39,27,19,094,39,30,25,265,43,1*6F,1763494189858
NMEA,$GPGSV,4,4,14,46,00,000,41,48,00,000,42,1*6C,1763494189858
NMEA,$GPGSV,3,1,10,03,18,173,38,04,53,101,27,06,03,257,21,08,18,126,34,8*68,1763494189858
NMEA,$GPGSV,3,2,10,09,77,359,35,11,04,294,21,21,15,320,33,26,02,041,16,8*67,1763494189858
NMEA,$GPGSV,3,3,10,27,19,094,34,30,25,265,34,8*69,1763494189858
NMEA,$GLGSV,1,1,04,12,64,230,42,11,52,029,39,01,76,110,35,08,21,136,40,1*71,1763494189858
NMEA,$GAGSV,3,1,11,02,51,173,45,03,67,075,40,05,19,108,37,07,01,299,22,7*73,1763494189858
NMEA,$GAGSV,3,2,11,08,48,316,43,13,12,276,44,15,05,227,33,16,34,049,41,7*79,1763494189858
NMEA,$GAGSV,3,3,11,25,54,070,37,26,03,323,39,30,06,202,37,7*48,1763494189858
NMEA,$GAGSV,3,1,09,02,51,173,34,03,67,075,27,05,19,108,31,08,48,316,31,1*7B,1763494189858
NMEA,$GAGSV,3,2,09,13,12,276,30,15,05,227,21,16,34,049,32,25,54,070,23,1*75,1763494189858
NMEA,$GAGSV,3,3,09,30,06,202,22,1*49,1763494189858
NMEA,$GBGSV,2,1,07,37,47,047,44,36,18,232,43,32,14,144,40,22,04,319,40,1*74,1763494189858
NMEA,$GBGSV,2,2,07,20,70,160,43,19,55,311,38,04,03,265,33,1*42,1763494189858
NMEA,$GBGSV,2,1,05,19,55,311,44,20,70,160,37,32,14,144,40,36,18,232,38,3*7A,1763494189858
NMEA,$GBGSV,2,2,05,37,47,047,43,3*42,1763494189858
NMEA,$GBGSV,2,1,06,19,55,311,32,20,70,160,34,22,04,319,31,32,14,144,33,5*70,1763494189858
NMEA,$GBGSV,2,2,06,36,18,232,31,37,47,047,31,5*7F,1763494189858
NMEA,$GNGSA,A,3,03,04,07,08,09,16,20,21,27,30,,,0.6,0.4,0.5,1*37,1763494189878
NMEA,$PSSGR,GSA,A,3,03,04,08,09,21,27,30,,,,,,0.6,0.4,0.5,1,8*41,1763494189878
NMEA,$GNGSA,A,3,65,72,75,76,,,,,,,,,0.6,0.4,0.5,2*30,1763494189878
NMEA,$GNGSA,A,3,02,03,05,08,13,15,16,25,30,,,,0.6,0.4,0.5,3*3D,1763494189878
NMEA,$PSSGR,GSA,A,3,302,303,305,308,313,315,316,325,,,,,0.6,0.4,0.5,3,1*43,1763494189878
NMEA,$GNGSA,A,3,19,20,32,36,37,,,,,,,,0.6,0.4,0.5,4*39,1763494189878
NMEA,$PSSGR,GSA,A,3,219,220,232,236,237,,,,,,,,0.6,0.4,0.5,4,5*72,1763494189878
NMEA,$GNVTG,,T,,M,0.0,N,0.0,K,E*39,1763494189878
NMEA,$GNDTM,W84,,0000.000000,N,00000.000000,E,0.000,W84*41,1763494189878
NMEA,$GNRMC,192950.00,A,3725.860700,N,12209.318565,W,0.0,,181125,12.8,E,E,V*54,1763494189878
NMEA,$GNGNS,192950.00,3725.860700,N,12209.318565,W,EEEEEE,28,0.4,21.0,-32.6,,,V*2F,1763494189878
NMEA,$GNGGA,192950.00,3725.860700,N,12209.318565,W,6,12,0.4,21.0,M,-32.6,M,,*71,1763494189878
NMEA,$PSMSG,magcal=PASS,bluesky=0*00,1763494189888
NMEA,$GPGSV,4,1,14,03,18,173,35,04,53,101,40,06,03,257,30,07,53,281,44,1*67,1763494190856
NMEA,$GPGSV,4,2,14,08,18,126,41,09,77,359,39,11,04,294,33,16,34,050,46,1*66,1763494190856
NMEA,$GPGSV,4,3,14,20,14,319,46,21,15,320,41,27,19,094,44,30,25,265,44,1*6E,1763494190856
NMEA,$GPGSV,4,4,14,46,00,000,37,48,00,000,39,1*61,1763494190856
NMEA,$GPGSV,3,1,10,03,18,173,38,04,53,101,30,06,03,257,21,08,18,126,36,8*6C,1763494190856
NMEA,$GPGSV,3,2,10,09,77,359,37,11,04,294,21,21,15,320,33,26,02,041,16,8*65,1763494190856
NMEA,$GPGSV,3,3,10,27,19,094,23,30,25,265,30,8*6B,1763494190856
NMEA,$GLGSV,1,1,04,12,64,230,44,11,52,029,40,01,76,110,36,08,21,136,41,1*7B,1763494190856
NMEA,$GAGSV,3,1,11,02,51,173,42,03,67,075,41,05,19,108,43,07,01,299,21,7*75,1763494190856
NMEA,$GAGSV,3,2,11,08,48,316,43,13,12,276,46,15,05,227,33,16,34,049,43,7*79,1763494190856
NMEA,$GAGSV,3,3,11,25,54,070,38,26,03,323,38,30,06,202,30,7*41,1763494190856
NMEA,$GAGSV,3,1,09,02,51,173,34,03,67,075,28,05,19,108,27,08,48,316,37,1*75,1763494190856
NMEA,$GAGSV,3,2,09,13,12,276,30,15,05,227,27,16,34,049,33,25,54,070,27,1*76,1763494190856
NMEA,$GAGSV,3,3,09,30,06,202,28,1*43,1763494190856
NMEA,$GBGSV,2,1,07,37,47,047,46,36,18,232,37,32,14,144,35,22,04,319,41,1*76,1763494190856
NMEA,$GBGSV,2,2,07,20,70,160,40,19,55,311,42,04,03,265,33,1*4C,1763494190856
NMEA,$GBGSV,2,1,05,19,55,311,42,20,70,160,40,32,14,144,35,36,18,232,33,3*75,1763494190856
NMEA,$GBGSV,2,2,05,37,47,047,45,3*44,1763494190856
NMEA,$GBGSV,2,1,06,19,55,311,31,20,70,160,34,22,04,319,25,32,14,144,31,5*74,1763494190856
NMEA,$GBGSV,2,2,06,36,18,232,34,37,47,047,30,5*7B,1763494190856
NMEA,$GNGSA,A,3,03,04,07,08,09,16,20,21,27,30,,,0.6,0.4,0.5,1*37,1763494190869
NMEA,$PSSGR,GSA,A,3,03,04,08,09,21,27,30,,,,,,0.6,0.4,0.5,1,8*41,1763494190869
NMEA,$GNGSA,A,3,65,72,75,76,,,,,,,,,0.6,0.4,0.5,2*30,1763494190869
NMEA,$GNGSA,A,3,02,03,05,08,13,15,16,25,30,,,,0.6,0.4,0.5,3*3D,1763494190869
NMEA,$PSSGR,GSA,A,3,302,303,305,308,313,315,316,325,330,,,,0.6,0.4,0.5,3,1*73,1763494190869
NMEA,$GNGSA,A,3,19,20,32,36,37,,,,,,,,0.6,0.4,0.5,4*39,1763494190869
NMEA,$PSSGR,GSA,A,3,219,220,232,236,237,,,,,,,,0.6,0.4,0.5,4,5*72,1763494190869
NMEA,$GNVTG,235.4,T,222.6,M,0.6,N,1.0,K,E*3A,1763494190869
NMEA,$GNDTM,W84,,0000.000000,N,00000.000000,E,0.000,W84*41,1763494190869
NMEA,$GNRMC,192951.00,A,3725.860645,N,12209.318721,W,0.6,235.4,181125,12.8,E,E,V*7F,1763494190869
NMEA,$GNGNS,192951.00,3725.860645,N,12209.318721,W,EEEEEE,28,0.4,21.0,-32.6,,,V*2C,1763494190869
NMEA,$GNGGA,192951.00,3725.860645,N,12209.318721,W,6,12,0.4,21.0,M,-32.6,M,,*72,1763494190869
NMEA,$PSMSG,magcal=PASS,bluesky=0*00,1763494190873
NMEA,$GPGSV,4,1,14,03,18,173,41,04,53,101,39,06,03,257,29,07,53,281,42,1*64,1763494191861
NMEA,$GPGSV,4,2,14,08,18,126,38,09,77,359,39,11,04,294,34,16,34,050,44,1*6D,1763494191861
NMEA,$GPGSV,4,3,14,20,14,319,44,21,15,320,35,27,19,094,40,30,25,265,45,1*6A,1763494191861
NMEA,$GPGSV,4,4,14,46,00,000,41,48,00,000,44,1*6A,1763494191861
NMEA,$GPGSV,3,1,10,03,18,173,38,04,53,101,28,06,03,257,21,08,18,126,34,8*67,1763494191861
NMEA,$GPGSV,3,2,10,09,77,359,34,11,04,294,21,21,15,320,33,26,02,041,16,8*66,1763494191861
NMEA,$GPGSV,3,3,10,27,19,094,29,30,25,265,33,8*62,1763494191861
NMEA,$GLGSV,1,1,04,12,64,230,43,11,52,029,39,01,76,110,36,08,21,136,39,1*7D,1763494191861
NMEA,$GAGSV,3,1,11,02,51,173,44,03,67,075,40,05,19,108,39,07,01,299,21,7*7F,1763494191861
NMEA,$GAGSV,3,2,11,08,48,316,43,13,12,276,44,15,05,227,34,16,34,049,42,7*7D,1763494191861
NMEA,$GAGSV,3,3,11,25,54,070,38,26,03,323,37,30,06,202,35,7*4B,1763494191861
NMEA,$GAGSV,3,1,09,02,51,173,35,03,67,075,30,05,19,108,29,08,48,316,33,1*77,1763494191861
NMEA,$GAGSV,3,2,09,13,12,276,31,15,05,227,24,16,34,049,30,25,54,070,27,1*77,1763494191861
NMEA,$GAGSV,3,3,09,30,06,202,24,1*4F,1763494191861
NMEA,$GBGSV,2,1,07,37,47,047,44,36,18,232,42,32,14,144,34,22,04,319,39,1*78,1763494191861
NMEA,$GBGSV,2,2,07,20,70,160,40,19,55,311,41,04,03,265,34,1*48,1763494191861
NMEA,$GBGSV,2,1,05,19,55,311,44,20,70,160,39,32,14,144,31,36,18,232,38,3*72,1763494191861
NMEA,$GBGSV,2,2,05,37,47,047,43,3*42,1763494191861
NMEA,$GBGSV,2,1,06,19,55,311,30,20,70,160,35,22,04,319,28,32,14,144,32,5*7A,1763494191861
NMEA,$GBGSV,2,2,06,36,18,232,32,37,47,047,29,5*75,1763494191861
NMEA,$GNGSA,A,3,03,04,07,08,09,16,20,21,27,30,,,0.6,0.4,0.5,1*37,1763494191870
NMEA,$PSSGR,GSA,A,3,03,04,08,09,21,27,30,,,,,,0.6,0.4,0.5,1,8*41,1763494191870
NMEA,$GNGSA,A,3,65,72,75,76,,,,,,,,,0.6,0.4,0.5,2*30,1763494191870
NMEA,$GNGSA,A,3,02,03,05,08,13,15,16,25,30,,,,0.6,0.4,0.5,3*3D,1763494191870
NMEA,$PSSGR,GSA,A,3,302,303,305,308,313,315,316,325,330,,,,0.6,0.4,0.5,3,1*73,1763494191870
NMEA,$GNGSA,A,3,19,20,32,36,37,,,,,,,,0.6,0.4,0.5,4*39,1763494191870
NMEA,$PSSGR,GSA,A,3,219,220,232,236,237,,,,,,,,0.6,0.4,0.5,4,5*72,1763494191870
NMEA,$GNVTG,235.4,T,222.6,M,0.8,N,1.5,K,E*31,1763494191870
NMEA,$GNDTM,W84,,0000.000000,N,00000.000000,E,0.000,W84*41,1763494191870
NMEA,$GNRMC,192952.00,A,3725.860499,N,12209.318853,W,0.8,235.4,181125,12.8,E,E,V*7B,1763494191870
NMEA,$GNGNS,192952.00,3725.860499,N,12209.318853,W,EEEEEE,28,0.4,21.1,-32.6,,,V*27,1763494191870
NMEA,$GNGGA,192952.00,3725.860499,N,12209.318853,W,6,12,0.4,21.1,M,-32.6,M,,*79,1763494191870
NMEA,$PSMSG,magcal=PASS,bluesky=0*00,1763494191875
NMEA,$GPGSV,4,1,13,03,18,173,47,04,53,101,40,06,03,257,31,08,18,126,43,1*6D,1763494192857
NMEA,$GPGSV,4,2,13,09,77,359,41,11,04,294,37,16,34,050,41,20,14,319,44,1*60,1763494192857
NMEA,$GPGSV,4,3,13,21,15,320,36,27,19,094,43,30,25,265,41,46,00,000,40,1*63,1763494192857
NMEA,$GPGSV,4,4,13,48,00,000,45,1*5B,1763494192857
NMEA,$GPGSV,3,1,10,03,18,173,32,04,53,101,25,06,03,257,21,08,18,126,30,8*64,1763494192857
NMEA,$GPGSV,3,2,10,09,77,359,33,11,04,294,21,21,15,320,32,26,02,041,18,8*6E,1763494192857
NMEA,$GPGSV,3,3,10,27,19,094,35,30,25,265,33,8*6F,1763494192857
NMEA,$GLGSV,1,1,04,12,64,230,45,11,52,029,39,01,76,110,36,08,21,136,45,1*70,1763494192857
NMEA,$GAGSV,3,1,11,02,51,173,45,03,67,075,40,05,19,108,42,07,01,299,21,7*72,1763494192857
NMEA,$GAGSV,3,2,11,08,48,316,39,13,12,276,45,15,05,227,30,16,34,049,38,7*78,1763494192857
NMEA,$GAGSV,3,3,11,25,54,070,39,26,03,323,42,30,06,202,33,7*4E,1763494192857
NMEA,$GAGSV,3,1,09,02,51,173,35,03,67,075,31,05,19,108,30,08,48,316,30,1*7D,1763494192857
NMEA,$GAGSV,3,2,09,13,12,276,32,15,05,227,23,16,34,049,32,25,54,070,30,1*77,1763494192857
NMEA,$GAGSV,3,3,09,30,06,202,24,1*4F,1763494192857
NMEA,$GBGSV,2,1,07,37,47,047,43,36,18,232,40,32,14,144,45,22,04,319,40,1*75,1763494192857
NMEA,$GBGSV,2,2,07,20,70,160,41,19,55,311,43,04,03,265,37,1*48,1763494192857
NMEA,$GBGSV,2,1,05,19,55,311,44,20,70,160,39,32,14,144,43,36,18,232,37,3*78,1763494192857
NMEA,$GBGSV,2,2,05,37,47,047,41,3*40,1763494192857
NMEA,$GBGSV,2,1,06,19,55,311,33,20,70,160,32,22,04,319,29,32,14,144,28,5*74,1763494192857
NMEA,$GBGSV,2,2,06,36,18,232,28,37,47,047,30,5*76,1763494192857
NMEA,$GNGSA,A,3,03,04,07,08,09,16,20,21,27,30,,,0.6,0.4,0.5,1*37,1763494192870
NMEA,$PSSGR,GSA,A,3,03,04,08,09,21,27,30,,,,,,0.6,0.4,0.5,1,8*41,1763494192870
NMEA,$GNGSA,A,3,65,72,75,76,,,,,,,,,0.6,0.4,0.5,2*30,1763494192870
NMEA,$GNGSA,A,3,02,03,05,08,13,15,16,25,30,,,,0.6,0.4,0.5,3*3D,1763494192870
NMEA,$PSSGR,GSA,A,3,302,303,305,308,313,315,316,325,330,,,,0.6,0.4,0.5,3,1*73,1763494192870
NMEA,$GNGSA,A,3,19,20,32,36,37,,,,,,,,0.6,0.4,0.5,4*39,1763494192870
NMEA,$PSSGR,GSA,A,3,219,220,232,236,237,,,,,,,,0.6,0.4,0.5,4,5*72,1763494192870
NMEA,$GNVTG,235.4,T,222.6,M,0.5,N,1.0,K,E*39,1763494192870
NMEA,$GNDTM,W84,,0000.000000,N,00000.000000,E,0.000,W84*41,1763494192870
NMEA,$GNRMC,192953.00,A,3725.860335,N,12209.318778,W,0.5,235.4,181125,12.8,E,E,V*70,1763494192870
NMEA,$GNGNS,192953.00,3725.860335,N,12209.318778,W,EEEEEE,28,0.4,21.2,-32.6,,,V*22,1763494192870
NMEA,$GNGGA,192953.00,3725.860335,N,12209.318778,W,6,12,0.4,21.2,M,-32.6,M,,*7C,1763494192870
NMEA,$PSMSG,magcal=PASS,bluesky=0*00,1763494192873
NMEA,$GPGSV,4,1,13,03,18,173,45,04,53,101,41,06,03,257,33,08,18,126,41,1*6E,1763494193855
NMEA,$GPGSV,4,2,13,09,77,359,41,11,04,294,36,16,34,050,43,20,14,319,41,1*66,1763494193855
NMEA,$GPGSV,4,3,13,21,15,320,36,27,19,094,45,30,25,265,43,46,00,000,39,1*69,1763494193855
NMEA,$GPGSV,4,4,13,48,00,000,44,1*5A,1763494193855
NMEA,$GPGSV,3,1,10,03,18,173,32,04,53,101,32,06,03,257,21,08,18,126,35,8*67,1763494193855
NMEA,$GPGSV,3,2,10,09,77,359,33,11,04,294,21,21,15,320,30,26,02,041,22,8*65,1763494193855
NMEA,$GPGSV,3,3,10,27,19,094,34,30,25,265,34,8*69,1763494193855
NMEA,$GLGSV,1,1,04,12,64,230,46,11,52,029,38,01,76,110,35,08,21,136,42,1*76,1763494193855
NMEA,$GAGSV,3,1,11,02,51,173,46,03,67,075,42,05,19,108,44,07,01,299,21,7*75,1763494193855
NMEA,$GAGSV,3,2,11,08,48,316,38,13,12,276,45,15,05,227,31,16,34,049,41,7*76,1763494193855
NMEA,$GAGSV,3,3,11,25,54,070,42,26,03,323,37,30,06,202,33,7*40,1763494193855
NMEA,$GAGSV,3,1,09,02,51,173,38,03,67,075,31,05,19,108,33,08,48,316,23,1*71,1763494193855
NMEA,$GAGSV,3,2,09,13,12,276,29,15,05,227,23,16,34,049,33,25,54,070,31,1*7D,1763494193855
NMEA,$GAGSV,3,3,09,30,06,202,23,1*48,1763494193855
NMEA,$GBGSV,2,1,07,37,47,047,44,36,18,232,40,32,14,144,44,22,04,319,37,1*73,1763494193855
NMEA,$GBGSV,2,2,07,20,70,160,42,19,55,311,41,04,03,265,37,1*49,1763494193855
NMEA,$GBGSV,2,1,05,19,55,311,41,20,70,160,35,32,14,144,43,36,18,232,33,3*75,1763494193855
NMEA,$GBGSV,2,2,05,37,47,047,42,3*43,1763494193855
NMEA,$GBGSV,2,1,06,19,55,311,33,20,70,160,28,22,04,319,31,32,14,144,27,5*79,1763494193855
NMEA,$GBGSV,2,2,06,36,18,232,28,37,47,047,27,5*70,1763494193855
NMEA,$GNGSA,A,3,03,04,07,08,09,16,20,21,27,30,,,0.6,0.4,0.5,1*37,1763494193868
NMEA,$PSSGR,GSA,A,3,03,04,08,09,21,27,30,,,,,,0.6,0.4,0.5,1,8*41,1763494193868
NMEA,$GNGSA,A,3,65,72,75,76,,,,,,,,,0.6,0.4,0.5,2*30,1763494193868
NMEA,$GNGSA,A,3,02,03,05,08,13,15,16,25,30,,,,0.6,0.4,0.5,3*3D,1763494193868
NMEA,$PSSGR,GSA,A,3,302,303,305,308,313,315,316,325,330,,,,0.6,0.4,0.5,3,1*73,1763494193868
NMEA,$GNGSA,A,3,19,20,32,36,37,,,,,,,,0.6,0.4,0.5,4*39,1763494193868
NMEA,$PSSGR,GSA,A,3,219,220,232,236,237,,,,,,,,0.6,0.4,0.5,4,5*72,1763494193868
NMEA,$GNVTG,235.4,T,222.6,M,0.7,N,1.3,K,E*38,1763494193868
NMEA,$GNDTM,W84,,0000.000000,N,00000.000000,E,0.000,W84*41,1763494193868
NMEA,$GNRMC,192954.00,A,3725.860292,N,12209.318518,W,0.7,235.4,181125,12.8,E,E,V*7D,1763494193868
NMEA,$GNGNS,192954.00,3725.860292,N,12209.318518,W,EEEEEE,28,0.4,21.2,-32.6,,,V*2D,1763494193868
NMEA,$GNGGA,192954.00,3725.860292,N,12209.318518,W,6,12,0.4,21.2,M,-32.6,M,,*73,1763494193868
NMEA,$PSMSG,magcal=PASS,bluesky=0*00,1763494193873
NMEA,$GPGSV,4,1,14,03,18,173,44,04,53,101,42,06,03,257,34,07,53,281,38,1*6C,1763494194854
NMEA,$GPGSV,4,2,14,08,18,126,42,09,77,359,39,11,04,294,37,16,34,050,42,1*65,1763494194854
NMEA,$GPGSV,4,3,14,20,14,319,43,21,15,320,34,27,19,094,43,30,25,265,45,1*6F,1763494194854
NMEA,$GPGSV,4,4,14,46,00,000,36,48,00,000,43,1*6D,1763494194854
NMEA,$GPGSV,3,1,10,03,18,173,29,04,53,101,26,06,03,257,18,08,18,126,33,8*64,1763494194854
NMEA,$GPGSV,3,2,10,09,77,359,29,11,04,294,16,21,15,320,30,26,02,041,22,8*6A,1763494194854
NMEA,$GPGSV,3,3,10,27,19,094,33,30,25,265,32,8*68,1763494194854
NMEA,$GLGSV,1,1,04,12,64,230,44,11,52,029,40,01,76,110,33,08,21,136,42,1*7D,1763494194854
NMEA,$GAGSV,3,1,11,02,51,173,45,03,67,075,42,05,19,108,44,07,01,299,18,7*7C,1763494194854
NMEA,$GAGSV,3,2,11,08,48,316,40,13,12,276,46,15,05,227,32,16,34,049,40,7*78,1763494194854
NMEA,$GAGSV,3,3,11,25,54,070,41,26,03,323,37,30,06,202,35,7*45,1763494194854
NMEA,$GAGSV,3,1,09,02,51,173,37,03,67,075,27,05,19,108,32,08,48,316,25,1*7E,1763494194854
NMEA,$GAGSV,3,2,09,13,12,276,30,15,05,227,22,16,34,049,34,25,54,070,31,1*73,1763494194854
NMEA,$GAGSV,3,3,09,30,06,202,25,1*4E,1763494194854
NMEA,$GBGSV,2,1,07,37,47,047,42,36,18,232,41,32,14,144,46,22,04,319,38,1*79,1763494194854
NMEA,$GBGSV,2,2,07,20,70,160,44,19,55,311,39,04,03,265,38,1*4F,1763494194854
NMEA,$GBGSV,2,1,05,19,55,311,42,20,70,160,36,32,14,144,46,36,18,232,36,3*75,1763494194854
NMEA,$GBGSV,2,2,05,37,47,047,43,3*42,1763494194854
NMEA,$GBGSV,2,1,06,19,55,311,29,20,70,160,28,22,04,319,31,32,14,144,29,5*7C,1763494194854
NMEA,$GBGSV,2,2,06,36,18,232,25,37,47,047,32,5*79,1763494194854
NMEA,$GNGSA,A,3,03,04,07,08,09,16,20,21,27,30,,,0.6,0.4,0.5,1*37,1763494194861
NMEA,$PSSGR,GSA,A,3,03,04,08,09,21,27,30,,,,,,0.6,0.4,0.5,1,8*41,1763494194861
NMEA,$GNGSA,A,3,65,72,75,76,,,,,,,,,0.6,0.4,0.5,2*30,1763494194861
NMEA,$GNGSA,A,3,02,03,05,08,13,15,16,25,30,,,,0.6,0.4,0.5,3*3D,1763494194861
NMEA,$PSSGR,GSA,A,3,302,303,305,308,313,315,316,325,330,,,,0.6,0.4,0.5,3,1*73,1763494194861
NMEA,$GNGSA,A,3,19,20,32,36,37,,,,,,,,0.6,0.4,0.5,4*39,1763494194861
NMEA,$PSSGR,GSA,A,3,219,220,232,236,237,,,,,,,,0.6,0.4,0.5,4,5*72,1763494194861
NMEA,$GNVTG,235.4,T,222.6,M,0.6,N,1.1,K,E*3B,1763494194861
NMEA,$GNDTM,W84,,0000.000000,N,00000.000000,E,0.000,W84*41,1763494194861
NMEA,$GNRMC,192955.00,A,3725.860289,N,12209.318295,W,0.6,235.4,181125,12.8,E,E,V*75,1763494194861
NMEA,$GNGNS,192955.00,3725.860289,N,12209.318295,W,EEEEEE,28,0.4,21.0,-32.6,,,V*26,1763494194861
NMEA,$GNGGA,192955.00,3725.860289,N,12209.318295,W,6,12,0.4,21.0,M,-32.6,M,,*78,1763494194861
NMEA,$PSMSG,magcal=PASS,bluesky=0*00,1763494194868
NMEA,$GPGSV,4,1,13,03,18,173,45,04,53,101,43,07,53,281,43,08,18,126,40,1*65,1763494195854
NMEA,$GPGSV,4,2,13,09,77,359,41,11,04,294,35,16,34,050,40,20,14,319,46,1*61,1763494195854
NMEA,$GPGSV,4,3,13,21,15,320,41,27,19,094,38,30,25,265,44,46,00,000,42,1*68,1763494195854
NMEA,$GPGSV,4,4,13,48,00,000,40,1*5E,1763494195854
NMEA,$GPGSV,3,1,10,03,18,173,34,04,53,101,31,06,03,257,18,08,18,126,30,8*6D,1763494195854
NMEA,$GPGSV,3,2,10,09,77,359,30,11,04,294,16,21,15,320,31,26,02,041,22,8*63,1763494195854
NMEA,$GPGSV,3,3,10,27,19,094,32,30,25,265,31,8*6A,1763494195854
NMEA,$GLGSV,1,1,04,12,64,230,39,11,52,029,39,01,76,110,33,08,21,136,41,1*7A,1763494195854
NMEA,$GAGSV,3,1,11,02,51,173,43,03,67,075,40,05,19,108,40,07,01,299,18,7*7C,1763494195854
NMEA,$GAGSV,3,2,11,08,48,316,43,13,12,276,44,15,05,227,31,16,34,049,38,7*75,1763494195854
NMEA,$GAGSV,3,3,11,25,54,070,36,26,03,323,40,30,06,202,38,7*48,1763494195854
NMEA,$GAGSV,3,1,09,02,51,173,30,03,67,075,24,05,19,108,26,08,48,316,24,1*7E,1763494195854
NMEA,$GAGSV,3,2,09,13,12,276,29,15,05,227,22,16,34,049,33,25,54,070,23,1*7F,1763494195854
NMEA,$GAGSV,3,3,09,30,06,202,25,1*4E,1763494195854
NMEA,$GBGSV,2,1,07,37,47,047,40,36,18,232,42,32,14,144,43,22,04,319,41,1*73,1763494195854
NMEA,$GBGSV,2,2,07,20,70,160,44,19,55,311,32,04,03,265,35,1*49,1763494195854
NMEA,$GBGSV,2,1,05,19,55,311,42,20,70,160,39,32,14,144,43,36,18,232,40,3*7E,1763494195854
NMEA,$GBGSV,2,2,05,37,47,047,40,3*41,1763494195854
NMEA,$GBGSV,2,1,06,19,55,311,22,20,70,160,31,22,04,319,29,32,14,144,31,5*7F,1763494195854
NMEA,$GBGSV,2,2,06,36,18,232,28,37,47,047,33,5*75,1763494195854
NMEA,$GNGSA,A,3,03,04,07,08,09,16,20,21,27,30,,,0.6,0.4,0.5,1*37,1763494195862
NMEA,$PSSGR,GSA,A,3,03,04,08,09,21,27,30,,,,,,0.6,0.4,0.5,1,8*41,1763494195862
NMEA,$GNGSA,A,3,65,72,75,76,,,,,,,,,0.6,0.4,0.5,2*30,1763494195862
NMEA,$GNGSA,A,3,02,03,05,08,13,15,16,25,30,,,,0.6,0.4,0.5,3*3D,1763494195862
NMEA,$PSSGR,GSA,A,3,302,303,305,308,313,315,316,325,330,,,,0.6,0.4,0.5,3,1*73,1763494195862
NMEA,$GNGSA,A,3,19,20,32,36,37,,,,,,,,0.6,0.4,0.5,4*39,1763494195862
NMEA,$PSSGR,GSA,A,3,219,220,232,236,237,,,,,,,,0.6,0.4,0.5,4,5*72,1763494195862
NMEA,$GNVTG,,T,,M,0.0,N,0.0,K,E*39,1763494195862
NMEA,$GNDTM,W84,,0000.000000,N,00000.000000,E,0.000,W84*41,1763494195862
NMEA,$GNRMC,192956.00,A,3725.860268,N,12209.318232,W,0.0,,181125,12.8,E,E,V*5C,1763494195862
NMEA,$GNGNS,192956.00,3725.860268,N,12209.318232,W,EEEEEE,28,0.4,21.1,-32.6,,,V*26,1763494195862
NMEA,$GNGGA,192956.00,3725.860268,N,12209.318232,W,6,12,0.4,21.1,M,-32.6,M,,*78,1763494195862
NMEA,$PSMSG,magcal=PASS,bluesky=0*00,1763494195864
NMEA,$GPGSV,4,1,13,03,18,173,37,04,53,101,41,07,53,281,42,08,18,126,37,1*63,1763494196854
NMEA,$GPGSV,4,2,13,09,77,359,39,11,04,294,36,16,34,050,46,20,14,319,44,1*69,1763494196854
NMEA,$GPGSV,4,3,13,21,15,320,36,27,19,094,42,30,25,265,44,46,00,000,39,1*69,1763494196854
NMEA,$GPGSV,4,4,13,48,00,000,41,1*5F,1763494196854
NMEA,$GPGSV,3,1,10,03,18,173,37,04,53,101,26,06,03,257,18,08,18,126,34,8*6C,1763494196854
NMEA,$GPGSV,3,2,10,09,77,359,31,11,04,294,16,21,15,320,27,26,02,041,22,8*65,1763494196854
NMEA,$GPGSV,3,3,10,27,19,094,29,30,25,265,30,8*61,1763494196854
NMEA,$GLGSV,1,1,04,12,64,230,43,11,52,029,38,01,76,110,35,08,21,136,37,1*71,1763494196854
NMEA,$GAGSV,3,1,11,02,51,173,42,03,67,075,39,05,19,108,40,07,01,299,18,7*73,1763494196854
NMEA,$GAGSV,3,2,11,08,48,316,43,13,12,276,45,15,05,227,33,16,34,049,43,7*7A,1763494196854
NMEA,$GAGSV,3,3,11,25,54,070,36,26,03,323,35,30,06,202,35,7*47,1763494196854
NMEA,$GAGSV,3,1,09,02,51,173,34,03,67,075,25,05,19,108,28,08,48,316,29,1*78,1763494196854
NMEA,$GAGSV,3,2,09,13,12,276,28,15,05,227,21,16,34,049,27,25,54,070,24,1*7F,1763494196854
NMEA,$GAGSV,3,3,09,30,06,202,19,1*41,1763494196854
NMEA,$GBGSV,2,1,07,37,47,047,45,36,18,232,41,32,14,144,29,22,04,319,37,1*78,1763494196854
NMEA,$GBGSV,2,2,07,20,70,160,40,19,55,311,38,04,03,265,36,1*44,1763494196854
NMEA,$GBGSV,2,1,05,19,55,311,44,20,70,160,39,32,14,144,28,36,18,232,38,3*7A,1763494196854
NMEA,$GBGSV,2,2,05,37,47,047,44,3*45,1763494196854
NMEA,$GBGSV,2,1,06,19,55,311,22,20,70,160,30,22,04,319,26,32,14,144,32,5*72,1763494196854
NMEA,$GBGSV,2,2,06,36,18,232,27,37,47,047,26,5*7E,1763494196854
NMEA,$GNGSA,A,3,03,04,07,08,09,16,20,21,27,30,,,0.6,0.4,0.5,1*37,1763494196860
NMEA,$PSSGR,GSA,A,3,03,04,08,09,21,27,30,,,,,,0.6,0.4,0.5,1,8*41,1763494196860
NMEA,$GNGSA,A,3,65,72,75,76,,,,,,,,,0.6,0.4,0.5,2*30,1763494196860
NMEA,$GNGSA,A,3,02,03,05,08,13,15,16,25,30,,,,0.6,0.4,0.5,3*3D,1763494196860
NMEA,$PSSGR,GSA,A,3,302,303,305,308,313,316,325,,,,,,0.6,0.4,0.5,3,1*74,1763494196860
NMEA,$GNGSA,A,3,19,20,32,36,37,,,,,,,,0.6,0.4,0.5,4*39,1763494196860
NMEA,$PSSGR,GSA,A,3,219,220,232,236,237,,,,,,,,0.6,0.4,0.5,4,5*72,1763494196860
NMEA,$GNVTG,,T,,M,0.0,N,0.0,K,E*39,1763494196860
NMEA,$GNDTM,W84,,0000.000000,N,00000.000000,E,0.000,W84*41,1763494196860
NMEA,$GNRMC,192957.00,A,3725.860260,N,12209.318207,W,0.0,,181125,12.8,E,E,V*53,1763494196860
NMEA,$GNGNS,192957.00,3725.860260,N,12209.318207,W,EEEEEE,28,0.4,21.1,-32.6,,,V*29,1763494196860
NMEA,$GNGGA,192957.00,3725.860260,N,12209.318207,W,6,12,0.4,21.1,M,-32.6,M,,*77,1763494196860
NMEA,$PSMSG,magcal=PASS,bluesky=0*00,1763494196863
NMEA,$GPGSV,4,1,14,03,18,173,32,04,53,101,41,06,03,257,29,07,53,281,42,1*6F,1763494197856
NMEA,$GPGSV,4,2,14,08,18,126,40,09,77,359,39,11,04,294,37,16,34,050,45,1*60,1763494197856
NMEA,$GPGSV,4,3,14,20,14,319,44,21,15,320,37,27,19,094,45,30,25,265,44,1*6C,1763494197856
NMEA,$GPGSV,4,4,14,46,00,000,36,48,00,000,40,1*6E,1763494197856
NMEA,$GPGSV,3,1,10,03,18,173,37,04,53,101,29,06,03,257,18,08,18,126,34,8*63,1763494197856
NMEA,$GPGSV,3,2,10,09,77,359,34,11,04,294,16,21,15,320,32,26,02,041,22,8*64,1763494197856
NMEA,$GPGSV,3,3,10,27,19,094,26,30,25,265,21,8*6E,1763494197856
NMEA,$GLGSV,1,1,04,12,64,230,45,11,52,029,39,01,76,110,37,08,21,136,41,1*75,1763494197856
NMEA,$GAGSV,3,1,11,02,51,173,41,03,67,075,38,05,19,108,43,07,01,299,19,7*73,1763494197856
NMEA,$GAGSV,3,2,11,08,48,316,44,13,12,276,45,15,05,227,28,16,34,049,42,7*76,1763494197856
NMEA,$GAGSV,3,3,11,25,54,070,37,26,03,323,36,30,06,202,31,7*41,1763494197856
NMEA,$GAGSV,3,1,09,02,51,173,35,03,67,075,24,05,19,108,27,08,48,316,34,1*7B,1763494197856
NMEA,$GAGSV,3,2,09,13,12,276,29,15,05,227,25,16,34,049,27,25,54,070,25,1*7B,1763494197856
NMEA,$GAGSV,3,3,09,30,06,202,26,1*4D,1763494197856
NMEA,$GBGSV,2,1,07,37,47,047,46,36,18,232,37,32,14,144,37,22,04,319,41,1*74,1763494197856
NMEA,$GBGSV,2,2,07,20,70,160,41,19,55,311,40,04,03,265,36,1*4A,1763494197856
NMEA,$GBGSV,2,1,05,19,55,311,42,20,70,160,39,32,14,144,35,36,18,232,35,3*7D,1763494197856
NMEA,$GBGSV,2,2,05,37,47,047,44,3*45,1763494197856
NMEA,$GBGSV,2,1,06,19,55,311,27,20,70,160,33,22,04,319,24,32,14,144,32,5*76,1763494197856
NMEA,$GBGSV,2,2,06,36,18,232,33,37,47,047,29,5*74,1763494197856
NMEA,$GNGSA,A,3,03,04,07,08,09,16,20,21,27,30,,,0.6,0.4,0.5,1*37,1763494197865
NMEA,$PSSGR,GSA,A,3,03,04,08,09,21,27,30,,,,,,0.6,0.4,0.5,1,8*41,1763494197865
NMEA,$GNGSA,A,3,65,72,75,76,,,,,,,,,0.6,0.4,0.5,2*30,1763494197865
NMEA,$GNGSA,A,3,02,03,05,08,13,15,16,25,30,,,,0.6,0.4,0.5,3*3D,1763494197865
NMEA,$PSSGR,GSA,A,3,302,303,305,308,313,315,316,325,330,,,,0.6,0.4,0.5,3,1*73,1763494197865
NMEA,$GNGSA,A,3,19,20,32,36,37,,,,,,,,0.6,0.4,0.5,4*39,1763494197865
NMEA,$PSSGR,GSA,A,3,219,220,232,236,237,,,,,,,,0.6,0.4,0.5,4,5*72,1763494197865
NMEA,$GNVTG,235.4,T,222.6,M,0.5,N,1.0,K,E*39,1763494197865
NMEA,$GNDTM,W84,,0000.000000,N,00000.000000,E,0.000,W84*41,1763494197865
NMEA,$GNRMC,192958.00,A,3725.860200,N,12209.318302,W,0.5,235.4,181125,12.8,E,E,V*75,1763494197865
NMEA,$GNGNS,192958.00,3725.860200,N,12209.318302,W,EEEEEE,28,0.4,21.0,-32.6,,,V*25,1763494197865
NMEA,$GNGGA,192958.00,3725.860200,N,12209.318302,W,6,12,0.4,21.0,M,-32.6,M,,*7B,1763494197865
NMEA,$PSMSG,magcal=PASS,bluesky=0*00,1763494197867
NMEA,$GPGSV,4,1,13,03,18,173,41,04,53,101,40,07,53,281,43,08,18,126,39,1*6C,1763494198855
NMEA,$GPGSV,4,2,13,09,77,359,38,11,04,294,33,16,34,050,44,20,14,319,43,1*68,1763494198855
NMEA,$GPGSV,4,3,13,21,15,320,34,27,19,094,43,30,25,265,44,46,00,000,40,1*64,1763494198855
NMEA,$GPGSV,4,4,13,48,00,000,42,1*5C,1763494198855
NMEA,$GPGSV,3,1,10,03,18,173,38,04,53,101,29,06,03,257,17,08,18,126,33,8*64,1763494198855
NMEA,$GPGSV,3,2,10,09,77,359,32,11,04,294,17,21,15,320,33,26,02,041,22,8*62,1763494198855
NMEA,$GPGSV,3,3,10,27,19,094,31,30,25,265,30,8*68,1763494198855
NMEA,$GLGSV,1,1,04,12,64,230,44,11,52,029,39,01,76,110,36,08,21,136,39,1*7A,1763494198855
NMEA,$GAGSV,3,1,11,02,51,173,43,03,67,075,39,05,19,108,41,07,01,299,19,7*72,1763494198855
NMEA,$GAGSV,3,2,11,08,48,316,44,13,12,276,46,15,05,227,32,16,34,049,42,7*7E,1763494198855
NMEA,$GAGSV,3,3,11,25,54,070,39,26,03,323,37,30,06,202,36,7*49,1763494198855
NMEA,$GAGSV,3,1,09,02,51,173,38,03,67,075,24,05,19,108,28,08,48,316,34,1*79,1763494198855
NMEA,$GAGSV,3,2,09,13,12,276,30,15,05,227,27,16,34,049,29,25,54,070,26,1*7C,1763494198855
NMEA,$GAGSV,3,3,09,30,06,202,27,1*4C,1763494198855
NMEA,$GBGSV,2,1,07,37,47,047,42,36,18,232,41,32,14,144,35,22,04,319,39,1*7C,1763494198855
NMEA,$GBGSV,2,2,07,20,70,160,41,19,55,311,41,04,03,265,34,1*49,1763494198855
NMEA,$GBGSV,2,1,05,19,55,311,45,20,70,160,38,32,14,144,34,36,18,232,38,3*77,1763494198855
NMEA,$GBGSV,2,2,05,37,47,047,44,3*45,1763494198855
NMEA,$GBGSV,2,1,06,19,55,311,27,20,70,160,33,22,04,319,25,32,14,144,33,5*76,1763494198855
NMEA,$GBGSV,2,2,06,36,18,232,31,37,47,047,31,5*7F,1763494198855
NMEA,$GNGSA,A,3,03,04,07,08,09,16,20,21,27,30,,,0.6,0.4,0.5,1*37,1763494198864
NMEA,$PSSGR,GSA,A,3,03,04,08,09,21,27,30,,,,,,0.6,0.4,0.5,1,8*41,1763494198864
NMEA,$GNGSA,A,3,65,72,75,76,,,,,,,,,0.6,0.4,0.5,2*30,1763494198864
NMEA,$GNGSA,A,3,02,03,05,08,13,15,16,25,30,,,,0.6,0.4,0.5,3*3D,1763494198864
NMEA,$PSSGR,GSA,A,3,302,303,305,308,313,315,316,325,330,,,,0.6,0.4,0.5,3,1*73,1763494198864
NMEA,$GNGSA,A,3,19,20,32,36,37,,,,,,,,0.6,0.4,0.5,4*39,1763494198864
NMEA,$PSSGR,GSA,A,3,219,220,232,236,237,,,,,,,,0.6,0.4,0.5,4,5*72,1763494198864
NMEA,$GNVTG,235.4,T,222.6,M,0.6,N,1.0,K,E*3A,1763494198864
NMEA,$GNDTM,W84,,0000.000000,N,00000.000000,E,0.000,W84*41,1763494198864
NMEA,$GNRMC,192959.00,A,3725.860116,N,12209.318438,W,0.6,235.4,181125,12.8,E,E,V*7D,1763494198864
NMEA,$GNGNS,192959.00,3725.860116,N,12209.318438,W,EEEEEE,28,0.4,21.0,-32.6,,,V*2E,1763494198864
NMEA,$GNGGA,192959.00,3725.860116,N,12209.318438,W,6,12,0.4,21.0,M,-32.6,M,,*70,1763494198864
NMEA,$PSMSG,magcal=PASS,bluesky=0*00,1763494198868
NMEA,$GPGSV,4,1,13,03,18,173,46,04,53,101,38,07,53,281,35,08,18,126,43,1*68,1763494199855
NMEA,$GPGSV,4,2,13,09,77,359,39,11,04,294,34,16,34,050,39,20,14,319,47,1*60,1763494199855
NMEA,$GPGSV,4,3,13,21,15,320,35,27,19,094,39,30,25,265,43,46,00,000,43,1*6C,1763494199855
NMEA,$GPGSV,4,4,13,48,00,000,44,1*5A,1763494199855
NMEA,$GPGSV,3,1,10,03,18,173,35,04,53,101,27,06,03,257,17,08,18,126,29,8*6C,1763494199855
NMEA,$GPGSV,3,2,10,09,77,359,26,11,04,294,17,21,15,320,33,26,02,041,22,8*67,1763494199855
NMEA,$GPGSV,3,3,10,27,19,094,36,30,25,265,30,8*6F,1763494199855
NMEA,$GLGSV,1,1,04,12,64,230,45,11,52,029,39,01,76,110,36,08,21,136,44,1*71,1763494199855
NMEA,$GAGSV,3,1,11,02,51,173,44,03,67,075,41,05,19,108,42,07,01,299,19,7*79,1763494199855
NMEA,$GAGSV,3,2,11,08,48,316,40,13,12,276,46,15,05,227,31,16,34,049,37,7*7B,1763494199855
NMEA,$GAGSV,3,3,11,25,54,070,39,26,03,323,42,30,06,202,37,7*4A,1763494199855
NMEA,$GAGSV,3,1,09,02,51,173,26,03,67,075,24,05,19,108,27,08,48,316,27,1*7B,1763494199855
NMEA,$GAGSV,3,2,09,13,12,276,32,15,05,227,23,16,34,049,33,25,54,070,28,1*7F,1763494199855
NMEA,$GAGSV,3,3,09,30,06,202,27,1*4C,1763494199855
NMEA,$GBGSV,2,1,07,37,47,047,41,36,18,232,39,32,14,144,44,22,04,319,41,1*79,1763494199855
NMEA,$GBGSV,2,2,07,20,70,160,41,19,55,311,44,04,03,265,33,1*4B,1763494199855
NMEA,$GBGSV,2,1,05,19,55,311,45,20,70,160,40,32,14,144,43,36,18,232,37,3*77,1763494199855
NMEA,$GBGSV,2,2,05,37,47,047,40,3*41,1763494199855
NMEA,$GBGSV,2,1,06,19,55,311,32,20,70,160,32,22,04,319,30,32,14,144,28,5*7D,1763494199855
NMEA,$GBGSV,2,2,06,36,18,232,29,37,47,047,33,5*74,1763494199855
NMEA,$GNGSA,A,3,03,04,07,08,09,16,20,21,27,30,,,0.6,0.4,0.5,1*37,1763494199865
NMEA,$PSSGR,GSA,A,3,03,04,08,09,21,27,30,,,,,,0.6,0.4,0.5,1,8*41,1763494199865
NMEA,$GNGSA,A,3,65,72,75,76,,,,,,,,,0.6,0.4,0.5,2*30,1763494199865
NMEA,$GNGSA,A,3,02,03,05,08,13,15,16,25,30,,,,0.6,0.4,0.5,3*3D,1763494199865
NMEA,$PSSGR,GSA,A,3,302,303,305,308,313,315,316,325,330,,,,0.6,0.4,0.5,3,1*73,1763494199865
NMEA,$GNGSA,A,3,19,20,32,36,37,,,,,,,,0.6,0.4,0.5,4*39,1763494199865
NMEA,$PSSGR,GSA,A,3,219,220,232,236,237,,,,,,,,0.6,0.4,0.5,4,5*72,1763494199865
NMEA,$GNVTG,235.4,T,222.6,M,0.5,N,1.0,K,E*39,1763494199865
NMEA,$GNDTM,W84,,0000.000000,N,00000.000000,E,0.000,W84*41,1763494199865
NMEA,$GNRMC,193000.00,A,3725.860038,N,12209.318368,W,0.5,235.4,181125,12.8,E,E,V*75,1763494199865
NMEA,$GNGNS,193000.00,3725.860038,N,12209.318368,W,EEEEEE,28,0.4,20.9,-32.6,,,V*2D,1763494199865
NMEA,$GNGGA,193000.00,3725.860038,N,12209.318368,W,6,12,0.4,20.9,M,-32.6,M,,*73,1763494199865
NMEA,$PSMSG,magcal=PASS,bluesky=0*00,1763494199871
NMEA,$GPGSV,4,1,14,03,18,173,44,04,53,101,41,06,03,257,35,07,53,281,37,1*61,1763494200857
NMEA,$GPGSV,4,2,14,08,18,126,44,09,77,359,39,11,04,294,34,16,34,050,40,1*62,1763494200857
NMEA,$GPGSV,4,3,14,20,14,319,44,21,15,320,36,27,19,094,44,30,25,265,43,1*6B,1763494200857
NMEA,$GPGSV,4,4,14,46,00,000,35,48,00,000,40,1*6D,1763494200857
NMEA,$GPGSV,3,1,10,03,18,173,24,04,53,101,27,06,03,257,17,08,18,126,32,8*66,1763494200857
NMEA,$GPGSV,3,2,10,09,77,359,28,11,04,294,18,21,15,320,30,26,02,041,22,8*65,1763494200857
NMEA,$GPGSV,3,3,10,27,19,094,35,30,25,265,32,8*6E,1763494200857
NMEA,$GLGSV,1,1,04,12,64,230,45,11,52,029,42,01,76,110,35,08,21,136,43,1*79,1763494200857
NMEA,$GAGSV,3,1,11,02,51,173,44,03,67,075,43,05,19,108,44,07,01,299,19,7*7D,1763494200857
NMEA,$GAGSV,3,2,11,08,48,316,39,13,12,276,48,15,05,227,32,16,34,049,37,7*78,1763494200857
NMEA,$GAGSV,3,3,11,25,54,070,38,26,03,323,40,30,06,202,32,7*4C,1763494200857
NMEA,$GAGSV,3,1,09,02,51,173,35,03,67,075,21,05,19,108,31,08,48,316,23,1*7F,1763494200857
NMEA,$GAGSV,3,2,09,13,12,276,33,15,05,227,24,16,34,049,31,25,54,070,27,1*74,1763494200857
NMEA,$GAGSV,3,3,09,30,06,202,20,1*4B,1763494200857
NMEA,$GBGSV,2,1,07,37,47,047,42,36,18,232,40,32,14,144,45,22,04,319,40,1*74,1763494200857
NMEA,$GBGSV,2,2,07,20,70,160,43,19,55,311,42,04,03,265,37,1*4B,1763494200857
NMEA,$GBGSV,2,1,05,19,55,311,42,20,70,160,38,32,14,144,45,36,18,232,39,3*77,1763494200857
NMEA,$GBGSV,2,2,05,37,47,047,41,3*40,1763494200857
NMEA,$GBGSV,2,1,06,19,55,311,31,20,70,160,32,22,04,319,30,32,14,144,24,5*72,1763494200857
NMEA,$GBGSV,2,2,06,36,18,232,25,37,47,047,33,5*78,1763494200857
NMEA,$GNGSA,A,3,03,04,07,08,09,16,20,21,27,30,,,0.6,0.4,0.5,1*37,1763494200868
NMEA,$PSSGR,GSA,A,3,03,04,08,09,21,27,30,,,,,,0.6,0.4,0.5,1,8*41,1763494200868
NMEA,$GNGSA,A,3,65,72,75,76,,,,,,,,,0.6,0.4,0.5,2*30,1763494200868
NMEA,$GNGSA,A,3,02,03,05,08,13,15,16,25,30,,,,0.6,0.4,0.5,3*3D,1763494200868
NMEA,$PSSGR,GSA,A,3,302,303,305,308,313,315,316,325,330,,,,0.6,0.4,0.5,3,1*73,1763494200868
NMEA,$GNGSA,A,3,19,20,32,36,37,,,,,,,,0.6,0.4,0.5,4*39,1763494200868
NMEA,$PSSGR,GSA,A,3,219,220,232,236,237,,,,,,,,0.6,0.4,0.5,4,5*72,1763494200868
NMEA,$GNVTG,235.4,T,222.6,M,0.8,N,1.5,K,E*31,1763494200868
NMEA,$GNDTM,W84,,0000.000000,N,00000.000000,E,0.000,W84*41,1763494200868
NMEA,$GNRMC,193001.00,A,3725.860017,N,12209.318086,W,0.8,235.4,181125,12.8,E,E,V*77,1763494200868
NMEA,$GNGNS,193001.00,3725.860017,N,12209.318086,W,EEEEEE,28,0.4,21.1,-32.6,,,V*2B,1763494200868
NMEA,$GNGGA,193001.00,3725.860017,N,12209.318086,W,6,12,0.4,21.1,M,-32.6,M,,*75,1763494200868
NMEA,$PSMSG,magcal=PASS,bluesky=0*00,1763494200878
NMEA,$GPGSV,4,1,14,03,18,173,45,04,53,101,39,06,03,257,36,07,53,281,36,1*6D,1763494201857
NMEA,$GPGSV,4,2,14,08,18,126,41,09,77,359,40,11,04,294,33,16,34,050,42,1*6C,1763494201857
NMEA,$GPGSV,4,3,14,20,14,319,42,21,15,320,37,27,19,094,44,30,25,265,44,1*6B,1763494201857
NMEA,$GPGSV,4,4,14,46,00,000,34,48,00,000,42,1*6E,1763494201857
NMEA,$GPGSV,3,1,10,03,18,173,33,04,53,101,28,06,03,257,17,08,18,126,35,8*68,1763494201857
NMEA,$GPGSV,3,2,10,09,77,359,28,11,04,294,18,21,15,320,31,26,02,041,16,8*63,1763494201857
NMEA,$GPGSV,3,3,10,27,19,094,36,30,25,265,33,8*6C,1763494201857
NMEA,$GLGSV,1,1,04,12,64,230,45,11,52,029,40,01,76,110,34,08,21,136,40,1*79,1763494201857
NMEA,$GAGSV,3,1,11,02,51,173,46,03,67,075,44,05,19,108,44,07,01,299,18,7*79,1763494201857
NMEA,$GAGSV,3,2,11,08,48,316,38,13,12,276,48,15,05,227,35,16,34,049,39,7*70,1763494201857
NMEA,$GAGSV,3,3,11,25,54,070,37,26,03,323,37,30,06,202,33,7*42,1763494201857
NMEA,$GAGSV,3,1,09,02,51,173,38,03,67,075,27,05,19,108,33,08,48,316,24,1*71,1763494201857
NMEA,$GAGSV,3,2,09,13,12,276,30,15,05,227,24,16,34,049,25,25,54,070,29,1*7C,1763494201857
NMEA,$GAGSV,3,3,09,30,06,202,25,1*4E,1763494201857
NMEA,$GBGSV,2,1,07,37,47,047,43,36,18,232,42,32,14,144,46,22,04,319,37,1*74,1763494201857
NMEA,$GBGSV,2,2,07,20,70,160,43,19,55,311,40,04,03,265,38,1*46,1763494201857
NMEA,$GBGSV,2,1,05,19,55,311,40,20,70,160,36,32,14,144,45,36,18,232,39,3*7B,1763494201857
NMEA,$GBGSV,2,2,05,37,47,047,41,3*40,1763494201857
NMEA,$GBGSV,2,1,06,19,55,311,33,20,70,160,29,22,04,319,33,32,14,144,31,5*7D,1763494201857
NMEA,$GBGSV,2,2,06,36,18,232,25,37,47,047,30,5*7B,1763494201857
NMEA,$GNGSA,A,3,03,04,07,08,09,16,20,21,27,30,,,0.6,0.4,0.5,1*37,1763494201875
NMEA,$PSSGR,GSA,A,3,03,04,08,09,21,27,30,,,,,,0.6,0.4,0.5,1,8*41,1763494201875
NMEA,$GNGSA,A,3,65,72,75,76,,,,,,,,,0.6,0.4,0.5,2*30,1763494201875
NMEA,$GNGSA,A,3,02,03,05,08,13,15,16,25,30,,,,0.6,0.4,0.5,3*3D,1763494201875
NMEA,$PSSGR,GSA,A,3,302,303,305,308,313,315,316,325,330,,,,0.6,0.4,0.5,3,1*73,1763494201875
NMEA,$GNGSA,A,3,19,20,32,36,37,,,,,,,,0.6,0.4,0.5,4*39,1763494201875
NMEA,$PSSGR,GSA,A,3,219,220,232,236,237,,,,,,,,0.6,0.4,0.5,4,5*72,1763494201875
NMEA,$GNVTG,235.4,T,222.6,M,0.8,N,1.4,K,E*30,1763494201875
NMEA,$GNDTM,W84,,0000.000000,N,00000.000000,E,0.000,W84*41,1763494201875
NMEA,$GNRMC,193002.00,A,3725.860043,N,12209.317761,W,0.8,235.4,181125,12.8,E,E,V*74,1763494201875
NMEA,$GNGNS,193002.00,3725.860043,N,12209.317761,W,EEEEEE,28,0.4,21.1,-32.6,,,V*28,1763494201875
NMEA,$GNGGA,193002.00,3725.860043,N,12209.317761,W,6,12,0.4,21.1,M,-32.6,M,,*76,1763494201875
NMEA,$PSMSG,magcal=PASS,bluesky=0*00,1763494201881
NMEA,$GPGSV,4,1,14,03,18,173,44,04,53,101,43,06,03,257,37,07,53,281,36,1*60,1763494202856
NMEA,$GPGSV,4,2,14,08,18,126,44,09,77,359,39,11,04,294,34,16,34,050,43,1*61,1763494202856
NMEA,$GPGSV,4,3,14,20,14,319,44,21,15,320,36,27,19,094,43,30,25,265,45,1*6A,1763494202856
NMEA,$GPGSV,4,4,14,46,00,000,33,48,00,000,40,1*6B,1763494202856
NMEA,$GPGSV,3,1,10,03,18,173,28,04,53,101,27,06,03,257,18,08,18,126,34,8*63,1763494202856
NMEA,$GPGSV,3,2,10,09,77,359,27,11,04,294,19,21,15,320,31,26,02,041,21,8*69,1763494202856
NMEA,$GPGSV,3,3,10,27,19,094,35,30,25,265,33,8*6F,1763494202856
NMEA,$GLGSV,1,1,04,12,64,230,45,11,52,029,39,01,76,110,35,08,21,136,42,1*74,1763494202856
NMEA,$GAGSV,3,1,11,02,51,173,45,03,67,075,44,05,19,108,44,07,01,299,18,7*7A,1763494202856
NMEA,$GAGSV,3,2,11,08,48,316,37,13,12,276,48,15,05,227,34,16,34,049,39,7*7E,1763494202856
NMEA,$GAGSV,3,3,11,25,54,070,40,26,03,323,38,30,06,202,30,7*4E,1763494202856
NMEA,$GAGSV,3,1,09,02,51,173,37,03,67,075,26,05,19,108,32,08,48,316,24,1*7E,1763494202856
NMEA,$GAGSV,3,2,09,13,12,276,32,15,05,227,24,16,34,049,32,25,54,070,26,1*77,1763494202856
NMEA,$GAGSV,3,3,09,30,06,202,21,1*4A,1763494202856
NMEA,$GBGSV,2,1,07,37,47,047,43,36,18,232,42,32,14,144,47,22,04,319,37,1*75,1763494202856
NMEA,$GBGSV,2,2,07,20,70,160,44,19,55,311,43,04,03,265,38,1*42,1763494202856
NMEA,$GBGSV,2,1,05,19,55,311,42,20,70,160,37,32,14,144,46,36,18,232,38,3*7A,1763494202856
NMEA,$GBGSV,2,2,05,37,47,047,42,3*43,1763494202856
NMEA,$GBGSV,2,1,06,19,55,311,32,20,70,160,29,22,04,319,33,32,14,144,30,5*7D,1763494202856
NMEA,$GBGSV,2,2,06,36,18,232,26,37,47,047,31,5*79,1763494202856
NMEA,$GNGSA,A,3,03,04,07,08,09,16,20,21,27,30,,,0.6,0.4,0.5,1*37,1763494202868
NMEA,$PSSGR,GSA,A,3,03,04,08,09,21,27,30,,,,,,0.6,0.4,0.5,1,8*41,1763494202868
NMEA,$GNGSA,A,3,65,72,75,76,,,,,,,,,0.6,0.4,0.5,2*30,1763494202868
NMEA,$GNGSA,A,3,02,03,05,08,13,15,16,25,30,,,,0.6,0.4,0.5,3*3D,1763494202868
NMEA,$PSSGR,GSA,A,3,302,303,305,308,313,315,316,325,330,,,,0.6,0.4,0.5,3,1*73,1763494202868
NMEA,$GNGSA,A,3,19,20,32,36,37,,,,,,,,0.6,0.4,0.5,4*39,1763494202868
NMEA,$PSSGR,GSA,A,3,219,220,232,236,237,,,,,,,,0.6,0.4,0.5,4,5*72,1763494202868
NMEA,$GNVTG,235.4,T,222.6,M,0.6,N,1.1,K,E*3B,1763494202868
NMEA,$GNDTM,W84,,0000.000000,N,00000.000000,E,0.000,W84*41,1763494202868
NMEA,$GNRMC,193003.00,A,3725.860119,N,12209.317546,W,0.6,235.4,181125,12.8,E,E,V*72,1763494202868
NMEA,$GNGNS,193003.00,3725.860119,N,12209.317546,W,EEEEEE,28,0.4,21.0,-32.6,,,V*21,1763494202868
NMEA,$GNGGA,193003.00,3725.860119,N,12209.317546,W,6,12,0.4,21.0,M,-32.6,M,,*7F,1763494202868
NMEA,$PSMSG,magcal=PASS,bluesky=0*00,1763494202871
NMEA,$GPGSV,4,1,14,03,18,173,46,04,53,101,42,06,03,257,32,07,53,281,37,1*67,1763494203859
NMEA,$GPGSV,4,2,14,08,18,126,45,09,77,359,39,11,04,294,36,16,34,050,40,1*61,1763494203859
NMEA,$GPGSV,4,3,14,20,14,319,47,21,15,320,41,27,19,094,38,30,25,265,45,1*65,1763494203859
NMEA,$GPGSV,4,4,14,46,00,000,43,48,00,000,43,1*6F,1763494203859
NMEA,$GPGSV,3,1,10,03,18,173,36,04,53,101,30,06,03,257,21,08,18,126,28,8*6D,1763494203859
NMEA,$GPGSV,3,2,10,09,77,359,27,11,04,294,19,21,15,320,34,26,02,041,22,8*6F,1763494203859
NMEA,$GPGSV,3,3,10,27,19,094,38,30,25,265,31,8*60,1763494203859
NMEA,$GLGSV,1,1,04,12,64,230,44,11,52,029,39,01,76,110,33,08,21,136,45,1*74,1763494203859
NMEA,$GAGSV,3,1,11,02,51,173,43,03,67,075,42,05,19,108,41,07,01,299,21,7*75,1763494203859
NMEA,$GAGSV,3,2,11,08,48,316,39,13,12,276,47,15,05,227,29,16,34,049,38,7*72,1763494203859
NMEA,$GAGSV,3,3,11,25,54,070,40,26,03,323,41,30,06,202,31,7*41,1763494203859
NMEA,$GAGSV,3,1,09,02,51,173,27,03,67,075,26,05,19,108,30,08,48,316,26,1*7F,1763494203859
NMEA,$GAGSV,3,2,09,13,12,276,31,15,05,227,18,16,34,049,34,25,54,070,28,1*73,1763494203859
NMEA,$GAGSV,3,3,09,30,06,202,21,1*4A,1763494203859
NMEA,$GBGSV,2,1,07,37,47,047,41,36,18,232,38,32,14,144,47,22,04,319,41,1*7B,1763494203859
NMEA,$GBGSV,2,2,07,20,70,160,41,19,55,311,43,04,03,265,36,1*49,1763494203859
NMEA,$GBGSV,2,1,05,19,55,311,45,20,70,160,38,32,14,144,46,36,18,232,36,3*7C,1763494203859
NMEA,$GBGSV,2,2,05,37,47,047,40,3*41,1763494203859
NMEA,$GBGSV,2,1,06,19,55,311,32,20,70,160,34,22,04,319,32,32,14,144,27,5*76,1763494203859
NMEA,$GBGSV,2,2,06,36,18,232,31,37,47,047,31,5*7F,1763494203859
NMEA,$GNGSA,A,3,03,04,07,08,09,16,20,21,27,30,,,0.6,0.4,0.5,1*37,1763494203872
NMEA,$PSSGR,GSA,A,3,03,04,08,09,21,27,30,,,,,,0.6,0.4,0.5,1,8*41,1763494203872
NMEA,$GNGSA,A,3,65,72,75,76,,,,,,,,,0.6,0.4,0.5,2*30,1763494203872
NMEA,$GNGSA,A,3,02,03,05,08,13,15,16,25,30,,,,0.6,0.4,0.5,3*3D,1763494203872
NMEA,$PSSGR,GSA,A,3,302,303,305,308,313,315,316,325,330,,,,0.6,0.4,0.5,3,1*73,1763494203872
NMEA,$GNGSA,A,3,19,20,32,36,37,,,,,,,,0.6,0.4,0.5,4*39,1763494203872
NMEA,$PSSGR,GSA,A,3,219,220,232,236,237,,,,,,,,0.6,0.4,0.5,4,5*72,1763494203872
NMEA,$GNVTG,,T,,M,0.0,N,0.0,K,E*39,1763494203872
NMEA,$GNDTM,W84,,0000.000000,N,00000.000000,E,0.000,W84*41,1763494203872
NMEA,$GNRMC,193004.00,A,3725.860188,N,12209.317430,W,0.0,,181125,12.8,E,E,V*55,1763494203872
NMEA,$GNGNS,193004.00,3725.860188,N,12209.317430,W,EEEEEE,28,0.4,21.3,-32.6,,,V*2D,1763494203872
NMEA,$GNGGA,193004.00,3725.860188,N,12209.317430,W,6,12,0.4,21.3,M,-32.6,M,,*73,1763494203872
NMEA,$PSMSG,magcal=PASS,bluesky=0*00,1763494203875
NMEA,$GPGSV,4,1,14,03,18,173,43,04,53,101,41,06,03,257,36,07,53,281,39,1*6B,1763494204853
NMEA,$GPGSV,4,2,14,08,18,126,37,09,77,359,38,11,04,294,31,16,34,050,46,1*64,1763494204853
NMEA,$GPGSV,4,3,14,20,14,319,45,21,15,320,38,27,19,094,40,30,25,265,44,1*67,1763494204853
NMEA,$GPGSV,4,4,14,46,00,000,43,48,00,000,45,1*69,1763494204853
NMEA,$GPGSV,3,1,10,03,18,173,39,04,53,101,32,06,03,257,21,08,18,126,34,8*6D,1763494204853
NMEA,$GPGSV,3,2,10,09,77,359,31,11,04,294,19,21,15,320,34,26,02,041,22,8*68,1763494204853
NMEA,$GPGSV,3,3,10,27,19,094,34,30,25,265,34,8*69,1763494204853
NMEA,$GLGSV,1,1,04,12,64,230,43,11,52,029,38,01,76,110,35,08,21,136,39,1*7F,1763494204853
NMEA,$GAGSV,3,1,11,02,51,173,45,03,67,075,38,05,19,108,35,07,01,299,21,7*7D,1763494204853
NMEA,$GAGSV,3,2,11,08,48,316,40,13,12,276,45,15,05,227,32,16,34,049,43,7*78,1763494204853
NMEA,$GAGSV,3,3,11,25,54,070,40,26,03,323,39,30,06,202,34,7*4B,1763494204853
NMEA,$GAGSV,3,1,09,02,51,173,35,03,67,075,28,05,19,108,32,08,48,316,29,1*7F,1763494204853
NMEA,$GAGSV,3,2,09,13,12,276,29,15,05,227,18,16,34,049,31,25,54,070,27,1*70,1763494204853
NMEA,$GAGSV,3,3,09,30,06,202,21,1*4A,1763494204853
NMEA,$GBGSV,2,1,07,37,47,047,44,36,18,232,43,32,14,144,39,22,04,319,38,1*75,1763494204853
NMEA,$GBGSV,2,2,07,20,70,160,41,19,55,311,44,04,03,265,36,1*4E,1763494204853
NMEA,$GBGSV,2,1,05,19,55,311,46,20,70,160,37,32,14,144,38,36,18,232,40,3*78,1763494204853
NMEA,$GBGSV,2,2,05,37,47,047,43,3*42,1763494204853
NMEA,$GBGSV,2,1,06,19,55,311,32,20,70,160,33,22,04,319,33,32,14,144,36,5*70,1763494204853
NMEA,$GBGSV,2,2,06,36,18,232,32,37,47,047,32,5*7F,1763494204853
NMEA,$GNGSA,A,3,03,04,07,08,09,16,20,21,27,30,,,0.6,0.4,0.5,1*37,1763494204864
NMEA,$PSSGR,GSA,A,3,03,04,08,09,21,27,30,,,,,,0.6,0.4,0.5,1,8*41,1763494204864
NMEA,$GNGSA,A,3,65,72,75,76,,,,,,,,,0.6,0.4,0.5,2*30,1763494204864
NMEA,$GNGSA,A,3,02,03,05,08,13,15,16,25,30,,,,0.6,0.4,0.5,3*3D,1763494204864
NMEA,$PSSGR,GSA,A,3,302,303,305,308,313,316,325,330,,,,,0.6,0.4,0.5,3,1*44,1763494204864
NMEA,$GNGSA,A,3,19,20,32,36,37,,,,,,,,0.6,0.4,0.5,4*39,1763494204864
NMEA,$PSSGR,GSA,A,3,219,220,232,236,237,,,,,,,,0.6,0.4,0.5,4,5*72,1763494204864
NMEA,$GNVTG,,T,,M,0.0,N,0.0,K,E*39,1763494204864
NMEA,$GNDTM,W84,,0000.000000,N,00000.000000,E,0.000,W84*41,1763494204864
NMEA,$GNRMC,193005.00,A,3725.860196,N,12209.317420,W,0.0,,181125,12.8,E,E,V*5A,1763494204864
NMEA,$GNGNS,193005.00,3725.860196,N,12209.317420,W,EEEEEE,28,0.4,21.2,-32.6,,,V*23,1763494204864
NMEA,$GNGGA,193005.00,3725.860196,N,12209.317420,W,6,12,0.4,21.2,M,-32.6,M,,*7D,1763494204864
NMEA,$PSMSG,magcal=PASS,bluesky=0*00,1763494204869
NMEA,$GPGSV,4,1,14,03,18,173,37,04,53,101,40,06,03,257,38,07,53,281,43,1*6A,1763494205855
NMEA,$GPGSV,4,2,14,08,18,126,37,09,77,359,39,11,04,294,32,16,34,050,47,1*67,1763494205855
NMEA,$GPGSV,4,3,14,20,14,319,43,21,15,320,34,27,19,094,43,30,25,265,44,1*6E,1763494205855
NMEA,$GPGSV,4,4,14,46,00,000,43,48,00,000,38,1*63,1763494205855
NMEA,$GPGSV,3,1,10,03,18,173,40,04,53,101,30,06,03,257,21,08,18,126,33,8*66,1763494205855
NMEA,$GPGSV,3,2,10,09,77,359,34,11,04,294,19,21,15,320,31,26,02,041,22,8*68,1763494205855
NMEA,$GPGSV,3,3,10,27,19,094,29,30,25,265,30,8*61,1763494205855
NMEA,$GLGSV,1,1,04,12,64,230,45,11,52,029,41,01,76,110,35,08,21,136,37,1*79,1763494205855
NMEA,$GAGSV,3,1,11,02,51,173,43,03,67,075,38,05,19,108,40,07,01,299,20,7*78,1763494205855
NMEA,$GAGSV,3,2,11,08,48,316,44,13,12,276,48,15,05,227,32,16,34,049,45,7*77,1763494205855
NMEA,$GAGSV,3,3,11,25,54,070,39,26,03,323,34,30,06,202,32,7*4E,1763494205855
NMEA,$GAGSV,3,1,09,02,51,173,39,03,67,075,25,05,19,108,31,08,48,316,35,1*70,1763494205855
NMEA,$GAGSV,3,2,09,13,12,276,32,15,05,227,21,16,34,049,26,25,54,070,28,1*79,1763494205855
NMEA,$GAGSV,3,3,09,30,06,202,21,1*4A,1763494205855
NMEA,$GBGSV,2,1,07,37,47,047,45,36,18,232,42,32,14,144,32,22,04,319,38,1*7E,1763494205855
NMEA,$GBGSV,2,2,07,20,70,160,42,19,55,311,37,04,03,265,37,1*48,1763494205855
NMEA,$GBGSV,2,1,05,19,55,311,44,20,70,160,38,32,14,144,30,36,18,232,40,3*7D,1763494205855
NMEA,$GBGSV,2,2,05,37,47,047,45,3*44,1763494205855
NMEA,$GBGSV,2,1,06,19,55,311,28,20,70,160,32,22,04,319,28,32,14,144,36,5*70,1763494205855
NMEA,$GBGSV,2,2,06,36,18,232,32,37,47,047,30,5*7D,1763494205855
NMEA,$GNGSA,A,3,03,04,07,08,09,16,20,21,27,30,,,0.6,0.4,0.5,1*37,1763494205865
NMEA,$PSSGR,GSA,A,3,03,04,08,09,21,27,30,,,,,,0.6,0.4,0.5,1,8*41,1763494205865
NMEA,$GNGSA,A,3,65,72,75,76,,,,,,,,,0.6,0.4,0.5,2*30,1763494205865
NMEA,$GNGSA,A,3,02,03,05,08,13,15,16,25,30,,,,0.6,0.4,0.5,3*3D,1763494205865
NMEA,$PSSGR,GSA,A,3,302,303,305,308,313,316,325,330,,,,,0.6,0.4,0.5,3,1*44,1763494205865
NMEA,$GNGSA,A,3,19,20,32,36,37,,,,,,,,0.6,0.4,0.5,4*39,1763494205865
NMEA,$PSSGR,GSA,A,3,219,220,232,236,237,,,,,,,,0.6,0.4,0.5,4,5*72,1763494205865
NMEA,$GNVTG,235.4,T,222.6,M,0.8,N,1.4,K,E*30,1763494205865
NMEA,$GNDTM,W84,,0000.000000,N,00000.000000,E,0.000,W84*41,1763494205865
NMEA,$GNRMC,193006.00,A,3725.860080,N,12209.317598,W,0.8,235.4,181125,12.8,E,E,V*7B,1763494205865
NMEA,$GNGNS,193006.00,3725.860080,N,12209.317598,W,EEEEEE,28,0.4,21.0,-32.6,,,V*26,1763494205865
NMEA,$GNGGA,193006.00,3725.860080,N,12209.317598,W,6,12,0.4,21.0,M,-32.6,M,,*78,1763494205865
NMEA,$PSMSG,magcal=PASS,bluesky=0*00,1763494205875
NMEA,$GPGSV,4,1,14,03,18,173,45,04,53,101,41,06,03,257,35,07,53,281,41,1*61,1763494206856
NMEA,$GPGSV,4,2,14,08,18,126,36,09,77,359,39,11,04,294,32,16,34,050,43,1*62,1763494206856
NMEA,$GPGSV,4,3,14,20,14,319,46,21,15,320,37,27,19,094,39,30,25,265,44,1*65,1763494206856
NMEA,$GPGSV,4,4,14,46,00,000,43,48,00,000,44,1*68,1763494206856
NMEA,$GPGSV,3,1,10,03,18,173,40,04,53,101,33,06,03,257,21,08,18,126,33,8*65,1763494206856
NMEA,$GPGSV,3,2,10,09,77,359,31,11,04,294,19,21,15,320,34,26,02,041,18,8*61,1763494206856
NMEA,$GPGSV,3,3,10,27,19,094,36,30,25,265,33,8*6C,1763494206856
NMEA,$GLGSV,1,1,04,12,64,230,44,11,52,029,41,01,76,110,31,08,21,136,37,1*7C,1763494206856
NMEA,$GAGSV,3,1,11,02,51,173,45,03,67,075,39,05,19,108,35,07,01,299,20,7*7D,1763494206856
NMEA,$GAGSV,3,2,11,08,48,316,43,13,12,276,44,15,05,227,34,16,34,049,41,7*7E,1763494206856
NMEA,$GAGSV,3,3,11,25,54,070,38,26,03,323,41,30,06,202,35,7*4A,1763494206856
NMEA,$GAGSV,3,1,09,02,51,173,35,03,67,075,26,05,19,108,32,08,48,316,30,1*79,1763494206856
NMEA,$GAGSV,3,2,09,13,12,276,30,15,05,227,21,16,34,049,30,25,54,070,25,1*71,1763494206856
NMEA,$GAGSV,3,3,09,30,06,202,21,1*4A,1763494206856
NMEA,$GBGSV,2,1,07,37,47,047,43,36,18,232,42,32,14,144,40,22,04,319,41,1*73,1763494206856
NMEA,$GBGSV,2,2,07,20,70,160,42,19,55,311,43,04,03,265,35,1*49,1763494206856
NMEA,$GBGSV,2,1,05,19,55,311,46,20,70,160,36,32,14,144,38,36,18,232,40,3*79,1763494206856
NMEA,$GBGSV,2,2,05,37,47,047,42,3*43,1763494206856
NMEA,$GBGSV,2,1,06,19,55,311,31,20,70,160,34,22,04,319,31,32,14,144,36,5*76,1763494206856
NMEA,$GBGSV,2,2,06,36,18,232,31,37,47,047,33,5*7D,1763494206856
NMEA,$GNGSA,A,3,03,04,07,08,09,16,20,21,27,30,,,0.6,0.4,0.5,1*37,1763494206865
NMEA,$PSSGR,GSA,A,3,03,04,08,09,21,27,30,,,,,,0.6,0.4,0.5,1,8*41,1763494206865
NMEA,$GNGSA,A,3,65,72,75,76,,,,,,,,,0.6,0.4,0.5,2*30,1763494206865
NMEA,$GNGSA,A,3,02,03,05,08,13,15,16,25,30,,,,0.6,0.4,0.5,3*3D,1763494206865
NMEA,$PSSGR,GSA,A,3,302,303,305,308,313,316,325,330,,,,,0.6,0.4,0.5,3,1*44,1763494206865
NMEA,$GNGSA,A,3,19,20,32,36,37,,,,,,,,0.6,0.4,0.5,4*39,1763494206865
NMEA,$PSSGR,GSA,A,3,219,220,232,236,237,,,,,,,,0.6,0.4,0.5,4,5*72,1763494206865
NMEA,$GNVTG,235.4,T,222.6,M,0.5,N,1.0,K,E*39,1763494206865
NMEA,$GNDTM,W84,,0000.000000,N,00000.000000,E,0.000,W84*41,1763494206865
NMEA,$GNRMC,193007.00,A,3725.859909,N,12209.317680,W,0.5,235.4,181125,12.8,E,E,V*7F,1763494206865
NMEA,$GNGNS,193007.00,3725.859909,N,12209.317680,W,EEEEEE,28,0.4,20.8,-32.6,,,V*26,1763494206865
NMEA,$GNGGA,193007.00,3725.859909,N,12209.317680,W,6,12,0.4,20.8,M,-32.6,M,,*78,1763494206865
NMEA,$PSMSG,magcal=PASS,bluesky=0*00,1763494206869
NMEA,$GPGSV,4,1,14,03,18,173,45,04,53,101,41,06,03,257,35,07,53,281,36,1*61,1763494207856
NMEA,$GPGSV,4,2,14,08,18,126,43,09,77,359,38,11,04,294,33,16,34,050,41,1*62,1763494207856
NMEA,$GPGSV,4,3,14,20,14,319,44,21,15,320,38,27,19,094,43,30,25,265,44,1*65,1763494207856
NMEA,$GPGSV,4,4,14,46,00,000,40,48,00,000,41,1*6E,1763494207856
NMEA,$GPGSV,3,1,10,03,18,173,29,04,53,101,26,06,03,257,21,08,18,126,31,8*6C,1763494207856
NMEA,$GPGSV,3,2,10,09,77,359,28,11,04,294,19,21,15,320,31,26,02,041,18,8*6C,1763494207856
NMEA,$GPGSV,3,3,10,27,19,094,36,30,25,265,32,8*6D,1763494207856
NMEA,$GLGSV,1,1,04,12,64,230,45,11,52,029,39,01,76,110,34,08,21,136,40,1*77,1763494207856
NMEA,$GAGSV,3,1,11,02,51,173,43,03,67,075,41,05,19,108,42,07,01,299,20,7*74,1763494207856
NMEA,$GAGSV,3,2,11,08,48,316,39,13,12,276,47,15,05,227,31,16,34,049,39,7*7A,1763494207856
NMEA,$GAGSV,3,3,11,25,54,070,38,26,03,323,41,30,06,202,31,7*4E,1763494207856
NMEA,$GAGSV,3,1,09,02,51,173,33,03,67,075,23,05,19,108,28,08,48,316,24,1*74,1763494207856
NMEA,$GAGSV,3,2,09,13,12,276,32,15,05,227,22,16,34,049,33,25,54,070,30,1*77,1763494207856
NMEA,$GAGSV,3,3,09,30,06,202,16,1*4E,1763494207856
NMEA,$GBGSV,2,1,07,37,47,047,42,36,18,232,39,32,14,144,46,22,04,319,39,1*77,1763494207856
NMEA,$GBGSV,2,2,07,20,70,160,43,19,55,311,42,04,03,265,39,1*45,1763494207856
NMEA,$GBGSV,2,1,05,19,55,311,43,20,70,160,37,32,14,144,46,36,18,232,34,3*77,1763494207856
NMEA,$GBGSV,2,2,05,37,47,047,41,3*40,1763494207856
NMEA,$GBGSV,2,1,06,19,55,311,31,20,70,160,33,22,04,319,31,32,14,144,30,5*77,1763494207856
NMEA,$GBGSV,2,2,06,36,18,232,28,37,47,047,35,5*73,1763494207856
NMEA,$GNGSA,A,3,03,04,07,08,09,16,20,21,27,30,,,0.6,0.4,0.5,1*37,1763494207869
NMEA,$PSSGR,GSA,A,3,03,04,08,09,21,27,30,,,,,,0.6,0.4,0.5,1,8*41,1763494207869
NMEA,$GNGSA,A,3,65,72,75,76,,,,,,,,,0.6,0.4,0.5,2*30,1763494207869
NMEA,$GNGSA,A,3,02,03,05,08,13,15,16,25,30,,,,0.6,0.4,0.5,3*3D,1763494207869
NMEA,$PSSGR,GSA,A,3,302,303,305,308,313,316,325,,,,,,0.6,0.4,0.5,3,1*74,1763494207869
NMEA,$GNGSA,A,3,19,20,32,36,37,,,,,,,,0.6,0.4,0.5,4*39,1763494207869
NMEA,$PSSGR,GSA,A,3,219,220,232,236,237,,,,,,,,0.6,0.4,0.5,4,5*72,1763494207869
NMEA,$GNVTG,235.4,T,222.6,M,0.6,N,1.2,K,E*38,1763494207869
NMEA,$GNDTM,W84,,0000.000000,N,00000.000000,E,0.000,W84*41,1763494207869
NMEA,$GNRMC,193008.00,A,3725.859795,N,12209.317516,W,0.6,235.4,181125,12.8,E,E,V*74,1763494207869
NMEA,$GNGNS,193008.00,3725.859795,N,12209.317516,W,EEEEEE,28,0.4,21.1,-32.6,,,V*26,1763494207869
NMEA,$GNGGA,193008.00,3725.859795,N,12209.317516,W,6,12,0.4,21.1,M,-32.6,M,,*78,1763494207869
NMEA,$PSMSG,magcal=PASS,bluesky=0*00,1763494207874
NMEA,$GPGSV,4,1,14,03,18,173,44,04,53,101,38,06,03,257,36,07,53,281,36,1*6D,1763494208857
NMEA,$GPGSV,4,2,14,08,18,126,43,09,77,359,37,11,04,294,31,16,34,050,44,1*6A,1763494208857
NMEA,$GPGSV,4,3,14,20,14,319,42,21,15,320,35,27,19,094,44,30,25,265,41,1*6C,1763494208857
NMEA,$GPGSV,4,4,14,46,00,000,39,48,00,000,42,1*63,1763494208857
NMEA,$GPGSV,3,1,10,03,18,173,30,04,53,101,32,06,03,257,21,08,18,126,35,8*65,1763494208857
NMEA,$GPGSV,3,2,10,09,77,359,31,11,04,294,18,21,15,320,31,26,02,041,19,8*64,1763494208857
NMEA,$GPGSV,3,3,10,27,19,094,38,30,25,265,33,8*62,1763494208857
NMEA,$GLGSV,1,1,04,12,64,230,45,11,52,029,39,01,76,110,36,08,21,136,41,1*74,1763494208857
NMEA,$GAGSV,3,1,11,02,51,173,45,03,67,075,42,05,19,108,43,07,01,299,20,7*70,1763494208857
NMEA,$GAGSV,3,2,11,08,48,316,38,13,12,276,47,15,05,227,34,16,34,049,39,7*7E,1763494208857
NMEA,$GAGSV,3,3,11,25,54,070,40,26,03,323,36,30,06,202,28,7*49,1763494208857
NMEA,$GAGSV,3,1,09,02,51,173,38,03,67,075,29,05,19,108,32,08,48,316,24,1*7E,1763494208857
NMEA,$GAGSV,3,2,09,13,12,276,32,15,05,227,24,16,34,049,29,25,54,070,32,1*78,1763494208857
NMEA,$GAGSV,3,3,09,30,06,202,23,1*48,1763494208857
NMEA,$GBGSV,2,1,07,37,47,047,42,36,18,233,39,32,14,144,47,22,04,319,38,1*76,1763494208857
NMEA,$GBGSV,2,2,07,20,70,160,42,19,55,311,42,04,03,265,39,1*44,1763494208857
NMEA,$GBGSV,2,1,05,19,55,311,42,20,70,160,37,32,14,144,46,36,18,233,32,3*71,1763494208857
NMEA,$GBGSV,2,2,05,37,47,047,41,3*40,1763494208857
NMEA,$GBGSV,2,1,06,19,55,311,33,20,70,160,28,22,04,319,32,32,14,144,30,5*7C,1763494208857
NMEA,$GBGSV,2,2,06,36,18,233,27,37,47,047,30,5*78,1763494208857
NMEA,$GNGSA,A,3,03,04,07,08,09,16,20,21,27,30,,,0.6,0.4,0.5,1*37,1763494208870
NMEA,$PSSGR,GSA,A,3,03,04,08,09,21,27,30,,,,,,0.6,0.4,0.5,1,8*41,1763494208870
NMEA,$GNGSA,A,3,65,72,75,76,,,,,,,,,0.6,0.4,0.5,2*30,1763494208870
NMEA,$GNGSA,A,3,02,03,05,08,13,15,16,25,30,,,,0.6,0.4,0.5,3*3D,1763494208870
NMEA,$PSSGR,GSA,A,3,302,303,305,308,313,316,325,,,,,,0.6,0.4,0.5,3,1*74,1763494208870
NMEA,$GNGSA,A,3,19,20,32,36,37,,,,,,,,0.6,0.4,0.5,4*39,1763494208870
NMEA,$PSSGR,GSA,A,3,219,220,232,236,237,,,,,,,,0.6,0.4,0.5,4,5*72,1763494208870
NMEA,$GNVTG,235.4,T,222.6,M,0.6,N,1.2,K,E*38,1763494208870
NMEA,$GNDTM,W84,,0000.000000,N,00000.000000,E,0.000,W84*41,1763494208870
NMEA,$GNRMC,193009.00,A,3725.859813,N,12209.317258,W,0.6,235.4,181125,12.8,E,E,V*79,1763494208870
NMEA,$GNGNS,193009.00,3725.859813,N,12209.317258,W,EEEEEE,28,0.4,21.1,-32.6,,,V*2B,1763494208870
NMEA,$GNGGA,193009.00,3725.859813,N,12209.317258,W,6,12,0.4,21.1,M,-32.6,M,,*75,1763494208870
NMEA,$PSMSG,magcal=PASS,bluesky=0*00,1763494208873
NMEA,$GPGSV,4,1,14,03,18,173,46,04,53,101,43,06,03,257,34,07,53,281,34,1*63,1763494209857
NMEA,$GPGSV,4,2,14,08,18,126,45,09,77,359,38,11,04,294,34,16,34,050,42,1*60,1763494209857
NMEA,$GPGSV,4,3,14,20,14,319,45,21,15,320,40,27,19,094,40,30,25,265,43,1*6F,1763494209857
NMEA,$GPGSV,4,4,14,46,00,000,39,48,00,000,42,1*63,1763494209857
NMEA,$GPGSV,3,1,10,03,18,173,32,04,53,101,28,06,03,257,16,08,18,126,31,8*6C,1763494209857
NMEA,$GPGSV,3,2,10,09,77,359,28,11,04,294,18,21,15,320,32,26,02,041,23,8*66,1763494209857
NMEA,$GPGSV,3,3,10,27,19,094,38,30,25,265,32,8*63,1763494209857
NMEA,$GLGSV,1,1,04,12,64,230,46,11,52,029,38,01,76,110,34,08,21,136,46,1*73,1763494209857
NMEA,$GAGSV,3,1,11,02,51,173,43,03,67,075,42,05,19,108,43,07,01,299,20,7*76,1763494209857
NMEA,$GAGSV,3,2,11,08,48,316,39,13,12,276,47,15,05,227,33,16,34,049,39,7*78,1763494209857
NMEA,$GAGSV,3,3,11,25,54,070,40,26,03,323,38,30,06,202,31,7*4F,1763494209857
NMEA,$GAGSV,3,1,09,02,51,173,33,03,67,075,27,05,19,108,29,08,48,316,24,1*71,1763494209857
NMEA,$GAGSV,3,2,09,13,12,276,32,15,05,227,24,16,34,049,31,25,54,070,29,1*7B,1763494209857
NMEA,$GAGSV,3,3,09,30,06,202,23,1*48,1763494209857
NMEA,$GBGSV,2,1,07,37,47,047,40,36,18,233,38,32,14,144,47,22,04,319,41,1*7B,1763494209857
NMEA,$GBGSV,2,2,07,20,70,160,42,19,55,311,43,04,03,265,38,1*44,1763494209857
NMEA,$GBGSV,2,1,05,19,55,311,43,20,70,160,37,32,14,144,47,36,18,233,36,3*75,1763494209857
NMEA,$GBGSV,2,2,05,37,47,047,41,3*40,1763494209857
NMEA,$GBGSV,2,1,06,19,55,311,32,20,70,160,31,22,04,319,32,32,14,144,29,5*7D,1763494209857
NMEA,$GBGSV,2,2,06,36,18,233,29,37,47,047,28,5*7F,1763494209857
NMEA,$GNGSA,A,3,03,04,07,08,09,16,20,21,27,30,,,0.6,0.4,0.5,1*37,1763494209876
NMEA,$PSSGR,GSA,A,3,03,04,08,09,21,27,30,,,,,,0.6,0.4,0.5,1,8*41,1763494209876
NMEA,$GNGSA,A,3,65,72,75,76,,,,,,,,,0.6,0.4,0.5,2*30,1763494209876
NMEA,$GNGSA,A,3,02,03,05,08,13,15,16,25,30,,,,0.6,0.4,0.5,3*3D,1763494209876
NMEA,$PSSGR,GSA,A,3,302,303,305,308,313,316,325,,,,,,0.6,0.4,0.5,3,1*74,1763494209876
NMEA,$GNGSA,A,3,19,20,32,36,37,,,,,,,,0.6,0.4,0.5,4*39,1763494209876
NMEA,$PSSGR,GSA,A,3,219,220,232,236,237,,,,,,,,0.6,0.4,0.5,4,5*72,1763494209876
NMEA,$GNVTG,235.4,T,222.6,M,0.3,N,0.6,K,E*38,1763494209876
NMEA,$GNDTM,W84,,0000.000000,N,00000.000000,E,0.000,W84*41,1763494209876
NMEA,$GNRMC,193010.00,A,3725.859851,N,12209.317101,W,0.3,235.4,181125,12.8,E,E,V*7D,1763494209876
NMEA,$GNGNS,193010.00,3725.859851,N,12209.317101,W,EEEEEE,28,0.4,21.1,-32.6,,,V*2A,1763494209876
NMEA,$GNGGA,193010.00,3725.859851,N,12209.317101,W,6,12,0.4,21.1,M,-32.6,M,,*74,1763494209876
NMEA,$PSMSG,magcal=PASS,bluesky=0*00,1763494209881
NMEA,$GPGSV,4,1,14,03,18,173,45,04,53,101,43,06,03,257,29,07,53,281,42,1*6D,1763494210853
NMEA,$GPGSV,4,2,14,08,18,126,37,09,77,359,37,11,04,294,32,16,34,050,45,1*6B,1763494210853
NMEA,$GPGSV,4,3,14,20,14,319,46,21,15,320,39,27,19,094,37,30,25,265,42,1*63,1763494210853
NMEA,$GPGSV,4,4,14,46,00,000,42,48,00,000,45,1*68,1763494210853
NMEA,$GPGSV,3,1,10,03,18,173,39,04,53,101,33,06,03,257,16,08,18,126,32,8*6E,1763494210853
NMEA,$GPGSV,3,2,10,09,77,359,30,11,04,294,19,21,15,320,35,26,02,041,22,8*68,1763494210853
NMEA,$GPGSV,3,3,10,27,19,094,35,30,25,265,35,8*69,1763494210853
NMEA,$GLGSV,1,1,04,12,64,230,42,11,52,029,40,01,76,110,31,08,21,136,40,1*7B,1763494210853
NMEA,$GAGSV,3,1,11,02,51,173,45,03,67,075,40,05,19,108,36,07,01,299,20,7*70,1763494210853
NMEA,$GAGSV,3,2,11,08,48,316,42,13,12,276,44,15,05,227,36,16,34,049,41,7*7D,1763494210853
NMEA,$GAGSV,3,3,11,25,54,070,40,26,03,323,38,30,06,202,32,7*4C,1763494210853
NMEA,$GAGSV,3,1,09,02,51,173,35,03,67,075,26,05,19,108,32,08,48,316,25,1*7D,1763494210853
NMEA,$GAGSV,3,2,09,13,12,276,29,15,05,227,24,16,34,049,31,25,54,070,26,1*7E,1763494210853
NMEA,$GAGSV,3,3,09,30,06,202,23,1*48,1763494210853
NMEA,$GBGSV,2,1,07,37,47,047,42,36,18,233,43,32,14,144,40,22,04,319,41,1*72,1763494210853
NMEA,$GBGSV,2,2,07,20,70,160,41,19,55,311,43,04,03,265,35,1*4A,1763494210853
NMEA,$GBGSV,2,1,05,19,55,311,47,20,70,160,36,32,14,144,42,36,18,233,40,3*74,1763494210853
NMEA,$GBGSV,2,2,05,37,47,047,43,3*42,1763494210853
NMEA,$GBGSV,2,1,06,19,55,311,30,20,70,160,35,22,04,319,34,32,14,144,36,5*73,1763494210853
NMEA,$GBGSV,2,2,06,36,18,233,32,37,47,047,32,5*7E,1763494210853
NMEA,$GNGSA,A,3,03,04,07,08,09,16,20,21,27,30,,,0.6,0.4,0.5,1*37,1763494210868
NMEA,$PSSGR,GSA,A,3,03,04,08,09,21,27,30,,,,,,0.6,0.4,0.5,1,8*41,1763494210868
NMEA,$GNGSA,A,3,65,72,75,76,,,,,,,,,0.6,0.4,0.5,2*30,1763494210868
NMEA,$GNGSA,A,3,02,03,05,08,13,15,16,25,30,,,,0.6,0.4,0.5,3*3D,1763494210868
NMEA,$PSSGR,GSA,A,3,302,303,305,308,313,316,325,,,,,,0.6,0.4,0.5,3,1*74,1763494210868
NMEA,$GNGSA,A,3,19,20,32,36,37,,,,,,,,0.6,0.4,0.5,4*39,1763494210868
NMEA,$PSSGR,GSA,A,3,219,220,232,236,237,,,,,,,,0.6,0.4,0.5,4,5*72,1763494210868
NMEA,$GNVTG,,T,,M,0.0,N,0.0,K,E*39,1763494210868
NMEA,$GNDTM,W84,,0000.000000,N,00000.000000,E,0.000,W84*41,1763494210868
NMEA,$GNRMC,193011.00,A,3725.859924,N,12209.317063,W,0.0,,181125,12.8,E,E,V*57,1763494210868
NMEA,$GNGNS,193011.00,3725.859924,N,12209.317063,W,EEEEEE,28,0.4,21.1,-32.6,,,V*2D,1763494210868
NMEA,$GNGGA,193011.00,3725.859924,N,12209.317063,W,6,12,0.4,21.1,M,-32.6,M,,*73,1763494210868
NMEA,$PSMSG,magcal=PASS,bluesky=0*00,1763494210875
NMEA,$GPGSV,4,1,14,03,18,173,34,04,53,101,39,06,03,257,31,07,53,281,43,1*6E,1763494211857
NMEA,$GPGSV,4,2,14,08,18,126,42,09,77,359,32,11,04,294,34,16,34,050,47,1*68,1763494211857
NMEA,$GPGSV,4,3,14,20,14,319,45,21,15,320,38,27,19,094,43,30,25,265,42,1*62,1763494211857
NMEA,$GPGSV,4,4,14,46,00,000,35,48,00,000,41,1*6C,1763494211857
NMEA,$GPGSV,3,1,10,03,18,173,39,04,53,101,25,06,03,257,16,08,18,126,32,8*69,1763494211857
NMEA,$GPGSV,3,2,10,09,77,359,34,11,04,294,19,21,15,320,33,26,02,041,22,8*6A,1763494211857
NMEA,$GPGSV,3,3,10,27,19,094,26,30,25,265,29,8*66,1763494211857
NMEA,$GLGSV,1,1,04,12,64,230,43,11,52,029,38,01,76,110,36,08,21,136,42,1*70,1763494211857
NMEA,$GAGSV,3,1,11,02,51,173,41,03,67,075,40,05,19,108,41,07,01,299,20,7*74,1763494211857
NMEA,$GAGSV,3,2,11,08,48,316,42,13,12,276,47,15,05,227,34,16,34,049,44,7*79,1763494211857
NMEA,$GAGSV,3,3,11,25,54,070,41,26,03,323,35,30,06,202,27,7*44,1763494211857
NMEA,$GAGSV,3,1,09,02,51,173,36,03,67,075,25,05,19,108,30,08,48,316,33,1*78,1763494211857
NMEA,$GAGSV,3,2,09,13,12,276,33,15,05,227,18,16,34,049,31,25,54,070,24,1*78,1763494211857
NMEA,$GAGSV,3,3,09,30,06,202,21,1*4A,1763494211857
NMEA,$GBGSV,2,1,07,37,47,047,45,36,18,233,40,32,14,144,39,22,04,319,41,1*78,1763494211857
NMEA,$GBGSV,2,2,07,20,70,160,40,19,55,311,42,04,03,265,38,1*47,1763494211857
NMEA,$GBGSV,2,1,05,19,55,311,45,20,70,160,39,32,14,144,37,36,18,233,39,3*75,1763494211857
NMEA,$GBGSV,2,2,05,37,47,047,44,3*45,1763494211857
NMEA,$GBGSV,2,1,06,19,55,311,25,20,70,160,34,22,04,319,25,32,14,144,36,5*76,1763494211857
NMEA,$GBGSV,2,2,06,36,18,233,33,37,47,047,27,5*7B,1763494211857
NMEA,$GNGSA,A,3,03,04,07,08,09,16,20,21,27,30,,,0.6,0.4,0.5,1*37,1763494211876
NMEA,$PSSGR,GSA,A,3,03,04,08,09,21,27,30,,,,,,0.6,0.4,0.5,1,8*41,1763494211876
NMEA,$GNGSA,A,3,65,72,75,76,,,,,,,,,0.6,0.4,0.5,2*30,1763494211876
NMEA,$GNGSA,A,3,02,03,05,08,13,15,16,25,30,,,,0.6,0.4,0.5,3*3D,1763494211876
NMEA,$PSSGR,GSA,A,3,302,303,305,308,313,316,325,,,,,,0.6,0.4,0.5,3,1*74,1763494211876
NMEA,$GNGSA,A,3,19,20,32,36,37,,,,,,,,0.6,0.4,0.5,4*39,1763494211876
NMEA,$PSSGR,GSA,A,3,219,220,232,236,237,,,,,,,,0.6,0.4,0.5,4,5*72,1763494211876
NMEA,$GNVTG,235.4,T,222.6,M,0.3,N,0.6,K,E*38,1763494211876
NMEA,$GNDTM,W84,,0000.000000,N,00000.000000,E,0.000,W84*41,1763494211876
NMEA,$GNRMC,193012.00,A,3725.859853,N,12209.317112,W,0.3,235.4,181125,12.8,E,E,V*7F,1763494211876
NMEA,$GNGNS,193012.00,3725.859853,N,12209.317112,W,EEEEEE,28,0.4,21.2,-32.6,,,V*2B,1763494211876
NMEA,$GNGGA,193012.00,3725.859853,N,12209.317112,W,6,12,0.4,21.2,M,-32.6,M,,*75,1763494211876
NMEA,$PSMSG,magcal=PASS,bluesky=0*00,1763494211882
NMEA,$GPGSV,4,1,13,03,18,173,35,04,53,101,38,07,53,281,42,08,18,126,42,1*6D,1763494212856
NMEA,$GPGSV,4,2,13,09,77,359,39,11,04,294,33,16,34,050,46,20,14,319,46,1*6E,1763494212856
NMEA,$GPGSV,4,3,13,21,15,320,40,27,19,094,45,30,25,265,41,46,00,000,38,1*6B,1763494212856
NMEA,$GPGSV,4,4,13,48,00,000,39,1*50,1763494212856
NMEA,$GPGSV,3,1,10,03,18,173,39,04,53,101,27,06,03,257,19,08,18,126,33,8*65,1763494212856
NMEA,$GPGSV,3,2,10,09,77,359,35,11,04,294,19,21,15,320,35,26,02,041,22,8*6D,1763494212856
NMEA,$GPGSV,3,3,10,27,19,094,26,30,25,265,29,8*66,1763494212856
NMEA,$GLGSV,1,1,04,12,64,230,45,11,52,029,42,01,76,110,37,08,21,136,41,1*79,1763494212856
NMEA,$GAGSV,3,1,11,02,51,173,40,03,67,075,42,05,19,108,43,07,01,299,20,7*75,1763494212856
NMEA,$GAGSV,3,2,11,08,48,316,43,13,12,276,46,15,05,227,31,16,34,049,43,7*7B,1763494212856
NMEA,$GAGSV,3,3,11,25,54,070,36,26,03,323,35,30,06,202,25,7*46,1763494212856
NMEA,$GAGSV,3,1,09,02,51,173,36,03,67,075,23,05,19,108,28,08,48,316,37,1*73,1763494212856
NMEA,$GAGSV,3,2,09,13,12,276,32,15,05,227,26,16,34,049,28,25,54,070,24,1*7C,1763494212856
NMEA,$GAGSV,3,3,09,30,06,202,29,1*42,1763494212856
NMEA,$GBGSV,2,1,07,37,47,047,45,36,18,233,40,32,14,144,39,22,04,319,41,1*78,1763494212856
NMEA,$GBGSV,2,2,07,20,70,160,40,19,55,311,42,04,03,265,38,1*47,1763494212856
NMEA,$GBGSV,2,1,05,19,55,311,42,20,70,160,39,32,14,144,39,36,18,233,39,3*7C,1763494212856
NMEA,$GBGSV,2,2,05,37,47,047,45,3*44,1763494212856
NMEA,$GBGSV,2,1,06,19,55,311,32,20,70,160,34,22,04,319,24,32,14,144,35,5*72,1763494212856
NMEA,$GBGSV,2,2,06,36,18,233,35,37,47,047,31,5*7A,1763494212856
NMEA,$GNGSA,A,3,03,04,07,08,09,16,20,21,27,30,,,0.6,0.4,0.5,1*37,1763494212874
NMEA,$PSSGR,GSA,A,3,03,04,08,09,21,27,30,,,,,,0.6,0.4,0.5,1,8*41,1763494212874
NMEA,$GNGSA,A,3,65,72,75,76,,,,,,,,,0.6,0.4,0.5,2*30,1763494212874
NMEA,$GNGSA,A,3,02,03,05,08,13,15,16,25,30,,,,0.6,0.4,0.5,3*3D,1763494212874
NMEA,$PSSGR,GSA,A,3,302,303,305,308,313,315,316,325,330,,,,0.6,0.4,0.5,3,1*73,1763494212874
NMEA,$GNGSA,A,3,19,20,32,36,37,,,,,,,,0.6,0.4,0.5,4*39,1763494212874
NMEA,$PSSGR,GSA,A,3,219,220,232,236,237,,,,,,,,0.6,0.4,0.5,4,5*72,1763494212874
NMEA,$GNVTG,235.4,T,222.6,M,1.0,N,1.8,K,E*35,1763494212874
NMEA,$GNDTM,W84,,0000.000000,N,00000.000000,E,0.000,W84*41,1763494212874
NMEA,$GNRMC,193013.00,A,3725.859714,N,12209.317399,W,1.0,235.4,181125,12.8,E,E,V*71,1763494212874
NMEA,$GNGNS,193013.00,3725.859714,N,12209.317399,W,EEEEEE,28,0.4,21.1,-32.6,,,V*24,1763494212874
NMEA,$GNGGA,193013.00,3725.859714,N,12209.317399,W,6,12,0.4,21.1,M,-32.6,M,,*7A,1763494212874
NMEA,$PSMSG,magcal=PASS,bluesky=0*00,1763494212880
NMEA,$GPGSV,4,1,14,03,18,173,43,04,53,101,41,06,03,257,30,07,53,281,40,1*63,1763494213860
NMEA,$GPGSV,4,2,14,08,18,126,38,09,77,359,39,11,04,294,25,16,34,050,44,1*6D,1763494213860
NMEA,$GPGSV,4,3,14,20,14,319,44,21,15,320,36,27,19,094,40,30,25,265,43,1*6F,1763494213860
NMEA,$GPGSV,4,4,14,46,00,000,43,48,00,000,44,1*68,1763494213860
NMEA,$GPGSV,3,1,10,03,18,173,38,04,53,101,31,06,03,257,19,08,18,126,32,8*62,1763494213860
NMEA,$GPGSV,3,2,10,09,77,359,30,11,04,294,19,21,15,320,35,26,02,041,22,8*68,1763494213860
NMEA,$GPGSV,3,3,10,27,19,094,36,30,25,265,33,8*6C,1763494213860
NMEA,$GLGSV,1,1,04,12,64,230,44,11,52,029,40,01,76,110,34,08,21,136,37,1*78,1763494213860
NMEA,$GAGSV,3,1,11,02,51,173,44,03,67,075,39,05,19,108,38,07,01,299,20,7*71,1763494213860
NMEA,$GAGSV,3,2,11,08,48,316,42,13,12,276,44,15,05,227,36,16,34,049,41,7*7D,1763494213860
NMEA,$GAGSV,3,3,11,25,54,070,37,26,03,323,35,30,06,202,33,7*40,1763494213860
NMEA,$GAGSV,3,1,09,02,51,173,36,03,67,075,25,05,19,108,32,08,48,316,31,1*78,1763494213860
NMEA,$GAGSV,3,2,09,13,12,276,31,15,05,227,22,16,34,049,26,25,54,070,24,1*75,1763494213860
NMEA,$GAGSV,3,3,09,30,06,202,23,1*48,1763494213860
NMEA,$GBGSV,2,1,07,37,47,047,45,36,18,233,40,32,14,144,39,22,04,319,41,1*78,1763494213860
NMEA,$GBGSV,2,2,07,20,70,160,40,19,55,311,42,04,03,265,38,1*47,1763494213860
NMEA,$GBGSV,2,1,05,19,55,311,45,20,70,160,38,32,14,144,36,36,18,233,40,3*7B,1763494213860
NMEA,$GBGSV,2,2,05,37,47,047,42,3*43,1763494213860
NMEA,$GBGSV,2,1,06,19,55,311,31,20,70,160,34,22,04,319,31,32,14,144,37,5*77,1763494213860
NMEA,$GBGSV,2,2,06,36,18,233,31,37,47,047,29,5*77,1763494213860
NMEA,$GNGSA,A,3,03,04,07,08,09,16,20,21,27,30,,,0.6,0.4,0.5,1*37,1763494213882
NMEA,$PSSGR,GSA,A,3,03,04,08,09,21,27,30,,,,,,0.6,0.4,0.5,1,8*41,1763494213882
NMEA,$GNGSA,A,3,65,72,75,76,,,,,,,,,0.6,0.4,0.5,2*30,1763494213882
NMEA,$GNGSA,A,3,02,03,05,08,13,15,16,25,30,,,,0.6,0.4,0.5,3*3D,1763494213882
NMEA,$PSSGR,GSA,A,3,302,303,305,308,313,315,316,325,330,,,,0.6,0.4,0.5,3,1*73,1763494213882
NMEA,$GNGSA,A,3,19,20,32,36,37,,,,,,,,0.6,0.4,0.5,4*39,1763494213882
NMEA,$PSSGR,GSA,A,3,219,220,232,236,237,,,,,,,,0.6,0.4,0.5,4,5*72,1763494213882
NMEA,$GNVTG,235.4,T,222.6,M,0.6,N,1.2,K,E*38,1763494213882
NMEA,$GNDTM,W84,,0000.000000,N,00000.000000,E,0.000,W84*41,1763494213882
NMEA,$GNRMC,193014.00,A,3725.859547,N,12209.317503,W,0.6,235.4,181125,12.8,E,E,V*70,1763494213882
NMEA,$GNGNS,193014.00,3725.859547,N,12209.317503,W,EEEEEE,28,0.4,21.3,-32.6,,,V*20,1763494213882
NMEA,$GNGGA,193014.00,3725.859547,N,12209.317503,W,6,12,0.4,21.3,M,-32.6,M,,*7E,1763494213882
NMEA,$PSMSG,magcal=PASS,bluesky=0*00,1763494213887
NMEA,$GPGSV,4,1,14,03,18,173,45,04,53,101,42,06,03,257,30,07,53,281,35,1*64,1763494214858
NMEA,$GPGSV,4,2,14,08,18,126,40,09,77,359,40,11,04,294,25,16,34,050,40,1*68,1763494214858
NMEA,$GPGSV,4,3,14,20,14,319,45,21,15,320,38,27,19,094,38,30,25,265,44,1*68,1763494214858
NMEA,$GPGSV,4,4,14,46,00,000,43,48,00,000,44,1*68,1763494214858
NMEA,$GPGSV,3,1,10,03,18,173,36,04,53,101,32,06,03,257,19,08,18,126,28,8*64,1763494214858
NMEA,$GPGSV,3,2,10,09,77,359,29,11,04,294,19,21,15,320,35,26,02,041,24,8*66,1763494214858
NMEA,$GPGSV,3,3,10,27,19,094,40,30,25,265,30,8*6E,1763494214858
NMEA,$GLGSV,1,1,04,12,64,230,45,11,52,029,40,01,76,110,34,08,21,136,41,1*78,1763494214858
NMEA,$GAGSV,3,1,11,02,51,173,41,03,67,075,39,05,19,108,40,07,01,299,20,7*7B,1763494214858
NMEA,$GAGSV,3,2,11,08,48,316,39,13,12,276,44,15,05,227,31,16,34,049,36,7*76,1763494214858
NMEA,$GAGSV,3,3,11,25,54,070,36,26,03,323,35,30,06,202,31,7*43,1763494214858
NMEA,$GAGSV,2,1,08,02,51,173,27,03,67,075,26,05,19,108,31,08,48,316,26,1*7E,1763494214858
NMEA,$GAGSV,2,2,08,13,12,276,31,16,34,049,34,25,54,070,26,30,06,202,23,1*76,1763494214858
NMEA,$GBGSV,2,1,07,37,47,047,45,36,18,233,40,32,14,144,39,22,04,319,41,1*78,1763494214858
NMEA,$GBGSV,2,2,07,20,70,160,40,19,55,311,42,04,03,265,38,1*47,1763494214858
NMEA,$GBGSV,2,1,05,19,55,311,43,20,70,160,35,32,14,144,41,36,18,233,35,3*72,1763494214858
NMEA,$GBGSV,2,2,05,37,47,047,41,3*40,1763494214858
NMEA,$GBGSV,2,1,05,19,55,311,29,20,70,160,35,32,14,144,32,36,18,233,31,5*78,1763494214858
NMEA,$GBGSV,2,2,05,37,47,047,36,5*46,1763494214858
NMEA,$GNGSA,A,3,03,04,07,08,09,16,20,21,27,30,,,0.6,0.4,0.5,1*37,1763494214875
NMEA,$PSSGR,GSA,A,3,03,04,08,09,21,27,30,,,,,,0.6,0.4,0.5,1,8*41,1763494214875
NMEA,$GNGSA,A,3,65,72,75,76,,,,,,,,,0.6,0.4,0.5,2*30,1763494214875
NMEA,$GNGSA,A,3,02,03,05,08,13,15,16,25,30,,,,0.6,0.4,0.5,3*3D,1763494214875
NMEA,$PSSGR,GSA,A,3,302,303,305,308,313,315,316,325,330,,,,0.6,0.4,0.5,3,1*73,1763494214875
NMEA,$GNGSA,A,3,19,20,32,36,37,,,,,,,,0.6,0.4,0.5,4*39,1763494214875
NMEA,$PSSGR,GSA,A,3,219,220,232,236,237,,,,,,,,0.6,0.4,0.5,4,5*72,1763494214875
NMEA,$GNVTG,235.4,T,222.6,M,0.5,N,1.0,K,E*39,1763494214875
NMEA,$GNDTM,W84,,0000.000000,N,00000.000000,E,0.000,W84*41,1763494214875
NMEA,$GNRMC,193015.00,A,3725.859364,N,12209.317396,W,0.5,235.4,181125,12.8,E,E,V*7F,1763494214875
NMEA,$GNGNS,193015.00,3725.859364,N,12209.317396,W,EEEEEE,28,0.4,21.2,-32.6,,,V*2D,1763494214875
NMEA,$GNGGA,193015.00,3725.859364,N,12209.317396,W,6,12,0.4,21.2,M,-32.6,M,,*73,1763494214875
NMEA,$PSMSG,magcal=PASS,bluesky=0*00,1763494214880
NMEA,$GPGSV,4,1,14,03,18,173,46,04,53,101,38,06,03,257,31,07,53,281,37,1*69,1763494215861
NMEA,$GPGSV,4,2,14,08,18,126,44,09,77,359,40,11,04,294,24,16,34,050,40,1*6D,1763494215861
NMEA,$GPGSV,4,3,14,20,14,319,43,21,15,320,37,27,19,094,40,30,25,265,42,1*68,1763494215861
NMEA,$GPGSV,4,4,14,46,00,000,39,48,00,000,43,1*62,1763494215861
NMEA,$GPGSV,3,1,10,03,18,173,25,04,53,101,23,06,03,257,19,08,18,126,27,8*69,1763494215861
NMEA,$GPGSV,3,2,10,09,77,359,31,11,04,294,21,21,15,320,31,26,02,041,22,8*66,1763494215861
NMEA,$GPGSV,3,3,10,27,19,094,36,30,25,265,34,8*6B,1763494215861
NMEA,$GLGSV,1,1,04,12,64,230,44,11,52,029,39,01,76,110,37,08,21,136,42,1*77,1763494215861
NMEA,$GAGSV,3,1,11,02,51,173,43,03,67,075,38,05,19,108,42,07,01,299,20,7*7A,1763494215861
NMEA,$GAGSV,3,2,11,08,48,316,33,13,12,276,44,15,05,227,29,16,34,049,36,7*75,1763494215861
NMEA,$GAGSV,3,3,11,25,54,070,39,26,03,323,35,30,06,202,27,7*4B,1763494215861
NMEA,$GAGSV,2,1,08,02,51,173,36,03,67,075,25,05,19,108,27,08,48,316,23,1*7F,1763494215861
NMEA,$GAGSV,2,2,08,13,12,276,32,16,34,049,32,25,54,070,31,30,06,202,20,1*76,1763494215861
NMEA,$GBGSV,2,1,07,37,47,047,45,36,18,233,40,32,14,144,39,22,04,319,41,1*78,1763494215861
NMEA,$GBGSV,2,2,07,20,70,160,40,19,55,311,42,04,03,265,38,1*47,1763494215861
NMEA,$GBGSV,2,1,05,19,55,311,42,20,70,160,36,32,14,144,43,36,18,233,33,3*74,1763494215861
NMEA,$GBGSV,2,2,05,37,47,047,38,3*4E,1763494215861
NMEA,$GBGSV,2,1,05,19,55,311,33,20,70,160,25,32,14,144,26,36,18,233,26,5*71,1763494215861
NMEA,$GBGSV,2,2,05,37,47,047,33,5*43,1763494215861
NMEA,$GNGSA,A,3,03,04,07,08,09,16,20,21,27,30,,,0.6,0.4,0.5,1*37,1763494215876
NMEA,$PSSGR,GSA,A,3,03,04,08,09,21,27,30,,,,,,0.6,0.4,0.5,1,8*41,1763494215876
NMEA,$GNGSA,A,3,65,72,75,76,,,,,,,,,0.6,0.4,0.5,2*30,1763494215876
NMEA,$GNGSA,A,3,02,03,05,08,13,15,16,25,30,,,,0.6,0.4,0.5,3*3D,1763494215876
NMEA,$PSSGR,GSA,A,3,302,303,305,308,313,315,316,325,330,,,,0.6,0.4,0.5,3,1*73,1763494215876
NMEA,$GNGSA,A,3,19,20,32,36,37,,,,,,,,0.6,0.4,0.5,4*39,1763494215876
NMEA,$PSSGR,GSA,A,3,219,220,232,236,237,,,,,,,,0.6,0.4,0.5,4,5*72,1763494215876
NMEA,$GNVTG,235.4,T,222.6,M,0.9,N,1.6,K,E*33,1763494215876
NMEA,$GNDTM,W84,,0000.000000,N,00000.000000,E,0.000,W84*41,1763494215876
NMEA,$GNRMC,193016.00,A,3725.859195,N,12209.317102,W,0.9,235.4,181125,12.8,E,E,V*73,1763494215876
NMEA,$GNGNS,193016.00,3725.859195,N,12209.317102,W,EEEEEE,28,0.4,21.3,-32.6,,,V*2C,1763494215876
NMEA,$GNGGA,193016.00,3725.859195,N,12209.317102,W,6,12,0.4,21.3,M,-32.6,M,,*72,1763494215876
NMEA,$PSMSG,magcal=PASS,bluesky=0*00,1763494215881
NMEA,$GPGSV,4,1,14,03,18,173,44,04,53,101,38,06,03,257,32,07,53,281,38,1*67,1763494216860
NMEA,$GPGSV,4,2,14,08,18,126,44,09,77,359,38,11,04,294,25,16,34,050,41,1*62,1763494216860
NMEA,$GPGSV,4,3,14,20,14,319,40,21,15,320,37,27,19,094,43,30,25,265,42,1*68,1763494216860
NMEA,$GPGSV,4,4,14,46,00,000,38,48,00,000,45,1*65,1763494216860
NMEA,$GPGSV,3,1,10,03,18,173,23,04,53,101,30,06,03,257,19,08,18,126,33,8*68,1763494216860
NMEA,$GPGSV,3,2,10,09,77,359,30,11,04,294,21,21,15,320,32,26,02,041,22,8*64,1763494216860
NMEA,$GPGSV,3,3,10,27,19,094,37,30,25,265,33,8*6D,1763494216860
NMEA,$GLGSV,1,1,04,12,64,230,45,11,52,029,40,01,76,110,37,08,21,136,42,1*78,1763494216860
NMEA,$GAGSV,3,1,11,02,51,173,45,03,67,075,39,05,19,108,43,07,01,299,20,7*7C,1763494216860
NMEA,$GAGSV,3,2,11,08,48,316,36,13,12,276,44,15,05,227,35,16,34,049,37,7*7C,1763494216860
NMEA,$GAGSV,3,3,11,25,54,070,40,26,03,323,35,30,06,202,29,7*4B,1763494216860
NMEA,$GAGSV,2,1,08,02,51,173,37,03,67,075,29,05,19,108,30,08,48,316,23,1*74,1763494216860
NMEA,$GAGSV,2,2,08,13,12,276,29,16,34,049,28,25,54,070,33,30,06,202,20,1*75,1763494216860
NMEA,$GBGSV,2,1,07,37,47,047,45,36,18,233,40,32,14,144,39,22,04,319,41,1*78,1763494216860
NMEA,$GBGSV,2,2,07,20,70,160,40,19,55,311,42,04,03,265,38,1*47,1763494216860
NMEA,$GBGSV,2,1,05,19,55,311,40,20,70,160,35,32,14,144,44,36,18,233,32,3*73,1763494216860
NMEA,$GBGSV,2,2,05,37,47,047,39,3*4F,1763494216860
NMEA,$GBGSV,2,1,05,19,55,311,32,20,70,160,29,32,14,144,29,36,18,233,27,5*72,1763494216860
NMEA,$GBGSV,2,2,05,37,47,047,28,5*49,1763494216860
NMEA,$GNGSA,A,3,03,04,07,08,09,16,20,21,27,30,,,0.6,0.4,0.5,1*37,1763494216873
NMEA,$PSSGR,GSA,A,3,03,04,08,09,21,27,30,,,,,,0.6,0.4,0.5,1,8*41,1763494216873
NMEA,$GNGSA,A,3,65,72,75,76,,,,,,,,,0.6,0.4,0.5,2*30,1763494216873
NMEA,$GNGSA,A,3,02,03,05,08,13,15,16,25,30,,,,0.6,0.4,0.5,3*3D,1763494216873
NMEA,$PSSGR,GSA,A,3,302,303,305,308,313,315,316,325,330,,,,0.6,0.4,0.5,3,1*73,1763494216873
NMEA,$GNGSA,A,3,19,20,32,36,37,,,,,,,,0.6,0.4,0.5,4*39,1763494216873
NMEA,$PSSGR,GSA,A,3,219,220,232,236,237,,,,,,,,0.6,0.4,0.5,4,5*72,1763494216873
NMEA,$GNVTG,235.4,T,222.6,M,0.8,N,1.5,K,E*31,1763494216873
NMEA,$GNDTM,W84,,0000.000000,N,00000.000000,E,0.000,W84*41,1763494216873
NMEA,$GNRMC,193017.00,A,3725.859113,N,12209.316784,W,0.8,235.4,181125,12.8,E,E,V*74,1763494216873
NMEA,$GNGNS,193017.00,3725.859113,N,12209.316784,W,EEEEEE,28,0.4,21.4,-32.6,,,V*2D,1763494216873
NMEA,$GNGGA,193017.00,3725.859113,N,12209.316784,W,6,12,0.4,21.4,M,-32.6,M,,*73,1763494216873
NMEA,$PSMSG,magcal=PASS,bluesky=0*00,1763494216880
NMEA,$GPGSV,4,1,14,03,18,173,45,04,53,101,38,06,03,257,34,07,53,281,37,1*6F,1763494217857
NMEA,$GPGSV,4,2,14,08,18,126,44,09,77,359,40,11,04,294,25,16,34,050,43,1*6F,1763494217857
NMEA,$GPGSV,4,3,14,20,14,319,42,21,15,320,35,27,19,094,42,30,25,265,43,1*68,1763494217857
NMEA,$GPGSV,4,4,14,46,00,000,39,48,00,000,44,1*65,1763494217857
NMEA,$GPGSV,3,1,10,03,18,173,28,04,53,101,29,06,03,257,19,08,18,126,33,8*6B,1763494217857
NMEA,$GPGSV,3,2,10,09,77,359,29,11,04,294,21,21,15,320,32,26,02,041,22,8*6C,1763494217857
NMEA,$GPGSV,3,3,10,27,19,094,38,30,25,265,32,8*63,1763494217857
NMEA,$GLGSV,1,1,04,12,64,230,44,11,52,029,39,01,76,110,36,08,21,136,44,1*70,1763494217857
NMEA,$GAGSV,3,1,11,02,51,173,43,03,67,075,41,05,19,108,44,07,01,299,20,7*72,1763494217857
NMEA,$GAGSV,3,2,11,08,48,316,37,13,12,276,45,15,05,227,36,16,34,049,38,7*70,1763494217857
NMEA,$GAGSV,3,3,11,25,54,070,39,26,03,323,35,30,06,202,28,7*44,1763494217857
NMEA,$GAGSV,2,1,08,02,51,173,36,03,67,075,26,05,19,108,31,08,48,316,23,1*7B,1763494217857
NMEA,$GAGSV,2,2,08,13,12,276,30,16,34,049,30,25,54,070,30,30,06,202,20,1*77,1763494217857
NMEA,$GBGSV,2,1,07,37,47,047,45,36,18,233,40,32,14,144,39,22,04,319,41,1*78,1763494217857
NMEA,$GBGSV,2,2,07,20,70,160,40,19,55,311,42,04,03,265,38,1*47,1763494217857
NMEA,$GBGSV,2,1,05,19,55,311,42,20,70,160,37,32,14,144,44,36,18,233,34,3*75,1763494217857
NMEA,$GBGSV,2,2,05,37,47,047,40,3*41,1763494217857
NMEA,$GBGSV,2,1,05,19,55,311,32,20,70,160,27,32,14,144,28,36,18,233,24,5*7E,1763494217857
NMEA,$GBGSV,2,2,05,37,47,047,26,5*47,1763494217857
NMEA,$GNGSA,A,3,03,04,07,08,09,16,20,21,27,30,,,0.6,0.4,0.5,1*37,1763494217877
NMEA,$PSSGR,GSA,A,3,03,04,08,09,21,27,30,,,,,,0.6,0.4,0.5,1,8*41,1763494217877
NMEA,$GNGSA,A,3,65,72,75,76,,,,,,,,,0.6,0.4,0.5,2*30,1763494217877
NMEA,$GNGSA,A,3,02,03,05,08,13,15,16,25,30,,,,0.6,0.4,0.5,3*3D,1763494217877
NMEA,$PSSGR,GSA,A,3,302,303,305,308,313,315,316,325,330,,,,0.6,0.4,0.5,3,1*73,1763494217877
NMEA,$GNGSA,A,3,19,20,32,36,37,,,,,,,,0.6,0.4,0.5,4*39,1763494217877
NMEA,$PSSGR,GSA,A,3,219,220,232,236,237,,,,,,,,0.6,0.4,0.5,4,5*72,1763494217877
NMEA,$GNVTG,235.4,T,222.6,M,0.7,N,1.4,K,E*3F,1763494217877
NMEA,$GNDTM,W84,,0000.000000,N,00000.000000,E,0.000,W84*41,1763494217877
NMEA,$GNRMC,193018.00,A,3725.859090,N,12209.316514,W,0.7,235.4,181125,12.8,E,E,V*75,1763494217877
NMEA,$GNGNS,193018.00,3725.859090,N,12209.316514,W,EEEEEE,28,0.4,21.6,-32.6,,,V*21,1763494217877
NMEA,$GNGGA,193018.00,3725.859090,N,12209.316514,W,6,12,0.4,21.6,M,-32.6,M,,*7F,1763494217877
NMEA,$PSMSG,magcal=PASS,bluesky=0*00,1763494217883
NMEA,$GPGSV,4,1,13,03,18,173,46,04,53,101,42,06,03,257,31,08,18,126,46,1*6B,1763494218861
NMEA,$GPGSV,4,2,13,09,77,359,39,11,04,294,25,16,34,050,40,20,14,319,44,1*6D,1763494218861
NMEA,$GPGSV,4,3,13,21,15,320,35,27,19,094,37,30,25,265,45,46,00,000,39,1*69,1763494218861
NMEA,$GPGSV,4,4,13,48,00,000,40,1*5E,1763494218861
NMEA,$GPGSV,3,1,10,03,18,173,30,04,53,101,27,06,03,257,22,08,18,126,28,8*6E,1763494218861
NMEA,$GPGSV,3,2,10,09,77,359,29,11,04,294,23,21,15,320,33,26,02,041,22,8*6F,1763494218861
NMEA,$GPGSV,3,3,10,27,19,094,38,30,25,265,32,8*63,1763494218861
NMEA,$GLGSV,1,1,04,12,64,230,44,11,52,029,38,01,76,110,35,08,21,136,46,1*70,1763494218861
NMEA,$GAGSV,3,1,11,02,51,173,42,03,67,075,41,05,19,108,44,07,01,299,20,7*73,1763494218861
NMEA,$GAGSV,3,2,11,08,48,316,38,13,12,276,46,15,05,227,33,16,34,049,39,7*78,1763494218861
NMEA,$GAGSV,3,3,11,25,54,070,41,26,03,323,35,30,06,202,28,7*4B,1763494218861
NMEA,$GAGSV,2,1,08,02,51,173,34,03,67,075,25,05,19,108,29,08,48,316,27,1*77,1763494218861
NMEA,$GAGSV,2,2,08,13,12,276,32,16,34,049,32,25,54,070,31,30,06,202,22,1*74,1763494218861
NMEA,$GBGSV,2,1,07,37,47,047,45,36,18,233,40,32,14,144,39,22,04,319,41,1*78,1763494218861
NMEA,$GBGSV,2,2,07,20,70,160,40,19,55,311,42,04,03,265,38,1*47,1763494218861
NMEA,$GBGSV,2,1,05,19,55,311,44,20,70,160,37,32,14,144,46,36,18,233,34,3*71,1763494218861
NMEA,$GBGSV,2,2,05,37,47,047,41,3*40,1763494218861
NMEA,$GBGSV,2,1,05,19,55,311,32,20,70,160,32,32,14,144,28,36,18,233,29,5*77,1763494218861
NMEA,$GBGSV,2,2,05,37,47,047,34,5*44,1763494218861
NMEA,$GNGSA,A,3,03,04,07,08,09,16,20,21,27,30,,,0.7,0.4,0.5,1*36,1763494218873
NMEA,$PSSGR,GSA,A,3,03,04,08,09,21,27,30,,,,,,0.7,0.4,0.5,1,8*40,1763494218873
NMEA,$GNGSA,A,3,65,72,75,76,,,,,,,,,0.7,0.4,0.5,2*31,1763494218873
NMEA,$GNGSA,A,3,02,03,05,08,13,15,16,25,30,,,,0.7,0.4,0.5,3*3C,1763494218873
NMEA,$PSSGR,GSA,A,3,302,303,305,308,313,316,325,,,,,,0.7,0.4,0.5,3,1*75,1763494218873
NMEA,$GNGSA,A,3,19,20,32,36,37,,,,,,,,0.7,0.4,0.5,4*38,1763494218873
NMEA,$PSSGR,GSA,A,3,219,220,232,236,237,,,,,,,,0.7,0.4,0.5,4,5*73,1763494218873
NMEA,$GNVTG,235.4,T,222.6,M,0.5,N,0.9,K,E*31,1763494218873
NMEA,$GNDTM,W84,,0000.000000,N,00000.000000,E,0.000,W84*41,1763494218873
NMEA,$GNRMC,193019.00,A,3725.859060,N,12209.316358,W,0.5,235.4,181125,12.8,E,E,V*77,1763494218873
NMEA,$GNGNS,193019.00,3725.859060,N,12209.316358,W,EEEEEE,28,0.4,21.5,-32.6,,,V*22,1763494218873
NMEA,$GNGGA,193019.00,3725.859060,N,12209.316358,W,6,12,0.4,21.5,M,-32.6,M,,*7C,1763494218873
NMEA,$PSMSG,magcal=PASS,bluesky=0*00,1763494218878
NMEA,$GPGSV,4,1,13,03,18,173,45,04,53,101,39,06,03,257,30,08,18,126,39,1*6D,1763494219859
NMEA,$GPGSV,4,2,13,09,77,359,37,11,04,294,27,16,34,050,45,20,14,319,43,1*63,1763494219859
NMEA,$GPGSV,4,3,13,21,15,320,40,27,19,094,37,30,25,265,42,46,00,000,45,1*67,1763494219859
NMEA,$GPGSV,4,4,13,48,00,000,46,1*58,1763494219859
NMEA,$GPGSV,3,1,10,03,18,173,38,04,53,101,29,06,03,257,22,08,18,126,33,8*62,1763494219859
NMEA,$GPGSV,3,2,10,09,77,359,28,11,04,294,23,21,15,320,36,26,02,041,19,8*63,1763494219859
NMEA,$GPGSV,3,3,10,27,19,094,38,30,25,265,35,8*64,1763494219859
NMEA,$GLGSV,1,1,04,12,64,230,42,11,52,029,37,01,76,110,36,08,21,136,40,1*7C,1763494219859
NMEA,$GAGSV,3,1,11,02,51,173,43,03,67,075,40,05,19,108,36,07,01,299,20,7*76,1763494219859
NMEA,$GAGSV,3,2,11,08,48,316,36,13,12,276,44,15,05,227,35,16,34,049,41,7*7D,1763494219859
NMEA,$GAGSV,3,3,11,25,54,070,39,26,03,323,40,30,06,202,35,7*4A,1763494219859
NMEA,$GAGSV,2,1,08,02,51,173,29,03,67,075,29,05,19,108,32,08,48,316,26,1*7C,1763494219859
NMEA,$GAGSV,2,2,08,13,12,276,27,16,34,049,30,25,54,070,27,30,06,202,21,1*76,1763494219859
NMEA,$GBGSV,2,1,07,37,47,047,44,36,18,233,39,32,14,144,41,22,04,319,41,1*78,1763494219859
NMEA,$GBGSV,2,2,07,20,70,160,38,19,55,311,46,04,03,265,33,1*47,1763494219859
NMEA,$GBGSV,2,1,05,19,55,311,47,20,70,160,40,32,14,144,39,36,18,233,39,3*77,1763494219859
NMEA,$GBGSV,2,2,05,37,47,047,42,3*43,1763494219859
NMEA,$GBGSV,2,1,06,19,55,311,34,20,70,160,34,22,04,319,34,32,14,144,35,5*75,1763494219859
NMEA,$GBGSV,2,2,06,36,18,233,33,37,47,047,29,5*75,1763494219859
NMEA,$GNGSA,A,3,03,04,07,08,09,16,20,21,27,30,,,0.6,0.4,0.5,1*37,1763494219870
NMEA,$PSSGR,GSA,A,3,03,04,08,09,21,27,30,,,,,,0.6,0.4,0.5,1,8*41,1763494219870
NMEA,$GNGSA,A,3,65,72,75,76,,,,,,,,,0.6,0.4,0.5,2*30,1763494219870
NMEA,$GNGSA,A,3,02,03,05,08,13,15,16,25,30,,,,0.6,0.4,0.5,3*3D,1763494219870
NMEA,$PSSGR,GSA,A,3,302,303,305,308,313,316,325,,,,,,0.6,0.4,0.5,3,1*74,1763494219870
NMEA,$GNGSA,A,3,19,20,32,36,37,,,,,,,,0.6,0.4,0.5,4*39,1763494219870
NMEA,$PSSGR,GSA,A,3,219,220,232,236,237,,,,,,,,0.6,0.4,0.5,4,5*72,1763494219870
NMEA,$GNVTG,,T,,M,0.0,N,0.0,K,E*39,1763494219870
NMEA,$GNDTM,W84,,0000.000000,N,00000.000000,E,0.000,W84*41,1763494219870
NMEA,$GNRMC,193020.00,A,3725.859036,N,12209.316362,W,0.0,,181125,12.8,E,E,V*5C,1763494219870
NMEA,$GNGNS,193020.00,3725.859036,N,12209.316362,W,EEEEEE,28,0.4,21.5,-32.6,,,V*22,1763494219870
NMEA,$GNGGA,193020.00,3725.859036,N,12209.316362,W,6,12,0.4,21.5,M,-32.6,M,,*7C,1763494219870
NMEA,$PSMSG,magcal=PASS,bluesky=0*00,1763494219877
NMEA,$GPGSV,4,1,14,03,18,173,31,04,53,101,38,06,03,257,34,07,53,281,41,1*6D,1763494220856
NMEA,$GPGSV,4,2,14,08,18,126,41,09,77,359,35,11,04,294,26,16,34,050,49,1*61,1763494220856
NMEA,$GPGSV,4,3,14,20,14,319,44,21,15,320,37,27,19,094,42,30,25,265,40,1*6F,1763494220856
NMEA,$GPGSV,4,4,14,46,00,000,37,48,00,000,42,1*6D,1763494220856
NMEA,$GPGSV,3,1,10,03,18,173,39,04,53,101,24,06,03,257,22,08,18,126,34,8*69,1763494220856
NMEA,$GPGSV,3,2,10,09,77,359,34,11,04,294,23,21,15,320,33,26,02,041,19,8*6B,1763494220856
NMEA,$GPGSV,3,3,10,27,19,094,29,30,25,265,31,8*60,1763494220856
NMEA,$GLGSV,1,1,04,12,64,230,43,11,52,029,36,01,76,110,36,08,21,136,43,1*7F,1763494220856
NMEA,$GAGSV,3,1,11,02,51,173,41,03,67,075,41,05,19,108,42,07,01,299,20,7*76,1763494220856
NMEA,$GAGSV,3,2,11,08,48,316,42,13,12,276,46,15,05,227,31,16,34,049,45,7*7C,1763494220856
NMEA,$GAGSV,3,3,11,25,54,070,41,26,03,323,39,30,06,202,32,7*4C,1763494220856
NMEA,$GAGSV,3,1,09,02,51,173,35,03,67,075,21,05,19,108,30,08,48,316,35,1*79,1763494220856
NMEA,$GAGSV,3,2,09,13,12,276,31,15,05,227,26,16,34,049,30,25,54,070,21,1*73,1763494220856
NMEA,$GAGSV,3,3,09,30,06,202,27,1*4C,1763494220856
NMEA,$GBGSV,2,1,07,37,47,047,44,36,18,233,40,32,14,144,36,22,04,319,41,1*76,1763494220856
NMEA,$GBGSV,2,2,07,20,70,160,39,19,55,311,43,04,03,265,35,1*45,1763494220856
NMEA,$GBGSV,2,1,05,19,55,311,45,20,70,160,39,32,14,144,35,36,18,233,40,3*79,1763494220856
NMEA,$GBGSV,2,2,05,37,47,047,44,3*45,1763494220856
NMEA,$GBGSV,2,1,06,19,55,311,25,20,70,160,35,22,04,319,26,32,14,144,34,5*76,1763494220856
NMEA,$GBGSV,2,2,06,36,18,233,34,37,47,047,27,5*7C,1763494220856
NMEA,$GNGSA,A,3,03,04,07,08,09,16,20,21,27,30,,,0.6,0.4,0.5,1*37,1763494220868
NMEA,$PSSGR,GSA,A,3,03,04,08,09,21,27,30,,,,,,0.6,0.4,0.5,1,8*41,1763494220868
NMEA,$GNGSA,A,3,65,72,75,76,,,,,,,,,0.6,0.4,0.5,2*30,1763494220868
NMEA,$GNGSA,A,3,02,03,05,08,13,15,16,25,30,,,,0.6,0.4,0.5,3*3D,1763494220868
NMEA,$PSSGR,GSA,A,3,302,303,305,308,313,316,325,330,,,,,0.6,0.4,0.5,3,1*44,1763494220868
NMEA,$GNGSA,A,3,19,20,32,36,37,,,,,,,,0.6,0.4,0.5,4*39,1763494220868
NMEA,$PSSGR,GSA,A,3,219,220,232,236,237,,,,,,,,0.6,0.4,0.5,4,5*72,1763494220868
NMEA,$GNVTG,235.4,T,222.6,M,0.4,N,0.7,K,E*3E,1763494220868
NMEA,$GNDTM,W84,,0000.000000,N,00000.000000,E,0.000,W84*41,1763494220868
NMEA,$GNRMC,193021.00,A,3725.858943,N,12209.316379,W,0.4,235.4,181125,12.8,E,E,V*77,1763494220868
NMEA,$GNGNS,193021.00,3725.858943,N,12209.316379,W,EEEEEE,28,0.4,21.5,-32.6,,,V*23,1763494220868
NMEA,$GNGGA,193021.00,3725.858943,N,12209.316379,W,6,12,0.4,21.5,M,-32.6,M,,*7D,1763494220868
NMEA,$PSMSG,magcal=PASS,bluesky=0*00,1763494220872
NMEA,$GPGSV,4,1,14,03,18,173,31,04,53,101,41,06,03,257,34,07,53,281,42,1*60,1763494221856
NMEA,$GPGSV,4,2,14,08,18,126,40,09,77,359,38,11,04,294,29,16,34,050,47,1*6C,1763494221856
NMEA,$GPGSV,4,3,14,20,14,319,43,21,15,320,36,27,19,094,41,30,25,265,40,1*6A,1763494221856
NMEA,$GPGSV,4,4,14,46,00,000,38,48,00,000,42,1*62,1763494221856
NMEA,$GPGSV,3,1,10,03,18,173,41,04,53,101,28,06,03,257,22,08,18,126,34,8*6A,1763494221856
NMEA,$GPGSV,3,2,10,09,77,359,34,11,04,294,20,21,15,320,33,26,02,041,19,8*68,1763494221856
NMEA,$GPGSV,3,3,10,27,19,094,26,30,25,265,31,8*6F,1763494221856
NMEA,$GLGSV,1,1,04,12,64,230,43,11,52,029,38,01,76,110,37,08,21,136,41,1*72,1763494221856
NMEA,$GAGSV,3,1,11,02,51,173,42,03,67,075,40,05,19,108,42,07,01,299,20,7*74,1763494221856
NMEA,$GAGSV,3,2,11,08,48,316,42,13,12,276,46,15,05,227,33,16,34,049,44,7*7F,1763494221856
NMEA,$GAGSV,3,3,11,25,54,070,37,26,03,323,36,30,06,202,30,7*40,1763494221856
NMEA,$GAGSV,3,1,09,02,51,173,37,03,67,075,25,05,19,108,30,08,48,316,35,1*7F,1763494221856
NMEA,$GAGSV,3,2,09,13,12,276,32,15,05,227,27,16,34,049,27,25,54,070,22,1*74,1763494221856
NMEA,$GAGSV,3,3,09,30,06,202,25,1*4E,1763494221856
NMEA,$GBGSV,2,1,07,37,47,047,45,36,18,233,41,32,14,144,37,22,04,319,40,1*76,1763494221856
NMEA,$GBGSV,2,2,07,20,70,160,41,19,55,311,42,04,03,265,37,1*49,1763494221856
NMEA,$GBGSV,2,1,05,19,55,311,44,20,70,160,39,32,14,144,36,36,18,233,38,3*74,1763494221856
NMEA,$GBGSV,2,2,05,37,47,047,44,3*45,1763494221856
NMEA,$GBGSV,2,1,06,19,55,311,26,20,70,160,34,22,04,319,25,32,14,144,35,5*76,1763494221856
NMEA,$GBGSV,2,2,06,36,18,233,33,37,47,047,29,5*75,1763494221856
NMEA,$GNGSA,A,3,03,04,07,08,09,16,20,21,27,30,,,0.6,0.4,0.5,1*37,1763494221875
NMEA,$PSSGR,GSA,A,3,03,04,08,09,21,27,30,,,,,,0.6,0.4,0.5,1,8*41,1763494221875
NMEA,$GNGSA,A,3,65,72,75,76,,,,,,,,,0.6,0.4,0.5,2*30,1763494221875
NMEA,$GNGSA,A,3,02,03,05,08,13,15,16,25,30,,,,0.6,0.4,0.5,3*3D,1763494221875
NMEA,$PSSGR,GSA,A,3,302,303,305,308,313,316,325,330,,,,,0.6,0.4,0.5,3,1*44,1763494221875
NMEA,$GNGSA,A,3,19,20,32,36,37,,,,,,,,0.6,0.4,0.5,4*39,1763494221875
NMEA,$PSSGR,GSA,A,3,219,220,232,236,237,,,,,,,,0.6,0.4,0.5,4,5*72,1763494221875
NMEA,$GNVTG,235.4,T,222.6,M,0.7,N,1.4,K,E*3F,1763494221875
NMEA,$GNDTM,W84,,0000.000000,N,00000.000000,E,0.000,W84*41,1763494221875
NMEA,$GNRMC,193022.00,A,3725.858868,N,12209.316588,W,0.7,235.4,181125,12.8,E,E,V*77,1763494221875
NMEA,$GNGNS,193022.00,3725.858868,N,12209.316588,W,EEEEEE,28,0.4,21.4,-32.6,,,V*21,1763494221875
NMEA,$GNGGA,193022.00,3725.858868,N,12209.316588,W,6,12,0.4,21.4,M,-32.6,M,,*7F,1763494221875
NMEA,$PSMSG,magcal=PASS,bluesky=0*00,1763494221880
NMEA,$GPGSV,4,1,14,03,18,173,39,04,53,101,41,06,03,257,33,07,53,281,41,1*6C,1763494222856
NMEA,$GPGSV,4,2,14,08,18,126,40,09,77,359,39,11,04,294,26,16,34,050,46,1*63,1763494222856
NMEA,$GPGSV,4,3,14,20,14,319,43,21,15,320,34,27,19,094,40,30,25,265,42,1*6B,1763494222856
NMEA,$GPGSV,4,4,14,46,00,000,40,48,00,000,42,1*6D,1763494222856
NMEA,$GPGSV,3,1,10,03,18,173,40,04,53,101,31,06,03,257,17,08,18,126,34,8*65,1763494222856
NMEA,$GPGSV,3,2,10,09,77,359,32,11,04,294,20,21,15,320,33,26,02,041,19,8*6E,1763494222856
NMEA,$GPGSV,3,3,10,27,19,094,31,30,25,265,32,8*6A,1763494222856
NMEA,$GLGSV,1,1,04,12,64,230,45,11,52,029,41,01,76,110,35,08,21,136,40,1*79,1763494222856
NMEA,$GAGSV,3,1,11,02,51,173,44,03,67,075,39,05,19,108,41,07,01,299,20,7*7F,1763494222856
NMEA,$GAGSV,3,2,11,08,48,316,42,13,12,276,45,15,05,227,34,16,34,049,44,7*7B,1763494222856
NMEA,$GAGSV,3,3,11,25,54,070,37,26,03,323,37,30,06,202,35,7*44,1763494222856
NMEA,$GAGSV,3,1,09,02,51,173,37,03,67,075,24,05,19,108,28,08,48,316,34,1*76,1763494222856
NMEA,$GAGSV,3,2,09,13,12,276,31,15,05,227,25,16,34,049,27,25,54,070,24,1*73,1763494222856
NMEA,$GAGSV,3,3,09,30,06,202,23,1*48,1763494222856
NMEA,$GBGSV,2,1,07,37,47,047,44,36,18,233,41,32,14,144,36,22,04,319,38,1*79,1763494222856
NMEA,$GBGSV,2,2,07,20,70,160,41,19,55,311,43,04,03,265,37,1*48,1763494222856
NMEA,$GBGSV,2,1,05,19,55,311,44,20,70,160,38,32,14,144,36,36,18,233,39,3*74,1763494222856
NMEA,$GBGSV,2,2,05,37,47,047,43,3*42,1763494222856
NMEA,$GBGSV,2,1,06,19,55,311,27,20,70,160,34,22,04,319,26,32,14,144,35,5*74,1763494222856
NMEA,$GBGSV,2,2,06,36,18,233,32,37,47,047,30,5*7C,1763494222856
NMEA,$GNGSA,A,3,03,04,07,08,09,16,20,21,27,30,,,0.6,0.4,0.5,1*37,1763494222867
NMEA,$PSSGR,GSA,A,3,03,04,08,09,21,27,30,,,,,,0.6,0.4,0.5,1,8*41,1763494222867
NMEA,$GNGSA,A,3,65,72,75,76,,,,,,,,,0.6,0.4,0.5,2*30,1763494222867
NMEA,$GNGSA,A,3,02,03,05,08,13,15,16,25,30,,,,0.6,0.4,0.5,3*3D,1763494222867
NMEA,$PSSGR,GSA,A,3,302,303,305,308,313,316,325,330,,,,,0.6,0.4,0.5,3,1*44,1763494222867
NMEA,$GNGSA,A,3,19,20,32,36,37,,,,,,,,0.6,0.4,0.5,4*39,1763494222867
NMEA,$PSSGR,GSA,A,3,219,220,232,236,237,,,,,,,,0.6,0.4,0.5,4,5*72,1763494222867
NMEA,$GNVTG,235.4,T,222.6,M,0.6,N,1.2,K,E*38,1763494222867
NMEA,$GNDTM,W84,,0000.000000,N,00000.000000,E,0.000,W84*41,1763494222867
NMEA,$GNRMC,193023.00,A,3725.858747,N,12209.316690,W,0.6,235.4,181125,12.8,E,E,V*7F,1763494222867
NMEA,$GNGNS,193023.00,3725.858747,N,12209.316690,W,EEEEEE,28,0.4,21.4,-32.6,,,V*28,1763494222867
NMEA,$GNGGA,193023.00,3725.858747,N,12209.316690,W,6,12,0.4,21.4,M,-32.6,M,,*76,1763494222867
NMEA,$PSMSG,magcal=PASS,bluesky=0*00,1763494222871
NMEA,$GPGSV,4,1,14,03,18,173,45,04,53,101,38,06,03,257,30,07,53,281,41,1*6A,1763494223863
NMEA,$GPGSV,4,2,14,08,18,126,44,09,77,359,40,11,04,294,32,16,34,050,41,1*6B,1763494223863
NMEA,$GPGSV,4,3,14,20,14,319,44,21,15,320,35,27,19,094,38,30,25,265,42,1*62,1763494223863
NMEA,$GPGSV,4,4,14,46,00,000,44,48,00,000,45,1*6E,1763494223863
NMEA,$GPGSV,3,1,10,03,18,173,36,04,53,101,24,06,03,257,21,08,18,126,29,8*69,1763494223863
NMEA,$GPGSV,3,2,10,09,77,359,31,11,04,294,20,21,15,320,34,26,02,041,16,8*65,1763494223863
NMEA,$GPGSV,3,3,10,27,19,094,36,30,25,265,33,8*6C,1763494223863
NMEA,$GLGSV,1,1,04,12,64,230,44,11,52,029,38,01,76,110,37,08,21,136,45,1*71,1763494223863
NMEA,$GAGSV,3,1,11,02,51,173,43,03,67,075,40,05,19,108,42,07,01,299,20,7*75,1763494223863
NMEA,$GAGSV,3,2,11,08,48,316,33,13,12,276,44,15,05,227,30,16,34,049,38,7*73,1763494223863
NMEA,$GAGSV,3,3,11,25,54,070,40,26,03,323,42,30,06,202,33,7*40,1763494223863
NMEA,$GAGSV,3,1,09,02,51,173,33,03,67,075,26,05,19,108,29,08,48,316,30,1*75,1763494223863
NMEA,$GAGSV,3,2,09,13,12,276,33,15,05,227,23,16,34,049,31,25,54,070,32,1*77,1763494223863
NMEA,$GAGSV,3,3,09,30,06,202,23,1*48,1763494223863
NMEA,$GBGSV,2,1,07,37,47,047,43,36,18,233,37,32,14,144,45,22,04,319,38,1*7B,1763494223863
NMEA,$GBGSV,2,2,07,20,70,160,41,19,55,311,45,04,03,265,37,1*4E,1763494223863
NMEA,$GBGSV,2,1,05,19,55,311,44,20,70,160,42,32,14,144,44,36,18,233,34,3*71,1763494223863
NMEA,$GBGSV,2,2,05,37,47,047,40,3*41,1763494223863
NMEA,$GBGSV,2,1,06,19,55,311,34,20,70,160,33,22,04,319,31,32,14,144,34,5*76,1763494223863
NMEA,$GBGSV,2,2,06,36,18,233,30,37,47,047,31,5*7F,1763494223863
NMEA,$GNGSA,A,3,03,04,07,08,09,16,20,21,27,30,,,0.6,0.4,0.5,1*37,1763494223874
NMEA,$PSSGR,GSA,A,3,03,04,08,09,21,27,30,,,,,,0.6,0.4,0.5,1,8*41,1763494223874
NMEA,$GNGSA,A,3,65,72,75,76,,,,,,,,,0.6,0.4,0.5,2*30,1763494223874
NMEA,$GNGSA,A,3,02,03,05,08,13,15,16,25,30,,,,0.6,0.4,0.5,3*3D,1763494223874
NMEA,$PSSGR,GSA,A,3,302,303,305,308,313,316,325,330,,,,,0.6,0.4,0.5,3,1*44,1763494223874
NMEA,$GNGSA,A,3,19,20,32,36,37,,,,,,,,0.6,0.4,0.5,4*39,1763494223874
NMEA,$PSSGR,GSA,A,3,219,220,232,236,237,,,,,,,,0.6,0.4,0.5,4,5*72,1763494223874
NMEA,$GNVTG,235.4,T,222.6,M,0.3,N,0.6,K,E*38,1763494223874
NMEA,$GNDTM,W84,,0000.000000,N,00000.000000,E,0.000,W84*41,1763494223874
NMEA,$GNRMC,193024.00,A,3725.858661,N,12209.316610,W,0.3,235.4,181125,12.8,E,E,V*70,1763494223874
NMEA,$GNGNS,193024.00,3725.858661,N,12209.316610,W,EEEEEE,28,0.4,21.3,-32.6,,,V*25,1763494223874
NMEA,$GNGGA,193024.00,3725.858661,N,12209.316610,W,6,12,0.4,21.3,M,-32.6,M,,*7B,1763494223874
NMEA,$PSMSG,magcal=PASS,bluesky=0*00,1763494223877
NMEA,$GPGSV,4,1,14,03,18,173,44,04,53,101,38,06,03,257,34,07,53,281,40,1*6E,1763494224855
NMEA,$GPGSV,4,2,14,08,18,126,44,09,77,359,41,11,04,294,32,16,34,050,44,1*6F,1763494224855
NMEA,$GPGSV,4,3,14,20,14,319,41,21,15,320,38,27,19,094,42,30,25,265,41,1*64,1763494224855
NMEA,$GPGSV,4,4,14,46,00,000,42,48,00,000,45,1*68,1763494224855
NMEA,$GPGSV,3,1,10,03,18,173,21,04,53,101,22,06,03,257,21,08,18,126,30,8*61,1763494224855
NMEA,$GPGSV,3,2,10,09,77,359,31,11,04,294,22,21,15,320,32,26,02,041,16,8*61,1763494224855
NMEA,$GPGSV,3,3,10,27,19,094,34,30,25,265,34,8*69,1763494224855
NMEA,$GLGSV,1,1,04,12,64,230,45,11,52,029,41,01,76,110,39,08,21,136,44,1*71,1763494224855
NMEA,$GAGSV,3,1,11,02,51,173,46,03,67,075,40,05,19,108,44,07,01,299,20,7*76,1763494224855
NMEA,$GAGSV,3,2,11,08,48,316,37,13,12,276,45,15,05,227,34,16,34,049,41,7*7C,1763494224855
NMEA,$GAGSV,3,3,11,25,54,070,41,26,03,323,39,30,06,202,27,7*48,1763494224855
NMEA,$GAGSV,3,1,09,02,51,173,39,03,67,075,26,05,19,108,27,08,48,316,25,1*75,1763494224855
NMEA,$GAGSV,3,2,09,13,12,276,33,15,05,227,25,16,34,049,34,25,54,070,33,1*75,1763494224855
NMEA,$GAGSV,3,3,09,30,06,202,23,1*48,1763494224855
NMEA,$GBGSV,2,1,07,37,47,047,45,36,18,233,37,32,14,144,46,22,04,319,40,1*71,1763494224855
NMEA,$GBGSV,2,2,07,20,70,160,41,19,55,311,43,04,03,265,38,1*47,1763494224855
NMEA,$GBGSV,2,1,05,19,55,311,42,20,70,160,40,32,14,144,45,36,18,233,33,3*73,1763494224855
NMEA,$GBGSV,2,2,05,37,47,047,42,3*43,1763494224855
NMEA,$GBGSV,2,1,06,19,55,311,34,20,70,160,28,22,04,319,30,32,14,144,30,5*79,1763494224855
NMEA,$GBGSV,2,2,06,36,18,233,30,37,47,047,33,5*7D,1763494224855
NMEA,$GNGSA,A,3,03,04,07,08,09,16,20,21,27,30,,,0.6,0.4,0.5,1*37,1763494224871
NMEA,$PSSGR,GSA,A,3,03,04,08,09,21,27,30,,,,,,0.6,0.4,0.5,1,8*41,1763494224871
NMEA,$GNGSA,A,3,65,72,75,76,,,,,,,,,0.6,0.4,0.5,2*30,1763494224871
NMEA,$GNGSA,A,3,02,03,05,08,13,16,25,30,,,,,0.6,0.4,0.5,3*39,1763494224871
NMEA,$PSSGR,GSA,A,3,302,303,305,308,313,316,325,330,,,,,0.6,0.4,0.5,3,1*44,1763494224871
NMEA,$GNGSA,A,3,19,20,32,36,37,,,,,,,,0.6,0.4,0.5,4*39,1763494224871
NMEA,$PSSGR,GSA,A,3,219,220,232,236,237,,,,,,,,0.6,0.4,0.5,4,5*72,1763494224871
NMEA,$GNVTG,235.4,T,222.6,M,0.8,N,1.4,K,E*30,1763494224871
NMEA,$GNDTM,W84,,0000.000000,N,00000.000000,E,0.000,W84*41,1763494224871
NMEA,$GNRMC,193025.00,A,3725.858586,N,12209.316346,W,0.8,235.4,181125,12.8,E,E,V*76,1763494224871
NMEA,$GNGNS,193025.00,3725.858586,N,12209.316346,W,EEEEEE,27,0.4,21.2,-32.6,,,V*26,1763494224871
NMEA,$GNGGA,193025.00,3725.858586,N,12209.316346,W,6,12,0.4,21.2,M,-32.6,M,,*77,1763494224871
NMEA,$PSMSG,magcal=PASS,bluesky=0*00,1763494224882
NMEA,$GPGSV,4,1,14,03,18,173,44,04,53,101,40,06,03,257,34,07,53,281,36,1*60,1763494225858
NMEA,$GPGSV,4,2,14,08,18,126,44,09,77,359,40,11,04,294,29,16,34,050,45,1*65,1763494225858
NMEA,$GPGSV,4,3,14,20,14,319,41,21,15,320,36,27,19,094,44,30,25,265,41,1*6C,1763494225858
NMEA,$GPGSV,4,4,14,46,00,000,41,48,00,000,44,1*6A,1763494225858
NMEA,$GPGSV,3,1,10,03,18,173,28,04,53,101,32,06,03,257,21,08,18,126,35,8*6C,1763494225858
NMEA,$GPGSV,3,2,10,09,77,359,31,11,04,294,21,21,15,320,31,26,02,041,21,8*65,1763494225858
NMEA,$GPGSV,3,3,10,27,19,094,34,30,25,265,34,8*69,1763494225858
NMEA,$GLGSV,1,1,04,12,64,230,45,11,52,029,39,01,76,110,38,08,21,136,42,1*79,1763494225858
NMEA,$GAGSV,3,1,11,02,51,173,45,03,67,075,39,05,19,108,43,07,01,299,20,7*7C,1763494225858
NMEA,$GAGSV,3,2,11,08,48,316,37,13,12,276,45,15,05,227,37,16,34,049,42,7*7C,1763494225858
NMEA,$GAGSV,3,3,11,25,54,070,41,26,03,323,37,30,06,202,26,7*47,1763494225858
NMEA,$GAGSV,3,1,09,02,51,173,38,03,67,075,30,05,19,108,31,08,48,316,26,1*77,1763494225858
NMEA,$GAGSV,3,2,09,13,12,276,32,15,05,227,27,16,34,049,32,25,54,070,33,1*70,1763494225858
NMEA,$GAGSV,3,3,09,30,06,202,23,1*48,1763494225858
NMEA,$GBGSV,2,1,07,37,47,047,42,36,18,233,33,32,14,144,45,22,04,319,38,1*7E,1763494225858
NMEA,$GBGSV,2,2,07,20,70,160,42,19,55,311,43,04,03,265,39,1*45,1763494225858
NMEA,$GBGSV,2,1,05,19,55,311,41,20,70,160,38,32,14,144,45,36,18,233,34,3*78,1763494225858
NMEA,$GBGSV,2,2,05,37,47,047,42,3*43,1763494225858
NMEA,$GBGSV,2,1,06,19,55,311,33,20,70,160,28,22,04,319,32,32,14,144,28,5*75,1763494225858
NMEA,$GBGSV,2,2,06,36,18,233,27,37,47,047,30,5*78,1763494225858
NMEA,$GNGSA,A,3,03,04,07,08,09,16,20,21,27,30,,,0.6,0.4,0.5,1*37,1763494225874
NMEA,$PSSGR,GSA,A,3,03,04,08,09,21,27,30,,,,,,0.6,0.4,0.5,1,8*41,1763494225874
NMEA,$GNGSA,A,3,65,72,75,76,,,,,,,,,0.6,0.4,0.5,2*30,1763494225874
NMEA,$GNGSA,A,3,02,03,05,08,13,16,25,30,,,,,0.6,0.4,0.5,3*39,1763494225874
NMEA,$PSSGR,GSA,A,3,302,303,305,308,313,316,325,330,,,,,0.6,0.4,0.5,3,1*44,1763494225874
NMEA,$GNGSA,A,3,19,20,32,36,37,,,,,,,,0.6,0.4,0.5,4*39,1763494225874
NMEA,$PSSGR,GSA,A,3,219,220,232,236,237,,,,,,,,0.6,0.4,0.5,4,5*72,1763494225874
NMEA,$GNVTG,235.4,T,222.6,M,0.9,N,1.7,K,E*32,1763494225874
NMEA,$GNDTM,W84,,0000.000000,N,00000.000000,E,0.000,W84*41,1763494225874
NMEA,$GNRMC,193026.00,A,3725.858612,N,12209.315998,W,0.9,235.4,181125,12.8,E,E,V*70,1763494225874
NMEA,$GNGNS,193026.00,3725.858612,N,12209.315998,W,EEEEEE,27,0.4,21.2,-32.6,,,V*21,1763494225874
NMEA,$GNGGA,193026.00,3725.858612,N,12209.315998,W,6,12,0.4,21.2,M,-32.6,M,,*70,1763494225874
NMEA,$PSMSG,magcal=PASS,bluesky=0*00,1763494225881
NMEA,$GPGSV,4,1,14,03,18,173,44,04,53,101,41,06,03,257,34,07,53,281,38,1*6F,1763494226855
NMEA,$GPGSV,4,2,14,08,18,126,45,09,77,359,38,11,04,294,27,16,34,050,44,1*64,1763494226855
NMEA,$GPGSV,4,3,14,20,14,319,42,21,15,320,37,27,19,094,44,30,25,265,41,1*6E,1763494226855
NMEA,$GPGSV,4,4,14,46,00,000,40,48,00,000,44,1*6B,1763494226855
NMEA,$GPGSV,3,1,10,03,18,173,29,04,53,101,29,06,03,257,19,08,18,126,34,8*6D,1763494226855
NMEA,$GPGSV,3,2,10,09,77,359,30,11,04,294,22,21,15,320,30,26,02,041,22,8*65,1763494226855
NMEA,$GPGSV,3,3,10,27,19,094,36,30,25,265,33,8*6C,1763494226855
NMEA,$GLGSV,1,1,04,12,64,230,45,11,52,029,36,01,76,110,35,08,21,136,42,1*7B,1763494226855
NMEA,$GAGSV,3,1,11,02,51,173,44,03,67,075,41,05,19,108,44,07,01,299,20,7*75,1763494226855
NMEA,$GAGSV,3,2,11,08,48,316,38,13,12,276,45,15,05,227,34,16,34,049,41,7*73,1763494226855
NMEA,$GAGSV,3,3,11,25,54,070,41,26,03,323,36,30,06,202,25,7*45,1763494226855
NMEA,$GAGSV,3,1,09,02,51,173,38,03,67,075,30,05,19,108,31,08,48,316,25,1*74,1763494226855
NMEA,$GAGSV,3,2,09,13,12,276,32,15,05,227,27,16,34,049,32,25,54,070,32,1*71,1763494226855
NMEA,$GAGSV,3,3,09,30,06,202,19,1*41,1763494226855
NMEA,$GBGSV,2,1,07,37,47,047,42,36,18,233,38,32,14,144,45,22,04,319,37,1*7A,1763494226855
NMEA,$GBGSV,2,2,07,20,70,160,42,19,55,311,42,04,03,265,39,1*44,1763494226855
NMEA,$GBGSV,2,1,05,19,55,311,41,20,70,160,37,32,14,144,46,36,18,233,33,3*73,1763494226855
NMEA,$GBGSV,2,2,05,37,47,047,43,3*42,1763494226855
NMEA,$GBGSV,2,1,06,19,55,311,33,20,70,160,29,22,04,319,33,32,14,144,27,5*7A,1763494226855
NMEA,$GBGSV,2,2,06,36,18,233,27,37,47,047,30,5*78,1763494226855
NMEA,$GNGSA,A,3,03,04,07,08,09,16,20,21,27,30,,,0.6,0.4,0.5,1*37,1763494226867
NMEA,$PSSGR,GSA,A,3,03,04,08,09,21,27,30,,,,,,0.6,0.4,0.5,1,8*41,1763494226867
NMEA,$GNGSA,A,3,65,72,75,76,,,,,,,,,0.6,0.4,0.5,2*30,1763494226867
NMEA,$GNGSA,A,3,02,03,05,08,13,16,25,30,,,,,0.6,0.4,0.5,3*39,1763494226867
NMEA,$PSSGR,GSA,A,3,302,303,305,308,313,316,325,330,,,,,0.6,0.4,0.5,3,1*44,1763494226867
NMEA,$GNGSA,A,3,19,20,32,36,37,,,,,,,,0.6,0.4,0.5,4*39,1763494226867
NMEA,$PSSGR,GSA,A,3,219,220,232,236,237,,,,,,,,0.6,0.4,0.5,4,5*72,1763494226867
NMEA,$GNVTG,235.4,T,222.6,M,0.4,N,0.8,K,E*31,1763494226867
NMEA,$GNDTM,W84,,0000.000000,N,00000.000000,E,0.000,W84*41,1763494226867
NMEA,$GNRMC,193027.00,A,3725.858651,N,12209.315831,W,0.4,235.4,181125,12.8,E,E,V*79,1763494226867
NMEA,$GNGNS,193027.00,3725.858651,N,12209.315831,W,EEEEEE,27,0.4,21.2,-32.6,,,V*25,1763494226867
NMEA,$GNGGA,193027.00,3725.858651,N,12209.315831,W,6,12,0.4,21.2,M,-32.6,M,,*74,1763494226867
NMEA,$PSMSG,magcal=PASS,bluesky=0*00,1763494226874
NMEA,$GPGSV,4,1,14,03,18,173,45,04,53,101,41,06,03,257,32,07,53,281,35,1*65,1763494227861
NMEA,$GPGSV,4,2,14,08,18,126,43,09,77,359,37,11,04,294,28,16,34,050,43,1*65,1763494227861
NMEA,$GPGSV,4,3,14,20,14,319,45,21,15,320,37,27,19,094,38,30,25,265,42,1*61,1763494227861
NMEA,$GPGSV,4,4,14,46,00,000,43,48,00,000,45,1*69,1763494227861
NMEA,$GPGSV,3,1,10,03,18,173,39,04,53,101,31,06,03,257,22,08,18,126,32,8*6B,1763494227861
NMEA,$GPGSV,3,2,10,09,77,359,30,11,04,294,24,21,15,320,36,26,02,041,22,8*65,1763494227861
NMEA,$GPGSV,3,3,10,27,19,094,39,30,25,265,34,8*64,1763494227861
NMEA,$GLGSV,1,1,04,12,64,230,43,11,52,029,40,01,76,110,33,08,21,136,41,1*79,1763494227861
NMEA,$GAGSV,3,1,11,02,51,173,43,03,67,075,39,05,19,108,39,07,01,299,15,7*71,1763494227861
NMEA,$GAGSV,3,2,11,08,48,316,38,13,12,276,43,15,05,227,32,16,34,049,40,7*72,1763494227861
NMEA,$GAGSV,3,3,11,25,54,070,40,26,03,323,43,30,06,202,33,7*41,1763494227861
NMEA,$GAGSV,3,1,09,02,51,173,32,03,67,075,26,05,19,108,32,08,48,316,28,1*77,1763494227861
NMEA,$GAGSV,3,2,09,13,12,276,32,15,05,227,25,16,34,049,34,25,54,070,29,1*7F,1763494227861
NMEA,$GAGSV,3,3,09,30,06,202,19,1*41,1763494227861
NMEA,$GBGSV,2,1,07,37,47,047,43,36,18,233,38,32,14,144,41,22,04,319,42,1*7D,1763494227861
NMEA,$GBGSV,2,2,07,20,70,160,42,19,55,311,44,04,03,265,36,1*4D,1763494227861
NMEA,$GBGSV,2,1,05,19,55,311,44,20,70,160,36,32,14,144,42,36,18,233,36,3*76,1763494227861
NMEA,$GBGSV,2,2,05,37,47,047,42,3*43,1763494227861
NMEA,$GBGSV,2,1,06,19,55,311,34,20,70,160,34,22,04,319,32,32,14,144,36,5*70,1763494227861
NMEA,$GBGSV,2,2,06,36,18,233,31,37,47,047,34,5*7B,1763494227861
NMEA,$GNGSA,A,3,03,04,07,08,09,16,20,21,27,30,,,0.6,0.4,0.5,1*37,1763494227883
NMEA,$PSSGR,GSA,A,3,03,04,08,09,21,27,30,,,,,,0.6,0.4,0.5,1,8*41,1763494227883
NMEA,$GNGSA,A,3,65,72,75,76,,,,,,,,,0.6,0.4,0.5,2*30,1763494227883
NMEA,$GNGSA,A,3,02,03,05,08,13,16,25,30,,,,,0.6,0.4,0.5,3*39,1763494227883
NMEA,$PSSGR,GSA,A,3,302,303,305,308,313,316,325,,,,,,0.6,0.4,0.5,3,1*74,1763494227883
NMEA,$GNGSA,A,3,19,20,32,36,37,,,,,,,,0.6,0.4,0.5,4*39,1763494227883
NMEA,$PSSGR,GSA,A,3,219,220,232,236,237,,,,,,,,0.6,0.4,0.5,4,5*72,1763494227883
NMEA,$GNVTG,,T,,M,0.0,N,0.0,K,E*39,1763494227883
NMEA,$GNDTM,W84,,0000.000000,N,00000.000000,E,0.000,W84*41,1763494227883
NMEA,$GNRMC,193028.00,A,3725.858684,N,12209.315845,W,0.0,,181125,12.8,E,E,V*57,1763494227883
NMEA,$GNGNS,193028.00,3725.858684,N,12209.315845,W,EEEEEE,27,0.4,21.1,-32.6,,,V*22,1763494227883
NMEA,$GNGGA,193028.00,3725.858684,N,12209.315845,W,6,12,0.4,21.1,M,-32.6,M,,*73,1763494227883
NMEA,$PSMSG,magcal=PASS,bluesky=0*00,1763494227890
NMEA,$GPGSV,4,1,14,03,18,173,38,04,53,101,40,06,03,257,35,07,53,281,41,1*6A,1763494228859
NMEA,$GPGSV,4,2,14,08,18,126,35,09,77,359,38,11,04,294,31,16,34,050,48,1*68,1763494228859
NMEA,$GPGSV,4,3,14,20,14,319,42,21,15,320,37,27,19,094,39,30,25,265,42,1*67,1763494228859
NMEA,$GPGSV,4,4,14,46,00,000,42,48,00,000,43,1*6E,1763494228859
NMEA,$GPGSV,3,1,10,03,18,173,40,04,53,101,24,06,03,257,22,08,18,126,35,8*66,1763494228859
NMEA,$GPGSV,3,2,10,09,77,359,30,11,04,294,23,21,15,320,32,26,02,041,22,8*66,1763494228859
NMEA,$GPGSV,3,3,10,27,19,094,34,30,25,265,34,8*69,1763494228859
NMEA,$GLGSV,1,1,04,12,64,230,42,11,52,029,37,01,76,110,35,08,21,136,38,1*70,1763494228859
NMEA,$GAGSV,3,1,11,02,51,173,42,03,67,075,38,05,19,108,39,07,01,299,15,7*71,1763494228859
NMEA,$GAGSV,3,2,11,08,48,316,38,13,12,276,44,15,05,227,34,16,34,049,44,7*77,1763494228859
NMEA,$GAGSV,3,3,11,25,54,070,41,26,03,323,38,30,06,202,30,7*4F,1763494228859
NMEA,$GAGSV,3,1,09,02,51,173,36,03,67,075,28,05,19,108,33,08,48,316,24,1*70,1763494228859
NMEA,$GAGSV,3,2,09,13,12,276,32,15,05,227,27,16,34,049,30,25,54,070,24,1*74,1763494228859
NMEA,$GAGSV,3,3,09,30,06,202,24,1*4F,1763494228859
NMEA,$GBGSV,2,1,07,37,47,047,45,36,18,233,42,32,14,144,35,22,04,319,38,1*78,1763494228859
NMEA,$GBGSV,2,2,07,20,70,160,41,19,55,311,44,04,03,265,38,1*40,1763494228859
NMEA,$GBGSV,2,1,05,19,55,311,45,20,70,160,40,32,14,144,34,36,18,233,42,3*74,1763494228859
NMEA,$GBGSV,2,2,05,37,47,047,44,3*45,1763494228859
NMEA,$GBGSV,2,1,06,19,55,311,30,20,70,160,34,22,04,319,30,32,14,144,36,5*76,1763494228859
NMEA,$GBGSV,2,2,06,36,18,233,28,37,47,047,27,5*71,1763494228859
NMEA,$GNGSA,A,3,03,04,07,08,09,16,20,21,27,30,,,0.6,0.4,0.5,1*37,1763494228870
NMEA,$PSSGR,GSA,A,3,03,04,08,09,21,27,30,,,,,,0.6,0.4,0.5,1,8*41,1763494228870
NMEA,$GNGSA,A,3,65,72,75,76,,,,,,,,,0.6,0.4,0.5,2*30,1763494228870
NMEA,$GNGSA,A,3,02,03,05,08,13,16,25,30,,,,,0.6,0.4,0.5,3*39,1763494228870
NMEA,$PSSGR,GSA,A,3,302,303,305,308,313,316,325,,,,,,0.6,0.4,0.5,3,1*74,1763494228870
NMEA,$GNGSA,A,3,19,20,32,36,37,,,,,,,,0.6,0.4,0.5,4*39,1763494228870
NMEA,$PSSGR,GSA,A,3,219,220,232,236,237,,,,,,,,0.6,0.4,0.5,4,5*72,1763494228870
NMEA,$GNVTG,235.4,T,222.6,M,0.3,N,0.6,K,E*38,1763494228870
NMEA,$GNDTM,W84,,0000.000000,N,00000.000000,E,0.000,W84*41,1763494228870
NMEA,$GNRMC,193029.00,A,3725.858688,N,12209.315914,W,0.3,235.4,181125,12.8,E,E,V*72,1763494228870
NMEA,$GNGNS,193029.00,3725.858688,N,12209.315914,W,EEEEEE,27,0.4,21.1,-32.6,,,V*2A,1763494228870
NMEA,$GNGGA,193029.00,3725.858688,N,12209.315914,W,6,12,0.4,21.1,M,-32.6,M,,*7B,1763494228870
NMEA,$PSMSG,magcal=PASS,bluesky=0*00,1763494228874
NMEA,$GPGSV,4,1,14,03,18,173,41,04,53,101,40,06,03,257,34,07,53,281,36,1*65,1763494229860
NMEA,$GPGSV,4,2,14,08,18,126,33,09,77,359,37,11,04,294,27,16,34,050,46,1*68,1763494229860
NMEA,$GPGSV,4,3,14,20,14,319,43,21,15,320,34,27,19,094,38,30,25,265,42,1*64,1763494229860
NMEA,$GPGSV,4,4,14,46,00,000,45,48,00,000,45,1*6F,1763494229860
NMEA,$GPGSV,3,1,10,03,18,173,40,04,53,101,30,06,03,257,22,08,18,126,36,8*60,1763494229860
NMEA,$GPGSV,3,2,10,09,77,359,31,11,04,294,23,21,15,320,35,26,02,041,22,8*60,1763494229860
NMEA,$GPGSV,3,3,10,27,19,094,35,30,25,265,35,8*69,1763494229860
NMEA,$GLGSV,1,1,04,12,64,230,42,11,52,029,38,01,76,110,36,08,21,136,36,1*72,1763494229860
NMEA,$GAGSV,3,1,11,02,51,173,42,03,67,075,38,05,19,108,38,07,01,299,15,7*70,1763494229860
NMEA,$GAGSV,3,2,11,08,48,316,38,13,12,276,43,15,05,227,33,16,34,049,43,7*70,1763494229860
NMEA,$GAGSV,3,3,11,25,54,070,39,26,03,323,39,30,06,202,33,7*42,1763494229860
NMEA,$GAGSV,3,1,09,02,51,173,35,03,67,075,28,05,19,108,32,08,48,316,28,1*7E,1763494229860
NMEA,$GAGSV,3,2,09,13,12,276,32,15,05,227,24,16,34,049,30,25,54,070,22,1*71,1763494229860
NMEA,$GAGSV,3,3,09,30,06,202,23,1*48,1763494229860
NMEA,$GBGSV,2,1,07,37,47,047,44,36,18,233,42,32,14,144,31,22,04,319,39,1*7C,1763494229860
NMEA,$GBGSV,2,2,07,20,70,160,41,19,55,311,46,04,03,265,35,1*4F,1763494229860
NMEA,$GBGSV,2,1,05,19,55,311,46,20,70,160,39,32,14,144,30,36,18,233,41,3*7E,1763494229860
NMEA,$GBGSV,2,2,05,37,47,047,43,3*42,1763494229860
NMEA,$GBGSV,2,1,06,19,55,311,33,20,70,160,34,22,04,319,32,32,14,144,35,5*74,1763494229860
NMEA,$GBGSV,2,2,06,36,18,233,29,37,47,047,27,5*70,1763494229860
NMEA,$GNGSA,A,3,03,04,07,08,09,16,20,21,27,30,,,0.6,0.4,0.5,1*37,1763494229879
NMEA,$PSSGR,GSA,A,3,03,04,08,09,21,27,30,,,,,,0.6,0.4,0.5,1,8*41,1763494229879
NMEA,$GNGSA,A,3,65,72,75,76,,,,,,,,,0.6,0.4,0.5,2*30,1763494229879
NMEA,$GNGSA,A,3,02,03,05,08,13,16,25,30,,,,,0.6,0.4,0.5,3*39,1763494229879
NMEA,$PSSGR,GSA,A,3,302,303,305,308,313,316,325,,,,,,0.6,0.4,0.5,3,1*74,1763494229879
NMEA,$GNGSA,A,3,19,20,32,36,37,,,,,,,,0.6,0.4,0.5,4*39,1763494229879
NMEA,$PSSGR,GSA,A,3,219,220,232,236,237,,,,,,,,0.6,0.4,0.5,4,5*72,1763494229879
NMEA,$GNVTG,235.4,T,222.6,M,0.5,N,0.9,K,E*31,1763494229879
NMEA,$GNDTM,W84,,0000.000000,N,00000.000000,E,0.000,W84*41,1763494229879
NMEA,$GNRMC,193030.00,A,3725.858606,N,12209.316045,W,0.5,235.4,181125,12.8,E,E,V*74,1763494229879
NMEA,$GNGNS,193030.00,3725.858606,N,12209.316045,W,EEEEEE,27,0.4,20.9,-32.6,,,V*23,1763494229879
NMEA,$GNGGA,193030.00,3725.858606,N,12209.316045,W,6,12,0.4,20.9,M,-32.6,M,,*72,1763494229879
NMEA,$PSMSG,magcal=PASS,bluesky=0*00,1763494229884
NMEA,$GPGSV,4,1,14,03,18,173,46,04,53,101,42,06,03,257,30,07,53,281,39,1*6B,1763494230861
NMEA,$GPGSV,4,2,14,08,18,126,43,09,77,359,41,11,04,294,30,16,34,050,41,1*6F,1763494230861
NMEA,$GPGSV,4,3,14,20,14,319,46,21,15,320,33,27,19,094,38,30,25,265,40,1*64,1763494230861
NMEA,$GPGSV,4,4,14,46,00,000,44,48,00,000,45,1*6E,1763494230861
NMEA,$GPGSV,3,1,10,03,18,173,37,04,53,101,31,06,03,257,22,08,18,126,31,8*66,1763494230861
NMEA,$GPGSV,3,2,10,09,77,359,28,11,04,294,23,21,15,320,35,26,02,041,22,8*68,1763494230861
NMEA,$GPGSV,3,3,10,27,19,094,38,30,25,265,32,8*63,1763494230861
NMEA,$GLGSV,1,1,04,12,64,230,45,11,52,029,36,01,76,110,37,08,21,136,43,1*78,1763494230861
NMEA,$GAGSV,3,1,11,02,51,173,43,03,67,075,40,05,19,108,41,07,01,299,15,7*70,1763494230861
NMEA,$GAGSV,3,2,11,08,48,316,33,13,12,276,43,15,05,227,31,16,34,049,37,7*7A,1763494230861
NMEA,$GAGSV,3,3,11,25,54,070,38,26,03,323,41,30,06,202,31,7*4E,1763494230861
NMEA,$GAGSV,3,1,09,02,51,173,32,03,67,075,26,05,19,108,28,08,48,316,30,1*75,1763494230861
NMEA,$GAGSV,3,2,09,13,12,276,32,15,05,227,23,16,34,049,33,25,54,070,26,1*71,1763494230861
NMEA,$GAGSV,3,3,09,30,06,202,23,1*48,1763494230861
NMEA,$GBGSV,2,1,07,37,47,047,42,36,18,233,35,32,14,144,45,22,04,319,43,1*74,1763494230861
NMEA,$GBGSV,2,2,07,20,70,160,41,19,55,311,43,04,03,265,33,1*4C,1763494230861
NMEA,$GBGSV,2,1,05,19,55,311,44,20,70,160,40,32,14,144,43,36,18,233,35,3*75,1763494230861
NMEA,$GBGSV,2,2,05,37,47,047,41,3*40,1763494230861
NMEA,$GBGSV,2,1,06,19,55,311,32,20,70,160,33,22,04,319,30,32,14,144,33,5*76,1763494230861
NMEA,$GBGSV,2,2,06,36,18,233,30,37,47,047,31,5*7F,1763494230861
NMEA,$GNGSA,A,3,03,04,07,08,09,16,20,21,27,30,,,0.6,0.4,0.5,1*37,1763494230877
NMEA,$PSSGR,GSA,A,3,03,04,08,09,21,27,30,,,,,,0.6,0.4,0.5,1,8*41,1763494230877
NMEA,$GNGSA,A,3,65,72,75,76,,,,,,,,,0.6,0.4,0.5,2*30,1763494230877
NMEA,$GNGSA,A,3,02,03,05,08,13,16,25,30,,,,,0.6,0.4,0.5,3*39,1763494230877
NMEA,$PSSGR,GSA,A,3,302,303,305,308,313,316,325,,,,,,0.6,0.4,0.5,3,1*74,1763494230877
NMEA,$GNGSA,A,3,19,20,32,36,37,,,,,,,,0.6,0.4,0.5,4*39,1763494230877
NMEA,$PSSGR,GSA,A,3,219,220,232,236,237,,,,,,,,0.6,0.4,0.5,4,5*72,1763494230877
NMEA,$GNVTG,235.4,T,222.6,M,0.3,N,0.6,K,E*38,1763494230877
NMEA,$GNDTM,W84,,0000.000000,N,00000.000000,E,0.000,W84*41,1763494230877
NMEA,$GNRMC,193031.00,A,3725.858552,N,12209.316073,W,0.3,235.4,181125,12.8,E,E,V*74,1763494230877
NMEA,$GNGNS,193031.00,3725.858552,N,12209.316073,W,EEEEEE,27,0.4,20.5,-32.6,,,V*29,1763494230877
NMEA,$GNGGA,193031.00,3725.858552,N,12209.316073,W,6,12,0.4,20.5,M,-32.6,M,,*78,1763494230877
NMEA,$PSMSG,magcal=PASS,bluesky=0*00,1763494230883
NMEA,$GPGSV,4,1,14,03,18,173,46,04,53,101,37,06,03,257,35,07,53,281,41,1*63,1763494231859
NMEA,$GPGSV,4,2,14,08,18,126,44,09,77,359,41,11,04,294,29,16,34,050,45,1*64,1763494231859
NMEA,$GPGSV,4,3,14,20,14,319,42,21,15,320,36,27,19,094,43,30,25,265,39,1*67,1763494231859
NMEA,$GPGSV,4,4,14,46,00,000,43,48,00,000,45,1*69,1763494231859
NMEA,$GPGSV,3,1,10,03,18,173,25,04,53,101,26,06,03,257,17,08,18,126,34,8*60,1763494231859
NMEA,$GPGSV,3,2,10,09,77,359,32,11,04,294,22,21,15,320,32,26,02,041,22,8*65,1763494231859
NMEA,$GPGSV,3,3,10,27,19,094,36,30,25,265,34,8*6B,1763494231859
NMEA,$GLGSV,1,1,04,12,64,230,44,11,52,029,37,01,76,110,38,08,21,136,41,1*75,1763494231859
NMEA,$GAGSV,3,1,11,02,51,173,44,03,67,075,40,05,19,108,44,07,01,299,15,7*72,1763494231859
NMEA,$GAGSV,3,2,11,08,48,316,37,13,12,276,46,15,05,227,27,16,34,049,40,7*7C,1763494231859
NMEA,$GAGSV,3,3,11,25,54,070,42,26,03,323,38,30,06,202,26,7*4B,1763494231859
NMEA,$GAGSV,3,1,09,02,51,173,39,03,67,075,28,05,19,108,31,08,48,316,24,1*7D,1763494231859
NMEA,$GAGSV,3,2,09,13,12,276,32,15,05,227,22,16,34,049,35,25,54,070,32,1*73,1763494231859
NMEA,$GAGSV,3,3,09,30,06,202,22,1*49,1763494231859
NMEA,$GBGSV,2,1,07,37,47,047,40,36,18,233,35,32,14,144,45,22,04,319,40,1*75,1763494231859
NMEA,$GBGSV,2,2,07,20,70,160,41,19,55,311,43,04,03,265,35,1*4A,1763494231859
NMEA,$GBGSV,2,1,05,19,55,311,41,20,70,160,40,32,14,144,45,36,18,233,35,3*76,1763494231859
NMEA,$GBGSV,2,2,05,37,47,047,41,3*40,1763494231859
NMEA,$GBGSV,2,1,06,19,55,311,33,20,70,160,28,22,04,319,32,32,14,144,27,5*7A,1763494231859
NMEA,$GBGSV,2,2,06,36,18,233,28,37,47,047,33,5*74,1763494231859
NMEA,$GNGSA,A,3,03,04,07,08,09,16,20,21,27,30,,,0.6,0.4,0.5,1*37,1763494231872
NMEA,$PSSGR,GSA,A,3,03,04,08,09,21,27,30,,,,,,0.6,0.4,0.5,1,8*41,1763494231872
NMEA,$GNGSA,A,3,65,72,75,76,,,,,,,,,0.6,0.4,0.5,2*30,1763494231872
NMEA,$GNGSA,A,3,02,03,05,08,13,16,25,30,,,,,0.6,0.4,0.5,3*39,1763494231872
NMEA,$PSSGR,GSA,A,3,302,303,305,308,313,316,325,,,,,,0.6,0.4,0.5,3,1*74,1763494231872
NMEA,$GNGSA,A,3,19,20,32,36,37,,,,,,,,0.6,0.4,0.5,4*39,1763494231872
NMEA,$PSSGR,GSA,A,3,219,220,232,236,237,,,,,,,,0.6,0.4,0.5,4,5*72,1763494231872
NMEA,$GNVTG,235.4,T,222.6,M,0.5,N,0.9,K,E*31,1763494231872
NMEA,$GNDTM,W84,,0000.000000,N,00000.000000,E,0.000,W84*41,1763494231872
NMEA,$GNRMC,193032.00,A,3725.858486,N,12209.315932,W,0.5,235.4,181125,12.8,E,E,V*76,1763494231872
NMEA,$GNGNS,193032.00,3725.858486,N,12209.315932,W,EEEEEE,27,0.4,20.6,-32.6,,,V*2E,1763494231872
NMEA,$GNGGA,193032.00,3725.858486,N,12209.315932,W,6,12,0.4,20.6,M,-32.6,M,,*7F,1763494231872
NMEA,$PSMSG,magcal=PASS,bluesky=0*00,1763494231877
NMEA,$GPGSV,4,1,14,03,18,173,44,04,53,101,42,06,03,257,34,07,53,281,38,1*6C,1763494232861
NMEA,$GPGSV,4,2,14,08,18,126,44,09,77,359,41,11,04,294,28,16,34,050,45,1*65,1763494232861
NMEA,$GPGSV,4,3,14,20,14,319,40,21,15,320,35,27,19,094,45,30,25,265,41,1*6F,1763494232861
NMEA,$GPGSV,4,4,14,46,00,000,41,48,00,000,43,1*6D,1763494232861
NMEA,$GPGSV,3,1,10,03,18,173,30,04,53,101,31,06,03,257,17,08,18,126,36,8*60,1763494232861
NMEA,$GPGSV,3,2,10,09,77,359,31,11,04,294,22,21,15,320,31,26,02,041,22,8*65,1763494232861
NMEA,$GPGSV,3,3,10,27,19,094,36,30,25,265,33,8*6C,1763494232861
NMEA,$GLGSV,1,1,04,12,64,230,44,11,52,029,36,01,76,110,37,08,21,136,40,1*7A,1763494232861
NMEA,$GAGSV,3,1,11,02,51,173,44,03,67,075,40,05,19,108,44,07,01,299,15,7*72,1763494232861
NMEA,$GAGSV,3,2,11,08,48,316,38,13,12,276,46,15,05,227,33,16,34,049,43,7*75,1763494232861
NMEA,$GAGSV,3,3,11,25,54,070,42,26,03,323,35,30,06,202,26,7*46,1763494232861
NMEA,$GAGSV,3,1,09,02,51,173,39,03,67,075,29,05,19,108,33,08,48,316,26,1*7C,1763494232861
NMEA,$GAGSV,3,2,09,13,12,276,31,15,05,227,22,16,34,049,34,25,54,070,33,1*70,1763494232861
NMEA,$GAGSV,3,3,09,30,06,202,24,1*4F,1763494232861
NMEA,$GBGSV,2,1,07,37,47,047,42,36,18,233,36,32,14,144,46,22,04,319,36,1*76,1763494232861
NMEA,$GBGSV,2,2,07,20,70,160,43,19,55,311,43,04,03,265,35,1*48,1763494232861
NMEA,$GBGSV,2,1,05,19,55,311,40,20,70,160,39,32,14,144,45,36,18,233,33,3*7F,1763494232861
NMEA,$GBGSV,2,2,05,37,47,047,42,3*43,1763494232861
NMEA,$GBGSV,2,1,06,19,55,311,33,20,70,160,25,22,04,319,33,32,14,144,28,5*79,1763494232861
NMEA,$GBGSV,2,2,06,36,18,233,28,37,47,047,32,5*75,1763494232861
NMEA,$GNGSA,A,3,03,04,07,08,09,16,20,21,27,30,,,0.6,0.4,0.5,1*37,1763494232872
NMEA,$PSSGR,GSA,A,3,03,04,08,09,21,27,30,,,,,,0.6,0.4,0.5,1,8*41,1763494232872
NMEA,$GNGSA,A,3,65,72,75,76,,,,,,,,,0.6,0.4,0.5,2*30,1763494232872
NMEA,$GNGSA,A,3,02,03,05,08,13,16,25,30,,,,,0.6,0.4,0.5,3*39,1763494232872
NMEA,$PSSGR,GSA,A,3,302,303,305,308,313,316,325,,,,,,0.6,0.4,0.5,3,1*74,1763494232872
NMEA,$GNGSA,A,3,19,20,32,36,37,,,,,,,,0.6,0.4,0.5,4*39,1763494232872
NMEA,$PSSGR,GSA,A,3,219,220,232,236,237,,,,,,,,0.6,0.4,0.5,4,5*72,1763494232872
NMEA,$GNVTG,235.4,T,222.6,M,0.5,N,1.0,K,E*39,1763494232872
NMEA,$GNDTM,W84,,0000.000000,N,00000.000000,E,0.000,W84*41,1763494232872
NMEA,$GNRMC,193033.00,A,3725.858484,N,12209.315736,W,0.5,235.4,181125,12.8,E,E,V*7F,1763494232872
NMEA,$GNGNS,193033.00,3725.858484,N,12209.315736,W,EEEEEE,27,0.4,20.6,-32.6,,,V*27,1763494232872
NMEA,$GNGGA,193033.00,3725.858484,N,12209.315736,W,6,12,0.4,20.6,M,-32.6,M,,*76,1763494232872
NMEA,$PSMSG,magcal=PASS,bluesky=0*00,1763494232875
NMEA,$GPGSV,4,1,14,03,18,173,45,04,53,101,42,06,03,257,31,07,53,281,37,1*67,1763494233858
NMEA,$GPGSV,4,2,14,08,18,126,45,09,77,359,41,11,04,294,29,16,34,050,45,1*65,1763494233858
NMEA,$GPGSV,4,3,14,20,14,319,43,21,15,320,36,27,19,094,43,30,25,265,43,1*6B,1763494233858
NMEA,$GPGSV,4,4,14,46,00,000,41,48,00,000,42,1*6C,1763494233858
NMEA,$GPGSV,3,1,10,03,18,173,28,04,53,101,29,06,03,257,19,08,18,126,35,8*6D,1763494233858
NMEA,$GPGSV,3,2,10,09,77,359,31,11,04,294,22,21,15,320,30,26,02,041,22,8*64,1763494233858
NMEA,$GPGSV,3,3,10,27,19,094,37,30,25,265,32,8*6C,1763494233858
NMEA,$GLGSV,1,1,04,12,64,230,45,11,52,029,39,01,76,110,32,08,21,136,40,1*71,1763494233858
NMEA,$GAGSV,3,1,11,02,51,173,42,03,67,075,41,05,19,108,43,07,01,299,16,7*71,1763494233858
NMEA,$GAGSV,3,2,11,08,48,316,38,13,12,276,45,15,05,227,30,16,34,049,41,7*77,1763494233858
NMEA,$GAGSV,3,3,11,25,54,070,42,26,03,323,38,30,06,202,24,7*49,1763494233858
NMEA,$GAGSV,3,1,09,02,51,173,38,03,67,075,29,05,19,108,33,08,48,316,26,1*7D,1763494233858
NMEA,$GAGSV,3,2,09,13,12,276,33,15,05,227,21,16,34,049,35,25,54,070,33,1*70,1763494233858
NMEA,$GAGSV,3,3,09,30,06,202,23,1*48,1763494233858
NMEA,$GBGSV,2,1,07,37,47,047,42,36,18,233,36,32,14,144,47,22,04,319,41,1*77,1763494233858
NMEA,$GBGSV,2,2,07,20,70,160,41,19,55,311,42,04,03,265,35,1*4B,1763494233858
NMEA,$GBGSV,2,1,05,19,55,311,42,20,70,160,38,32,14,144,46,36,18,233,33,3*7F,1763494233858
NMEA,$GBGSV,2,2,05,37,47,047,41,3*40,1763494233858
NMEA,$GBGSV,2,1,06,19,55,311,31,20,70,160,31,22,04,319,33,32,14,144,29,5*7F,1763494233858
NMEA,$GBGSV,2,2,06,36,18,233,25,37,47,047,33,5*79,1763494233858
NMEA,$GNGSA,A,3,03,04,07,08,09,16,20,21,27,30,,,0.6,0.4,0.5,1*37,1763494233868
NMEA,$PSSGR,GSA,A,3,03,04,08,09,21,27,30,,,,,,0.6,0.4,0.5,1,8*41,1763494233868
NMEA,$GNGSA,A,3,65,72,75,76,,,,,,,,,0.6,0.4,0.5,2*30,1763494233868
NMEA,$GNGSA,A,3,02,03,05,08,13,16,25,30,,,,,0.6,0.4,0.5,3*39,1763494233868
NMEA,$PSSGR,GSA,A,3,302,303,305,308,313,316,325,,,,,,0.6,0.4,0.5,3,1*74,1763494233868
NMEA,$GNGSA,A,3,19,20,32,36,37,,,,,,,,0.6,0.4,0.5,4*39,1763494233868
NMEA,$PSSGR,GSA,A,3,219,220,232,236,237,,,,,,,,0.6,0.4,0.5,4,5*72,1763494233868
NMEA,$GNVTG,235.4,T,222.6,M,0.3,N,0.5,K,E*3B,1763494233868
NMEA,$GNDTM,W84,,0000.000000,N,00000.000000,E,0.000,W84*41,1763494233868
NMEA,$GNRMC,193034.00,A,3725.858492,N,12209.315617,W,0.3,235.4,181125,12.8,E,E,V*7B,1763494233868
NMEA,$GNGNS,193034.00,3725.858492,N,12209.315617,W,EEEEEE,27,0.4,20.7,-32.6,,,V*24,1763494233868
NMEA,$GNGGA,193034.00,3725.858492,N,12209.315617,W,6,12,0.4,20.7,M,-32.6,M,,*75,1763494233868
NMEA,$PSMSG,magcal=PASS,bluesky=0*00,1763494233874
NMEA,$GPGSV,4,1,14,03,18,173,43,04,53,101,39,06,03,257,31,07,53,281,39,1*63,1763494234858
NMEA,$GPGSV,4,2,14,08,18,126,41,09,77,359,38,11,04,294,26,16,34,050,44,1*61,1763494234858
NMEA,$GPGSV,4,3,14,20,14,319,46,21,15,320,40,27,19,094,35,30,25,265,41,1*6C,1763494234858
NMEA,$GPGSV,4,4,14,46,00,000,44,48,00,000,45,1*6E,1763494234858
NMEA,$GPGSV,3,1,10,03,18,173,39,04,53,101,33,06,03,257,19,08,18,126,34,8*67,1763494234858
NMEA,$GPGSV,3,2,10,09,77,359,28,11,04,294,22,21,15,320,35,26,02,041,22,8*69,1763494234858
NMEA,$GPGSV,3,3,10,27,19,094,38,30,25,265,35,8*64,1763494234858
NMEA,$GLGSV,1,1,04,12,64,230,42,11,52,029,39,01,76,110,31,08,21,136,35,1*77,1763494234858
NMEA,$GAGSV,3,1,11,02,51,173,43,03,67,075,40,05,19,108,36,07,01,299,16,7*73,1763494234858
NMEA,$GAGSV,3,2,11,08,48,316,40,13,12,276,43,15,05,227,31,16,34,049,43,7*7D,1763494234858
NMEA,$GAGSV,3,3,11,25,54,070,40,26,03,323,43,30,06,202,25,7*46,1763494234858
NMEA,$GAGSV,3,1,09,02,51,173,30,03,67,075,27,05,19,108,31,08,48,316,27,1*78,1763494234858
NMEA,$GAGSV,3,2,09,13,12,276,30,15,05,227,21,16,34,049,33,25,54,070,28,1*7F,1763494234858
NMEA,$GAGSV,3,3,09,30,06,202,21,1*4A,1763494234858
NMEA,$GBGSV,2,1,07,37,47,047,44,36,18,233,39,32,14,144,39,22,04,319,45,1*73,1763494234858
NMEA,$GBGSV,2,2,07,20,70,160,41,19,55,311,44,04,03,265,33,1*4B,1763494234858
NMEA,$GBGSV,2,1,05,19,55,311,46,20,70,160,37,32,14,144,39,36,18,233,35,3*7A,1763494234858
NMEA,$GBGSV,2,2,05,37,47,047,44,3*45,1763494234858
NMEA,$GBGSV,2,1,06,19,55,311,32,20,70,160,34,22,04,319,32,32,14,144,36,5*76,1763494234858
NMEA,$GBGSV,2,2,06,36,18,233,32,37,47,047,33,5*7F,1763494234858
NMEA,$GNGSA,A,3,03,04,07,08,09,16,20,21,27,30,,,0.6,0.4,0.5,1*37,1763494234871
NMEA,$PSSGR,GSA,A,3,03,04,08,09,21,27,30,,,,,,0.6,0.4,0.5,1,8*41,1763494234871
NMEA,$GNGSA,A,3,65,72,75,76,,,,,,,,,0.6,0.4,0.5,2*30,1763494234871
NMEA,$GNGSA,A,3,02,03,05,08,13,16,25,30,,,,,0.6,0.4,0.5,3*39,1763494234871
NMEA,$PSSGR,GSA,A,3,302,303,305,308,313,316,325,,,,,,0.6,0.4,0.5,3,1*74,1763494234871
NMEA,$GNGSA,A,3,19,20,32,36,37,,,,,,,,0.6,0.4,0.5,4*39,1763494234871
NMEA,$PSSGR,GSA,A,3,219,220,232,236,237,,,,,,,,0.6,0.4,0.5,4,5*72,1763494234871
NMEA,$GNVTG,,T,,M,0.0,N,0.0,K,E*39,1763494234871
NMEA,$GNDTM,W84,,0000.000000,N,00000.000000,E,0.000,W84*41,1763494234871
NMEA,$GNRMC,193035.00,A,3725.858479,N,12209.315584,W,0.0,,181125,12.8,E,E,V*5B,1763494234871
NMEA,$GNGNS,193035.00,3725.858479,N,12209.315584,W,EEEEEE,27,0.4,20.7,-32.6,,,V*29,1763494234871
NMEA,$GNGGA,193035.00,3725.858479,N,12209.315584,W,6,12,0.4,20.7,M,-32.6,M,,*78,1763494234871
NMEA,$PSMSG,magcal=PASS,bluesky=0*00,1763494234875
NMEA,$GPGSV,4,1,14,03,18,173,41,04,53,101,40,06,03,257,30,07,53,281,42,1*62,1763494235856
NMEA,$GPGSV,4,2,14,08,18,126,33,09,77,359,36,11,04,294,27,16,34,050,46,1*69,1763494235856
NMEA,$GPGSV,4,3,14,20,14,319,42,21,15,320,37,27,19,094,41,30,25,265,42,1*68,1763494235856
NMEA,$GPGSV,4,4,14,46,00,000,42,48,00,000,43,1*6E,1763494235856
NMEA,$GPGSV,3,1,10,03,18,173,38,04,53,101,32,06,03,257,19,08,18,126,36,8*65,1763494235856
NMEA,$GPGSV,3,2,10,09,77,359,32,11,04,294,24,21,15,320,35,26,02,041,22,8*64,1763494235856
NMEA,$GPGSV,3,3,10,27,19,094,36,30,25,265,36,8*69,1763494235856
NMEA,$GLGSV,1,1,04,12,64,230,43,11,52,029,39,01,76,110,30,08,21,136,34,1*76,1763494235856
NMEA,$GAGSV,3,1,11,02,51,173,42,03,67,075,39,05,19,108,37,07,01,299,16,7*7D,1763494235856
NMEA,$GAGSV,3,2,11,08,48,316,41,13,12,276,43,15,05,227,33,16,34,049,44,7*79,1763494235856
NMEA,$GAGSV,3,3,11,25,54,070,39,26,03,323,39,30,06,202,27,7*47,1763494235856
NMEA,$GAGSV,3,1,09,02,51,173,36,03,67,075,26,05,19,108,33,08,48,316,30,1*7B,1763494235856
NMEA,$GAGSV,3,2,09,13,12,276,30,15,05,227,21,16,34,049,25,25,54,070,28,1*78,1763494235856
NMEA,$GAGSV,3,3,09,30,06,202,21,1*4A,1763494235856
NMEA,$GBGSV,2,1,07,37,47,047,44,36,18,233,42,32,14,144,35,22,04,319,39,1*78,1763494235856
NMEA,$GBGSV,2,2,07,20,70,160,42,19,55,311,44,04,03,265,33,1*48,1763494235856
NMEA,$GBGSV,2,1,05,19,55,311,46,20,70,160,35,32,14,144,33,36,18,233,39,3*7E,1763494235856
NMEA,$GBGSV,2,2,05,37,47,047,44,3*45,1763494235856
NMEA,$GBGSV,2,1,06,19,55,311,27,20,70,160,35,22,04,319,31,32,14,144,37,5*71,1763494235856
NMEA,$GBGSV,2,2,06,36,18,233,31,37,47,047,32,5*7D,1763494235856
NMEA,$GNGSA,A,3,03,04,07,08,09,16,20,21,27,30,,,0.6,0.4,0.5,1*37,1763494235868
NMEA,$PSSGR,GSA,A,3,03,04,08,09,21,27,30,,,,,,0.6,0.4,0.5,1,8*41,1763494235868
NMEA,$GNGSA,A,3,65,72,75,76,,,,,,,,,0.6,0.4,0.5,2*30,1763494235868
NMEA,$GNGSA,A,3,02,03,05,08,13,16,25,30,,,,,0.6,0.4,0.5,3*39,1763494235868
NMEA,$PSSGR,GSA,A,3,302,303,305,308,313,316,325,,,,,,0.6,0.4,0.5,3,1*74,1763494235868
NMEA,$GNGSA,A,3,19,20,32,36,37,,,,,,,,0.6,0.4,0.5,4*39,1763494235868
NMEA,$PSSGR,GSA,A,3,219,220,232,236,237,,,,,,,,0.6,0.4,0.5,4,5*72,1763494235868
NMEA,$GNVTG,235.4,T,222.6,M,0.4,N,0.8,K,E*31,1763494235868
NMEA,$GNDTM,W84,,0000.000000,N,00000.000000,E,0.000,W84*41,1763494235868
NMEA,$GNRMC,193036.00,A,3725.858373,N,12209.315625,W,0.4,235.4,181125,12.8,E,E,V*77,1763494235868
NMEA,$GNGNS,193036.00,3725.858373,N,12209.315625,W,EEEEEE,27,0.4,20.7,-32.6,,,V*2F,1763494235868
NMEA,$GNGGA,193036.00,3725.858373,N,12209.315625,W,6,12,0.4,20.7,M,-32.6,M,,*7E,1763494235868
NMEA,$PSMSG,magcal=PASS,bluesky=0*00,1763494235871
NMEA,$GPGSV,4,1,14,03,18,173,45,04,53,101,44,06,03,257,30,07,53,281,35,1*62,1763494236862
NMEA,$GPGSV,4,2,14,08,18,126,46,09,77,359,39,11,04,294,30,16,34,050,42,1*66,1763494236862
NMEA,$GPGSV,4,3,14,20,14,319,46,21,15,320,36,27,19,094,39,30,25,265,41,1*61,1763494236862
NMEA,$GPGSV,4,4,14,46,00,000,43,48,00,000,43,1*6F,1763494236862
NMEA,$GPGSV,3,1,10,03,18,173,35,04,53,101,33,06,03,257,18,08,18,126,32,8*6C,1763494236862
NMEA,$GPGSV,3,2,10,09,77,359,29,11,04,294,21,21,15,320,33,26,02,041,22,8*6D,1763494236862
NMEA,$GPGSV,3,3,10,27,19,094,37,30,25,265,31,8*6F,1763494236862
NMEA,$GLGSV,1,1,04,12,64,230,44,11,52,029,39,01,76,110,32,08,21,136,40,1*70,1763494236862
NMEA,$GAGSV,3,1,11,02,51,173,43,03,67,075,42,05,19,108,42,07,01,299,16,7*72,1763494236862
NMEA,$GAGSV,3,2,11,08,48,316,38,13,12,276,45,15,05,227,26,16,34,049,39,7*7F,1763494236862
NMEA,$GAGSV,3,3,11,25,54,070,39,26,03,323,41,30,06,202,24,7*4B,1763494236862
NMEA,$GAGSV,3,1,09,02,51,173,31,03,67,075,25,05,19,108,30,08,48,316,25,1*78,1763494236862
NMEA,$GAGSV,3,2,09,13,12,276,31,15,05,227,17,16,34,049,36,25,54,070,30,1*77,1763494236862
NMEA,$GAGSV,3,3,09,30,06,202,20,1*4B,1763494236862
NMEA,$GBGSV,2,1,07,37,47,047,41,36,18,233,35,32,14,144,45,22,04,319,41,1*75,1763494236862
NMEA,$GBGSV,2,2,07,20,70,160,43,19,55,311,44,04,03,265,34,1*4E,1763494236862
NMEA,$GBGSV,2,1,05,19,55,311,44,20,70,160,39,32,14,144,44,36,18,233,34,3*7D,1763494236862
NMEA,$GBGSV,2,2,05,37,47,047,40,3*41,1763494236862
NMEA,$GBGSV,2,1,06,19,55,311,33,20,70,160,35,22,04,319,31,32,14,144,32,5*71,1763494236862
NMEA,$GBGSV,2,2,06,36,18,233,30,37,47,047,36,5*78,1763494236862
NMEA,$GNGSA,A,3,03,04,07,08,09,16,20,21,27,30,,,0.6,0.4,0.5,1*37,1763494236875
NMEA,$PSSGR,GSA,A,3,03,04,08,09,21,27,30,,,,,,0.6,0.4,0.5,1,8*41,1763494236875
NMEA,$GNGSA,A,3,65,72,75,76,,,,,,,,,0.6,0.4,0.5,2*30,1763494236875
NMEA,$GNGSA,A,3,02,03,05,08,13,16,25,30,,,,,0.6,0.4,0.5,3*39,1763494236875
NMEA,$PSSGR,GSA,A,3,302,303,305,308,313,316,325,,,,,,0.6,0.4,0.5,3,1*74,1763494236875
NMEA,$GNGSA,A,3,19,20,32,36,37,,,,,,,,0.6,0.4,0.5,4*39,1763494236875
NMEA,$PSSGR,GSA,A,3,219,220,232,236,237,,,,,,,,0.6,0.4,0.5,4,5*72,1763494236875
NMEA,$GNVTG,235.4,T,222.6,M,0.7,N,1.3,K,E*38,1763494236875
NMEA,$GNDTM,W84,,0000.000000,N,00000.000000,E,0.000,W84*41,1763494236875
NMEA,$GNRMC,193037.00,A,3725.858313,N,12209.315446,W,0.7,235.4,181125,12.8,E,E,V*74,1763494236875
NMEA,$GNGNS,193037.00,3725.858313,N,12209.315446,W,EEEEEE,27,0.4,20.6,-32.6,,,V*2E,1763494236875
NMEA,$GNGGA,193037.00,3725.858313,N,12209.315446,W,6,12,0.4,20.6,M,-32.6,M,,*7F,1763494236875
NMEA,$PSMSG,magcal=PASS,bluesky=0*00,1763494236879
NMEA,$GPGSV,4,1,14,03,18,173,45,04,53,101,41,06,03,257,32,07,53,281,39,1*69,1763494237856
NMEA,$GPGSV,4,2,14,08,18,126,45,09,77,359,39,11,04,294,27,16,34,050,43,1*62,1763494237856
NMEA,$GPGSV,4,3,14,20,14,319,43,21,15,320,37,27,19,094,41,30,25,265,41,1*6A,1763494237856
NMEA,$GPGSV,4,4,14,46,00,000,41,48,00,000,42,1*6C,1763494237856
NMEA,$GPGSV,3,1,10,03,18,173,26,04,53,101,25,06,03,257,18,08,18,126,35,8*6E,1763494237856
NMEA,$GPGSV,3,2,10,09,77,359,30,11,04,294,21,21,15,320,29,26,02,041,22,8*6E,1763494237856
NMEA,$GPGSV,3,3,10,27,19,094,37,30,25,265,34,8*6A,1763494237856
NMEA,$GLGSV,1,1,04,12,64,230,43,11,52,029,41,01,76,110,33,08,21,136,38,1*76,1763494237856
NMEA,$GAGSV,3,1,11,02,51,173,42,03,67,075,40,05,19,108,44,07,01,299,18,7*79,1763494237856
NMEA,$GAGSV,3,2,11,08,48,316,38,13,12,276,45,15,05,227,32,16,34,049,42,7*76,1763494237856
NMEA,$GAGSV,3,3,11,25,54,070,41,26,03,323,39,30,06,202,26,7*49,1763494237856
NMEA,$GAGSV,3,1,09,02,51,173,38,03,67,075,27,05,19,108,32,08,48,316,22,1*76,1763494237856
NMEA,$GAGSV,3,2,09,13,12,276,31,15,05,227,17,16,34,049,35,25,54,070,33,1*77,1763494237856
NMEA,$GAGSV,3,3,09,30,06,202,20,1*4B,1763494237856
NMEA,$GBGSV,2,1,07,37,47,047,43,36,18,233,36,32,14,144,47,22,04,319,41,1*76,1763494237856
NMEA,$GBGSV,2,2,07,20,70,160,42,19,55,311,43,04,03,265,34,1*48,1763494237856
NMEA,$GBGSV,2,1,05,19,55,311,42,20,70,160,40,32,14,144,46,36,18,233,35,3*76,1763494237856
NMEA,$GBGSV,2,2,05,37,47,047,41,3*40,1763494237856
NMEA,$GBGSV,2,1,06,19,55,311,33,20,70,160,31,22,04,319,31,32,14,144,26,5*70,1763494237856
NMEA,$GBGSV,2,2,06,36,18,233,26,37,47,047,34,5*7D,1763494237856
NMEA,$GNGSA,A,3,03,04,07,08,09,16,20,21,27,30,,,0.6,0.4,0.5,1*37,1763494237867
NMEA,$PSSGR,GSA,A,3,03,04,08,09,21,27,30,,,,,,0.6,0.4,0.5,1,8*41,1763494237867
NMEA,$GNGSA,A,3,65,72,75,76,,,,,,,,,0.6,0.4,0.5,2*30,1763494237867
NMEA,$GNGSA,A,3,02,03,05,08,13,16,25,30,,,,,0.6,0.4,0.5,3*39,1763494237867
NMEA,$PSSGR,GSA,A,3,302,303,305,308,313,316,325,,,,,,0.6,0.4,0.5,3,1*74,1763494237867
NMEA,$GNGSA,A,3,19,20,32,36,37,,,,,,,,0.6,0.4,0.5,4*39,1763494237867
NMEA,$PSSGR,GSA,A,3,219,220,232,236,237,,,,,,,,0.6,0.4,0.5,4,5*72,1763494237867
NMEA,$GNVTG,235.4,T,222.6,M,0.3,N,0.6,K,E*38,1763494237867
NMEA,$GNDTM,W84,,0000.000000,N,00000.000000,E,0.000,W84*41,1763494237867
NMEA,$GNRMC,193038.00,A,3725.858348,N,12209.315295,W,0.3,235.4,181125,12.8,E,E,V*79,1763494237867
NMEA,$GNGNS,193038.00,3725.858348,N,12209.315295,W,EEEEEE,27,0.4,20.5,-32.6,,,V*24,1763494237867
NMEA,$GNGGA,193038.00,3725.858348,N,12209.315295,W,6,12,0.4,20.5,M,-32.6,M,,*75,1763494237867
NMEA,$PSMSG,magcal=PASS,bluesky=0*00,1763494237873
NMEA,$GPGSV,4,1,14,03,18,173,45,04,53,101,38,06,03,257,29,07,53,281,38,1*6C,1763494238861
NMEA,$GPGSV,4,2,14,08,18,126,44,09,77,359,37,11,04,294,28,16,34,050,42,1*63,1763494238861
NMEA,$GPGSV,4,3,14,20,14,319,47,21,15,320,39,27,19,094,37,30,25,265,41,1*61,1763494238861
NMEA,$GPGSV,4,4,14,46,00,000,44,48,00,000,45,1*6E,1763494238861
NMEA,$GPGSV,3,1,10,03,18,173,40,04,53,101,36,06,03,257,18,08,18,126,33,8*6A,1763494238861
NMEA,$GPGSV,3,2,10,09,77,359,29,11,04,294,21,21,15,320,35,26,02,041,22,8*6B,1763494238861
NMEA,$GPGSV,3,3,10,27,19,094,37,30,25,265,34,8*6A,1763494238861
NMEA,$GLGSV,1,1,04,12,64,230,41,11,52,029,38,01,76,110,31,08,21,136,39,1*79,1763494238861
NMEA,$GAGSV,3,1,11,02,51,173,44,03,67,075,40,05,19,108,38,07,01,299,18,7*74,1763494238861
NMEA,$GAGSV,3,2,11,08,48,316,41,13,12,276,43,15,05,227,31,16,34,049,41,7*7E,1763494238861
NMEA,$GAGSV,3,3,11,25,54,070,40,26,03,323,43,30,06,202,27,7*44,1763494238861
NMEA,$GAGSV,3,1,09,02,51,173,32,03,67,075,26,05,19,108,31,08,48,316,27,1*7B,1763494238861
NMEA,$GAGSV,3,2,09,13,12,276,27,15,05,227,17,16,34,049,34,25,54,070,28,1*7B,1763494238861
NMEA,$GAGSV,3,3,09,30,06,202,20,1*4B,1763494238861
NMEA,$GBGSV,2,1,07,37,47,047,42,36,18,233,39,32,14,144,42,22,04,319,43,1*7F,1763494238861
NMEA,$GBGSV,2,2,07,20,70,160,41,19,55,311,43,04,03,265,34,1*4B,1763494238861
NMEA,$GBGSV,2,1,05,19,55,311,46,20,70,160,38,32,14,144,42,36,18,233,36,3*7A,1763494238861
NMEA,$GBGSV,2,2,05,37,47,047,42,3*43,1763494238861
NMEA,$GBGSV,2,1,06,19,55,311,32,20,70,160,34,22,04,319,31,32,14,144,37,5*74,1763494238861
NMEA,$GBGSV,2,2,06,36,18,233,32,37,47,047,35,5*79,1763494238861
NMEA,$GNGSA,A,3,03,04,07,08,09,16,20,21,27,30,,,0.6,0.4,0.5,1*37,1763494238876
NMEA,$PSSGR,GSA,A,3,03,04,08,09,21,27,30,,,,,,0.6,0.4,0.5,1,8*41,1763494238876
NMEA,$GNGSA,A,3,65,72,75,76,,,,,,,,,0.6,0.4,0.5,2*30,1763494238876
NMEA,$GNGSA,A,3,02,03,05,08,13,16,25,30,,,,,0.6,0.4,0.5,3*39,1763494238876
NMEA,$PSSGR,GSA,A,3,302,303,305,308,313,316,325,,,,,,0.6,0.4,0.5,3,1*74,1763494238876
NMEA,$GNGSA,A,3,19,20,32,36,37,,,,,,,,0.6,0.4,0.5,4*39,1763494238876
NMEA,$PSSGR,GSA,A,3,219,220,232,236,237,,,,,,,,0.6,0.4,0.5,4,5*72,1763494238876
NMEA,$GNVTG,,T,,M,0.0,N,0.0,K,E*39,1763494238876
NMEA,$GNDTM,W84,,0000.000000,N,00000.000000,E,0.000,W84*41,1763494238876
NMEA,$GNRMC,193039.00,A,3725.858315,N,12209.315230,W,0.0,,181125,12.8,E,E,V*52,1763494238876
NMEA,$GNGNS,193039.00,3725.858315,N,12209.315230,W,EEEEEE,27,0.4,20.7,-32.6,,,V*20,1763494238876
NMEA,$GNGGA,193039.00,3725.858315,N,12209.315230,W,6,12,0.4,20.7,M,-32.6,M,,*71,1763494238876
NMEA,$PSMSG,magcal=PASS,bluesky=0*00,1763494238880
NMEA,$GPGSV,4,1,13,03,18,173,45,04,53,101,41,07,53,281,35,08,18,126,45,1*63,1763494239857
NMEA,$GPGSV,4,2,13,09,77,359,38,11,04,294,30,16,34,050,42,20,14,319,47,1*69,1763494239857
NMEA,$GPGSV,4,3,13,21,15,320,39,27,19,094,38,30,25,265,43,46,00,000,43,1*61,1763494239857
NMEA,$GPGSV,4,4,13,48,00,000,44,1*5A,1763494239857
NMEA,$GPGSV,3,1,10,03,18,173,39,04,53,101,36,06,03,257,18,08,18,126,35,8*62,1763494239857
NMEA,$GPGSV,3,2,10,09,77,359,28,11,04,294,22,21,15,320,35,26,02,041,22,8*69,1763494239857
NMEA,$GPGSV,3,3,10,27,19,094,39,30,25,265,32,8*62,1763494239857
NMEA,$GLGSV,1,1,04,12,64,230,43,11,52,029,38,01,76,110,32,08,21,136,39,1*78,1763494239857
NMEA,$GAGSV,3,1,11,02,51,173,43,03,67,075,41,05,19,108,39,07,01,299,18,7*73,1763494239857
NMEA,$GAGSV,3,2,11,08,48,316,39,13,12,276,44,15,05,227,31,16,34,049,41,7*76,1763494239857
NMEA,$GAGSV,3,3,11,25,54,070,39,26,03,323,43,30,06,202,28,7*45,1763494239857
NMEA,$GAGSV,3,1,09,02,51,173,32,03,67,075,25,05,19,108,29,08,48,316,27,1*71,1763494239857
NMEA,$GAGSV,3,2,09,13,12,276,28,15,05,227,17,16,34,049,35,25,54,070,28,1*75,1763494239857
NMEA,$GAGSV,3,3,09,30,06,202,20,1*4B,1763494239857
NMEA,$GBGSV,2,1,07,37,47,047,43,36,18,233,36,32,14,144,45,22,04,319,43,1*76,1763494239857
NMEA,$GBGSV,2,2,07,20,70,160,42,19,55,311,44,04,03,265,32,1*49,1763494239857
NMEA,$GBGSV,2,1,05,19,55,311,46,20,70,160,37,32,14,144,44,36,18,233,34,3*71,1763494239857
NMEA,$GBGSV,2,2,05,37,47,047,41,3*40,1763494239857
NMEA,$GBGSV,2,1,06,19,55,311,33,20,70,160,35,22,04,319,32,32,14,144,35,5*75,1763494239857
NMEA,$GBGSV,2,2,06,36,18,233,32,37,47,047,36,5*7A,1763494239857
NMEA,$GNGSA,A,3,03,04,07,08,09,16,20,21,27,30,,,0.6,0.4,0.5,1*37,1763494239869
NMEA,$PSSGR,GSA,A,3,03,04,08,09,21,27,30,,,,,,0.6,0.4,0.5,1,8*41,1763494239869
NMEA,$GNGSA,A,3,65,72,75,76,,,,,,,,,0.6,0.4,0.5,2*30,1763494239869
NMEA,$GNGSA,A,3,02,03,05,08,13,16,25,30,,,,,0.6,0.4,0.5,3*39,1763494239869
NMEA,$PSSGR,GSA,A,3,302,303,305,308,313,316,325,,,,,,0.6,0.4,0.5,3,1*74,1763494239869
NMEA,$GNGSA,A,3,19,20,32,36,37,,,,,,,,0.6,0.4,0.5,4*39,1763494239869
NMEA,$PSSGR,GSA,A,3,219,220,232,236,237,,,,,,,,0.6,0.4,0.5,4,5*72,1763494239869
NMEA,$GNVTG,235.4,T,222.6,M,0.7,N,1.3,K,E*38,1763494239869
NMEA,$GNDTM,W84,,0000.000000,N,00000.000000,E,0.000,W84*41,1763494239869
NMEA,$GNRMC,193040.00,A,3725.858210,N,12209.315056,W,0.7,235.4,181125,12.8,E,E,V*73,1763494239869
NMEA,$GNGNS,193040.00,3725.858210,N,12209.315056,W,EEEEEE,27,0.4,20.8,-32.6,,,V*27,1763494239869
NMEA,$GNGGA,193040.00,3725.858210,N,12209.315056,W,6,12,0.4,20.8,M,-32.6,M,,*76,1763494239869
NMEA,$PSMSG,magcal=PASS,bluesky=0*00,1763494239873
NMEA,$GPGSV,4,1,13,03,18,173,45,04,53,101,41,07,53,281,38,08,18,126,46,1*6D,1763494240858
NMEA,$GPGSV,4,2,13,09,77,359,40,11,04,294,33,16,34,050,43,20,14,319,45,1*66,1763494240858
NMEA,$GPGSV,4,3,13,21,15,320,38,27,19,094,40,30,25,265,43,46,00,000,41,1*6D,1763494240858
NMEA,$GPGSV,4,4,13,48,00,000,42,1*5C,1763494240858
NMEA,$GPGSV,3,1,10,03,18,173,28,04,53,101,29,06,03,257,18,08,18,126,36,8*6F,1763494240858
NMEA,$GPGSV,3,2,10,09,77,359,32,11,04,294,22,21,15,320,30,26,02,041,22,8*67,1763494240858
NMEA,$GPGSV,3,3,10,27,19,094,39,30,25,265,33,8*63,1763494240858
NMEA,$GLGSV,1,1,04,12,64,230,44,11,52,029,37,01,76,110,32,08,21,136,41,1*7F,1763494240858
NMEA,$GAGSV,3,1,11,02,51,173,43,03,67,075,39,05,19,108,44,07,01,299,18,7*76,1763494240858
NMEA,$GAGSV,3,2,11,08,48,316,39,13,12,276,45,15,05,227,29,16,34,049,41,7*7E,1763494240858
NMEA,$GAGSV,3,3,11,25,54,070,41,26,03,323,40,30,06,202,26,7*47,1763494240858
NMEA,$GAGSV,3,1,09,02,51,173,37,03,67,075,22,05,19,108,27,08,48,316,26,1*7C,1763494240858
NMEA,$GAGSV,3,2,09,13,12,276,30,15,05,227,18,16,34,049,34,25,54,070,31,1*7A,1763494240858
NMEA,$GAGSV,3,3,09,30,06,202,17,1*4F,1763494240858
NMEA,$GBGSV,2,1,07,37,47,047,43,36,18,233,29,32,14,144,48,22,04,319,42,1*74,1763494240858
NMEA,$GBGSV,2,2,07,20,70,160,43,19,55,311,43,04,03,265,35,1*48,1763494240858
NMEA,$GBGSV,2,1,05,19,55,311,43,20,70,160,40,32,14,144,47,36,18,233,36,3*75,1763494240858
NMEA,$GBGSV,2,2,05,37,47,047,41,3*40,1763494240858
NMEA,$GBGSV,2,1,06,19,55,311,31,20,70,160,33,22,04,319,32,32,14,144,25,5*70,1763494240858
NMEA,$GBGSV,2,2,06,36,18,233,27,37,47,047,34,5*7C,1763494240858
NMEA,$GNGSA,A,3,03,04,07,08,09,16,20,21,27,30,,,0.6,0.4,0.5,1*37,1763494240868
NMEA,$PSSGR,GSA,A,3,03,04,08,09,21,27,30,,,,,,0.6,0.4,0.5,1,8*41,1763494240868
NMEA,$GNGSA,A,3,65,72,75,76,,,,,,,,,0.6,0.4,0.5,2*30,1763494240868
NMEA,$GNGSA,A,3,02,03,05,08,13,16,25,30,,,,,0.6,0.4,0.5,3*39,1763494240868
NMEA,$PSSGR,GSA,A,3,302,303,305,308,313,316,325,,,,,,0.6,0.4,0.5,3,1*74,1763494240868
NMEA,$GNGSA,A,3,19,20,32,36,37,,,,,,,,0.6,0.4,0.5,4*39,1763494240868
NMEA,$PSSGR,GSA,A,3,219,220,232,236,237,,,,,,,,0.6,0.4,0.5,4,5*72,1763494240868
NMEA,$GNVTG,235.4,T,222.6,M,0.4,N,0.7,K,E*3E,1763494240868
NMEA,$GNDTM,W84,,0000.000000,N,00000.000000,E,0.000,W84*41,1763494240868
NMEA,$GNRMC,193041.00,A,3725.858190,N,12209.314872,W,0.4,235.4,181125,12.8,E,E,V*75,1763494240868
NMEA,$GNGNS,193041.00,3725.858190,N,12209.314872,W,EEEEEE,27,0.4,20.8,-32.6,,,V*22,1763494240868
NMEA,$GNGGA,193041.00,3725.858190,N,12209.314872,W,6,12,0.4,20.8,M,-32.6,M,,*73,1763494240868
NMEA,$PSMSG,magcal=PASS,bluesky=0*00,1763494240873
NMEA,$GPGSV,4,1,13,03,18,173,45,04,53,101,39,07,53,281,39,08,18,126,43,1*66,1763494241860
NMEA,$GPGSV,4,2,13,09,77,359,38,11,04,294,30,16,34,050,42,20,14,319,47,1*69,1763494241860
NMEA,$GPGSV,4,3,13,21,15,320,40,27,19,094,36,30,25,265,43,46,00,000,44,1*66,1763494241860
NMEA,$GPGSV,4,4,13,48,00,000,44,1*5A,1763494241860
NMEA,$GPGSV,3,1,10,03,18,173,39,04,53,101,36,06,03,257,16,08,18,126,34,8*6D,1763494241860
NMEA,$GPGSV,3,2,10,09,77,359,30,11,04,294,21,21,15,320,36,26,02,041,22,8*60,1763494241860
NMEA,$GPGSV,3,3,10,27,19,094,38,30,25,265,34,8*65,1763494241860
NMEA,$GLGSV,1,1,04,12,64,230,41,11,52,029,39,01,76,110,24,08,21,136,40,1*72,1763494241860
NMEA,$GAGSV,3,1,11,02,51,173,44,03,67,075,40,05,19,108,37,07,01,299,18,7*7B,1763494241860
NMEA,$GAGSV,3,2,11,08,48,316,41,13,12,276,41,15,05,227,29,16,34,049,41,7*75,1763494241860
NMEA,$GAGSV,3,3,11,25,54,070,39,26,03,323,42,30,06,202,31,7*4C,1763494241860
NMEA,$GAGSV,3,1,09,02,51,173,27,03,67,075,22,05,19,108,32,08,48,316,30,1*7E,1763494241860
NMEA,$GAGSV,3,2,09,13,12,276,25,15,05,227,18,16,34,049,34,25,54,070,25,1*7B,1763494241860
NMEA,$GAGSV,3,3,09,30,06,202,17,1*4F,1763494241860
NMEA,$GBGSV,2,1,07,37,47,047,43,36,18,233,35,32,14,144,44,22,04,319,44,1*73,1763494241860
NMEA,$GBGSV,2,2,07,20,70,160,44,19,55,311,44,04,03,265,35,1*48,1763494241860
NMEA,$GBGSV,2,1,05,19,55,311,46,20,70,160,38,32,14,144,43,36,18,233,33,3*7E,1763494241860
NMEA,$GBGSV,2,2,05,37,47,047,41,3*40,1763494241860
NMEA,$GBGSV,2,1,06,19,55,311,31,20,70,160,36,22,04,319,32,32,14,144,37,5*76,1763494241860
NMEA,$GBGSV,2,2,06,36,18,233,33,37,47,047,35,5*78,1763494241860
NMEA,$GNGSA,A,3,03,04,07,08,09,16,20,21,27,30,,,0.6,0.4,0.5,1*37,1763494241873
NMEA,$PSSGR,GSA,A,3,03,04,08,09,21,27,30,,,,,,0.6,0.4,0.5,1,8*41,1763494241873
NMEA,$GNGSA,A,3,65,72,75,76,,,,,,,,,0.6,0.4,0.5,2*30,1763494241873
NMEA,$GNGSA,A,3,02,03,05,08,13,16,25,30,,,,,0.6,0.4,0.5,3*39,1763494241873
NMEA,$PSSGR,GSA,A,3,302,303,305,308,313,316,325,,,,,,0.6,0.4,0.5,3,1*74,1763494241873
NMEA,$GNGSA,A,3,19,20,32,36,37,,,,,,,,0.6,0.4,0.5,4*39,1763494241873
NMEA,$PSSGR,GSA,A,3,219,220,232,236,237,,,,,,,,0.6,0.4,0.5,4,5*72,1763494241873
NMEA,$GNVTG,235.4,T,222.6,M,0.4,N,0.7,K,E*3E,1763494241873
NMEA,$GNDTM,W84,,0000.000000,N,00000.000000,E,0.000,W84*41,1763494241873
NMEA,$GNRMC,193042.00,A,3725.858142,N,12209.314800,W,0.4,235.4,181125,12.8,E,E,V*7C,1763494241873
NMEA,$GNGNS,193042.00,3725.858142,N,12209.314800,W,EEEEEE,27,0.4,20.8,-32.6,,,V*2B,1763494241873
NMEA,$GNGGA,193042.00,3725.858142,N,12209.314800,W,6,12,0.4,20.8,M,-32.6,M,,*7A,1763494241873
NMEA,$PSMSG,magcal=PASS,bluesky=0*00,1763494241878
NMEA,$GPGSV,4,1,13,03,18,173,45,04,53,101,39,07,53,281,38,08,18,126,45,1*61,1763494242859
NMEA,$GPGSV,4,2,13,09,77,359,39,11,04,294,30,16,34,050,42,20,14,319,46,1*69,1763494242859
NMEA,$GPGSV,4,3,13,21,15,320,37,27,19,094,42,30,25,265,41,46,00,000,42,1*61,1763494242859
NMEA,$GPGSV,4,4,13,48,00,000,42,1*5C,1763494242859
NMEA,$GPGSV,3,1,10,03,18,173,33,04,53,101,33,06,03,257,16,08,18,126,36,8*60,1763494242859
NMEA,$GPGSV,3,2,10,09,77,359,30,11,04,294,23,21,15,320,33,26,02,041,22,8*67,1763494242859
NMEA,$GPGSV,3,3,10,27,19,094,38,30,25,265,32,8*63,1763494242859
NMEA,$GLGSV,1,1,04,12,64,230,43,11,52,029,40,01,76,110,31,08,21,136,42,1*78,1763494242859
NMEA,$GAGSV,3,1,11,02,51,173,43,03,67,075,39,05,19,108,42,07,01,299,18,7*70,1763494242859
NMEA,$GAGSV,3,2,11,08,48,316,40,13,12,276,43,15,05,227,30,16,34,049,41,7*7E,1763494242859
NMEA,$GAGSV,3,3,11,25,54,070,41,26,03,323,41,30,06,202,31,7*40,1763494242859
NMEA,$GAGSV,3,1,09,02,51,173,35,03,67,075,25,05,19,108,30,08,48,316,25,1*7C,1763494242859
NMEA,$GAGSV,3,2,09,13,12,276,31,15,05,227,22,16,34,049,36,25,54,070,30,1*71,1763494242859
NMEA,$GAGSV,3,3,09,30,06,202,19,1*41,1763494242859
NMEA,$GBGSV,2,1,07,37,47,047,42,36,18,233,34,32,14,144,47,22,04,319,41,1*75,1763494242859
NMEA,$GBGSV,2,2,07,20,70,160,43,19,55,311,43,04,03,265,34,1*49,1763494242859
NMEA,$GBGSV,2,1,05,19,55,311,43,20,70,160,38,32,14,144,47,36,18,233,31,3*7D,1763494242859
NMEA,$GBGSV,2,2,05,37,47,047,41,3*40,1763494242859
NMEA,$GBGSV,2,1,06,19,55,311,31,20,70,160,34,22,04,319,31,32,14,144,31,5*71,1763494242859
NMEA,$GBGSV,2,2,06,36,18,233,29,37,47,047,36,5*70,1763494242859
NMEA,$GNGSA,A,3,03,04,07,08,09,16,20,21,27,30,,,0.6,0.4,0.5,1*37,1763494242869
NMEA,$PSSGR,GSA,A,3,03,04,08,09,21,27,30,,,,,,0.6,0.4,0.5,1,8*41,1763494242869
NMEA,$GNGSA,A,3,65,72,75,76,,,,,,,,,0.6,0.4,0.5,2*30,1763494242869
NMEA,$GNGSA,A,3,02,03,05,08,13,16,25,30,,,,,0.6,0.4,0.5,3*39,1763494242869
NMEA,$PSSGR,GSA,A,3,302,303,305,308,313,316,325,,,,,,0.6,0.4,0.5,3,1*74,1763494242869
NMEA,$GNGSA,A,3,19,20,32,36,37,,,,,,,,0.6,0.4,0.5,4*39,1763494242869
NMEA,$PSSGR,GSA,A,3,219,220,232,236,237,,,,,,,,0.6,0.4,0.5,4,5*72,1763494242869
NMEA,$GNVTG,235.4,T,222.6,M,0.6,N,1.1,K,E*3B,1763494242869
NMEA,$GNDTM,W84,,0000.000000,N,00000.000000,E,0.000,W84*41,1763494242869
NMEA,$GNRMC,193043.00,A,3725.858084,N,12209.314632,W,0.6,235.4,181125,12.8,E,E,V*7B,1763494242869
NMEA,$GNGNS,193043.00,3725.858084,N,12209.314632,W,EEEEEE,27,0.4,20.9,-32.6,,,V*2F,1763494242869
NMEA,$GNGGA,193043.00,3725.858084,N,12209.314632,W,6,12,0.4,20.9,M,-32.6,M,,*7E,1763494242869
NMEA,$PSMSG,magcal=PASS,bluesky=0*00,1763494242873
NMEA,$GPGSV,4,1,13,03,18,173,45,04,53,101,41,07,53,281,39,08,18,126,45,1*6F,1763494243857
NMEA,$GPGSV,4,2,13,09,77,359,38,11,04,294,28,16,34,050,42,20,14,319,46,1*61,1763494243857
NMEA,$GPGSV,4,3,13,21,15,320,35,27,19,094,43,30,25,265,42,46,00,000,41,1*62,1763494243857
NMEA,$GPGSV,4,4,13,48,00,000,40,1*5E,1763494243857
NMEA,$GPGSV,3,1,10,03,18,173,29,04,53,101,30,06,03,257,16,08,18,126,35,8*6B,1763494243857
NMEA,$GPGSV,3,2,10,09,77,359,29,11,04,294,22,21,15,320,28,26,02,041,22,8*64,1763494243857
NMEA,$GPGSV,3,3,10,27,19,094,37,30,25,265,33,8*6D,1763494243857
NMEA,$GLGSV,1,1,04,12,64,230,44,11,52,029,39,01,76,110,31,08,21,136,43,1*70,1763494243857
NMEA,$GAGSV,3,1,11,02,51,173,44,03,67,075,39,05,19,108,43,07,01,299,18,7*76,1763494243857
NMEA,$GAGSV,3,2,11,08,48,316,38,13,12,276,44,15,05,227,32,16,34,049,42,7*77,1763494243857
NMEA,$GAGSV,3,3,11,25,54,070,41,26,03,323,39,30,06,202,30,7*4E,1763494243857
NMEA,$GAGSV,3,1,09,02,51,173,37,03,67,075,25,05,19,108,25,08,48,316,26,1*79,1763494243857
NMEA,$GAGSV,3,2,09,13,12,276,30,15,05,227,27,16,34,049,38,25,54,070,30,1*7B,1763494243857
NMEA,$GAGSV,3,3,09,30,06,202,22,1*49,1763494243857
NMEA,$GBGSV,2,1,07,37,47,047,42,36,18,233,34,32,14,144,46,22,04,319,39,1*7B,1763494243857
NMEA,$GBGSV,2,2,07,20,70,160,44,19,55,311,43,04,03,265,36,1*4C,1763494243857
NMEA,$GBGSV,2,1,05,19,55,311,44,20,70,160,39,32,14,144,46,36,18,233,35,3*7E,1763494243857
NMEA,$GBGSV,2,2,05,37,47,047,41,3*40,1763494243857
NMEA,$GBGSV,2,1,06,19,55,311,31,20,70,160,32,22,04,319,31,32,14,144,28,5*7F,1763494243857
NMEA,$GBGSV,2,2,06,36,18,233,29,37,47,047,38,5*7E,1763494243857
NMEA,$GNGSA,A,3,03,04,07,08,09,16,20,21,27,30,,,0.6,0.4,0.5,1*37,1763494243869
NMEA,$PSSGR,GSA,A,3,03,04,08,09,21,27,30,,,,,,0.6,0.4,0.5,1,8*41,1763494243869
NMEA,$GNGSA,A,3,65,72,75,76,,,,,,,,,0.6,0.4,0.5,2*30,1763494243869
NMEA,$GNGSA,A,3,02,03,05,08,13,16,25,30,,,,,0.6,0.4,0.5,3*39,1763494243869
NMEA,$PSSGR,GSA,A,3,302,303,305,308,313,316,325,,,,,,0.6,0.4,0.5,3,1*74,1763494243869
NMEA,$GNGSA,A,3,19,20,32,36,37,,,,,,,,0.6,0.4,0.5,4*39,1763494243869
NMEA,$PSSGR,GSA,A,3,219,220,232,236,237,,,,,,,,0.6,0.4,0.5,4,5*72,1763494243869
NMEA,$GNVTG,,T,,M,0.0,N,0.0,K,E*39,1763494243869
NMEA,$GNDTM,W84,,0000.000000,N,00000.000000,E,0.000,W84*41,1763494243869
NMEA,$GNRMC,193044.00,A,3725.858130,N,12209.314570,W,0.0,,181125,12.8,E,E,V*5F,1763494243869
NMEA,$GNGNS,193044.00,3725.858130,N,12209.314570,W,EEEEEE,27,0.4,20.9,-32.6,,,V*23,1763494243869
NMEA,$GNGGA,193044.00,3725.858130,N,12209.314570,W,6,12,0.4,20.9,M,-32.6,M,,*72,1763494243869
NMEA,$PSMSG,magcal=PASS,bluesky=0*00,1763494243873
NMEA,$GPGSV,4,1,13,03,18,173,45,04,53,101,39,07,53,281,35,08,18,126,45,1*6C,1763494244862
NMEA,$GPGSV,4,2,13,09,77,359,37,11,04,294,35,16,34,050,38,20,14,319,47,1*6E,1763494244862
NMEA,$GPGSV,4,3,13,21,15,320,38,27,19,094,39,30,25,265,43,46,00,000,43,1*61,1763494244862
NMEA,$GPGSV,4,4,13,48,00,000,42,1*5C,1763494244862
NMEA,$GPGSV,3,1,10,03,18,173,37,04,53,101,35,06,03,257,16,08,18,126,23,8*66,1763494244862
NMEA,$GPGSV,3,2,10,09,77,359,29,11,04,294,21,21,15,320,33,26,02,041,16,8*6A,1763494244862
NMEA,$GPGSV,3,3,10,27,19,094,38,30,25,265,30,8*61,1763494244862
NMEA,$GLGSV,1,1,04,12,64,230,42,11,52,029,37,01,76,110,24,08,21,136,44,1*7B,1763494244862
NMEA,$GAGSV,3,1,11,02,51,173,42,03,67,075,39,05,19,108,43,07,01,299,18,7*70,1763494244862
NMEA,$GAGSV,3,2,11,08,48,316,38,13,12,276,43,15,05,227,24,16,34,049,37,7*75,1763494244862
NMEA,$GAGSV,3,3,11,25,54,070,40,26,03,323,42,30,06,202,29,7*4B,1763494244862
NMEA,$GAGSV,3,1,09,02,51,173,29,03,67,075,23,05,19,108,29,08,48,316,30,1*7B,1763494244862
NMEA,$GAGSV,3,2,09,13,12,276,32,15,05,227,25,16,34,049,35,25,54,070,27,1*70,1763494244862
NMEA,$GAGSV,3,3,09,30,06,202,22,1*49,1763494244862
NMEA,$GBGSV,2,1,07,37,47,047,39,36,18,233,33,32,14,144,46,22,04,319,41,1*7F,1763494244862
NMEA,$GBGSV,2,2,07,20,70,160,42,19,55,311,44,04,03,265,35,1*4E,1763494244862
NMEA,$GBGSV,2,1,05,19,55,311,45,20,70,160,40,32,14,144,46,36,18,233,35,3*71,1763494244862
NMEA,$GBGSV,2,2,05,37,47,047,40,3*41,1763494244862
NMEA,$GBGSV,2,1,06,19,55,311,33,20,70,160,35,22,04,319,30,32,14,144,34,5*76,1763494244862
NMEA,$GBGSV,2,2,06,36,18,233,31,37,47,047,34,5*7B,1763494244862
NMEA,$GNGSA,A,3,03,04,07,08,09,16,20,21,27,30,,,0.6,0.4,0.5,1*37,1763494244880
NMEA,$PSSGR,GSA,A,3,03,04,08,09,21,27,30,,,,,,0.6,0.4,0.5,1,8*41,1763494244880
NMEA,$GNGSA,A,3,65,72,75,76,,,,,,,,,0.6,0.4,0.5,2*30,1763494244880
NMEA,$GNGSA,A,3,02,03,05,08,13,16,25,30,,,,,0.6,0.4,0.5,3*39,1763494244880
NMEA,$PSSGR,GSA,A,3,302,303,305,308,313,316,325,,,,,,0.6,0.4,0.5,3,1*74,1763494244880
NMEA,$GNGSA,A,3,19,20,32,36,37,,,,,,,,0.6,0.4,0.5,4*39,1763494244880
NMEA,$PSSGR,GSA,A,3,219,220,232,236,237,,,,,,,,0.6,0.4,0.5,4,5*72,1763494244880
NMEA,$GNVTG,235.4,T,222.6,M,0.4,N,0.7,K,E*3E,1763494244880
NMEA,$GNDTM,W84,,0000.000000,N,00000.000000,E,0.000,W84*41,1763494244880
NMEA,$GNRMC,193045.00,A,3725.858081,N,12209.314477,W,0.4,235.4,181125,12.8,E,E,V*79,1763494244880
NMEA,$GNGNS,193045.00,3725.858081,N,12209.314477,W,EEEEEE,27,0.4,20.9,-32.6,,,V*2F,1763494244880
NMEA,$GNGGA,193045.00,3725.858081,N,12209.314477,W,6,12,0.4,20.9,M,-32.6,M,,*7E,1763494244880
NMEA,$PSMSG,magcal=PASS,bluesky=0*00,1763494244885
NMEA,$GPGSV,4,1,13,03,18,173,41,04,53,101,40,07,53,281,37,08,18,126,45,1*64,1763494245855
NMEA,$GPGSV,4,2,13,09,77,359,40,11,04,294,35,16,34,050,43,20,14,319,44,1*61,1763494245855
NMEA,$GPGSV,4,3,13,21,15,320,36,27,19,094,43,30,25,265,43,46,00,000,38,1*6E,1763494245855
NMEA,$GPGSV,4,4,13,48,00,000,40,1*5E,1763494245855
NMEA,$GPGSV,3,1,10,03,18,173,28,04,53,101,27,06,03,257,16,08,18,126,37,8*6E,1763494245855
NMEA,$GPGSV,3,2,10,09,77,359,28,11,04,294,22,21,15,320,29,26,02,041,16,8*63,1763494245855
NMEA,$GPGSV,3,3,10,27,19,094,39,30,25,265,31,8*61,1763494245855
NMEA,$GLGSV,1,1,04,12,64,230,42,11,52,029,39,01,76,110,29,08,21,136,41,1*7D,1763494245855
NMEA,$GAGSV,3,1,11,02,51,173,43,03,67,075,38,05,19,108,42,07,01,299,17,7*7E,1763494245855
NMEA,$GAGSV,3,2,11,08,48,316,40,13,12,276,44,15,05,227,28,16,34,049,38,7*7E,1763494245855
NMEA,$GAGSV,3,3,11,25,54,070,39,26,03,323,41,30,06,202,29,7*46,1763494245855
NMEA,$GAGSV,3,1,09,02,51,173,36,03,67,075,24,05,19,108,30,08,48,316,27,1*7C,1763494245855
NMEA,$GAGSV,3,2,09,13,12,276,31,15,05,227,26,16,34,049,33,25,54,070,31,1*71,1763494245855
NMEA,$GAGSV,3,3,09,30,06,202,22,1*49,1763494245855
NMEA,$GBGSV,2,1,07,37,47,047,41,36,18,233,35,32,14,144,45,22,04,319,38,1*7B,1763494245855
NMEA,$GBGSV,2,2,07,20,70,160,43,19,55,311,41,04,03,265,35,1*4A,1763494245855
NMEA,$GBGSV,2,1,05,19,55,311,41,20,70,160,38,32,14,144,45,36,18,233,36,3*7A,1763494245855
NMEA,$GBGSV,2,2,05,37,47,047,39,3*4F,1763494245855
NMEA,$GBGSV,2,1,06,19,55,311,33,20,70,160,33,22,04,319,31,32,14,144,27,5*73,1763494245855
NMEA,$GBGSV,2,2,06,36,18,233,26,37,47,047,31,5*78,1763494245855
NMEA,$GNGSA,A,3,03,04,07,08,09,16,20,21,27,30,,,0.6,0.4,0.5,1*37,1763494245866
NMEA,$PSSGR,GSA,A,3,03,04,08,09,21,27,30,,,,,,0.6,0.4,0.5,1,8*41,1763494245866
NMEA,$GNGSA,A,3,65,72,75,76,,,,,,,,,0.6,0.4,0.5,2*30,1763494245866
NMEA,$GNGSA,A,3,02,03,05,08,13,16,25,30,,,,,0.6,0.4,0.5,3*39,1763494245866
NMEA,$PSSGR,GSA,A,3,302,303,305,308,313,316,325,,,,,,0.6,0.4,0.5,3,1*74,1763494245866
NMEA,$GNGSA,A,3,19,20,32,36,37,,,,,,,,0.6,0.4,0.5,4*39,1763494245866
NMEA,$PSSGR,GSA,A,3,219,220,232,236,237,,,,,,,,0.6,0.4,0.5,4,5*72,1763494245866
NMEA,$GNVTG,235.4,T,222.6,M,0.4,N,0.7,K,E*3E,1763494245866
NMEA,$GNDTM,W84,,0000.000000,N,00000.000000,E,0.000,W84*41,1763494245866
NMEA,$GNRMC,193046.00,A,3725.857988,N,12209.314403,W,0.4,235.4,181125,12.8,E,E,V*76,1763494245866
NMEA,$GNGNS,193046.00,3725.857988,N,12209.314403,W,EEEEEE,27,0.4,21.0,-32.6,,,V*28,1763494245866
NMEA,$GNGGA,193046.00,3725.857988,N,12209.314403,W,6,12,0.4,21.0,M,-32.6,M,,*79,1763494245866
NMEA,$PSMSG,magcal=PASS,bluesky=0*00,1763494245870
NMEA,$GPGSV,4,1,13,03,18,173,45,04,53,101,40,07,53,281,38,08,18,126,46,1*6C,1763494246855
NMEA,$GPGSV,4,2,13,09,77,359,40,11,04,294,33,16,34,050,42,20,14,319,46,1*64,1763494246855
NMEA,$GPGSV,4,3,13,21,15,320,35,27,19,094,41,30,25,265,44,46,00,000,42,1*65,1763494246855
NMEA,$GPGSV,4,4,13,48,00,000,42,1*5C,1763494246855
NMEA,$GPGSV,3,1,10,03,18,173,30,04,53,101,29,06,03,257,16,08,18,126,35,8*6B,1763494246855
NMEA,$GPGSV,3,2,10,09,77,359,26,11,04,294,23,21,15,320,30,26,02,041,21,8*60,1763494246855
NMEA,$GPGSV,3,3,10,27,19,094,37,30,25,265,32,8*6C,1763494246855
NMEA,$GLGSV,1,1,04,12,64,230,42,11,52,029,39,01,76,110,31,08,21,136,42,1*77,1763494246855
NMEA,$GAGSV,3,1,11,02,51,173,42,03,67,075,40,05,19,108,43,07,01,299,17,7*71,1763494246855
NMEA,$GAGSV,3,2,11,08,48,316,40,13,12,276,44,15,05,227,29,16,34,049,39,7*7E,1763494246855
NMEA,$GAGSV,3,3,11,25,54,070,40,26,03,323,40,30,06,202,26,7*46,1763494246855
NMEA,$GAGSV,3,1,09,02,51,173,32,03,67,075,25,05,19,108,30,08,48,316,27,1*79,1763494246855
NMEA,$GAGSV,3,2,09,13,12,276,32,15,05,227,25,16,34,049,34,25,54,070,27,1*71,1763494246855
NMEA,$GAGSV,3,3,09,30,06,202,18,1*40,1763494246855
NMEA,$GBGSV,2,1,07,37,47,047,41,36,18,233,38,32,14,144,45,22,04,319,40,1*79,1763494246855
NMEA,$GBGSV,2,2,07,20,70,160,44,19,55,311,42,04,03,265,34,1*4F,1763494246855
NMEA,$GBGSV,2,1,05,19,55,311,43,20,70,160,39,32,14,144,45,36,18,233,38,3*77,1763494246855
NMEA,$GBGSV,2,2,05,37,47,047,39,3*4F,1763494246855
NMEA,$GBGSV,2,1,06,19,55,311,32,20,70,160,35,22,04,319,29,32,14,144,30,5*7B,1763494246855
NMEA,$GBGSV,2,2,06,36,18,233,27,37,47,047,32,5*7A,1763494246855
NMEA,$GNGSA,A,3,03,04,07,08,09,16,20,21,27,30,,,0.6,0.4,0.5,1*37,1763494246869
NMEA,$PSSGR,GSA,A,3,03,04,08,09,21,27,30,,,,,,0.6,0.4,0.5,1,8*41,1763494246869
NMEA,$GNGSA,A,3,65,72,75,76,,,,,,,,,0.6,0.4,0.5,2*30,1763494246869
NMEA,$GNGSA,A,3,02,03,05,08,13,16,25,30,,,,,0.6,0.4,0.5,3*39,1763494246869
NMEA,$PSSGR,GSA,A,3,302,303,305,308,313,316,325,,,,,,0.6,0.4,0.5,3,1*74,1763494246869
NMEA,$GNGSA,A,3,19,20,32,36,37,,,,,,,,0.6,0.4,0.5,4*39,1763494246869
NMEA,$PSSGR,GSA,A,3,219,220,232,236,237,,,,,,,,0.6,0.4,0.5,4,5*72,1763494246869
NMEA,$GNVTG,235.4,T,222.6,M,0.6,N,1.0,K,E*3A,1763494246869
NMEA,$GNDTM,W84,,0000.000000,N,00000.000000,E,0.000,W84*41,1763494246869
NMEA,$GNRMC,193047.00,A,3725.857916,N,12209.314263,W,0.6,235.4,181125,12.8,E,E,V*72,1763494246869
NMEA,$GNGNS,193047.00,3725.857916,N,12209.314263,W,EEEEEE,27,0.4,20.9,-32.6,,,V*26,1763494246869
NMEA,$GNGGA,193047.00,3725.857916,N,12209.314263,W,6,12,0.4,20.9,M,-32.6,M,,*77,1763494246869
NMEA,$PSMSG,magcal=PASS,bluesky=0*00,1763494246875
NMEA,$GPGSV,4,1,13,03,18,173,43,04,53,101,39,07,53,281,40,08,18,126,45,1*68,1763494247858
NMEA,$GPGSV,4,2,13,09,77,359,41,11,04,294,31,16,34,050,44,20,14,319,42,1*65,1763494247858
NMEA,$GPGSV,4,3,13,21,15,320,34,27,19,094,44,30,25,265,42,46,00,000,40,1*65,1763494247858
NMEA,$GPGSV,4,4,13,48,00,000,41,1*5F,1763494247858
NMEA,$GPGSV,3,1,10,03,18,173,27,04,53,101,30,06,03,257,16,08,18,126,37,8*67,1763494247858
NMEA,$GPGSV,3,2,10,09,77,359,28,11,04,294,24,21,15,320,31,26,02,041,21,8*68,1763494247858
NMEA,$GPGSV,3,3,10,27,19,094,38,30,25,265,33,8*62,1763494247858
NMEA,$GLGSV,1,1,04,12,64,230,43,11,52,029,41,01,76,110,32,08,21,136,38,1*77,1763494247858
NMEA,$GAGSV,3,1,11,02,51,173,44,03,67,075,40,05,19,108,42,07,01,299,17,7*76,1763494247858
NMEA,$GAGSV,3,2,11,08,48,316,39,13,12,276,43,15,05,227,33,16,34,049,40,7*72,1763494247858
NMEA,$GAGSV,3,3,11,25,54,070,43,26,03,323,38,30,06,202,29,7*45,1763494247858
NMEA,$GAGSV,3,1,09,02,51,173,35,03,67,075,24,05,19,108,27,08,48,316,28,1*76,1763494247858
NMEA,$GAGSV,3,2,09,13,12,276,32,15,05,227,23,16,34,049,33,25,54,070,28,1*7F,1763494247858
NMEA,$GAGSV,3,3,09,30,06,202,18,1*40,1763494247858
NMEA,$GBGSV,2,1,07,37,47,047,44,36,18,233,38,32,14,144,45,22,04,319,39,1*72,1763494247858
NMEA,$GBGSV,2,2,07,20,70,160,46,19,55,311,41,04,03,265,33,1*49,1763494247858
NMEA,$GBGSV,2,1,05,19,55,311,42,20,70,160,39,32,14,144,43,36,18,233,35,3*7D,1763494247858
NMEA,$GBGSV,2,2,05,37,47,047,41,3*40,1763494247858
NMEA,$GBGSV,2,1,06,19,55,311,32,20,70,160,34,22,04,319,31,32,14,144,28,5*7A,1763494247858
NMEA,$GBGSV,2,2,06,36,18,233,29,37,47,047,31,5*77,1763494247858
NMEA,$GNGSA,A,3,03,04,07,08,09,16,20,21,27,30,,,0.6,0.4,0.5,1*37,1763494247877
NMEA,$PSSGR,GSA,A,3,03,04,08,09,21,27,30,,,,,,0.6,0.4,0.5,1,8*41,1763494247877
NMEA,$GNGSA,A,3,65,72,75,76,,,,,,,,,0.6,0.4,0.5,2*30,1763494247877
NMEA,$GNGSA,A,3,02,03,05,08,13,16,25,30,,,,,0.6,0.4,0.5,3*39,1763494247877
NMEA,$PSSGR,GSA,A,3,302,303,305,308,313,316,325,,,,,,0.6,0.4,0.5,3,1*74,1763494247877
NMEA,$GNGSA,A,3,19,20,32,36,37,,,,,,,,0.6,0.4,0.5,4*39,1763494247877
NMEA,$PSSGR,GSA,A,3,219,220,232,236,237,,,,,,,,0.6,0.4,0.5,4,5*72,1763494247877
NMEA,$GNVTG,235.4,T,222.6,M,0.3,N,0.6,K,E*38,1763494247877
NMEA,$GNDTM,W84,,0000.000000,N,00000.000000,E,0.000,W84*41,1763494247877
NMEA,$GNRMC,193048.00,A,3725.857917,N,12209.314135,W,0.3,235.4,181125,12.8,E,E,V*79,1763494247877
NMEA,$GNGNS,193048.00,3725.857917,N,12209.314135,W,EEEEEE,27,0.4,20.9,-32.6,,,V*28,1763494247877
NMEA,$GNGGA,193048.00,3725.857917,N,12209.314135,W,6,12,0.4,20.9,M,-32.6,M,,*79,1763494247877
NMEA,$PSMSG,magcal=PASS,bluesky=0*00,1763494247883
NMEA,$GPGSV,4,1,13,03,18,173,44,04,53,101,37,07,53,281,39,08,18,126,45,1*6F,1763494248863
NMEA,$GPGSV,4,2,13,09,77,359,41,11,04,294,26,16,34,050,45,20,14,319,38,1*6F,1763494248863
NMEA,$GPGSV,4,3,13,21,15,320,32,27,19,094,46,30,25,265,36,46,00,000,39,1*6C,1763494248863
NMEA,$GPGSV,4,4,13,48,00,000,40,1*5E,1763494248863
NMEA,$GPGSV,3,1,10,03,18,173,35,04,53,101,40,06,03,257,16,08,18,126,34,8*60,1763494248863
NMEA,$GPGSV,3,2,10,09,77,359,30,11,04,294,27,21,15,320,36,26,02,041,21,8*65,1763494248863
NMEA,$GPGSV,3,3,10,27,19,094,33,30,25,265,32,8*68,1763494248863
NMEA,$GLGSV,1,1,04,12,64,230,42,11,52,029,41,01,76,110,33,08,21,136,36,1*79,1763494248863
NMEA,$GAGSV,3,1,11,02,51,173,43,03,67,075,40,05,19,108,43,07,01,299,17,7*70,1763494248863
NMEA,$GAGSV,3,2,11,08,48,316,39,13,12,276,34,15,05,227,32,16,34,049,44,7*77,1763494248863
NMEA,$GAGSV,3,3,11,25,54,070,41,26,03,323,34,30,06,202,33,7*40,1763494248863
NMEA,$GAGSV,3,1,09,02,51,173,35,03,67,075,34,05,19,108,31,08,48,316,33,1*7A,1763494248863
NMEA,$GAGSV,3,2,09,13,12,276,28,15,05,227,23,16,34,049,31,25,54,070,35,1*7A,1763494248863
NMEA,$GAGSV,3,3,09,30,06,202,18,1*40,1763494248863
NMEA,$GBGSV,2,1,07,37,47,047,45,36,18,233,37,32,14,144,43,22,04,319,33,1*70,1763494248863
NMEA,$GBGSV,2,2,07,20,70,160,43,19,55,311,44,04,03,265,33,1*49,1763494248863
NMEA,$GBGSV,2,1,05,19,55,311,44,20,70,160,31,32,14,144,42,36,18,233,39,3*7E,1763494248863
NMEA,$GBGSV,2,2,05,37,47,047,43,3*42,1763494248863
NMEA,$GBGSV,2,1,06,19,55,311,37,20,70,160,30,22,04,319,33,32,14,144,27,5*76,1763494248863
NMEA,$GBGSV,2,2,06,36,18,233,33,37,47,047,36,5*7B,1763494248863
NMEA,$GNGSA,A,3,03,04,07,08,09,16,20,21,27,30,,,0.6,0.4,0.5,1*37,1763494248879
NMEA,$PSSGR,GSA,A,3,03,04,08,09,21,27,30,,,,,,0.6,0.4,0.5,1,8*41,1763494248879
NMEA,$GNGSA,A,3,65,72,75,76,,,,,,,,,0.6,0.4,0.5,2*30,1763494248879
NMEA,$GNGSA,A,3,02,03,05,08,13,16,25,30,,,,,0.6,0.4,0.5,3*39,1763494248879
NMEA,$PSSGR,GSA,A,3,302,303,305,308,313,316,325,,,,,,0.6,0.4,0.5,3,1*74,1763494248879
NMEA,$GNGSA,A,3,19,20,32,36,37,,,,,,,,0.6,0.4,0.5,4*39,1763494248879
NMEA,$PSSGR,GSA,A,3,219,220,232,236,237,,,,,,,,0.6,0.4,0.5,4,5*72,1763494248879
NMEA,$GNVTG,235.4,T,222.6,M,0.4,N,0.7,K,E*3E,1763494248879
NMEA,$GNDTM,W84,,0000.000000,N,00000.000000,E,0.000,W84*41,1763494248879
NMEA,$GNRMC,193049.00,A,3725.857993,N,12209.314102,W,0.4,235.4,181125,12.8,E,E,V*77,1763494248879
NMEA,$GNGNS,193049.00,3725.857993,N,12209.314102,W,EEEEEE,27,0.4,20.8,-32.6,,,V*20,1763494248879
NMEA,$GNGGA,193049.00,3725.857993,N,12209.314102,W,6,12,0.4,20.8,M,-32.6,M,,*71,1763494248879
NMEA,$PSMSG,magcal=PASS,bluesky=0*00,1763494248884
NMEA,$GPGSV,4,1,13,03,18,173,45,04,53,101,36,07,53,281,37,08,18,126,44,1*60,1763494249856
NMEA,$GPGSV,4,2,13,09,77,359,41,11,04,294,26,16,34,050,43,20,14,319,40,1*66,1763494249856
NMEA,$GPGSV,4,3,13,21,15,320,35,27,19,094,45,30,25,265,37,46,00,000,42,1*65,1763494249856
NMEA,$GPGSV,4,4,13,48,00,000,43,1*5D,1763494249856
NMEA,$GPGSV,3,1,10,03,18,173,30,04,53,101,40,06,03,257,16,08,18,126,35,8*64,1763494249856
NMEA,$GPGSV,3,2,10,09,77,359,32,11,04,294,26,21,15,320,34,26,02,041,21,8*64,1763494249856
NMEA,$GPGSV,3,3,10,27,19,094,35,30,25,265,35,8*69,1763494249856
NMEA,$GLGSV,1,1,04,12,64,230,40,11,52,029,42,01,76,110,37,08,21,136,31,1*7B,1763494249856
NMEA,$GAGSV,3,1,11,02,51,173,44,03,67,075,42,05,19,108,43,07,01,299,17,7*75,1763494249856
NMEA,$GAGSV,3,2,11,08,48,316,39,13,12,276,34,15,05,227,28,16,34,049,43,7*7B,1763494249856
NMEA,$GAGSV,3,3,11,25,54,070,41,26,03,323,40,30,06,202,30,7*40,1763494249856
NMEA,$GAGSV,3,1,09,02,51,173,32,03,67,075,34,05,19,108,29,08,48,316,34,1*73,1763494249856
NMEA,$GAGSV,3,2,09,13,12,276,26,15,05,227,26,16,34,049,35,25,54,070,33,1*73,1763494249856
NMEA,$GAGSV,3,3,09,30,06,202,18,1*40,1763494249856
NMEA,$GBGSV,2,1,07,37,47,047,46,36,18,233,39,32,14,144,43,22,04,319,36,1*78,1763494249856
NMEA,$GBGSV,2,2,07,20,70,160,43,19,55,311,45,04,03,265,33,1*48,1763494249856
NMEA,$GBGSV,2,1,05,19,55,311,46,20,70,160,32,32,14,144,44,36,18,233,37,3*77,1763494249856
NMEA,$GBGSV,2,2,05,37,47,047,45,3*44,1763494249856
NMEA,$GBGSV,2,1,06,19,55,311,38,20,70,160,32,22,04,319,32,32,14,144,23,5*7E,1763494249856
NMEA,$GBGSV,2,2,06,36,18,233,34,37,47,047,38,5*72,1763494249856
NMEA,$GNGSA,A,3,03,04,07,08,09,16,20,21,27,30,,,0.6,0.4,0.5,1*37,1763494249868
NMEA,$PSSGR,GSA,A,3,03,04,08,09,21,27,30,,,,,,0.6,0.4,0.5,1,8*41,1763494249868
NMEA,$GNGSA,A,3,65,72,75,76,,,,,,,,,0.6,0.4,0.5,2*30,1763494249868
NMEA,$GNGSA,A,3,02,03,05,08,13,16,25,30,,,,,0.6,0.4,0.5,3*39,1763494249868
NMEA,$PSSGR,GSA,A,3,302,303,305,308,313,316,325,,,,,,0.6,0.4,0.5,3,1*74,1763494249868
NMEA,$GNGSA,A,3,19,20,32,36,37,,,,,,,,0.6,0.4,0.5,4*39,1763494249868
NMEA,$PSSGR,GSA,A,3,219,220,232,236,237,,,,,,,,0.6,0.4,0.5,4,5*72,1763494249868
NMEA,$GNVTG,235.4,T,222.6,M,0.4,N,0.7,K,E*3E,1763494249868
NMEA,$GNDTM,W84,,0000.000000,N,00000.000000,E,0.000,W84*41,1763494249868
NMEA,$GNRMC,193050.00,A,3725.858118,N,12209.314125,W,0.4,235.4,181125,12.8,E,E,V*7E,1763494249868
NMEA,$GNGNS,193050.00,3725.858118,N,12209.314125,W,EEEEEE,27,0.4,20.5,-32.6,,,V*24,1763494249868
NMEA,$GNGGA,193050.00,3725.858118,N,12209.314125,W,6,12,0.4,20.5,M,-32.6,M,,*75,1763494249868
NMEA,$PSMSG,magcal=PASS,bluesky=0*00,1763494249872
NMEA,$GPGSV,4,1,13,03,18,173,45,04,53,101,36,07,53,281,38,08,18,126,44,1*6F,1763494250857
NMEA,$GPGSV,4,2,13,09,77,359,39,11,04,294,27,16,34,050,42,20,14,319,38,1*66,1763494250857
NMEA,$GPGSV,4,3,13,21,15,320,29,27,19,094,46,30,25,265,33,46,00,000,40,1*6D,1763494250857
NMEA,$GPGSV,4,4,13,48,00,000,42,1*5C,1763494250857
NMEA,$GPGSV,3,1,10,03,18,173,33,04,53,101,39,06,03,257,17,08,18,126,33,8*6E,1763494250857
NMEA,$GPGSV,3,2,10,09,77,359,31,11,04,294,27,21,15,320,36,26,02,041,21,8*64,1763494250857
NMEA,$GPGSV,3,3,10,27,19,094,31,30,25,265,34,8*6C,1763494250857
NMEA,$GLGSV,1,1,04,12,64,230,38,11,52,029,40,01,76,110,36,08,21,136,31,1*77,1763494250857
NMEA,$GAGSV,3,1,11,02,51,173,42,03,67,075,41,05,19,108,41,07,01,299,17,7*72,1763494250857
NMEA,$GAGSV,3,2,11,08,48,316,40,13,12,276,25,15,05,227,28,16,34,049,44,7*72,1763494250857
NMEA,$GAGSV,3,3,11,25,54,070,41,26,03,323,40,30,06,202,29,7*48,1763494250857
NMEA,$GAGSV,3,1,09,02,51,173,34,03,67,075,34,05,19,108,28,08,48,316,32,1*72,1763494250857
NMEA,$GAGSV,3,2,09,13,12,276,30,15,05,227,23,16,34,049,33,25,54,070,32,1*76,1763494250857
NMEA,$GAGSV,3,3,09,30,06,202,18,1*40,1763494250857
NMEA,$GBGSV,2,1,07,37,47,047,46,36,18,233,39,32,14,144,43,22,04,319,36,1*78,1763494250857
NMEA,$GBGSV,2,2,07,20,70,160,43,19,55,311,45,04,03,265,33,1*48,1763494250857
NMEA,$GBGSV,2,1,05,19,55,311,44,20,70,160,37,32,14,144,42,36,18,233,38,3*79,1763494250857
NMEA,$GBGSV,2,2,05,37,47,047,43,3*42,1763494250857
NMEA,$GBGSV,2,1,06,19,55,311,37,20,70,160,26,22,04,319,32,32,14,144,24,5*73,1763494250857
NMEA,$GBGSV,2,2,06,36,18,233,33,37,47,047,35,5*78,1763494250857
NMEA,$GNGSA,A,3,03,04,07,08,09,16,20,21,27,30,,,0.6,0.4,0.5,1*37,1763494250869
NMEA,$PSSGR,GSA,A,3,03,04,08,09,21,27,30,,,,,,0.6,0.4,0.5,1,8*41,1763494250869
NMEA,$GNGSA,A,3,65,72,75,76,,,,,,,,,0.6,0.4,0.5,2*30,1763494250869
NMEA,$GNGSA,A,3,02,03,05,08,13,16,25,30,,,,,0.6,0.4,0.5,3*39,1763494250869
NMEA,$PSSGR,GSA,A,3,302,303,305,308,313,316,325,,,,,,0.6,0.4,0.5,3,1*74,1763494250869
NMEA,$GNGSA,A,3,19,20,32,36,37,,,,,,,,0.6,0.4,0.5,4*39,1763494250869
NMEA,$PSSGR,GSA,A,3,219,220,232,236,237,,,,,,,,0.6,0.4,0.5,4,5*72,1763494250869
NMEA,$GNVTG,235.4,T,222.6,M,0.3,N,0.6,K,E*38,1763494250869
NMEA,$GNDTM,W84,,0000.000000,N,00000.000000,E,0.000,W84*41,1763494250869
NMEA,$GNRMC,193051.00,A,3725.858217,N,12209.314130,W,0.3,235.4,181125,12.8,E,E,V*70,1763494250869
NMEA,$GNGNS,193051.00,3725.858217,N,12209.314130,W,EEEEEE,27,0.4,20.6,-32.6,,,V*2E,1763494250869
NMEA,$GNGGA,193051.00,3725.858217,N,12209.314130,W,6,12,0.4,20.6,M,-32.6,M,,*7F,1763494250869
NMEA,$PSMSG,magcal=PASS,bluesky=0*00,1763494250873
NMEA,$GPGSV,4,1,13,03,18,173,46,04,53,101,36,07,53,281,36,08,18,126,46,1*60,1763494251856
NMEA,$GPGSV,4,2,13,09,77,359,39,11,04,294,29,16,34,050,43,20,14,319,42,1*64,1763494251856
NMEA,$GPGSV,4,3,13,21,15,320,36,27,19,094,45,30,25,265,36,46,00,000,40,1*65,1763494251856
NMEA,$GPGSV,4,4,13,48,00,000,42,1*5C,1763494251856
NMEA,$GPGSV,3,1,10,03,18,173,32,04,53,101,39,06,03,257,17,08,18,126,34,8*68,1763494251856
NMEA,$GPGSV,3,2,10,09,77,359,33,11,04,294,30,21,15,320,33,26,02,041,21,8*65,1763494251856
NMEA,$GPGSV,3,3,10,27,19,094,35,30,25,265,32,8*6E,1763494251856
NMEA,$GLGSV,1,1,04,12,64,230,40,11,52,029,41,01,76,110,39,08,21,136,33,1*74,1763494251856
NMEA,$GAGSV,3,1,11,02,51,173,43,03,67,075,38,05,19,108,41,07,01,299,17,7*7D,1763494251856
NMEA,$GAGSV,3,2,11,08,48,316,41,13,12,276,31,15,05,227,26,16,34,049,44,7*78,1763494251856
NMEA,$GAGSV,3,3,11,25,54,070,40,26,03,323,40,30,06,202,27,7*47,1763494251856
NMEA,$GAGSV,3,1,09,02,51,173,33,03,67,075,34,05,19,108,31,08,48,316,34,1*7B,1763494251856
NMEA,$GAGSV,3,2,09,13,12,276,31,15,05,227,27,16,34,049,34,25,54,070,34,1*72,1763494251856
NMEA,$GAGSV,3,3,09,30,06,202,18,1*40,1763494251856
NMEA,$GBGSV,2,1,07,37,47,047,46,36,18,233,39,32,14,144,43,22,04,319,36,1*78,1763494251856
NMEA,$GBGSV,2,2,07,20,70,160,43,19,55,311,45,04,03,265,33,1*48,1763494251856
NMEA,$GBGSV,2,1,05,19,55,311,44,20,70,160,38,32,14,144,43,36,18,233,38,3*77,1763494251856
NMEA,$GBGSV,2,2,05,37,47,047,44,3*45,1763494251856
NMEA,$GBGSV,2,1,06,19,55,311,38,20,70,160,30,22,04,319,32,32,14,144,23,5*7C,1763494251856
NMEA,$GBGSV,2,2,06,36,18,233,35,37,47,047,37,5*7C,1763494251856
NMEA,$GNGSA,A,3,03,04,07,08,09,16,20,21,27,30,,,0.6,0.4,0.5,1*37,1763494251868
NMEA,$PSSGR,GSA,A,3,03,04,08,09,21,27,30,,,,,,0.6,0.4,0.5,1,8*41,1763494251868
NMEA,$GNGSA,A,3,65,72,75,76,,,,,,,,,0.6,0.4,0.5,2*30,1763494251868
NMEA,$GNGSA,A,3,02,03,05,08,13,16,25,30,,,,,0.6,0.4,0.5,3*39,1763494251868
NMEA,$PSSGR,GSA,A,3,302,303,305,308,313,316,325,,,,,,0.6,0.4,0.5,3,1*74,1763494251868
NMEA,$GNGSA,A,3,19,20,32,36,37,,,,,,,,0.6,0.4,0.5,4*39,1763494251868
NMEA,$PSSGR,GSA,A,3,219,220,232,236,237,,,,,,,,0.6,0.4,0.5,4,5*72,1763494251868
NMEA,$GNVTG,235.4,T,222.6,M,0.3,N,0.6,K,E*38,1763494251868
NMEA,$GNDTM,W84,,0000.000000,N,00000.000000,E,0.000,W84*41,1763494251868
NMEA,$GNRMC,193052.00,A,3725.858314,N,12209.314192,W,0.3,235.4,181125,12.8,E,E,V*79,1763494251868
NMEA,$GNGNS,193052.00,3725.858314,N,12209.314192,W,EEEEEE,27,0.4,20.7,-32.6,,,V*26,1763494251868
NMEA,$GNGGA,193052.00,3725.858314,N,12209.314192,W,6,12,0.4,20.7,M,-32.6,M,,*77,1763494251868
NMEA,$PSMSG,magcal=PASS,bluesky=0*00,1763494251874
NMEA,$GPGSV,4,1,13,03,18,173,40,04,53,101,40,07,53,281,37,08,18,126,46,1*66,1763494252857
NMEA,$GPGSV,4,2,13,09,77,359,42,11,04,294,25,16,34,050,45,20,14,319,46,1*66,1763494252857
NMEA,$GPGSV,4,3,13,21,15,320,40,27,19,094,46,30,25,265,36,46,00,000,42,1*65,1763494252857
NMEA,$GPGSV,4,4,13,48,00,000,41,1*5F,1763494252857
NMEA,$GPGSV,3,1,10,03,18,173,33,04,53,101,32,06,03,257,17,08,18,126,33,8*65,1763494252857
NMEA,$GPGSV,3,2,10,09,77,359,36,11,04,294,27,21,15,320,35,26,02,041,21,8*60,1763494252857
NMEA,$GPGSV,3,3,10,27,19,094,36,30,25,265,32,8*6D,1763494252857
NMEA,$GLGSV,1,1,04,12,64,230,41,11,52,029,41,01,76,110,38,08,21,136,38,1*7F,1763494252857
NMEA,$GAGSV,3,1,11,02,51,173,40,03,67,075,39,05,19,108,42,07,01,299,17,7*7C,1763494252857
NMEA,$GAGSV,3,2,11,08,48,316,40,13,12,276,42,15,05,227,23,16,34,049,45,7*79,1763494252857
NMEA,$GAGSV,3,3,11,25,54,070,43,26,03,323,40,30,06,202,22,7*41,1763494252857
NMEA,$GAGSV,2,1,08,02,51,173,32,03,67,075,30,05,19,108,31,08,48,316,37,1*7D,1763494252857
NMEA,$GAGSV,2,2,08,13,12,276,22,16,34,049,31,25,54,070,25,30,06,202,18,1*7A,1763494252857
NMEA,$GBGSV,2,1,07,37,47,047,46,36,18,233,39,32,14,144,43,22,04,319,36,1*78,1763494252857
NMEA,$GBGSV,2,2,07,20,70,160,43,19,55,311,45,04,03,265,33,1*48,1763494252857
NMEA,$GBGSV,2,1,05,19,55,311,44,20,70,160,39,32,14,144,40,36,18,233,29,3*75,1763494252857
NMEA,$GBGSV,2,2,05,37,47,047,45,3*44,1763494252857
NMEA,$GBGSV,2,1,05,19,55,311,35,20,70,160,33,32,14,144,29,36,18,233,34,5*7C,1763494252857
NMEA,$GBGSV,2,2,05,37,47,047,36,5*46,1763494252857
NMEA,$GNGSA,A,3,03,04,07,08,09,16,20,21,27,30,,,0.6,0.4,0.5,1*37,1763494252867
NMEA,$PSSGR,GSA,A,3,03,04,08,09,21,27,30,,,,,,0.6,0.4,0.5,1,8*41,1763494252867
NMEA,$GNGSA,A,3,65,72,75,76,,,,,,,,,0.6,0.4,0.5,2*30,1763494252867
NMEA,$GNGSA,A,3,02,03,05,08,13,16,25,30,,,,,0.6,0.4,0.5,3*39,1763494252867
NMEA,$PSSGR,GSA,A,3,302,303,305,308,313,316,325,,,,,,0.6,0.4,0.5,3,1*74,1763494252867
NMEA,$GNGSA,A,3,19,20,32,36,37,,,,,,,,0.6,0.4,0.5,4*39,1763494252867
NMEA,$PSSGR,GSA,A,3,219,220,232,236,237,,,,,,,,0.6,0.4,0.5,4,5*72,1763494252867
NMEA,$GNVTG,,T,,M,0.0,N,0.0,K,E*39,1763494252867
NMEA,$GNDTM,W84,,0000.000000,N,00000.000000,E,0.000,W84*41,1763494252867
NMEA,$GNRMC,193053.00,A,3725.858311,N,12209.314278,W,0.0,,181125,12.8,E,E,V*57,1763494252867
NMEA,$GNGNS,193053.00,3725.858311,N,12209.314278,W,EEEEEE,27,0.4,20.5,-32.6,,,V*27,1763494252867
NMEA,$GNGGA,193053.00,3725.858311,N,12209.314278,W,6,12,0.4,20.5,M,-32.6,M,,*76,1763494252867
NMEA,$PSMSG,magcal=PASS,bluesky=0*00,1763494252872
NMEA,$GPGSV,4,1,13,03,18,173,43,04,53,101,40,07,53,281,34,08,18,126,45,1*65,1763494253860
NMEA,$GPGSV,4,2,13,09,77,359,41,11,04,294,24,16,34,050,44,20,14,319,44,1*67,1763494253860
NMEA,$GPGSV,4,3,13,21,15,320,36,27,19,094,46,30,25,265,34,46,00,000,41,1*65,1763494253860
NMEA,$GPGSV,4,4,13,48,00,000,42,1*5C,1763494253860
NMEA,$GPGSV,3,1,10,03,18,173,29,04,53,101,38,06,03,257,17,08,18,126,35,8*62,1763494253860
NMEA,$GPGSV,3,2,10,09,77,359,34,11,04,294,28,21,15,320,32,26,02,041,21,8*6A,1763494253860
NMEA,$GPGSV,3,3,10,27,19,094,37,30,25,265,27,8*68,1763494253860
NMEA,$GLGSV,1,1,04,12,64,230,39,11,52,029,40,01,76,110,37,08,21,136,33,1*75,1763494253860
NMEA,$GAGSV,3,1,11,02,51,173,41,03,67,075,39,05,19,108,41,07,01,299,17,7*7E,1763494253860
NMEA,$GAGSV,3,2,11,08,48,316,39,13,12,276,36,15,05,227,23,16,34,049,44,7*75,1763494253860
NMEA,$GAGSV,3,3,11,25,54,070,41,26,03,323,40,30,06,202,22,7*43,1763494253860
NMEA,$GAGSV,2,1,08,02,51,173,32,03,67,075,35,05,19,108,32,08,48,316,35,1*79,1763494253860
NMEA,$GAGSV,2,2,08,13,12,276,32,16,34,049,35,25,54,070,35,30,06,202,18,1*7E,1763494253860
NMEA,$GBGSV,2,1,07,37,47,047,46,36,18,233,39,32,14,144,43,22,04,319,36,1*78,1763494253860
NMEA,$GBGSV,2,2,07,20,70,160,43,19,55,311,45,04,03,265,33,1*48,1763494253860
NMEA,$GBGSV,2,1,05,19,55,311,46,20,70,160,40,32,14,144,43,36,18,233,35,3*77,1763494253860
NMEA,$GBGSV,2,2,05,37,47,047,46,3*47,1763494253860
NMEA,$GBGSV,2,1,05,19,55,311,38,20,70,160,32,32,14,144,24,36,18,233,35,5*7C,1763494253860
NMEA,$GBGSV,2,2,05,37,47,047,36,5*46,1763494253860
NMEA,$GNGSA,A,3,03,04,07,08,09,16,20,21,27,30,,,0.6,0.4,0.5,1*37,1763494253875
NMEA,$PSSGR,GSA,A,3,03,04,08,09,21,27,30,,,,,,0.6,0.4,0.5,1,8*41,1763494253875
NMEA,$GNGSA,A,3,65,72,75,76,,,,,,,,,0.6,0.4,0.5,2*30,1763494253875
NMEA,$GNGSA,A,3,02,03,05,08,13,16,25,30,,,,,0.6,0.4,0.5,3*39,1763494253875
NMEA,$PSSGR,GSA,A,3,302,303,305,308,313,316,325,,,,,,0.6,0.4,0.5,3,1*74,1763494253875
NMEA,$GNGSA,A,3,19,20,32,36,37,,,,,,,,0.6,0.4,0.5,4*39,1763494253875
NMEA,$PSSGR,GSA,A,3,219,220,232,236,237,,,,,,,,0.6,0.4,0.5,4,5*72,1763494253875
NMEA,$GNVTG,,T,,M,0.0,N,0.0,K,E*39,1763494253875
NMEA,$GNDTM,W84,,0000.000000,N,00000.000000,E,0.000,W84*41,1763494253875
NMEA,$GNRMC,193054.00,A,3725.858249,N,12209.314353,W,0.0,,181125,12.8,E,E,V*54,1763494253875
NMEA,$GNGNS,193054.00,3725.858249,N,12209.314353,W,EEEEEE,27,0.4,20.4,-32.6,,,V*25,1763494253875
NMEA,$GNGGA,193054.00,3725.858249,N,12209.314353,W,6,12,0.4,20.4,M,-32.6,M,,*74,1763494253875
NMEA,$PSMSG,magcal=PASS,bluesky=0*00,1763494253884
NMEA,$GPGSV,4,1,13,03,18,173,44,04,53,101,40,07,53,281,39,08,18,126,44,1*6E,1763494254861
NMEA,$GPGSV,4,2,13,09,77,359,39,11,04,294,23,16,34,050,43,20,14,319,38,1*63,1763494254861
NMEA,$GPGSV,4,3,13,21,15,320,32,27,19,094,46,30,25,265,36,46,00,000,35,1*60,1763494254861
NMEA,$GPGSV,4,4,13,48,00,000,39,1*50,1763494254861
NMEA,$GPGSV,3,1,10,03,18,173,33,04,53,101,39,06,03,257,17,08,18,126,34,8*69,1763494254861
NMEA,$GPGSV,3,2,10,09,77,359,32,11,04,294,29,21,15,320,35,26,02,041,21,8*6A,1763494254861
NMEA,$GPGSV,3,3,10,27,19,094,32,30,25,265,34,8*6F,1763494254861
NMEA,$GLGSV,1,1,04,12,64,230,39,11,52,029,42,01,76,110,36,08,21,136,31,1*74,1763494254861
NMEA,$GAGSV,3,1,11,02,51,173,43,03,67,075,40,05,19,108,39,07,01,299,17,7*7D,1763494254861
NMEA,$GAGSV,3,2,11,08,48,316,39,13,12,276,28,15,05,227,31,16,34,049,43,7*7E,1763494254861
NMEA,$GAGSV,3,3,11,25,54,070,36,26,03,323,40,30,06,202,26,7*47,1763494254861
NMEA,$GAGSV,2,1,08,02,51,173,35,03,67,075,36,05,19,108,29,08,48,316,31,1*73,1763494254861
NMEA,$GAGSV,2,2,08,13,12,276,34,16,34,049,31,25,54,070,37,30,06,202,18,1*7E,1763494254861
NMEA,$GBGSV,2,1,07,37,47,047,46,36,18,233,39,32,14,144,43,22,04,319,36,1*78,1763494254861
NMEA,$GBGSV,2,2,07,20,70,160,43,19,55,311,45,04,03,265,33,1*48,1763494254861
NMEA,$GBGSV,2,1,05,19,55,311,41,20,70,160,40,32,14,144,42,36,18,233,36,3*72,1763494254861
NMEA,$GBGSV,2,2,05,37,47,047,44,3*45,1763494254861
NMEA,$GBGSV,2,1,05,19,55,311,38,20,70,160,26,32,14,144,24,36,18,233,34,5*78,1763494254861
NMEA,$GBGSV,2,2,05,37,47,047,31,5*41,1763494254861
NMEA,$GNGSA,A,3,03,04,07,08,09,16,20,21,27,30,,,0.6,0.4,0.5,1*37,1763494254874
NMEA,$PSSGR,GSA,A,3,03,04,08,09,21,27,30,,,,,,0.6,0.4,0.5,1,8*41,1763494254874
NMEA,$GNGSA,A,3,65,72,75,76,,,,,,,,,0.6,0.4,0.5,2*30,1763494254874
NMEA,$GNGSA,A,3,02,03,05,08,13,16,25,30,,,,,0.6,0.4,0.5,3*39,1763494254874
NMEA,$PSSGR,GSA,A,3,302,303,305,308,313,316,325,,,,,,0.6,0.4,0.5,3,1*74,1763494254874
NMEA,$GNGSA,A,3,19,20,32,36,37,,,,,,,,0.6,0.4,0.5,4*39,1763494254874
NMEA,$PSSGR,GSA,A,3,219,220,232,236,237,,,,,,,,0.6,0.4,0.5,4,5*72,1763494254874
NMEA,$GNVTG,235.4,T,222.6,M,0.4,N,0.7,K,E*3E,1763494254874
NMEA,$GNDTM,W84,,0000.000000,N,00000.000000,E,0.000,W84*41,1763494254874
NMEA,$GNRMC,193055.00,A,3725.858319,N,12209.314410,W,0.4,235.4,181125,12.8,E,E,V*7B,1763494254874
NMEA,$GNGNS,193055.00,3725.858319,N,12209.314410,W,EEEEEE,27,0.4,20.6,-32.6,,,V*22,1763494254874
NMEA,$GNGGA,193055.00,3725.858319,N,12209.314410,W,6,12,0.4,20.6,M,-32.6,M,,*73,1763494254874
NMEA,$PSMSG,magcal=PASS,bluesky=0*00,1763494254878
NMEA,$GPGSV,4,1,13,03,18,173,44,04,53,101,39,07,53,281,38,08,18,126,42,1*67,1763494255855
NMEA,$GPGSV,4,2,13,09,77,359,40,11,04,294,27,16,34,050,43,20,14,319,41,1*67,1763494255855
NMEA,$GPGSV,4,3,13,21,15,320,33,27,19,094,45,30,25,265,37,46,00,000,38,1*6E,1763494255855
NMEA,$GPGSV,4,4,13,48,00,000,40,1*5E,1763494255855
NMEA,$GPGSV,3,1,10,03,18,173,30,04,53,101,38,06,03,257,17,08,18,126,33,8*6C,1763494255855
NMEA,$GPGSV,3,2,10,09,77,359,34,11,04,294,29,21,15,320,34,26,02,041,21,8*6D,1763494255855
NMEA,$GPGSV,3,3,10,27,19,094,33,30,25,265,34,8*6E,1763494255855
NMEA,$GLGSV,1,1,04,12,64,230,39,11,52,029,40,01,76,110,38,08,21,136,26,1*7E,1763494255855
NMEA,$GAGSV,3,1,11,02,51,173,45,03,67,075,39,05,19,108,39,07,01,299,17,7*75,1763494255855
NMEA,$GAGSV,3,2,11,08,48,316,37,13,12,276,30,15,05,227,31,16,34,049,44,7*7E,1763494255855
NMEA,$GAGSV,3,3,11,25,54,070,37,26,03,323,40,30,06,202,27,7*47,1763494255855
NMEA,$GAGSV,2,1,08,02,51,173,35,03,67,075,36,05,19,108,28,08,48,316,32,1*71,1763494255855
NMEA,$GAGSV,2,2,08,13,12,276,35,16,34,049,31,25,54,070,36,30,06,202,18,1*7E,1763494255855
NMEA,$GBGSV,2,1,07,37,47,047,46,36,18,233,39,32,14,144,43,22,04,319,36,1*78,1763494255855
NMEA,$GBGSV,2,2,07,20,70,160,43,19,55,311,45,04,03,265,33,1*48,1763494255855
NMEA,$GBGSV,2,1,05,19,55,311,40,20,70,160,42,32,14,144,43,36,18,233,37,3*71,1763494255855
NMEA,$GBGSV,2,2,05,37,47,047,45,3*44,1763494255855
NMEA,$GBGSV,2,1,05,19,55,311,38,20,70,160,28,32,14,144,23,36,18,233,32,5*77,1763494255855
NMEA,$GBGSV,2,2,05,37,47,047,35,5*45,1763494255855
NMEA,$GNGSA,A,3,03,04,07,08,09,16,20,21,27,30,,,0.7,0.4,0.5,1*36,1763494255866
NMEA,$PSSGR,GSA,A,3,03,04,08,09,21,27,30,,,,,,0.7,0.4,0.5,1,8*40,1763494255866
NMEA,$GNGSA,A,3,65,72,75,76,,,,,,,,,0.7,0.4,0.5,2*31,1763494255866
NMEA,$GNGSA,A,3,02,03,05,08,13,16,25,30,,,,,0.7,0.4,0.5,3*38,1763494255866
NMEA,$PSSGR,GSA,A,3,302,303,305,308,313,316,325,,,,,,0.7,0.4,0.5,3,1*75,1763494255866
NMEA,$GNGSA,A,3,19,20,32,36,37,,,,,,,,0.7,0.4,0.5,4*38,1763494255866
NMEA,$PSSGR,GSA,A,3,219,220,232,236,237,,,,,,,,0.7,0.4,0.5,4,5*73,1763494255866
NMEA,$GNVTG,235.4,T,222.6,M,0.3,N,0.6,K,E*38,1763494255866
NMEA,$GNDTM,W84,,0000.000000,N,00000.000000,E,0.000,W84*41,1763494255866
NMEA,$GNRMC,193056.00,A,3725.858385,N,12209.314438,W,0.3,235.4,181125,12.8,E,E,V*70,1763494255866
NMEA,$GNGNS,193056.00,3725.858385,N,12209.314438,W,EEEEEE,27,0.4,20.7,-32.6,,,V*2F,1763494255866
NMEA,$GNGGA,193056.00,3725.858385,N,12209.314438,W,6,12,0.4,20.7,M,-32.6,M,,*7E,1763494255866
NMEA,$PSMSG,magcal=PASS,bluesky=0*00,1763494255872
NMEA,$GPGSV,4,1,13,03,18,173,40,04,53,101,40,07,53,281,41,08,18,126,46,1*67,1763494256858
NMEA,$GPGSV,4,2,13,09,77,359,42,11,04,294,30,16,34,050,45,20,14,319,46,1*62,1763494256858
NMEA,$GPGSV,4,3,13,21,15,320,40,27,19,094,46,30,25,265,38,46,00,000,39,1*67,1763494256858
NMEA,$GPGSV,4,4,13,48,00,000,41,1*5F,1763494256858
NMEA,$GPGSV,3,1,10,03,18,173,32,04,53,101,33,06,03,257,17,08,18,126,26,8*61,1763494256858
NMEA,$GPGSV,3,2,10,09,77,359,37,11,04,294,27,21,15,320,35,26,02,041,21,8*61,1763494256858
NMEA,$GPGSV,3,3,10,27,19,094,32,30,25,265,27,8*6D,1763494256858
NMEA,$GLGSV,1,1,04,12,64,230,42,11,52,029,42,01,76,110,39,08,21,136,35,1*73,1763494256858
NMEA,$GAGSV,3,1,11,02,51,173,38,03,67,075,39,05,19,108,42,07,01,299,17,7*73,1763494256858
NMEA,$GAGSV,3,2,11,08,48,316,41,13,12,276,40,15,05,227,31,16,34,049,43,7*7F,1763494256858
NMEA,$GAGSV,3,3,11,25,54,070,39,26,03,323,40,30,06,202,23,7*4D,1763494256858
NMEA,$GAGSV,2,1,08,02,51,173,31,03,67,075,32,05,19,108,26,08,48,316,37,1*7A,1763494256858
NMEA,$GAGSV,2,2,08,13,12,276,31,16,34,049,29,25,54,070,30,30,06,202,17,1*7A,1763494256858
NMEA,$GBGSV,2,1,07,37,47,047,46,36,18,233,39,32,14,144,43,22,04,319,36,1*78,1763494256858
NMEA,$GBGSV,2,2,07,20,70,160,43,19,55,311,45,04,03,265,33,1*48,1763494256858
NMEA,$GBGSV,2,1,05,19,55,311,42,20,70,160,40,32,14,144,41,36,18,233,32,3*76,1763494256858
NMEA,$GBGSV,2,2,05,37,47,047,44,3*45,1763494256858
NMEA,$GBGSV,2,1,05,19,55,311,35,20,70,160,34,32,14,144,25,36,18,233,32,5*71,1763494256858
NMEA,$GBGSV,2,2,05,37,47,047,35,5*45,1763494256858
NMEA,$GNGSA,A,3,03,04,07,08,09,16,20,21,27,30,,,0.7,0.4,0.5,1*36,1763494256866
NMEA,$PSSGR,GSA,A,3,03,04,08,09,21,27,30,,,,,,0.7,0.4,0.5,1,8*40,1763494256866
NMEA,$GNGSA,A,3,65,72,75,76,,,,,,,,,0.7,0.4,0.5,2*31,1763494256866
NMEA,$GNGSA,A,3,02,03,05,08,13,16,25,30,,,,,0.7,0.4,0.5,3*38,1763494256866
NMEA,$PSSGR,GSA,A,3,302,303,305,308,313,316,325,,,,,,0.7,0.4,0.5,3,1*75,1763494256866
NMEA,$GNGSA,A,3,19,20,32,36,37,,,,,,,,0.7,0.4,0.5,4*38,1763494256866
NMEA,$PSSGR,GSA,A,3,219,220,232,236,237,,,,,,,,0.7,0.4,0.5,4,5*73,1763494256866
NMEA,$GNVTG,,T,,M,0.0,N,0.0,K,E*39,1763494256866
NMEA,$GNDTM,W84,,0000.000000,N,00000.000000,E,0.000,W84*41,1763494256866
NMEA,$GNRMC,193057.00,A,3725.858396,N,12209.314521,W,0.0,,181125,12.8,E,E,V*57,1763494256866
NMEA,$GNGNS,193057.00,3725.858396,N,12209.314521,W,EEEEEE,27,0.4,20.8,-32.6,,,V*2A,1763494256866
NMEA,$GNGGA,193057.00,3725.858396,N,12209.314521,W,6,12,0.4,20.8,M,-32.6,M,,*7B,1763494256866
NMEA,$PSMSG,magcal=PASS,bluesky=0*00,1763494256870
NMEA,$GPGSV,4,1,13,03,18,173,38,04,53,101,36,07,53,281,43,08,18,126,46,1*6B,1763494257862
NMEA,$GPGSV,4,2,13,09,77,359,44,11,04,294,30,16,34,050,44,20,14,319,46,1*65,1763494257862
NMEA,$GPGSV,4,3,13,21,15,320,39,27,19,094,45,30,25,265,38,46,00,000,38,1*6B,1763494257862
NMEA,$GPGSV,4,4,13,48,00,000,39,1*50,1763494257862
NMEA,$GPGSV,3,1,10,03,18,173,35,04,53,101,31,06,03,257,17,08,18,126,31,8*62,1763494257862
NMEA,$GPGSV,3,2,10,09,77,359,36,11,04,294,24,21,15,320,33,26,02,041,21,8*65,1763494257862
NMEA,$GPGSV,3,3,10,27,19,094,31,30,25,265,29,8*60,1763494257862
NMEA,$GLGSV,1,1,04,12,64,230,41,11,52,029,38,01,76,110,36,08,21,136,36,1*71,1763494257862
NMEA,$GAGSV,3,1,11,02,51,173,37,03,67,075,38,05,19,108,42,07,01,299,17,7*7D,1763494257862
NMEA,$GAGSV,3,2,11,08,48,316,40,13,12,276,43,15,05,227,21,16,34,049,42,7*7D,1763494257862
NMEA,$GAGSV,3,3,11,25,54,070,41,26,03,323,40,30,06,202,23,7*42,1763494257862
NMEA,$GAGSV,2,1,08,02,51,173,29,03,67,075,28,05,19,108,24,08,48,316,36,1*7B,1763494257862
NMEA,$GAGSV,2,2,08,13,12,276,29,16,34,049,29,25,54,070,24,30,06,202,25,1*77,1763494257862
NMEA,$GBGSV,2,1,07,37,47,047,46,36,18,233,39,32,14,144,43,22,04,319,36,1*78,1763494257862
NMEA,$GBGSV,2,2,07,20,70,160,43,19,55,311,45,04,03,265,33,1*48,1763494257862
NMEA,$GBGSV,2,1,05,19,55,311,39,20,70,160,36,32,14,144,38,36,18,233,34,3*73,1763494257862
NMEA,$GBGSV,2,2,05,37,47,047,43,3*42,1763494257862
NMEA,$GBGSV,2,1,05,19,55,311,32,20,70,160,34,32,14,144,25,36,18,233,30,5*74,1763494257862
NMEA,$GBGSV,2,2,05,37,47,047,32,5*42,1763494257862
NMEA,$GNGSA,A,3,03,04,07,08,09,16,20,21,27,30,,,0.7,0.4,0.5,1*36,1763494257874
NMEA,$PSSGR,GSA,A,3,03,04,08,09,21,27,30,,,,,,0.7,0.4,0.5,1,8*40,1763494257874
NMEA,$GNGSA,A,3,65,72,75,76,,,,,,,,,0.7,0.4,0.5,2*31,1763494257874
NMEA,$GNGSA,A,3,02,03,05,08,13,16,25,30,,,,,0.7,0.4,0.5,3*38,1763494257874
NMEA,$PSSGR,GSA,A,3,302,303,305,308,313,316,325,,,,,,0.7,0.4,0.5,3,1*75,1763494257874
NMEA,$GNGSA,A,3,19,20,32,36,37,,,,,,,,0.7,0.4,0.5,4*38,1763494257874
NMEA,$PSSGR,GSA,A,3,219,220,232,236,237,,,,,,,,0.7,0.4,0.5,4,5*73,1763494257874
NMEA,$GNVTG,,T,,M,0.0,N,0.0,K,E*39,1763494257874
NMEA,$GNDTM,W84,,0000.000000,N,00000.000000,E,0.000,W84*41,1763494257874
NMEA,$GNRMC,193058.00,A,3725.858315,N,12209.314600,W,0.0,,181125,12.8,E,E,V*53,1763494257874
NMEA,$GNGNS,193058.00,3725.858315,N,12209.314600,W,EEEEEE,27,0.4,20.8,-32.6,,,V*2E,1763494257874
NMEA,$GNGGA,193058.00,3725.858315,N,12209.314600,W,6,12,0.4,20.8,M,-32.6,M,,*7F,1763494257874
NMEA,$PSMSG,magcal=PASS,bluesky=0*00,1763494257879
NMEA,$GPGSV,4,1,13,03,18,173,44,04,53,101,36,07,53,281,40,08,18,126,46,1*63,1763494258861
NMEA,$GPGSV,4,2,13,09,77,359,43,11,04,294,27,16,34,050,45,20,14,319,45,1*66,1763494258861
NMEA,$GPGSV,4,3,13,21,15,320,38,27,19,094,45,30,25,265,36,46,00,000,41,1*6A,1763494258861
NMEA,$GPGSV,4,4,13,48,00,000,42,1*5C,1763494258861
NMEA,$GPGSV,3,1,10,03,18,173,27,04,53,101,33,06,03,257,17,08,18,126,29,8*6A,1763494258861
NMEA,$GPGSV,3,2,10,09,77,359,38,11,04,294,28,21,15,320,36,26,02,041,21,8*62,1763494258861
NMEA,$GPGSV,3,3,10,27,19,094,33,30,25,265,29,8*62,1763494258861
NMEA,$GLGSV,1,1,04,12,64,230,40,11,52,029,42,01,76,110,38,08,21,136,36,1*73,1763494258861
NMEA,$GAGSV,3,1,11,02,51,173,39,03,67,075,38,05,19,108,40,07,01,299,17,7*71,1763494258861
NMEA,$GAGSV,3,2,11,08,48,316,35,13,12,276,35,15,05,227,21,16,34,049,42,7*7E,1763494258861
NMEA,$GAGSV,3,3,11,25,54,070,42,26,03,323,40,30,06,202,23,7*41,1763494258861
NMEA,$GAGSV,2,1,08,02,51,173,30,03,67,075,32,05,19,108,22,08,48,316,35,1*7D,1763494258861
NMEA,$GAGSV,2,2,08,13,12,276,33,16,34,049,33,25,54,070,31,30,06,202,23,1*75,1763494258861
NMEA,$GBGSV,2,1,07,37,47,047,46,36,18,233,39,32,14,144,43,22,04,319,36,1*78,1763494258861
NMEA,$GBGSV,2,2,07,20,70,160,43,19,55,311,45,04,03,265,33,1*48,1763494258861
NMEA,$GBGSV,2,1,05,19,55,311,43,20,70,160,37,32,14,144,43,36,18,233,32,3*75,1763494258861
NMEA,$GBGSV,2,2,05,37,47,047,43,3*42,1763494258861
NMEA,$GBGSV,2,1,05,19,55,311,32,20,70,160,32,32,14,144,26,36,18,233,28,5*78,1763494258861
NMEA,$GBGSV,2,2,05,37,47,047,35,5*45,1763494258861
NMEA,$GNGSA,A,3,03,04,07,08,09,16,20,21,27,30,,,0.7,0.4,0.5,1*36,1763494258872
NMEA,$PSSGR,GSA,A,3,03,04,08,09,21,27,30,,,,,,0.7,0.4,0.5,1,8*40,1763494258872
NMEA,$GNGSA,A,3,65,72,75,76,,,,,,,,,0.7,0.4,0.5,2*31,1763494258872
NMEA,$GNGSA,A,3,02,03,05,08,13,16,25,30,,,,,0.7,0.4,0.5,3*38,1763494258872
NMEA,$PSSGR,GSA,A,3,302,303,305,308,313,316,325,,,,,,0.7,0.4,0.5,3,1*75,1763494258872
NMEA,$GNGSA,A,3,19,20,32,36,37,,,,,,,,0.7,0.4,0.5,4*38,1763494258872
NMEA,$PSSGR,GSA,A,3,219,220,236,237,,,,,,,,,0.7,0.4,0.5,4,5*40,1763494258872
NMEA,$GNVTG,235.4,T,222.6,M,0.3,N,0.6,K,E*38,1763494258872
NMEA,$GNDTM,W84,,0000.000000,N,00000.000000,E,0.000,W84*41,1763494258872
NMEA,$GNRMC,193059.00,A,3725.858399,N,12209.314656,W,0.3,235.4,181125,12.8,E,E,V*78,1763494258872
NMEA,$GNGNS,193059.00,3725.858399,N,12209.314656,W,EEEEEE,27,0.4,20.7,-32.6,,,V*27,1763494258872
NMEA,$GNGGA,193059.00,3725.858399,N,12209.314656,W,6,12,0.4,20.7,M,-32.6,M,,*76,1763494258872
NMEA,$PSMSG,magcal=PASS,bluesky=0*00,1763494258875
NMEA,$GPGSV,4,1,13,03,18,173,46,04,53,101,40,07,53,281,37,08,18,126,45,1*63,1763494259857
NMEA,$GPGSV,4,2,13,09,77,359,43,11,04,294,26,16,34,050,45,20,14,319,39,1*6C,1763494259857
NMEA,$GPGSV,4,3,13,21,15,320,35,27,19,094,43,30,25,265,35,46,00,000,42,1*61,1763494259857
NMEA,$GPGSV,4,4,13,48,00,000,43,1*5D,1763494259857
NMEA,$GPGSV,3,1,10,03,18,173,30,04,53,101,38,06,03,257,17,08,18,126,29,8*67,1763494259857
NMEA,$GPGSV,3,2,10,09,77,359,40,11,04,294,30,21,15,320,36,26,02,041,21,8*64,1763494259857
NMEA,$GPGSV,3,3,10,27,19,094,29,30,25,265,24,8*64,1763494259857
NMEA,$GLGSV,1,1,04,12,64,230,39,11,52,029,43,01,76,110,40,08,21,136,36,1*73,1763494259857
NMEA,$GAGSV,3,1,11,02,51,173,43,03,67,075,43,05,19,108,43,07,01,299,17,7*73,1763494259857
NMEA,$GAGSV,3,2,11,08,48,316,38,13,12,276,28,15,05,227,27,16,34,049,45,7*7E,1763494259857
NMEA,$GAGSV,3,3,11,25,54,070,44,26,03,323,40,30,06,202,28,7*4C,1763494259857
NMEA,$GAGSV,2,1,08,02,51,173,33,03,67,075,35,05,19,108,28,08,48,316,37,1*71,1763494259857
NMEA,$GAGSV,2,2,08,13,12,276,35,16,34,049,35,25,54,070,34,30,06,202,23,1*70,1763494259857
NMEA,$GBGSV,2,1,07,37,47,047,46,36,18,233,39,32,14,144,43,22,04,319,36,1*78,1763494259857
NMEA,$GBGSV,2,2,07,20,70,160,43,19,55,311,45,04,03,265,33,1*48,1763494259857
NMEA,$GBGSV,2,1,05,19,55,311,44,20,70,160,39,32,14,144,44,36,18,233,38,3*71,1763494259857
NMEA,$GBGSV,2,2,05,37,47,047,43,3*42,1763494259857
NMEA,$GBGSV,2,1,05,19,55,311,36,20,70,160,33,32,14,144,26,36,18,233,24,5*71,1763494259857
NMEA,$GBGSV,2,2,05,37,47,047,38,5*48,1763494259857
NMEA,$GNGSA,A,3,03,04,07,08,09,16,20,21,27,30,,,0.7,0.4,0.5,1*36,1763494259866
NMEA,$PSSGR,GSA,A,3,03,04,08,09,21,27,30,,,,,,0.7,0.4,0.5,1,8*40,1763494259866
NMEA,$GNGSA,A,3,65,72,75,76,,,,,,,,,0.7,0.4,0.5,2*31,1763494259866
NMEA,$GNGSA,A,3,02,03,05,08,13,16,25,30,,,,,0.7,0.4,0.5,3*38,1763494259866
NMEA,$PSSGR,GSA,A,3,302,303,305,308,313,316,325,,,,,,0.7,0.4,0.5,3,1*75,1763494259866
NMEA,$GNGSA,A,3,19,20,32,36,37,,,,,,,,0.7,0.4,0.5,4*38,1763494259866
NMEA,$PSSGR,GSA,A,3,219,220,236,237,,,,,,,,,0.7,0.4,0.5,4,5*40,1763494259866
NMEA,$GNVTG,235.4,T,222.6,M,0.5,N,1.0,K,E*39,1763494259866
NMEA,$GNDTM,W84,,0000.000000,N,00000.000000,E,0.000,W84*41,1763494259866
NMEA,$GNRMC,193100.00,A,3725.858545,N,12209.314683,W,0.5,235.4,181125,12.8,E,E,V*7C,1763494259866
NMEA,$GNGNS,193100.00,3725.858545,N,12209.314683,W,EEEEEE,27,0.4,20.8,-32.6,,,V*2A,1763494259866
NMEA,$GNGGA,193100.00,3725.858545,N,12209.314683,W,6,12,0.4,20.8,M,-32.6,M,,*7B,1763494259866
NMEA,$PSMSG,magcal=PASS,bluesky=0*00,1763494259871
NMEA,$GPGSV,4,1,13,03,18,173,44,04,53,101,40,07,53,281,37,08,18,126,45,1*61,1763494260857
NMEA,$GPGSV,4,2,13,09,77,359,43,11,04,294,30,16,34,050,44,20,14,319,44,1*60,1763494260857
NMEA,$GPGSV,4,3,13,21,15,320,39,27,19,094,44,30,25,265,37,46,00,000,43,1*69,1763494260857
NMEA,$GPGSV,4,4,13,48,00,000,43,1*5D,1763494260857
NMEA,$GPGSV,3,1,10,03,18,173,28,04,53,101,36,06,03,257,20,08,18,126,24,8*69,1763494260857
NMEA,$GPGSV,3,2,10,09,77,359,38,11,04,294,27,21,15,320,36,26,02,041,21,8*6D,1763494260857
NMEA,$GPGSV,3,3,10,27,19,094,25,30,25,265,22,8*6E,1763494260857
NMEA,$GLGSV,1,1,04,12,64,230,41,11,52,029,46,01,76,110,40,08,21,136,37,1*78,1763494260857
NMEA,$GAGSV,3,1,11,02,51,173,43,03,67,075,41,05,19,108,43,07,01,299,17,7*71,1763494260857
NMEA,$GAGSV,3,2,11,08,48,316,40,13,12,276,38,15,05,227,26,16,34,049,44,7*70,1763494260857
NMEA,$GAGSV,3,3,11,25,54,070,42,26,03,323,42,30,06,202,26,7*46,1763494260857
NMEA,$GAGSV,2,1,08,02,51,173,34,03,67,075,32,05,19,108,22,08,48,316,38,1*74,1763494260857
NMEA,$GAGSV,2,2,08,13,12,276,34,16,34,049,35,25,54,070,31,30,06,202,20,1*77,1763494260857
NMEA,$GBGSV,2,1,07,37,47,047,47,36,18,233,34,32,14,144,44,22,04,319,38,1*7D,1763494260857
NMEA,$GBGSV,2,2,07,20,70,160,42,19,55,311,44,04,03,265,33,1*48,1763494260857
NMEA,$GBGSV,2,1,05,19,55,311,43,20,70,160,40,32,14,144,44,36,18,233,37,3*77,1763494260857
NMEA,$GBGSV,2,2,05,37,47,047,44,3*45,1763494260857
NMEA,$GBGSV,2,1,06,19,55,311,38,20,70,160,34,22,04,319,31,32,14,144,25,5*7D,1763494260857
NMEA,$GBGSV,2,2,06,36,18,233,26,37,47,047,36,5*7F,1763494260857
NMEA,$GNGSA,A,3,03,04,07,08,09,16,20,21,27,30,,,0.6,0.4,0.5,1*37,1763494260867
NMEA,$PSSGR,GSA,A,3,03,04,08,09,21,27,30,,,,,,0.6,0.4,0.5,1,8*41,1763494260867
NMEA,$GNGSA,A,3,65,72,75,76,,,,,,,,,0.6,0.4,0.5,2*30,1763494260867
NMEA,$GNGSA,A,3,02,03,05,08,13,16,25,30,,,,,0.6,0.4,0.5,3*39,1763494260867
NMEA,$PSSGR,GSA,A,3,302,303,305,308,313,316,325,,,,,,0.6,0.4,0.5,3,1*74,1763494260867
NMEA,$GNGSA,A,3,19,20,32,36,37,,,,,,,,0.6,0.4,0.5,4*39,1763494260867
NMEA,$PSSGR,GSA,A,3,219,220,236,237,,,,,,,,,0.6,0.4,0.5,4,5*41,1763494260867
NMEA,$GNVTG,,T,,M,0.0,N,0.0,K,E*39,1763494260867
NMEA,$GNDTM,W84,,0000.000000,N,00000.000000,E,0.000,W84*41,1763494260867
NMEA,$GNRMC,193101.00,A,3725.858588,N,12209.314646,W,0.0,,181125,12.8,E,E,V*5E,1763494260867
NMEA,$GNGNS,193101.00,3725.858588,N,12209.314646,W,EEEEEE,27,0.4,20.8,-32.6,,,V*23,1763494260867
NMEA,$GNGGA,193101.00,3725.858588,N,12209.314646,W,6,12,0.4,20.8,M,-32.6,M,,*72,1763494260867
NMEA,$PSMSG,magcal=PASS,bluesky=0*00,1763494260869
NMEA,$GPGSV,4,1,13,03,18,173,39,04,53,101,38,07,53,281,43,08,18,126,44,1*66,1763494261858
NMEA,$GPGSV,4,2,13,09,77,359,42,11,04,294,33,16,34,050,47,20,14,319,46,1*63,1763494261858
NMEA,$GPGSV,4,3,13,21,15,320,40,27,19,094,44,30,25,265,38,46,00,000,42,1*69,1763494261858
NMEA,$GPGSV,4,4,13,48,00,000,42,1*5C,1763494261858
NMEA,$GPGSV,3,1,10,03,18,173,34,04,53,101,33,06,03,257,20,08,18,126,29,8*6C,1763494261858
NMEA,$GPGSV,3,2,10,09,77,359,38,11,04,294,21,21,15,320,32,26,02,041,21,8*6F,1763494261858
NMEA,$GPGSV,3,3,10,27,19,094,29,30,25,265,32,8*63,1763494261858
NMEA,$GLGSV,1,1,04,12,64,230,43,11,52,029,41,01,76,110,39,08,21,136,39,1*7D,1763494261858
NMEA,$GAGSV,3,1,11,02,51,173,39,03,67,075,40,05,19,108,44,07,01,299,17,7*7A,1763494261858
NMEA,$GAGSV,3,2,11,08,48,316,41,13,12,276,44,15,05,227,25,16,34,049,45,7*78,1763494261858
NMEA,$GAGSV,3,3,11,25,54,070,43,26,03,323,41,30,06,202,24,7*46,1763494261858
NMEA,$GAGSV,3,1,09,02,51,173,27,03,67,075,28,05,19,108,23,08,48,316,38,1*7C,1763494261858
NMEA,$GAGSV,3,2,09,13,12,276,32,15,05,227,21,16,34,049,31,25,54,070,27,1*70,1763494261858
NMEA,$GAGSV,3,3,09,30,06,202,22,1*49,1763494261858
NMEA,$GBGSV,2,1,07,37,47,047,47,36,18,233,33,32,14,144,40,22,04,319,40,1*71,1763494261858
NMEA,$GBGSV,2,2,07,20,70,160,40,19,55,311,46,04,03,265,33,1*48,1763494261858
NMEA,$GBGSV,2,1,05,19,55,311,44,20,70,160,40,32,14,144,39,36,18,233,33,3*7E,1763494261858
NMEA,$GBGSV,2,2,05,37,47,047,45,3*44,1763494261858
NMEA,$GBGSV,2,1,06,19,55,311,34,20,70,160,38,22,04,319,26,32,14,144,29,5*77,1763494261858
NMEA,$GBGSV,2,2,06,36,18,233,26,37,47,047,35,5*7C,1763494261858
NMEA,$GNGSA,A,3,03,04,07,08,09,16,20,21,27,30,,,0.6,0.4,0.5,1*37,1763494261872
NMEA,$PSSGR,GSA,A,3,03,04,08,09,21,27,30,,,,,,0.6,0.4,0.5,1,8*41,1763494261872
NMEA,$GNGSA,A,3,65,72,75,76,,,,,,,,,0.6,0.4,0.5,2*30,1763494261872
NMEA,$GNGSA,A,3,02,03,05,08,13,16,25,30,,,,,0.6,0.4,0.5,3*39,1763494261872
NMEA,$PSSGR,GSA,A,3,302,303,305,308,313,316,325,,,,,,0.6,0.4,0.5,3,1*74,1763494261872
NMEA,$GNGSA,A,3,19,20,32,36,37,,,,,,,,0.6,0.4,0.5,4*39,1763494261872
NMEA,$PSSGR,GSA,A,3,219,220,236,237,,,,,,,,,0.6,0.4,0.5,4,5*41,1763494261872
NMEA,$GNVTG,,T,,M,0.0,N,0.0,K,E*39,1763494261872
NMEA,$GNDTM,W84,,0000.000000,N,00000.000000,E,0.000,W84*41,1763494261872
NMEA,$GNRMC,193102.00,A,3725.858602,N,12209.314664,W,0.0,,181125,12.8,E,E,V*5C,1763494261872
NMEA,$GNGNS,193102.00,3725.858602,N,12209.314664,W,EEEEEE,27,0.4,20.8,-32.6,,,V*21,1763494261872
NMEA,$GNGGA,193102.00,3725.858602,N,12209.314664,W,6,12,0.4,20.8,M,-32.6,M,,*70,1763494261872
NMEA,$PSMSG,magcal=PASS,bluesky=0*00,1763494261875
NMEA,$GPGSV,4,1,13,03,17,173,42,04,53,102,39,07,53,282,42,08,18,125,46,1*64,1763494262857
NMEA,$GPGSV,4,2,13,09,77,001,43,11,03,293,26,16,33,049,45,20,14,318,46,1*64,1763494262857
NMEA,$GPGSV,4,3,13,21,15,319,39,27,19,093,45,30,26,265,38,46,00,000,43,1*69,1763494262857
NMEA,$GPGSV,4,4,13,48,00,000,42,1*5C,1763494262857
NMEA,$GPGSV,3,1,10,03,17,173,32,04,53,102,34,06,03,256,20,08,18,125,26,8*6C,1763494262857
NMEA,$GPGSV,3,2,10,09,77,001,38,11,03,293,25,21,15,319,35,26,01,041,21,8*6B,1763494262857
NMEA,$GPGSV,3,3,10,27,19,093,27,30,26,265,30,8*6B,1763494262857
NMEA,$GLGSV,1,1,04,12,64,232,42,11,51,029,43,01,76,110,38,08,21,136,40,1*70,1763494262857
NMEA,$GAGSV,3,1,11,02,52,173,40,03,66,077,41,05,19,109,44,07,02,299,19,7*79,1763494262857
NMEA,$GAGSV,3,2,11,08,49,316,40,13,12,275,43,15,05,227,24,16,33,049,44,7*7B,1763494262857
NMEA,$GAGSV,3,3,11,25,54,069,42,26,03,323,42,30,07,203,25,7*4D,1763494262857
NMEA,$GAGSV,2,1,08,02,52,173,31,03,66,077,32,05,19,109,23,08,49,316,39,1*71,1763494262857
NMEA,$GAGSV,2,2,08,13,12,275,34,16,33,049,33,25,54,069,30,30,07,203,22,1*7E,1763494262857
NMEA,$GBGSV,2,1,07,37,47,047,47,36,19,233,33,32,14,144,42,22,05,320,41,1*78,1763494262857
NMEA,$GBGSV,2,2,07,20,69,160,40,19,56,311,46,04,03,265,33,1*43,1763494262857
NMEA,$GBGSV,2,1,05,19,56,311,44,20,69,160,39,32,14,144,42,36,19,233,33,3*76,1763494262857
NMEA,$GBGSV,2,2,05,37,47,047,45,3*44,1763494262857
NMEA,$GBGSV,2,1,06,19,56,311,35,20,69,160,37,22,05,320,29,32,14,144,23,5*7C,1763494262857
NMEA,$GBGSV,2,2,06,36,19,233,20,37,47,047,36,5*78,1763494262857
NMEA,$GNGSA,A,3,03,04,07,08,09,16,20,21,27,30,,,0.6,0.4,0.5,1*37,1763494262873
NMEA,$PSSGR,GSA,A,3,03,04,08,09,21,27,30,,,,,,0.6,0.4,0.5,1,8*41,1763494262873
NMEA,$GNGSA,A,3,65,72,75,76,,,,,,,,,0.6,0.4,0.5,2*30,1763494262873
NMEA,$GNGSA,A,3,02,03,05,08,13,16,25,30,,,,,0.6,0.4,0.5,3*39,1763494262873
NMEA,$PSSGR,GSA,A,3,302,303,305,308,313,316,325,,,,,,0.6,0.4,0.5,3,1*74,1763494262873
NMEA,$GNGSA,A,3,19,20,32,36,37,,,,,,,,0.6,0.4,0.5,4*39,1763494262873
NMEA,$PSSGR,GSA,A,3,219,220,236,237,,,,,,,,,0.6,0.4,0.5,4,5*41,1763494262873
NMEA,$GNVTG,235.4,T,222.6,M,0.3,N,0.6,K,E*38,1763494262873
NMEA,$GNDTM,W84,,0000.000000,N,00000.000000,E,0.000,W84*41,1763494262873
NMEA,$GNRMC,193103.00,A,3725.858623,N,12209.314798,W,0.3,235.4,181125,12.8,E,E,V*71,1763494262873
NMEA,$GNGNS,193103.00,3725.858623,N,12209.314798,W,EEEEEE,27,0.4,21.1,-32.6,,,V*29,1763494262873
NMEA,$GNGGA,193103.00,3725.858623,N,12209.314798,W,6,12,0.4,21.1,M,-32.6,M,,*78,1763494262873
NMEA,$PSMSG,magcal=PASS,bluesky=0*00,1763494262877
NMEA,$GPGSV,4,1,13,03,17,173,45,04,53,102,41,07,53,282,36,08,18,125,46,1*6F,1763494263860
NMEA,$GPGSV,4,2,13,09,77,001,43,11,03,293,26,16,33,049,45,20,14,318,42,1*60,1763494263860
NMEA,$GPGSV,4,3,13,21,15,319,35,27,19,093,43,30,26,265,36,46,00,000,44,1*6A,1763494263860
NMEA,$GPGSV,4,4,13,48,00,000,44,1*5A,1763494263860
NMEA,$GPGSV,3,1,10,03,17,173,30,04,53,102,37,06,03,256,20,08,18,125,24,8*6F,1763494263860
NMEA,$GPGSV,3,2,10,09,77,001,40,11,03,293,28,21,15,319,36,26,01,041,21,8*6A,1763494263860
NMEA,$GPGSV,3,3,10,27,19,093,26,30,26,265,23,8*68,1763494263860
NMEA,$GLGSV,1,1,04,12,64,232,39,11,51,029,44,01,76,110,40,08,21,136,38,1*7B,1763494263860
NMEA,$GAGSV,3,1,11,02,52,173,44,03,66,077,42,05,19,109,42,07,02,299,19,7*78,1763494263860
NMEA,$GAGSV,3,2,11,08,49,316,39,13,12,275,32,15,05,227,24,16,33,049,43,7*74,1763494263860
NMEA,$GAGSV,3,3,11,25,54,069,42,26,03,323,38,30,07,203,25,7*40,1763494263860
NMEA,$GAGSV,2,1,08,02,52,173,34,03,66,077,34,05,19,109,25,08,49,316,37,1*7A,1763494263860
NMEA,$GAGSV,2,2,08,13,12,275,32,16,33,049,35,25,54,069,33,30,07,203,22,1*7D,1763494263860
NMEA,$GBGSV,2,1,07,37,47,047,45,36,19,233,37,32,14,144,44,22,05,320,32,1*7C,1763494263860
NMEA,$GBGSV,2,2,07,20,69,160,43,19,56,311,42,04,03,265,33,1*44,1763494263860
NMEA,$GBGSV,2,1,05,19,56,311,42,20,69,160,41,32,14,144,43,36,19,233,37,3*7A,1763494263860
NMEA,$GBGSV,2,2,05,37,47,047,42,3*43,1763494263860
NMEA,$GBGSV,2,1,06,19,56,311,36,20,69,160,34,22,05,320,32,32,14,144,24,5*71,1763494263860
NMEA,$GBGSV,2,2,06,36,19,233,25,37,47,047,36,5*7D,1763494263860
NMEA,$GNGSA,A,3,03,04,07,08,09,16,20,21,27,30,,,0.6,0.4,0.5,1*37,1763494263873
NMEA,$PSSGR,GSA,A,3,03,04,08,09,21,27,30,,,,,,0.6,0.4,0.5,1,8*41,1763494263873
NMEA,$GNGSA,A,3,65,72,75,76,,,,,,,,,0.6,0.4,0.5,2*30,1763494263873
NMEA,$GNGSA,A,3,02,03,05,08,13,16,25,30,,,,,0.6,0.4,0.5,3*39,1763494263873
NMEA,$PSSGR,GSA,A,3,302,303,305,308,313,316,325,,,,,,0.6,0.4,0.5,3,1*74,1763494263873
NMEA,$GNGSA,A,3,19,20,32,36,37,,,,,,,,0.6,0.4,0.5,4*39,1763494263873
NMEA,$PSSGR,GSA,A,3,219,220,236,237,,,,,,,,,0.6,0.4,0.5,4,5*41,1763494263873
NMEA,$GNVTG,235.4,T,222.6,M,0.6,N,1.1,K,E*3B,1763494263873
NMEA,$GNDTM,W84,,0000.000000,N,00000.000000,E,0.000,W84*41,1763494263873
NMEA,$GNRMC,193104.00,A,3725.858777,N,12209.314848,W,0.6,235.4,181125,12.8,E,E,V*71,1763494263873
NMEA,$GNGNS,193104.00,3725.858777,N,12209.314848,W,EEEEEE,27,0.4,21.1,-32.6,,,V*2C,1763494263873
NMEA,$GNGGA,193104.00,3725.858777,N,12209.314848,W,6,12,0.4,21.1,M,-32.6,M,,*7D,1763494263873
NMEA,$PSMSG,magcal=PASS,bluesky=0*00,1763494263879
NMEA,$GPGSV,4,1,13,03,17,173,45,04,53,102,44,07,53,282,36,08,18,125,46,1*6A,1763494264859
NMEA,$GPGSV,4,2,13,09,77,001,43,11,03,293,23,16,33,049,43,20,14,318,42,1*63,1763494264859
NMEA,$GPGSV,4,3,13,21,15,319,35,27,19,093,44,30,26,265,37,46,00,000,42,1*6A,1763494264859
NMEA,$GPGSV,4,4,13,48,00,000,43,1*5D,1763494264859
NMEA,$GPGSV,3,1,10,03,17,173,30,04,53,102,35,06,03,256,20,08,18,125,24,8*6D,1763494264859
NMEA,$GPGSV,3,2,10,09,77,001,39,11,03,293,27,21,15,319,36,26,01,041,21,8*6B,1763494264859
NMEA,$GPGSV,3,3,10,27,19,093,28,30,26,265,23,8*66,1763494264859
NMEA,$GLGSV,1,1,04,12,64,232,41,11,51,029,42,01,76,110,39,08,21,136,38,1*7C,1763494264859
NMEA,$GAGSV,3,1,11,02,52,173,46,03,66,077,42,05,19,109,43,07,02,299,19,7*7B,1763494264859
NMEA,$GAGSV,3,2,11,08,49,316,38,13,12,275,35,15,05,227,29,16,33,049,43,7*7F,1763494264859
NMEA,$GAGSV,3,3,11,25,54,069,43,26,03,323,38,30,07,203,26,7*42,1763494264859
NMEA,$GAGSV,2,1,08,02,52,173,35,03,66,077,35,05,19,109,28,08,49,316,37,1*77,1763494264859
NMEA,$GAGSV,2,2,08,13,12,275,29,16,33,049,34,25,54,069,34,30,07,203,22,1*71,1763494264859
NMEA,$GBGSV,2,1,07,37,47,047,43,36,19,233,35,32,14,144,44,22,05,320,35,1*7F,1763494264859
NMEA,$GBGSV,2,2,07,20,69,160,43,19,56,311,43,04,03,265,33,1*45,1763494264859
NMEA,$GBGSV,2,1,05,19,56,311,41,20,69,160,42,32,14,144,43,36,19,233,37,3*7A,1763494264859
NMEA,$GBGSV,2,2,05,37,47,047,42,3*43,1763494264859
NMEA,$GBGSV,2,1,06,19,56,311,38,20,69,160,34,22,05,320,33,32,14,144,22,5*78,1763494264859
NMEA,$GBGSV,2,2,06,36,19,233,25,37,47,047,32,5*79,1763494264859
NMEA,$GNGSA,A,3,03,04,07,08,09,16,20,21,27,30,,,0.6,0.4,0.5,1*37,1763494264872
NMEA,$PSSGR,GSA,A,3,03,04,08,09,21,27,30,,,,,,0.6,0.4,0.5,1,8*41,1763494264872
NMEA,$GNGSA,A,3,65,72,75,76,,,,,,,,,0.6,0.4,0.5,2*30,1763494264872
NMEA,$GNGSA,A,3,02,03,05,08,13,16,25,30,,,,,0.6,0.4,0.5,3*39,1763494264872
NMEA,$PSSGR,GSA,A,3,302,303,305,308,313,316,325,,,,,,0.6,0.4,0.5,3,1*74,1763494264872
NMEA,$GNGSA,A,3,19,20,32,36,37,,,,,,,,0.6,0.4,0.5,4*39,1763494264872
NMEA,$PSSGR,GSA,A,3,219,220,236,237,,,,,,,,,0.6,0.4,0.5,4,5*41,1763494264872
NMEA,$GNVTG,235.4,T,222.6,M,0.5,N,1.0,K,E*39,1763494264872
NMEA,$GNDTM,W84,,0000.000000,N,00000.000000,E,0.000,W84*41,1763494264872
NMEA,$GNRMC,193105.00,A,3725.858979,N,12209.314828,W,0.5,235.4,181125,12.8,E,E,V*75,1763494264872
NMEA,$GNGNS,193105.00,3725.858979,N,12209.314828,W,EEEEEE,27,0.4,21.1,-32.6,,,V*2B,1763494264872
NMEA,$GNGGA,193105.00,3725.858979,N,12209.314828,W,6,12,0.4,21.1,M,-32.6,M,,*7A,1763494264872
NMEA,$PSMSG,magcal=PASS,bluesky=0*00,1763494264875
NMEA,$GPGSV,4,1,13,03,17,173,43,04,53,102,43,07,53,282,38,08,18,125,46,1*65,1763494265858
NMEA,$GPGSV,4,2,13,09,77,001,44,11,03,293,24,16,33,049,45,20,14,318,45,1*62,1763494265858
NMEA,$GPGSV,4,3,13,21,15,319,38,27,19,093,46,30,26,265,39,46,00,000,42,1*6B,1763494265858
NMEA,$GPGSV,4,4,13,48,00,000,40,1*5E,1763494265858
NMEA,$GPGSV,3,1,10,03,17,173,32,04,53,102,32,06,03,256,20,08,18,125,25,8*69,1763494265858
NMEA,$GPGSV,3,2,10,09,77,001,38,11,03,293,23,21,15,319,34,26,01,041,21,8*6C,1763494265858
NMEA,$GPGSV,3,3,10,27,19,093,26,30,26,265,28,8*63,1763494265858
NMEA,$GLGSV,1,1,04,12,64,232,43,11,51,029,42,01,76,110,39,08,21,136,37,1*71,1763494265858
NMEA,$GAGSV,3,1,11,02,52,173,42,03,66,077,41,05,19,109,45,07,02,299,23,7*73,1763494265858
NMEA,$GAGSV,3,2,11,08,49,316,39,13,12,275,44,15,05,227,25,16,33,049,45,7*72,1763494265858
NMEA,$GAGSV,3,3,11,25,54,069,42,26,03,323,42,30,07,203,28,7*40,1763494265858
NMEA,$GAGSV,2,1,08,02,52,173,33,03,66,077,32,05,19,109,28,08,49,316,38,1*79,1763494265858
NMEA,$GAGSV,2,2,08,13,12,275,30,16,33,049,34,25,54,069,31,30,07,203,22,1*7C,1763494265858
NMEA,$GBGSV,2,1,07,37,47,047,44,36,19,233,37,32,14,144,42,22,05,320,41,1*7F,1763494265858
NMEA,$GBGSV,2,2,07,20,69,160,42,19,56,311,44,04,03,265,30,1*40,1763494265858
NMEA,$GBGSV,2,1,05,19,56,311,43,20,69,160,42,32,14,144,41,36,19,233,37,3*7A,1763494265858
NMEA,$GBGSV,2,2,05,37,47,047,47,3*46,1763494265858
NMEA,$GBGSV,2,1,06,19,56,311,38,20,69,160,37,22,05,320,28,32,14,144,24,5*77,1763494265858
NMEA,$GBGSV,2,2,06,36,19,233,19,37,47,047,34,5*70,1763494265858
NMEA,$GNGSA,A,3,03,04,07,08,09,16,20,21,27,30,,,0.6,0.4,0.5,1*37,1763494265868
NMEA,$PSSGR,GSA,A,3,03,04,08,09,21,27,30,,,,,,0.6,0.4,0.5,1,8*41,1763494265868
NMEA,$GNGSA,A,3,65,72,75,76,,,,,,,,,0.6,0.4,0.5,2*30,1763494265868
NMEA,$GNGSA,A,3,02,03,05,08,13,16,25,30,,,,,0.6,0.4,0.5,3*39,1763494265868
NMEA,$PSSGR,GSA,A,3,302,303,305,308,313,316,325,,,,,,0.6,0.4,0.5,3,1*74,1763494265868
NMEA,$GNGSA,A,3,19,20,32,36,37,,,,,,,,0.6,0.4,0.5,4*39,1763494265868
NMEA,$PSSGR,GSA,A,3,219,220,236,237,,,,,,,,,0.6,0.4,0.5,4,5*41,1763494265868
NMEA,$GNVTG,,T,,M,0.0,N,0.0,K,E*39,1763494265868
NMEA,$GNDTM,W84,,0000.000000,N,00000.000000,E,0.000,W84*41,1763494265868
NMEA,$GNRMC,193106.00,A,3725.859079,N,12209.314800,W,0.0,,181125,12.8,E,E,V*5F,1763494265868
NMEA,$GNGNS,193106.00,3725.859079,N,12209.314800,W,EEEEEE,27,0.4,21.2,-32.6,,,V*29,1763494265868
NMEA,$GNGGA,193106.00,3725.859079,N,12209.314800,W,6,12,0.4,21.2,M,-32.6,M,,*78,1763494265868
NMEA,$PSMSG,magcal=PASS,bluesky=0*00,1763494265871
NMEA,$GPGSV,4,1,13,03,17,173,40,04,53,102,38,07,53,282,44,08,18,125,41,1*66,1763494266855
NMEA,$GPGSV,4,2,13,09,77,001,43,11,03,293,25,16,33,049,48,20,14,318,41,1*6D,1763494266855
NMEA,$GPGSV,4,3,13,21,15,319,36,27,19,093,44,30,26,265,36,46,00,000,39,1*64,1763494266855
NMEA,$GPGSV,4,4,13,48,00,000,39,1*50,1763494266855
NMEA,$GPGSV,3,1,10,03,17,173,37,04,53,102,22,06,03,256,20,08,18,125,26,8*6E,1763494266855
NMEA,$GPGSV,3,2,10,09,77,001,36,11,03,293,24,21,15,319,32,26,00,041,21,8*62,1763494266855
NMEA,$GPGSV,3,3,10,27,19,093,34,30,26,265,37,8*6E,1763494266855
NMEA,$GLGSV,1,1,04,12,64,232,44,11,51,029,38,01,76,110,37,08,21,136,34,1*76,1763494266855
NMEA,$GAGSV,3,1,11,02,52,173,42,03,66,077,39,05,19,109,42,07,02,299,25,7*7D,1763494266855
NMEA,$GAGSV,3,2,11,08,49,316,39,13,12,275,47,15,05,227,30,16,33,049,46,7*76,1763494266855
NMEA,$GAGSV,3,3,11,25,54,069,43,26,03,323,36,30,07,203,22,7*48,1763494266855
NMEA,$GAGSV,2,1,08,02,52,173,24,03,66,077,32,05,19,109,21,08,49,316,37,1*79,1763494266855
NMEA,$GAGSV,2,2,08,13,12,275,29,16,33,049,32,25,54,069,29,30,07,203,22,1*7B,1763494266855
NMEA,$GBGSV,2,1,07,37,47,047,48,36,19,233,36,32,14,144,37,22,05,320,39,1*7F,1763494266855
NMEA,$GBGSV,2,2,07,20,69,160,42,19,56,311,45,04,03,265,37,1*46,1763494266855
NMEA,$GBGSV,2,1,05,19,56,311,44,20,69,160,40,32,14,144,37,36,19,233,39,3*70,1763494266855
NMEA,$GBGSV,2,2,05,37,47,047,48,3*49,1763494266855
NMEA,$GBGSV,2,1,06,19,56,311,34,20,69,160,39,22,05,320,26,32,14,144,31,5*7F,1763494266855
NMEA,$GBGSV,2,2,06,36,19,233,30,37,47,047,37,5*78,1763494266855
NMEA,$GNGSA,A,3,03,04,07,08,09,16,20,21,27,30,,,0.6,0.4,0.5,1*37,1763494266866
NMEA,$PSSGR,GSA,A,3,03,04,08,09,21,27,30,,,,,,0.6,0.4,0.5,1,8*41,1763494266866
NMEA,$GNGSA,A,3,65,72,75,76,,,,,,,,,0.6,0.4,0.5,2*30,1763494266866
NMEA,$GNGSA,A,3,02,03,05,08,13,16,25,30,,,,,0.6,0.4,0.5,3*39,1763494266866
NMEA,$PSSGR,GSA,A,3,302,303,305,308,313,316,325,,,,,,0.6,0.4,0.5,3,1*74,1763494266866
NMEA,$GNGSA,A,3,19,20,32,36,37,,,,,,,,0.6,0.4,0.5,4*39,1763494266866
NMEA,$PSSGR,GSA,A,3,219,220,232,236,237,,,,,,,,0.6,0.4,0.5,4,5*72,1763494266866
NMEA,$GNVTG,235.4,T,222.6,M,0.4,N,0.7,K,E*3E,1763494266866
NMEA,$GNDTM,W84,,0000.000000,N,00000.000000,E,0.000,W84*41,1763494266866
NMEA,$GNRMC,193107.00,A,3725.859121,N,12209.314914,W,0.4,235.4,181125,12.8,E,E,V*7C,1763494266866
NMEA,$GNGNS,193107.00,3725.859121,N,12209.314914,W,EEEEEE,27,0.4,21.1,-32.6,,,V*23,1763494266866
NMEA,$GNGGA,193107.00,3725.859121,N,12209.314914,W,6,12,0.4,21.1,M,-32.6,M,,*72,1763494266866
NMEA,$PSMSG,magcal=PASS,bluesky=0*00,1763494266875
NMEA,$GPGSV,4,1,14,03,17,173,38,04,53,102,38,06,03,256,26,07,53,282,43,1*6B,1763494267860
NMEA,$GPGSV,4,2,14,08,18,125,43,09,77,001,42,11,03,293,26,16,33,049,47,1*6F,1763494267860
NMEA,$GPGSV,4,3,14,20,14,318,43,21,15,319,39,27,19,093,44,30,26,265,34,1*6C,1763494267860
NMEA,$GPGSV,4,4,14,46,00,000,40,48,00,000,41,1*6E,1763494267860
NMEA,$GPGSV,3,1,10,03,17,173,36,04,53,102,30,06,03,256,20,08,18,125,27,8*6D,1763494267860
NMEA,$GPGSV,3,2,10,09,77,001,37,11,03,293,24,21,15,319,31,26,00,041,21,8*60,1763494267860
NMEA,$GPGSV,3,3,10,27,19,093,33,30,26,265,37,8*69,1763494267860
NMEA,$GLGSV,1,1,04,12,64,232,44,11,51,029,42,01,76,110,37,08,21,136,37,1*78,1763494267860
NMEA,$GAGSV,3,1,11,02,52,173,40,03,66,077,40,05,19,109,41,07,02,299,22,7*75,1763494267860
NMEA,$GAGSV,3,2,11,08,49,316,40,13,12,275,46,15,05,227,30,16,33,049,46,7*79,1763494267860
NMEA,$GAGSV,3,3,11,25,54,069,42,26,03,323,40,30,07,203,23,7*49,1763494267860
NMEA,$GAGSV,2,1,08,02,52,173,27,03,66,077,28,05,19,109,26,08,49,316,37,1*76,1763494267860
NMEA,$GAGSV,2,2,08,13,12,275,29,16,33,049,28,25,54,069,24,30,07,203,22,1*7D,1763494267860
NMEA,$GBGSV,2,1,07,37,47,047,47,36,19,233,34,32,14,144,39,22,05,320,39,1*7C,1763494267860
NMEA,$GBGSV,2,2,07,20,69,160,41,19,56,311,45,04,03,265,38,1*4A,1763494267860
NMEA,$GBGSV,2,1,05,19,56,311,43,20,69,160,36,32,14,144,38,36,19,233,36,3*76,1763494267860
NMEA,$GBGSV,2,2,05,37,47,047,45,3*44,1763494267860
NMEA,$GBGSV,2,1,06,19,56,311,35,20,69,160,39,22,05,320,23,32,14,144,32,5*78,1763494267860
NMEA,$GBGSV,2,2,06,36,19,233,29,37,47,047,33,5*74,1763494267860
NMEA,$GNGSA,A,3,03,04,07,08,09,16,20,21,27,30,,,0.6,0.4,0.5,1*37,1763494267878
NMEA,$PSSGR,GSA,A,3,03,04,08,09,21,27,30,,,,,,0.6,0.4,0.5,1,8*41,1763494267878
NMEA,$GNGSA,A,3,65,72,75,76,,,,,,,,,0.6,0.4,0.5,2*30,1763494267878
NMEA,$GNGSA,A,3,02,03,05,08,13,16,25,30,,,,,0.6,0.4,0.5,3*39,1763494267878
NMEA,$PSSGR,GSA,A,3,302,303,305,308,313,316,325,,,,,,0.6,0.4,0.5,3,1*74,1763494267878
NMEA,$GNGSA,A,3,19,20,32,36,37,,,,,,,,0.6,0.4,0.5,4*39,1763494267878
NMEA,$PSSGR,GSA,A,3,219,220,232,236,237,,,,,,,,0.6,0.4,0.5,4,5*72,1763494267878
NMEA,$GNVTG,235.4,T,222.6,M,0.4,N,0.8,K,E*31,1763494267878
NMEA,$GNDTM,W84,,0000.000000,N,00000.000000,E,0.000,W84*41,1763494267878
NMEA,$GNRMC,193108.00,A,3725.859078,N,12209.315117,W,0.4,235.4,181125,12.8,E,E,V*74,1763494267878
NMEA,$GNGNS,193108.00,3725.859078,N,12209.315117,W,EEEEEE,27,0.4,21.0,-32.6,,,V*2A,1763494267878
NMEA,$GNGGA,193108.00,3725.859078,N,12209.315117,W,6,12,0.4,21.0,M,-32.6,M,,*7B,1763494267878
NMEA,$PSMSG,magcal=PASS,bluesky=0*00,1763494267884
NMEA,$GPGSV,4,1,13,03,17,173,45,04,53,102,41,07,53,282,41,08,18,125,47,1*6E,1763494268857
NMEA,$GPGSV,4,2,13,09,77,001,43,11,03,293,26,16,33,049,45,20,14,318,44,1*66,1763494268857
NMEA,$GPGSV,4,3,13,21,15,319,40,27,19,093,44,30,26,265,35,46,00,000,42,1*6A,1763494268857
NMEA,$GPGSV,4,4,13,48,00,000,42,1*5C,1763494268857
NMEA,$GPGSV,3,1,10,03,17,173,32,04,53,102,35,06,03,256,20,08,18,125,23,8*68,1763494268857
NMEA,$GPGSV,3,2,10,09,77,001,39,11,03,293,24,21,15,319,35,26,00,041,21,8*6A,1763494268857
NMEA,$GPGSV,3,3,10,27,19,093,27,30,26,265,32,8*69,1763494268857
NMEA,$GLGSV,1,1,04,12,64,232,39,11,51,029,44,01,76,110,39,08,21,136,40,1*7A,1763494268857
NMEA,$GAGSV,3,1,11,02,52,173,38,03,66,077,42,05,19,109,43,07,02,299,22,7*7A,1763494268857
NMEA,$GAGSV,3,2,11,08,49,316,41,13,12,275,41,15,05,227,26,16,33,049,43,7*7D,1763494268857
NMEA,$GAGSV,3,3,11,25,54,069,42,26,03,323,43,30,07,203,28,7*41,1763494268857
NMEA,$GAGSV,2,1,08,02,52,173,29,03,66,077,33,05,19,109,26,08,49,316,38,1*7D,1763494268857
NMEA,$GAGSV,2,2,08,13,12,275,32,16,33,049,35,25,54,069,33,30,07,203,22,1*7D,1763494268857
NMEA,$GBGSV,2,1,07,37,47,047,46,36,19,233,35,32,14,144,44,22,05,320,40,1*78,1763494268857
NMEA,$GBGSV,2,2,07,20,69,160,38,19,56,311,45,04,03,265,38,1*44,1763494268857
NMEA,$GBGSV,2,1,05,19,56,311,44,20,69,160,41,32,14,144,43,36,19,233,35,3*7E,1763494268857
NMEA,$GBGSV,2,2,05,37,47,047,44,3*45,1763494268857
NMEA,$GBGSV,2,1,06,19,56,311,35,20,69,160,37,22,05,320,31,32,14,144,25,5*73,1763494268857
NMEA,$GBGSV,2,2,06,36,19,233,29,37,47,047,36,5*71,1763494268857
NMEA,$GNGSA,A,3,03,04,07,08,09,16,20,21,27,30,,,0.6,0.4,0.5,1*37,1763494268866
NMEA,$PSSGR,GSA,A,3,03,04,08,09,21,27,30,,,,,,0.6,0.4,0.5,1,8*41,1763494268866
NMEA,$GNGSA,A,3,65,72,75,76,,,,,,,,,0.6,0.4,0.5,2*30,1763494268866
NMEA,$GNGSA,A,3,02,03,05,08,13,16,25,30,,,,,0.6,0.4,0.5,3*39,1763494268866
NMEA,$PSSGR,GSA,A,3,302,303,305,308,313,316,325,,,,,,0.6,0.4,0.5,3,1*74,1763494268866
NMEA,$GNGSA,A,3,19,20,32,36,37,,,,,,,,0.6,0.4,0.5,4*39,1763494268866
NMEA,$PSSGR,GSA,A,3,219,220,232,236,237,,,,,,,,0.6,0.4,0.5,4,5*72,1763494268866
NMEA,$GNVTG,235.4,T,222.6,M,0.4,N,0.8,K,E*31,1763494268866
NMEA,$GNDTM,W84,,0000.000000,N,00000.000000,E,0.000,W84*41,1763494268866
NMEA,$GNRMC,193109.00,A,3725.859126,N,12209.315242,W,0.4,235.4,181125,12.8,E,E,V*7C,1763494268866
NMEA,$GNGNS,193109.00,3725.859126,N,12209.315242,W,EEEEEE,27,0.4,21.2,-32.6,,,V*20,1763494268866
NMEA,$GNGGA,193109.00,3725.859126,N,12209.315242,W,6,12,0.4,21.2,M,-32.6,M,,*71,1763494268866
NMEA,$PSMSG,magcal=PASS,bluesky=0*00,1763494268869
NMEA,$GPGSV,4,1,13,03,17,173,47,04,53,102,42,07,53,282,40,08,18,125,44,1*6D,1763494269860
NMEA,$GPGSV,4,2,13,09,77,001,43,11,03,293,25,16,33,049,45,20,14,318,38,1*6E,1763494269860
NMEA,$GPGSV,4,3,13,21,15,319,35,27,19,093,41,30,26,265,37,46,00,000,43,1*6E,1763494269860
NMEA,$GPGSV,4,4,13,48,00,000,45,1*5B,1763494269860
NMEA,$GPGSV,3,1,10,03,17,173,29,04,53,102,37,06,03,256,20,08,18,125,27,8*64,1763494269860
NMEA,$GPGSV,3,2,10,09,77,001,40,11,03,293,27,21,15,319,35,26,00,041,21,8*67,1763494269860
NMEA,$GPGSV,3,3,10,27,19,093,26,30,26,265,27,8*6C,1763494269860
NMEA,$GLGSV,1,1,04,12,64,232,38,11,51,029,44,01,76,110,39,08,21,136,38,1*74,1763494269860
NMEA,$GAGSV,3,1,11,02,52,173,44,03,66,077,41,05,19,109,41,07,02,299,22,7*70,1763494269860
NMEA,$GAGSV,3,2,11,08,49,316,38,13,12,275,37,15,05,227,28,16,33,049,42,7*7D,1763494269860
NMEA,$GAGSV,3,3,11,25,54,069,43,26,03,323,37,30,07,203,32,7*48,1763494269860
NMEA,$GAGSV,2,1,08,02,52,173,33,03,66,077,36,05,19,109,26,08,49,316,37,1*7C,1763494269860
NMEA,$GAGSV,2,2,08,13,12,275,27,16,33,049,35,25,54,069,36,30,07,203,16,1*7B,1763494269860
NMEA,$GBGSV,2,1,07,37,47,047,44,36,19,233,39,32,14,144,42,22,05,320,30,1*77,1763494269860
NMEA,$GBGSV,2,2,07,20,69,160,43,19,56,311,40,04,03,265,38,1*4D,1763494269860
NMEA,$GBGSV,2,1,05,19,56,311,40,20,69,160,42,32,14,144,41,36,19,233,39,3*77,1763494269860
NMEA,$GBGSV,2,2,05,37,47,047,42,3*43,1763494269860
NMEA,$GBGSV,2,1,06,19,56,311,37,20,69,160,34,22,05,320,33,32,14,144,25,5*70,1763494269860
NMEA,$GBGSV,2,2,06,36,19,233,19,37,47,047,36,5*72,1763494269860
NMEA,$GNGSA,A,3,03,04,07,08,09,16,20,21,27,30,,,0.6,0.4,0.5,1*37,1763494269871
NMEA,$PSSGR,GSA,A,3,03,04,08,09,21,27,30,,,,,,0.6,0.4,0.5,1,8*41,1763494269871
NMEA,$GNGSA,A,3,65,72,75,76,,,,,,,,,0.6,0.4,0.5,2*30,1763494269871
NMEA,$GNGSA,A,3,02,03,05,08,13,16,25,30,,,,,0.6,0.4,0.5,3*39,1763494269871
NMEA,$PSSGR,GSA,A,3,302,303,305,308,313,316,325,,,,,,0.6,0.4,0.5,3,1*74,1763494269871
NMEA,$GNGSA,A,3,19,20,32,36,37,,,,,,,,0.6,0.4,0.5,4*39,1763494269871
NMEA,$PSSGR,GSA,A,3,219,220,232,236,237,,,,,,,,0.6,0.4,0.5,4,5*72,1763494269871
NMEA,$GNVTG,235.4,T,222.6,M,0.4,N,0.8,K,E*31,1763494269871
NMEA,$GNDTM,W84,,0000.000000,N,00000.000000,E,0.000,W84*41,1763494269871
NMEA,$GNRMC,193110.00,A,3725.859317,N,12209.315217,W,0.4,235.4,181125,12.8,E,E,V*74,1763494269871
NMEA,$GNGNS,193110.00,3725.859317,N,12209.315217,W,EEEEEE,27,0.4,21.2,-32.6,,,V*28,1763494269871
NMEA,$GNGGA,193110.00,3725.859317,N,12209.315217,W,6,12,0.4,21.2,M,-32.6,M,,*79,1763494269871
NMEA,$PSMSG,magcal=PASS,bluesky=0*00,1763494269875
NMEA,$GPGSV,4,1,13,03,17,173,45,04,53,102,41,07,53,282,38,08,18,125,44,1*63,1763494270860
NMEA,$GPGSV,4,2,13,09,77,001,44,11,03,293,26,16,33,049,45,20,14,318,38,1*6A,1763494270860
NMEA,$GPGSV,4,3,13,21,15,319,35,27,19,093,43,30,26,265,36,46,00,000,45,1*6B,1763494270860
NMEA,$GPGSV,4,4,13,48,00,000,46,1*58,1763494270860
NMEA,$GPGSV,3,1,09,03,17,173,30,04,53,102,37,06,03,256,20,08,18,125,29,8*6A,1763494270860
NMEA,$GPGSV,3,2,09,09,77,001,40,11,03,293,27,21,15,319,34,27,19,093,31,8*69,1763494270860
NMEA,$GPGSV,3,3,09,30,26,265,23,8*53,1763494270860
NMEA,$GLGSV,1,1,04,12,64,232,40,11,51,029,43,01,76,110,39,08,21,136,36,1*72,1763494270860
NMEA,$GAGSV,3,1,11,02,52,173,44,03,66,077,42,05,19,109,41,07,02,299,22,7*73,1763494270860
NMEA,$GAGSV,3,2,11,08,49,316,39,13,12,275,37,15,05,227,32,16,33,049,42,7*77,1763494270860
NMEA,$GAGSV,3,3,11,25,54,069,43,26,03,323,34,30,07,203,33,7*4A,1763494270860
NMEA,$GAGSV,2,1,08,02,52,173,35,03,66,077,37,05,19,109,30,08,49,316,36,1*7D,1763494270860
NMEA,$GAGSV,2,2,08,13,12,275,23,16,33,049,33,25,54,069,35,30,07,203,16,1*7A,1763494270860
NMEA,$GBGSV,2,1,07,37,47,047,45,36,19,233,39,32,14,144,41,22,05,320,34,1*71,1763494270860
NMEA,$GBGSV,2,2,07,20,69,160,45,19,56,311,41,04,03,265,30,1*42,1763494270860
NMEA,$GBGSV,2,1,05,19,56,311,38,20,69,160,44,32,14,144,41,36,19,233,40,3*70,1763494270860
NMEA,$GBGSV,2,2,05,37,47,047,41,3*40,1763494270860
NMEA,$GBGSV,2,1,06,19,56,311,38,20,69,160,35,22,05,320,33,32,14,144,26,5*7D,1763494270860
NMEA,$GBGSV,2,2,06,36,19,233,19,37,47,047,35,5*71,1763494270860
NMEA,$GNGSA,A,3,03,04,07,08,09,16,20,21,27,30,,,0.6,0.4,0.5,1*37,1763494270868
NMEA,$PSSGR,GSA,A,3,03,04,08,09,21,27,30,,,,,,0.6,0.4,0.5,1,8*41,1763494270868
NMEA,$GNGSA,A,3,65,72,75,76,,,,,,,,,0.6,0.4,0.5,2*30,1763494270868
NMEA,$GNGSA,A,3,02,03,05,08,13,16,25,30,,,,,0.6,0.4,0.5,3*39,1763494270868
NMEA,$PSSGR,GSA,A,3,302,303,305,308,313,316,325,,,,,,0.6,0.4,0.5,3,1*74,1763494270868
NMEA,$GNGSA,A,3,19,20,32,36,37,,,,,,,,0.6,0.4,0.5,4*39,1763494270868
NMEA,$PSSGR,GSA,A,3,219,220,232,236,237,,,,,,,,0.6,0.4,0.5,4,5*72,1763494270868
NMEA,$GNVTG,235.4,T,222.6,M,0.8,N,1.5,K,E*31,1763494270868
NMEA,$GNDTM,W84,,0000.000000,N,00000.000000,E,0.000,W84*41,1763494270868
NMEA,$GNRMC,193111.00,A,3725.859521,N,12209.315039,W,0.8,235.4,181125,12.8,E,E,V*74,1763494270868
NMEA,$GNGNS,193111.00,3725.859521,N,12209.315039,W,EEEEEE,27,0.4,21.0,-32.6,,,V*26,1763494270868
NMEA,$GNGGA,193111.00,3725.859521,N,12209.315039,W,6,12,0.4,21.0,M,-32.6,M,,*77,1763494270868
NMEA,$PSMSG,magcal=PASS,bluesky=0*00,1763494270875
NMEA,$GPGSV,4,1,13,03,17,173,44,04,53,102,41,07,53,282,39,08,18,125,45,1*62,1763494271854
NMEA,$GPGSV,4,2,13,09,77,001,42,11,03,293,25,16,33,049,45,20,14,318,39,1*6E,1763494271854
NMEA,$GPGSV,4,3,13,21,15,319,37,27,19,093,43,30,26,265,37,46,00,000,41,1*6C,1763494271854
NMEA,$GPGSV,4,4,13,48,00,000,46,1*58,1763494271854
NMEA,$GPGSV,3,1,09,03,17,173,29,04,53,102,34,06,03,256,15,08,18,125,30,8*6F,1763494271854
NMEA,$GPGSV,3,2,09,09,77,001,42,11,03,293,26,21,15,319,35,27,19,093,30,8*6A,1763494271854
NMEA,$GPGSV,3,3,09,30,26,265,25,8*55,1763494271854
NMEA,$GLGSV,1,1,04,12,64,232,40,11,51,029,43,01,76,110,39,08,21,136,37,1*73,1763494271854
NMEA,$GAGSV,3,1,11,02,52,173,44,03,66,077,42,05,19,109,41,07,02,299,22,7*73,1763494271854
NMEA,$GAGSV,3,2,11,08,49,316,34,13,12,275,38,15,05,227,32,16,33,049,44,7*73,1763494271854
NMEA,$GAGSV,3,3,11,25,54,069,43,26,03,323,34,30,07,203,35,7*4C,1763494271854
NMEA,$GAGSV,2,1,08,02,52,173,35,03,66,077,36,05,19,109,29,08,49,316,37,1*75,1763494271854
NMEA,$GAGSV,2,2,08,13,12,275,27,16,33,049,33,25,54,069,35,30,07,203,19,1*71,1763494271854
NMEA,$GBGSV,2,1,07,37,47,047,46,36,19,233,39,32,14,144,40,22,05,320,33,1*74,1763494271854
NMEA,$GBGSV,2,2,07,20,69,160,43,19,56,311,42,04,03,265,30,1*47,1763494271854
NMEA,$GBGSV,2,1,05,19,56,311,40,20,69,160,42,32,14,144,39,36,19,233,39,3*78,1763494271854
NMEA,$GBGSV,2,2,05,37,47,047,44,3*45,1763494271854
NMEA,$GBGSV,2,1,06,19,56,311,37,20,69,160,35,22,05,320,32,32,14,144,26,5*73,1763494271854
NMEA,$GBGSV,2,2,06,36,19,233,19,37,47,047,32,5*76,1763494271854
NMEA,$GNGSA,A,3,03,04,07,08,09,16,20,21,27,30,,,0.6,0.4,0.5,1*37,1763494271869
NMEA,$PSSGR,GSA,A,3,03,04,08,09,21,27,30,,,,,,0.6,0.4,0.5,1,8*41,1763494271869
NMEA,$GNGSA,A,3,65,72,75,76,,,,,,,,,0.6,0.4,0.5,2*30,1763494271869
NMEA,$GNGSA,A,3,02,03,05,08,13,16,25,30,,,,,0.6,0.4,0.5,3*39,1763494271869
NMEA,$PSSGR,GSA,A,3,302,303,305,308,313,316,325,,,,,,0.6,0.4,0.5,3,1*74,1763494271869
NMEA,$GNGSA,A,3,19,20,32,36,37,,,,,,,,0.6,0.4,0.5,4*39,1763494271869
NMEA,$PSSGR,GSA,A,3,219,220,232,236,237,,,,,,,,0.6,0.4,0.5,4,5*72,1763494271869
NMEA,$GNVTG,235.4,T,222.6,M,0.8,N,1.5,K,E*31,1763494271869
NMEA,$GNDTM,W84,,0000.000000,N,00000.000000,E,0.000,W84*41,1763494271869
NMEA,$GNRMC,193112.00,A,3725.859736,N,12209.314896,W,0.8,235.4,181125,12.8,E,E,V*7F,1763494271869
NMEA,$GNGNS,193112.00,3725.859736,N,12209.314896,W,EEEEEE,27,0.4,21.0,-32.6,,,V*2D,1763494271869
NMEA,$GNGGA,193112.00,3725.859736,N,12209.314896,W,6,12,0.4,21.0,M,-32.6,M,,*7C,1763494271869
NMEA,$PSMSG,magcal=PASS,bluesky=0*00,1763494271873
NMEA,$GPGSV,4,1,13,03,17,173,44,04,53,102,39,07,53,282,40,08,18,125,45,1*63,1763494272857
NMEA,$GPGSV,4,2,13,09,77,001,44,11,03,293,26,16,33,049,43,20,14,318,41,1*62,1763494272857
NMEA,$GPGSV,4,3,13,21,15,319,37,27,19,093,43,30,26,265,37,46,00,000,45,1*68,1763494272857
NMEA,$GPGSV,4,4,13,48,00,000,45,1*5B,1763494272857
NMEA,$GPGSV,3,1,09,03,17,173,28,04,53,102,34,06,03,256,15,08,18,125,26,8*69,1763494272857
NMEA,$GPGSV,3,2,09,09,77,001,40,11,03,293,27,21,15,319,36,27,19,093,27,8*6C,1763494272857
NMEA,$GPGSV,3,3,09,30,26,265,29,8*59,1763494272857
NMEA,$GLGSV,1,1,04,12,64,232,40,11,51,029,43,01,76,110,39,08,21,136,37,1*73,1763494272857
NMEA,$GAGSV,3,1,11,02,52,173,39,03,66,077,41,05,19,109,41,07,02,299,22,7*7A,1763494272857
NMEA,$GAGSV,3,2,11,08,49,316,34,13,12,275,39,15,05,227,30,16,33,049,44,7*70,1763494272857
NMEA,$GAGSV,3,3,11,25,54,069,42,26,03,323,37,30,07,203,34,7*4F,1763494272857
NMEA,$GAGSV,2,1,08,02,52,173,35,03,66,077,36,05,19,109,27,08,49,316,38,1*74,1763494272857
NMEA,$GAGSV,2,2,08,13,12,275,26,16,33,049,33,25,54,069,34,30,07,203,19,1*71,1763494272857
NMEA,$GBGSV,2,1,07,37,47,047,44,36,19,233,36,32,14,144,43,22,05,320,34,1*7D,1763494272857
NMEA,$GBGSV,2,2,07,20,69,160,44,19,56,311,45,04,03,265,30,1*47,1763494272857
NMEA,$GBGSV,2,1,05,19,56,311,43,20,69,160,41,32,14,144,42,36,19,233,37,3*7A,1763494272857
NMEA,$GBGSV,2,2,05,37,47,047,44,3*45,1763494272857
NMEA,$GBGSV,2,1,06,19,56,311,37,20,69,160,36,22,05,320,32,32,14,144,21,5*77,1763494272857
NMEA,$GBGSV,2,2,06,36,19,233,19,37,47,047,33,5*77,1763494272857
NMEA,$GNGSA,A,3,03,04,07,08,09,16,20,21,27,30,,,0.6,0.4,0.5,1*37,1763494272867
NMEA,$PSSGR,GSA,A,3,03,04,08,09,21,27,30,,,,,,0.6,0.4,0.5,1,8*41,1763494272867
NMEA,$GNGSA,A,3,65,72,75,76,,,,,,,,,0.6,0.4,0.5,2*30,1763494272867
NMEA,$GNGSA,A,3,02,03,05,08,13,16,25,30,,,,,0.6,0.4,0.5,3*39,1763494272867
NMEA,$PSSGR,GSA,A,3,302,303,305,308,313,316,325,,,,,,0.6,0.4,0.5,3,1*74,1763494272867
NMEA,$GNGSA,A,3,19,20,32,36,37,,,,,,,,0.6,0.4,0.5,4*39,1763494272867
NMEA,$PSSGR,GSA,A,3,219,220,232,237,,,,,,,,,0.6,0.4,0.5,4,5*45,1763494272867
NMEA,$GNVTG,235.4,T,222.6,M,0.4,N,0.8,K,E*31,1763494272867
NMEA,$GNDTM,W84,,0000.000000,N,00000.000000,E,0.000,W84*41,1763494272867
NMEA,$GNRMC,193113.00,A,3725.859839,N,12209.314836,W,0.4,235.4,181125,12.8,E,E,V*78,1763494272867
NMEA,$GNGNS,193113.00,3725.859839,N,12209.314836,W,EEEEEE,27,0.4,21.0,-32.6,,,V*26,1763494272867
NMEA,$GNGGA,193113.00,3725.859839,N,12209.314836,W,6,12,0.4,21.0,M,-32.6,M,,*77,1763494272867
NMEA,$PSMSG,magcal=PASS,bluesky=0*00,1763494272870
NMEA,$GPGSV,4,1,13,03,17,173,42,04,53,102,34,07,53,282,43,08,18,125,44,1*6A,1763494273855
NMEA,$GPGSV,4,2,13,09,77,001,46,11,03,293,30,16,33,049,42,20,14,318,43,1*64,1763494273855
NMEA,$GPGSV,4,3,13,21,15,319,43,27,19,093,43,30,26,265,36,46,00,000,43,1*6C,1763494273855
NMEA,$GPGSV,4,4,13,48,00,000,42,1*5C,1763494273855
NMEA,$GPGSV,3,1,09,03,17,173,29,04,53,102,36,06,03,256,15,08,18,125,26,8*6A,1763494273855
NMEA,$GPGSV,3,2,09,09,77,001,39,11,03,293,25,21,15,319,35,27,19,093,26,8*62,1763494273855
NMEA,$GPGSV,3,3,09,30,26,265,30,8*51,1763494273855
NMEA,$GLGSV,1,1,04,12,64,232,41,11,51,029,44,01,76,110,40,08,21,136,38,1*74,1763494273855
NMEA,$GAGSV,3,1,11,02,52,173,40,03,66,077,40,05,19,109,44,07,02,299,17,7*76,1763494273855
NMEA,$GAGSV,3,2,11,08,49,316,37,13,12,275,44,15,05,227,24,16,33,049,43,7*7B,1763494273855
NMEA,$GAGSV,3,3,11,25,54,069,42,26,03,323,42,30,07,203,29,7*41,1763494273855
NMEA,$GAGSV,2,1,08,02,52,173,32,03,66,077,30,05,19,109,27,08,49,316,37,1*7A,1763494273855
NMEA,$GAGSV,2,2,08,13,12,275,28,16,33,049,33,25,54,069,29,30,07,203,22,1*7B,1763494273855
NMEA,$GBGSV,2,1,07,37,47,047,44,36,19,233,37,32,14,144,44,22,05,320,40,1*78,1763494273855
NMEA,$GBGSV,2,2,07,20,69,160,41,19,56,311,47,04,03,265,31,1*41,1763494273855
NMEA,$GBGSV,2,1,05,19,56,311,45,20,69,160,40,32,14,144,44,36,19,233,34,3*78,1763494273855
NMEA,$GBGSV,2,2,05,37,47,047,44,3*45,1763494273855
NMEA,$GBGSV,2,1,06,19,56,311,36,20,69,160,37,22,05,320,30,32,14,144,25,5*71,1763494273855
NMEA,$GBGSV,2,2,06,36,19,233,17,37,47,047,35,5*7F,1763494273855
NMEA,$GNGSA,A,3,03,04,07,08,09,16,20,21,27,30,,,0.6,0.4,0.5,1*37,1763494273863
NMEA,$PSSGR,GSA,A,3,03,04,08,09,21,27,30,,,,,,0.6,0.4,0.5,1,8*41,1763494273863
NMEA,$GNGSA,A,3,65,72,75,76,,,,,,,,,0.6,0.4,0.5,2*30,1763494273863
NMEA,$GNGSA,A,3,02,03,05,08,13,16,25,30,,,,,0.6,0.4,0.5,3*39,1763494273863
NMEA,$PSSGR,GSA,A,3,302,303,305,308,313,316,325,,,,,,0.6,0.4,0.5,3,1*74,1763494273863
NMEA,$GNGSA,A,3,19,20,32,36,37,,,,,,,,0.6,0.4,0.5,4*39,1763494273863
NMEA,$PSSGR,GSA,A,3,219,220,232,237,,,,,,,,,0.6,0.4,0.5,4,5*45,1763494273863
NMEA,$GNVTG,,T,,M,0.0,N,0.0,K,E*39,1763494273863
NMEA,$GNDTM,W84,,0000.000000,N,00000.000000,E,0.000,W84*41,1763494273863
NMEA,$GNRMC,193114.00,A,3725.859795,N,12209.314799,W,0.0,,181125,12.8,E,E,V*56,1763494273863
NMEA,$GNGNS,193114.00,3725.859795,N,12209.314799,W,EEEEEE,27,0.4,21.0,-32.6,,,V*22,1763494273863
NMEA,$GNGGA,193114.00,3725.859795,N,12209.314799,W,6,12,0.4,21.0,M,-32.6,M,,*73,1763494273863
NMEA,$PSMSG,magcal=PASS,bluesky=0*00,1763494273870
NMEA,$GPGSV,4,1,13,03,17,173,36,04,53,102,33,07,53,282,44,08,18,125,40,1*6D,1763494274855
NMEA,$GPGSV,4,2,13,09,77,001,44,11,03,293,31,16,33,049,48,20,14,318,41,1*6F,1763494274855
NMEA,$GPGSV,4,3,13,21,15,319,38,27,19,093,42,30,26,265,37,46,00,000,37,1*63,1763494274855
NMEA,$GPGSV,4,4,13,48,00,000,41,1*5F,1763494274855
NMEA,$GPGSV,3,1,09,03,17,173,36,04,53,102,34,06,03,256,15,08,18,125,27,8*67,1763494274855
NMEA,$GPGSV,3,2,09,09,77,001,37,11,03,293,25,21,15,319,31,27,19,093,33,8*6C,1763494274855
NMEA,$GPGSV,3,3,09,30,26,265,36,8*57,1763494274855
NMEA,$GLGSV,1,1,04,12,64,232,43,11,51,029,41,01,76,110,38,08,21,136,34,1*70,1763494274855
NMEA,$GAGSV,3,1,11,02,52,173,40,03,66,077,36,05,19,109,41,07,02,299,17,7*72,1763494274855
NMEA,$GAGSV,3,2,11,08,49,316,42,13,12,275,49,15,05,227,33,16,33,049,46,7*77,1763494274855
NMEA,$GAGSV,3,3,11,25,54,069,41,26,03,323,38,30,07,203,28,7*4E,1763494274855
NMEA,$GAGSV,2,1,08,02,52,173,26,03,66,077,22,05,19,109,27,08,49,316,37,1*7C,1763494274855
NMEA,$GAGSV,2,2,08,13,12,275,28,16,33,049,33,25,54,069,22,30,07,203,27,1*75,1763494274855
NMEA,$GBGSV,2,1,07,37,47,047,45,36,19,233,38,32,14,144,39,22,05,320,39,1*72,1763494274855
NMEA,$GBGSV,2,2,07,20,69,160,40,19,56,311,44,04,03,265,39,1*4B,1763494274855
NMEA,$GBGSV,2,1,05,19,56,311,44,20,69,160,39,32,14,144,38,36,19,233,38,3*70,1763494274855
NMEA,$GBGSV,2,2,05,37,47,047,48,3*49,1763494274855
NMEA,$GBGSV,2,1,06,19,56,311,34,20,69,160,39,22,05,320,24,32,14,144,32,5*7E,1763494274855
NMEA,$GBGSV,2,2,06,36,19,233,30,37,47,047,36,5*79,1763494274855
NMEA,$GNGSA,A,3,03,04,07,08,09,16,20,21,27,30,,,0.6,0.4,0.5,1*37,1763494274865
NMEA,$PSSGR,GSA,A,3,03,04,08,09,21,27,30,,,,,,0.6,0.4,0.5,1,8*41,1763494274865
NMEA,$GNGSA,A,3,65,72,75,76,,,,,,,,,0.6,0.4,0.5,2*30,1763494274865
NMEA,$GNGSA,A,3,02,03,05,08,13,16,25,30,,,,,0.6,0.4,0.5,3*39,1763494274865
NMEA,$PSSGR,GSA,A,3,302,303,305,308,313,316,325,330,,,,,0.6,0.4,0.5,3,1*44,1763494274865
NMEA,$GNGSA,A,3,19,20,32,36,37,,,,,,,,0.6,0.4,0.5,4*39,1763494274865
NMEA,$PSSGR,GSA,A,3,219,220,232,236,237,,,,,,,,0.6,0.4,0.5,4,5*72,1763494274865
NMEA,$GNVTG,235.4,T,222.6,M,0.4,N,0.8,K,E*31,1763494274865
NMEA,$GNDTM,W84,,0000.000000,N,00000.000000,E,0.000,W84*41,1763494274865
NMEA,$GNRMC,193115.00,A,3725.859770,N,12209.314879,W,0.4,235.4,181125,12.8,E,E,V*77,1763494274865
NMEA,$GNGNS,193115.00,3725.859770,N,12209.314879,W,EEEEEE,27,0.4,21.0,-32.6,,,V*29,1763494274865
NMEA,$GNGGA,193115.00,3725.859770,N,12209.314879,W,6,12,0.4,21.0,M,-32.6,M,,*78,1763494274865
NMEA,$PSMSG,magcal=PASS,bluesky=0*00,1763494274870
NMEA,$GPGSV,4,1,13,03,17,173,40,04,53,102,35,07,53,282,45,08,18,125,40,1*6B,1763494275856
NMEA,$GPGSV,4,2,13,09,77,001,42,11,03,293,29,16,33,049,47,20,14,318,38,1*61,1763494275856
NMEA,$GPGSV,4,3,13,21,15,319,36,27,19,093,41,30,26,265,38,46,00,000,39,1*6F,1763494275856
NMEA,$GPGSV,4,4,13,48,00,000,41,1*5F,1763494275856
NMEA,$GPGSV,3,1,09,03,17,173,37,04,53,102,31,06,03,256,15,08,18,125,27,8*63,1763494275856
NMEA,$GPGSV,3,2,09,09,77,001,35,11,03,293,25,21,15,319,30,27,19,093,32,8*6E,1763494275856
NMEA,$GPGSV,3,3,09,30,26,265,37,8*56,1763494275856
NMEA,$GLGSV,1,1,04,12,64,232,45,11,51,029,40,01,76,110,36,08,21,136,33,1*7E,1763494275856
NMEA,$GAGSV,3,1,11,02,52,173,42,03,66,077,36,05,19,109,38,07,02,299,17,7*7E,1763494275856
NMEA,$GAGSV,3,2,11,08,49,316,43,13,12,275,47,15,05,227,35,16,33,049,46,7*7E,1763494275856
NMEA,$GAGSV,3,3,11,25,54,069,44,26,03,323,32,30,07,203,30,7*48,1763494275856
NMEA,$GAGSV,2,1,08,02,52,173,22,03,66,077,22,05,19,109,27,08,49,316,35,1*7A,1763494275856
NMEA,$GAGSV,2,2,08,13,12,275,27,16,33,049,30,25,54,069,29,30,07,203,24,1*71,1763494275856
NMEA,$GBGSV,2,1,07,37,47,047,48,36,19,233,39,32,14,144,37,22,05,320,37,1*7E,1763494275856
NMEA,$GBGSV,2,2,07,20,69,160,41,19,56,311,45,04,03,265,38,1*4A,1763494275856
NMEA,$GBGSV,2,1,05,19,56,311,45,20,69,160,40,32,14,144,37,36,19,233,39,3*71,1763494275856
NMEA,$GBGSV,2,2,05,37,47,047,47,3*46,1763494275856
NMEA,$GBGSV,2,1,06,19,56,311,32,20,69,160,39,22,05,320,24,32,14,144,31,5*7B,1763494275856
NMEA,$GBGSV,2,2,06,36,19,233,29,37,47,047,37,5*70,1763494275856
NMEA,$GNGSA,A,3,03,04,07,08,09,16,20,21,27,30,,,0.6,0.4,0.5,1*37,1763494275866
NMEA,$PSSGR,GSA,A,3,03,04,08,09,21,27,30,,,,,,0.6,0.4,0.5,1,8*41,1763494275866
NMEA,$GNGSA,A,3,65,72,75,76,,,,,,,,,0.6,0.4,0.5,2*30,1763494275866
NMEA,$GNGSA,A,3,02,03,05,08,13,16,25,30,,,,,0.6,0.4,0.5,3*39,1763494275866
NMEA,$PSSGR,GSA,A,3,302,303,305,308,313,316,325,330,,,,,0.6,0.4,0.5,3,1*44,1763494275866
NMEA,$GNGSA,A,3,19,20,32,36,37,,,,,,,,0.6,0.4,0.5,4*39,1763494275866
NMEA,$PSSGR,GSA,A,3,219,220,232,236,237,,,,,,,,0.6,0.4,0.5,4,5*72,1763494275866
NMEA,$GNVTG,235.4,T,222.6,M,0.6,N,1.1,K,E*3B,1763494275866
NMEA,$GNDTM,W84,,0000.000000,N,00000.000000,E,0.000,W84*41,1763494275866
NMEA,$GNRMC,193116.00,A,3725.859587,N,12209.315129,W,0.6,235.4,181125,12.8,E,E,V*71,1763494275866
NMEA,$GNGNS,193116.00,3725.859587,N,12209.315129,W,EEEEEE,27,0.4,21.0,-32.6,,,V*2D,1763494275866
NMEA,$GNGGA,193116.00,3725.859587,N,12209.315129,W,6,12,0.4,21.0,M,-32.6,M,,*7C,1763494275866
NMEA,$PSMSG,magcal=PASS,bluesky=0*00,1763494275871
NMEA,$GPGSV,4,1,13,03,17,173,40,04,53,102,38,07,53,282,46,08,18,125,41,1*64,1763494276863
NMEA,$GPGSV,4,2,13,09,77,001,43,11,03,293,31,16,33,049,47,20,14,318,38,1*69,1763494276863
NMEA,$GPGSV,4,3,13,21,15,319,41,27,19,093,39,30,26,265,39,46,00,000,42,1*6D,1763494276863
NMEA,$GPGSV,4,4,13,48,00,000,43,1*5D,1763494276863
NMEA,$GPGSV,3,1,09,03,17,173,38,04,53,102,26,06,03,256,15,08,18,125,31,8*6D,1763494276863
NMEA,$GPGSV,3,2,09,09,77,001,35,11,03,293,25,21,15,319,30,27,19,093,32,8*6E,1763494276863
NMEA,$GPGSV,3,3,09,30,26,265,37,8*56,1763494276863
NMEA,$GLGSV,1,1,04,12,64,232,42,11,51,029,34,01,76,110,38,08,21,136,33,1*74,1763494276863
NMEA,$GAGSV,3,1,11,02,52,173,39,03,66,077,36,05,19,109,42,07,02,299,21,7*7A,1763494276863
NMEA,$GAGSV,3,2,11,08,49,316,40,13,12,275,46,15,05,227,34,16,33,049,45,7*7E,1763494276863
NMEA,$GAGSV,3,3,11,25,54,069,45,26,03,323,37,30,07,203,32,7*4E,1763494276863
NMEA,$GAGSV,2,1,08,02,52,173,31,03,66,077,27,05,19,109,19,08,49,316,35,1*70,1763494276863
NMEA,$GAGSV,2,2,08,13,12,275,30,16,33,049,29,25,54,069,29,30,07,203,28,1*73,1763494276863
NMEA,$GBGSV,2,1,07,37,47,047,49,36,19,233,41,32,14,144,37,22,05,320,37,1*70,1763494276863
NMEA,$GBGSV,2,2,07,20,69,160,42,19,56,311,45,04,03,265,38,1*49,1763494276863
NMEA,$GBGSV,2,1,05,19,56,311,43,20,69,160,41,32,14,144,36,36,19,233,41,3*78,1763494276863
NMEA,$GBGSV,2,2,05,37,47,047,47,3*46,1763494276863
NMEA,$GBGSV,2,1,06,19,56,311,29,20,69,160,39,22,05,320,23,32,14,144,30,5*77,1763494276863
NMEA,$GBGSV,2,2,06,36,19,233,30,37,47,047,36,5*79,1763494276863
NMEA,$GNGSA,A,3,03,04,07,08,09,16,20,21,27,30,,,0.6,0.4,0.5,1*37,1763494276873
NMEA,$PSSGR,GSA,A,3,03,04,08,09,21,27,30,,,,,,0.6,0.4,0.5,1,8*41,1763494276873
NMEA,$GNGSA,A,3,65,72,75,76,,,,,,,,,0.6,0.4,0.5,2*30,1763494276873
NMEA,$GNGSA,A,3,02,03,05,08,13,16,25,30,,,,,0.6,0.4,0.5,3*39,1763494276873
NMEA,$PSSGR,GSA,A,3,302,303,305,308,313,316,325,330,,,,,0.6,0.4,0.5,3,1*44,1763494276873
NMEA,$GNGSA,A,3,19,20,32,36,37,,,,,,,,0.6,0.4,0.5,4*39,1763494276873
NMEA,$PSSGR,GSA,A,3,219,220,232,236,237,,,,,,,,0.6,0.4,0.5,4,5*72,1763494276873
NMEA,$GNVTG,235.4,T,222.6,M,0.6,N,1.2,K,E*38,1763494276873
NMEA,$GNDTM,W84,,0000.000000,N,00000.000000,E,0.000,W84*41,1763494276873
NMEA,$GNRMC,193117.00,A,3725.859437,N,12209.315410,W,0.6,235.4,181125,12.8,E,E,V*75,1763494276873
NMEA,$GNGNS,193117.00,3725.859437,N,12209.315410,W,EEEEEE,27,0.4,21.0,-32.6,,,V*29,1763494276873
NMEA,$GNGGA,193117.00,3725.859437,N,12209.315410,W,6,12,0.4,21.0,M,-32.6,M,,*78,1763494276873
NMEA,$PSMSG,magcal=PASS,bluesky=0*00,1763494276878
NMEA,$GPGSV,4,1,13,03,17,173,42,04,53,102,41,07,53,282,43,08,18,125,46,1*6A,1763494277858
NMEA,$GPGSV,4,2,13,09,77,001,44,11,03,293,28,16,33,049,45,20,14,318,42,1*69,1763494277858
NMEA,$GPGSV,4,3,13,21,15,319,43,27,19,093,41,30,26,265,33,46,00,000,43,1*6B,1763494277858
NMEA,$GPGSV,4,4,13,48,00,000,42,1*5C,1763494277858
NMEA,$GPGSV,3,1,09,03,17,173,31,04,53,102,34,06,03,256,15,08,18,125,25,8*62,1763494277858
NMEA,$GPGSV,3,2,09,09,77,001,39,11,03,293,18,21,15,319,35,27,19,093,28,8*62,1763494277858
NMEA,$GPGSV,3,3,09,30,26,265,32,8*53,1763494277858
NMEA,$GLGSV,1,1,04,12,64,232,38,11,51,029,42,01,76,110,39,08,21,136,41,1*7C,1763494277858
NMEA,$GAGSV,3,1,11,02,52,173,37,03,66,077,41,05,19,109,45,07,02,299,26,7*74,1763494277858
NMEA,$GAGSV,3,2,11,08,49,316,42,13,12,275,42,15,05,227,26,16,33,049,44,7*7A,1763494277858
NMEA,$GAGSV,3,3,11,25,54,069,45,26,03,323,43,30,07,203,31,7*4E,1763494277858
NMEA,$GAGSV,2,1,08,02,52,173,29,03,66,077,30,05,19,109,19,08,49,316,37,1*7D,1763494277858
NMEA,$GAGSV,2,2,08,13,12,275,32,16,33,049,35,25,54,069,31,30,07,203,26,1*7B,1763494277858
NMEA,$GBGSV,2,1,07,37,47,047,47,36,19,233,37,32,14,144,43,22,05,320,40,1*7C,1763494277858
NMEA,$GBGSV,2,2,07,20,69,160,42,19,56,311,45,04,03,265,34,1*45,1763494277858
NMEA,$GBGSV,2,1,05,19,56,311,44,20,69,160,39,32,14,144,43,36,19,233,38,3*7C,1763494277858
NMEA,$GBGSV,2,2,05,37,47,047,46,3*47,1763494277858
NMEA,$GBGSV,2,1,06,19,56,311,32,20,69,160,37,22,05,320,30,32,14,144,25,5*75,1763494277858
NMEA,$GBGSV,2,2,06,36,19,233,21,37,47,047,37,5*78,1763494277858
NMEA,$GNGSA,A,3,03,04,07,08,09,16,20,21,27,30,,,0.6,0.4,0.5,1*37,1763494277868
NMEA,$PSSGR,GSA,A,3,03,04,08,09,21,27,30,,,,,,0.6,0.4,0.5,1,8*41,1763494277868
NMEA,$GNGSA,A,3,65,72,75,76,,,,,,,,,0.6,0.4,0.5,2*30,1763494277868
NMEA,$GNGSA,A,3,02,03,05,08,13,16,25,30,,,,,0.6,0.4,0.5,3*39,1763494277868
NMEA,$PSSGR,GSA,A,3,302,303,305,308,313,316,325,330,,,,,0.6,0.4,0.5,3,1*44,1763494277868
NMEA,$GNGSA,A,3,19,20,32,36,37,,,,,,,,0.6,0.4,0.5,4*39,1763494277868
NMEA,$PSSGR,GSA,A,3,219,220,232,236,237,,,,,,,,0.6,0.4,0.5,4,5*72,1763494277868
NMEA,$GNVTG,235.4,T,222.6,M,0.4,N,0.8,K,E*31,1763494277868
NMEA,$GNDTM,W84,,0000.000000,N,00000.000000,E,0.000,W84*41,1763494277868
NMEA,$GNRMC,193118.00,A,3725.859450,N,12209.315605,W,0.4,235.4,181125,12.8,E,E,V*7F,1763494277868
NMEA,$GNGNS,193118.00,3725.859450,N,12209.315605,W,EEEEEE,27,0.4,21.1,-32.6,,,V*20,1763494277868
NMEA,$GNGGA,193118.00,3725.859450,N,12209.315605,W,6,12,0.4,21.1,M,-32.6,M,,*71,1763494277868
NMEA,$PSMSG,magcal=PASS,bluesky=0*00,1763494277872
NMEA,$GPGSV,4,1,13,03,17,173,44,04,53,102,41,07,53,282,39,08,18,125,44,1*63,1763494278859
NMEA,$GPGSV,4,2,13,09,77,001,45,11,03,293,30,16,33,049,46,20,14,318,38,1*6F,1763494278859
NMEA,$GPGSV,4,3,13,21,15,319,40,27,19,093,42,30,26,265,37,46,00,000,45,1*69,1763494278859
NMEA,$GPGSV,4,4,13,48,00,000,46,1*58,1763494278859
NMEA,$GPGSV,3,1,09,03,17,173,28,04,53,102,37,06,03,256,15,08,18,125,25,8*69,1763494278859
NMEA,$GPGSV,3,2,09,09,77,001,41,11,03,293,27,21,15,319,37,27,19,093,25,8*6E,1763494278859
NMEA,$GPGSV,3,3,09,30,26,265,27,8*57,1763494278859
NMEA,$GLGSV,1,1,04,12,64,232,36,11,51,029,45,01,76,110,40,08,21,136,40,1*7A,1763494278859
NMEA,$GAGSV,3,1,11,02,52,173,41,03,66,077,42,05,19,109,40,07,02,299,26,7*73,1763494278859
NMEA,$GAGSV,3,2,11,08,49,316,40,13,12,275,36,15,05,227,31,16,33,049,42,7*7B,1763494278859
NMEA,$GAGSV,3,3,11,25,54,069,44,26,03,323,37,30,07,203,35,7*48,1763494278859
NMEA,$GAGSV,2,1,08,02,52,173,32,03,66,077,36,05,19,109,25,08,49,316,38,1*71,1763494278859
NMEA,$GAGSV,2,2,08,13,12,275,30,16,33,049,34,25,54,069,36,30,07,203,26,1*7F,1763494278859
NMEA,$GBGSV,2,1,07,37,47,047,46,36,19,233,39,32,14,144,42,22,05,320,32,1*77,1763494278859
NMEA,$GBGSV,2,2,07,20,69,160,43,19,56,311,41,04,03,265,34,1*40,1763494278859
NMEA,$GBGSV,2,1,05,19,56,311,42,20,69,160,41,32,14,144,42,36,19,233,39,3*75,1763494278859
NMEA,$GBGSV,2,2,05,37,47,047,44,3*45,1763494278859
NMEA,$GBGSV,2,1,06,19,56,311,36,20,69,160,34,22,05,320,34,32,14,144,22,5*71,1763494278859
NMEA,$GBGSV,2,2,06,36,19,233,21,37,47,047,35,5*7A,1763494278859
NMEA,$GNGSA,A,3,03,04,07,08,09,16,20,21,27,30,,,0.6,0.4,0.5,1*37,1763494278864
NMEA,$PSSGR,GSA,A,3,03,04,08,09,21,27,30,,,,,,0.6,0.4,0.5,1,8*41,1763494278864
NMEA,$GNGSA,A,3,65,72,75,76,,,,,,,,,0.6,0.4,0.5,2*30,1763494278864
NMEA,$GNGSA,A,3,02,03,05,08,13,16,25,30,,,,,0.6,0.4,0.5,3*39,1763494278864
NMEA,$PSSGR,GSA,A,3,302,303,305,308,313,316,325,330,,,,,0.6,0.4,0.5,3,1*44,1763494278864
NMEA,$GNGSA,A,3,19,20,32,36,37,,,,,,,,0.6,0.4,0.5,4*39,1763494278864
NMEA,$PSSGR,GSA,A,3,219,220,232,236,237,,,,,,,,0.6,0.4,0.5,4,5*72,1763494278864
NMEA,$GNVTG,235.4,T,222.6,M,0.7,N,1.2,K,E*39,1763494278864
NMEA,$GNDTM,W84,,0000.000000,N,00000.000000,E,0.000,W84*41,1763494278864
NMEA,$GNRMC,193119.00,A,3725.859650,N,12209.315685,W,0.7,235.4,181125,12.8,E,E,V*77,1763494278864
NMEA,$GNGNS,193119.00,3725.859650,N,12209.315685,W,EEEEEE,27,0.4,21.2,-32.6,,,V*28,1763494278864
NMEA,$GNGGA,193119.00,3725.859650,N,12209.315685,W,6,12,0.4,21.2,M,-32.6,M,,*79,1763494278864
NMEA,$PSMSG,magcal=PASS,bluesky=0*00,1763494278867
NMEA,$GPGSV,4,1,13,03,17,173,43,04,53,102,41,07,53,282,39,08,18,125,45,1*65,1763494279861
NMEA,$GPGSV,4,2,13,09,77,001,43,11,03,293,29,16,33,049,46,20,14,318,36,1*6F,1763494279861
NMEA,$GPGSV,4,3,13,21,15,319,37,27,19,093,43,30,26,265,36,46,00,000,47,1*6B,1763494279861
NMEA,$GPGSV,4,4,13,48,00,000,47,1*59,1763494279861
NMEA,$GPGSV,3,1,09,03,17,173,28,04,53,102,36,06,03,256,15,08,18,125,30,8*6C,1763494279861
NMEA,$GPGSV,3,2,09,09,77,001,40,11,03,293,25,21,15,319,36,27,19,093,29,8*60,1763494279861
NMEA,$GPGSV,3,3,09,30,26,265,26,8*56,1763494279861
NMEA,$GLGSV,1,1,04,12,64,232,40,11,51,029,44,01,76,110,39,08,21,136,35,1*76,1763494279861
NMEA,$GAGSV,3,1,11,02,52,173,45,03,66,077,41,05,19,109,40,07,02,299,26,7*74,1763494279861
NMEA,$GAGSV,3,2,11,08,49,316,37,13,12,275,41,15,05,227,34,16,33,049,45,7*79,1763494279861
NMEA,$GAGSV,3,3,11,25,54,069,45,26,03,323,33,30,07,203,35,7*4D,1763494279861
NMEA,$GAGSV,2,1,08,02,52,173,35,03,66,077,38,05,19,109,29,08,49,316,37,1*7B,1763494279861
NMEA,$GAGSV,2,2,08,13,12,275,22,16,33,049,33,25,54,069,38,30,07,203,26,1*75,1763494279861
NMEA,$GBGSV,2,1,07,37,47,047,46,36,19,233,39,32,14,144,42,22,05,320,35,1*70,1763494279861
NMEA,$GBGSV,2,2,07,20,69,160,43,19,56,311,40,04,03,265,31,1*44,1763494279861
NMEA,$GBGSV,2,1,05,19,56,311,40,20,69,160,43,32,14,144,41,36,19,233,41,3*79,1763494279861
NMEA,$GBGSV,2,2,05,37,47,047,45,3*44,1763494279861
NMEA,$GBGSV,2,1,06,19,56,311,37,20,69,160,34,22,05,320,32,32,14,144,24,5*70,1763494279861
NMEA,$GBGSV,2,2,06,36,19,233,21,37,47,047,35,5*7A,1763494279861
NMEA,$GNGSA,A,3,03,04,07,08,09,16,20,21,27,30,,,0.6,0.4,0.5,1*37,1763494279878
NMEA,$PSSGR,GSA,A,3,03,04,08,09,21,27,30,,,,,,0.6,0.4,0.5,1,8*41,1763494279878
NMEA,$GNGSA,A,3,65,72,75,76,,,,,,,,,0.6,0.4,0.5,2*30,1763494279878
NMEA,$GNGSA,A,3,02,03,05,08,13,16,25,30,,,,,0.6,0.4,0.5,3*39,1763494279878
NMEA,$PSSGR,GSA,A,3,302,303,305,308,313,316,325,330,,,,,0.6,0.4,0.5,3,1*44,1763494279878
NMEA,$GNGSA,A,3,19,20,32,36,37,,,,,,,,0.6,0.4,0.5,4*39,1763494279878
NMEA,$PSSGR,GSA,A,3,219,220,232,236,237,,,,,,,,0.6,0.4,0.5,4,5*72,1763494279878
NMEA,$GNVTG,235.4,T,222.6,M,0.7,N,1.3,K,E*38,1763494279878
NMEA,$GNDTM,W84,,0000.000000,N,00000.000000,E,0.000,W84*41,1763494279878
NMEA,$GNRMC,193120.00,A,3725.859890,N,12209.315655,W,0.7,235.4,181125,12.8,E,E,V*72,1763494279878
NMEA,$GNGNS,193120.00,3725.859890,N,12209.315655,W,EEEEEE,27,0.4,21.1,-32.6,,,V*2E,1763494279878
NMEA,$GNGGA,193120.00,3725.859890,N,12209.315655,W,6,12,0.4,21.1,M,-32.6,M,,*7F,1763494279878
NMEA,$PSMSG,magcal=PASS,bluesky=0*00,1763494279883
NMEA,$GPGSV,4,1,13,03,17,173,42,04,53,102,43,07,53,282,39,08,18,125,45,1*66,1763494280864
NMEA,$GPGSV,4,2,13,09,77,001,42,11,03,293,29,16,33,049,45,20,14,318,38,1*63,1763494280864
NMEA,$GPGSV,4,3,13,21,15,319,35,27,19,093,44,30,26,265,35,46,00,000,41,1*6B,1763494280864
NMEA,$GPGSV,4,4,13,48,00,000,46,1*58,1763494280864
NMEA,$GPGSV,3,1,09,03,17,173,28,04,53,102,37,06,03,256,15,08,18,125,27,8*6B,1763494280864
NMEA,$GPGSV,3,2,09,09,77,001,39,11,03,293,26,21,15,319,36,27,19,093,30,8*65,1763494280864
NMEA,$GPGSV,3,3,09,30,26,265,30,8*51,1763494280864
NMEA,$GLGSV,1,1,04,12,64,232,41,11,51,029,45,01,76,110,38,08,21,136,35,1*77,1763494280864
NMEA,$GAGSV,3,1,11,02,52,173,43,03,66,077,42,05,19,109,40,07,02,299,26,7*71,1763494280864
NMEA,$GAGSV,3,2,11,08,49,316,35,13,12,275,40,15,05,227,35,16,33,049,45,7*7B,1763494280864
NMEA,$GAGSV,3,3,11,25,54,069,44,26,03,323,36,30,07,203,33,7*4F,1763494280864
NMEA,$GAGSV,2,1,08,02,52,173,36,03,66,077,36,05,19,109,27,08,49,316,36,1*79,1763494280864
NMEA,$GAGSV,2,2,08,13,12,275,21,16,33,049,33,25,54,069,37,30,07,203,18,1*74,1763494280864
NMEA,$GBGSV,2,1,07,37,47,047,45,36,19,233,36,32,14,144,42,22,05,320,33,1*7A,1763494280864
NMEA,$GBGSV,2,2,07,20,69,160,42,19,56,311,45,04,03,265,31,1*40,1763494280864
NMEA,$GBGSV,2,1,05,19,56,311,43,20,69,160,43,32,14,144,42,36,19,233,37,3*78,1763494280864
NMEA,$GBGSV,2,2,05,37,47,047,45,3*44,1763494280864
NMEA,$GBGSV,2,1,06,19,56,311,37,20,69,160,34,22,05,320,32,32,14,144,24,5*70,1763494280864
NMEA,$GBGSV,2,2,06,36,19,233,18,37,47,047,35,5*70,1763494280864
NMEA,$GNGSA,A,3,03,04,07,08,09,16,20,21,27,30,,,0.6,0.4,0.5,1*37,1763494280875
NMEA,$PSSGR,GSA,A,3,03,04,08,09,21,27,30,,,,,,0.6,0.4,0.5,1,8*41,1763494280875
NMEA,$GNGSA,A,3,65,72,75,76,,,,,,,,,0.6,0.4,0.5,2*30,1763494280875
NMEA,$GNGSA,A,3,02,03,05,08,13,16,25,30,,,,,0.6,0.4,0.5,3*39,1763494280875
NMEA,$PSSGR,GSA,A,3,302,303,305,308,313,316,325,330,,,,,0.6,0.4,0.5,3,1*44,1763494280875
NMEA,$GNGSA,A,3,19,20,32,36,37,,,,,,,,0.6,0.4,0.5,4*39,1763494280875
NMEA,$PSSGR,GSA,A,3,219,220,232,236,237,,,,,,,,0.6,0.4,0.5,4,5*72,1763494280875
NMEA,$GNVTG,235.4,T,222.6,M,0.7,N,1.3,K,E*38,1763494280875
NMEA,$GNDTM,W84,,0000.000000,N,00000.000000,E,0.000,W84*41,1763494280875
NMEA,$GNRMC,193121.00,A,3725.860110,N,12209.315577,W,0.7,235.4,181125,12.8,E,E,V*7B,1763494280875
NMEA,$GNGNS,193121.00,3725.860110,N,12209.315577,W,EEEEEE,27,0.4,21.0,-32.6,,,V*26,1763494280875
NMEA,$GNGGA,193121.00,3725.860110,N,12209.315577,W,6,12,0.4,21.0,M,-32.6,M,,*77,1763494280875
NMEA,$PSMSG,magcal=PASS,bluesky=0*00,1763494280879
NMEA,$GPGSV,4,1,13,03,17,173,43,04,53,102,40,07,53,282,39,08,18,125,47,1*66,1763494281856
NMEA,$GPGSV,4,2,13,09,77,001,43,11,03,293,31,16,33,049,44,20,14,318,39,1*6B,1763494281856
NMEA,$GPGSV,4,3,13,21,15,319,40,27,19,093,44,30,26,265,38,46,00,000,43,1*66,1763494281856
NMEA,$GPGSV,4,4,13,48,00,000,44,1*5A,1763494281856
NMEA,$GPGSV,3,1,09,03,17,173,29,04,53,102,36,06,03,256,15,08,18,125,27,8*6B,1763494281856
NMEA,$GPGSV,3,2,09,09,77,001,38,11,03,293,28,21,15,319,37,27,19,093,24,8*6E,1763494281856
NMEA,$GPGSV,3,3,09,30,26,265,30,8*51,1763494281856
NMEA,$GLGSV,1,1,04,12,64,232,40,11,51,029,44,01,76,110,39,08,21,136,41,1*75,1763494281856
NMEA,$GAGSV,3,1,11,02,52,173,40,03,66,077,40,05,19,109,41,07,02,299,26,7*71,1763494281856
NMEA,$GAGSV,3,2,11,08,49,316,34,13,12,275,38,15,05,227,31,16,33,049,43,7*77,1763494281856
NMEA,$GAGSV,3,3,11,25,54,069,42,26,03,323,39,30,07,203,28,7*4C,1763494281856
NMEA,$GAGSV,2,1,08,02,52,173,34,03,66,077,35,05,19,109,26,08,49,316,37,1*78,1763494281856
NMEA,$GAGSV,2,2,08,13,12,275,27,16,33,049,34,25,54,069,34,30,07,203,18,1*76,1763494281856
NMEA,$GBGSV,2,1,07,37,47,047,45,36,19,233,35,32,14,144,44,22,05,320,37,1*7B,1763494281856
NMEA,$GBGSV,2,2,07,20,69,160,40,19,56,311,45,04,03,265,31,1*42,1763494281856
NMEA,$GBGSV,2,1,05,19,56,311,43,20,69,160,40,32,14,144,42,36,19,233,36,3*7A,1763494281856
NMEA,$GBGSV,2,2,05,37,47,047,44,3*45,1763494281856
NMEA,$GBGSV,2,1,06,19,56,311,36,20,69,160,35,22,05,320,31,32,14,144,24,5*73,1763494281856
NMEA,$GBGSV,2,2,06,36,19,233,18,37,47,047,35,5*70,1763494281856
NMEA,$GNGSA,A,3,03,04,07,08,09,16,20,21,27,30,,,0.6,0.4,0.5,1*37,1763494281867
NMEA,$PSSGR,GSA,A,3,03,04,08,09,21,27,30,,,,,,0.6,0.4,0.5,1,8*41,1763494281867
NMEA,$GNGSA,A,3,65,72,75,76,,,,,,,,,0.6,0.4,0.5,2*30,1763494281867
NMEA,$GNGSA,A,3,02,03,05,08,13,16,25,30,,,,,0.6,0.4,0.5,3*39,1763494281867
NMEA,$PSSGR,GSA,A,3,302,303,305,308,313,316,325,330,,,,,0.6,0.4,0.5,3,1*44,1763494281867
NMEA,$GNGSA,A,3,19,20,32,36,37,,,,,,,,0.6,0.4,0.5,4*39,1763494281867
NMEA,$PSSGR,GSA,A,3,219,220,232,236,237,,,,,,,,0.6,0.4,0.5,4,5*72,1763494281867
NMEA,$GNVTG,235.4,T,222.6,M,0.5,N,1.0,K,E*39,1763494281867
NMEA,$GNDTM,W84,,0000.000000,N,00000.000000,E,0.000,W84*41,1763494281867
NMEA,$GNRMC,193122.00,A,3725.860292,N,12209.315556,W,0.5,235.4,181125,12.8,E,E,V*70,1763494281867
NMEA,$GNGNS,193122.00,3725.860292,N,12209.315556,W,EEEEEE,27,0.4,21.3,-32.6,,,V*2C,1763494281867
NMEA,$GNGGA,193122.00,3725.860292,N,12209.315556,W,6,12,0.4,21.3,M,-32.6,M,,*7D,1763494281867
NMEA,$PSMSG,magcal=PASS,bluesky=0*00,1763494281871
NMEA,$GPGSV,4,1,13,03,17,173,41,04,53,102,40,07,53,282,43,08,18,125,46,1*68,1763494282859
NMEA,$GPGSV,4,2,13,09,77,001,44,11,03,293,32,16,33,049,42,20,14,318,39,1*69,1763494282859
NMEA,$GPGSV,4,3,13,21,15,319,41,27,19,093,44,30,26,265,40,46,00,000,41,1*6A,1763494282859
NMEA,$GPGSV,4,4,13,48,00,000,41,1*5F,1763494282859
NMEA,$GPGSV,3,1,09,03,17,173,27,04,53,102,36,06,03,256,15,08,18,125,19,8*68,1763494282859
NMEA,$GPGSV,3,2,09,09,77,001,38,11,03,293,27,21,15,319,36,27,19,093,25,8*61,1763494282859
NMEA,$GPGSV,3,3,09,30,26,265,26,8*56,1763494282859
NMEA,$GLGSV,1,1,04,12,64,232,40,11,51,029,43,01,76,110,41,08,21,136,41,1*7D,1763494282859
NMEA,$GAGSV,3,1,11,02,52,173,39,03,66,077,41,05,19,109,41,07,02,299,26,7*7E,1763494282859
NMEA,$GAGSV,3,2,11,08,49,316,37,13,12,275,41,15,05,227,31,16,33,049,42,7*7B,1763494282859
NMEA,$GAGSV,3,3,11,25,54,069,43,26,03,323,41,30,07,203,26,7*4C,1763494282859
NMEA,$GAGSV,2,1,08,02,52,173,35,03,66,077,34,05,19,109,22,08,49,316,38,1*73,1763494282859
NMEA,$GAGSV,2,2,08,13,12,275,29,16,33,049,33,25,54,069,34,30,07,203,18,1*7F,1763494282859
NMEA,$GBGSV,2,1,07,37,47,047,45,36,19,233,35,32,14,144,44,22,05,320,39,1*75,1763494282859
NMEA,$GBGSV,2,2,07,20,69,160,43,19,56,311,47,04,03,265,28,1*4B,1763494282859
NMEA,$GBGSV,2,1,05,19,56,311,45,20,69,160,42,32,14,144,43,36,19,233,35,3*7C,1763494282859
NMEA,$GBGSV,2,2,05,37,47,047,44,3*45,1763494282859
NMEA,$GBGSV,2,1,06,19,56,311,38,20,69,160,35,22,05,320,31,32,14,144,20,5*79,1763494282859
NMEA,$GBGSV,2,2,06,36,19,233,21,37,47,047,36,5*79,1763494282859
NMEA,$GNGSA,A,3,03,04,07,08,09,16,20,21,27,30,,,0.6,0.4,0.5,1*37,1763494282873
NMEA,$PSSGR,GSA,A,3,03,04,08,09,21,27,30,,,,,,0.6,0.4,0.5,1,8*41,1763494282873
NMEA,$GNGSA,A,3,65,72,75,76,,,,,,,,,0.6,0.4,0.5,2*30,1763494282873
NMEA,$GNGSA,A,3,02,03,05,08,13,16,25,30,,,,,0.6,0.4,0.5,3*39,1763494282873
NMEA,$PSSGR,GSA,A,3,302,303,305,308,313,316,325,330,,,,,0.6,0.4,0.5,3,1*44,1763494282873
NMEA,$GNGSA,A,3,19,20,32,36,37,,,,,,,,0.6,0.4,0.5,4*39,1763494282873
NMEA,$PSSGR,GSA,A,3,219,220,237,,,,,,,,,,0.6,0.4,0.5,4,5*76,1763494282873
NMEA,$GNVTG,235.4,T,222.6,M,0.3,N,0.6,K,E*38,1763494282873
NMEA,$GNDTM,W84,,0000.000000,N,00000.000000,E,0.000,W84*41,1763494282873
NMEA,$GNRMC,193123.00,A,3725.860457,N,12209.315566,W,0.3,235.4,181125,12.8,E,E,V*7B,1763494282873
NMEA,$GNGNS,193123.00,3725.860457,N,12209.315566,W,EEEEEE,27,0.4,21.3,-32.6,,,V*21,1763494282873
NMEA,$GNGGA,193123.00,3725.860457,N,12209.315566,W,6,12,0.4,21.3,M,-32.6,M,,*70,1763494282873
NMEA,$PSMSG,magcal=PASS,bluesky=0*00,1763494282885
NMEA,$GPGSV,4,1,13,03,17,173,39,04,53,102,36,07,53,282,45,08,18,125,45,1*63,1763494283856
NMEA,$GPGSV,4,2,13,09,77,001,45,11,03,293,38,16,33,049,45,20,14,318,42,1*69,1763494283856
NMEA,$GPGSV,4,3,13,21,15,319,41,27,19,093,46,30,26,265,38,46,00,000,36,1*67,1763494283856
NMEA,$GPGSV,4,4,13,48,00,000,40,1*5E,1763494283856
NMEA,$GPGSV,3,1,09,03,17,173,34,04,53,102,36,06,03,256,15,08,18,125,25,8*65,1763494283856
NMEA,$GPGSV,3,2,09,09,77,001,38,11,03,293,27,21,15,319,33,27,19,093,27,8*66,1763494283856
NMEA,$GPGSV,3,3,09,30,26,265,34,8*55,1763494283856
NMEA,$GLGSV,1,1,04,12,64,232,39,11,51,029,42,01,76,110,40,08,21,136,38,1*7D,1763494283856
NMEA,$GAGSV,3,1,11,02,52,173,38,03,66,077,38,05,19,109,43,07,02,299,26,7*73,1763494283856
NMEA,$GAGSV,3,2,11,08,49,316,41,13,12,275,46,15,05,227,32,16,33,049,44,7*78,1763494283856
NMEA,$GAGSV,3,3,11,25,54,069,44,26,03,323,40,30,07,203,26,7*4A,1763494283856
NMEA,$GAGSV,2,1,08,02,52,173,29,03,66,077,28,05,19,109,22,08,49,316,37,1*7C,1763494283856
NMEA,$GAGSV,2,2,08,13,12,275,29,16,33,049,32,25,54,069,29,30,07,203,19,1*73,1763494283856
NMEA,$GBGSV,2,1,07,37,47,047,45,36,19,233,36,32,14,144,42,22,05,320,42,1*7C,1763494283856
NMEA,$GBGSV,2,2,07,20,69,160,40,19,56,311,46,04,03,265,36,1*46,1763494283856
NMEA,$GBGSV,2,1,05,19,56,311,45,20,69,160,40,32,14,144,42,36,19,233,37,3*7D,1763494283856
NMEA,$GBGSV,2,2,05,37,47,047,44,3*45,1763494283856
NMEA,$GBGSV,2,1,06,19,56,311,35,20,69,160,39,22,05,320,26,32,14,144,30,5*7F,1763494283856
NMEA,$GBGSV,2,2,06,36,19,233,25,37,47,047,35,5*7E,1763494283856
NMEA,$GNGSA,A,3,03,04,07,08,09,16,20,21,27,30,,,0.6,0.4,0.5,1*37,1763494283863
NMEA,$PSSGR,GSA,A,3,03,04,08,09,21,27,30,,,,,,0.6,0.4,0.5,1,8*41,1763494283863
NMEA,$GNGSA,A,3,65,72,75,76,,,,,,,,,0.6,0.4,0.5,2*30,1763494283863
NMEA,$GNGSA,A,3,02,03,05,08,13,16,25,30,,,,,0.6,0.4,0.5,3*39,1763494283863
NMEA,$PSSGR,GSA,A,3,302,303,305,308,313,316,325,,,,,,0.6,0.4,0.5,3,1*74,1763494283863
NMEA,$GNGSA,A,3,19,20,32,36,37,,,,,,,,0.6,0.4,0.5,4*39,1763494283863
NMEA,$PSSGR,GSA,A,3,219,220,232,236,237,,,,,,,,0.6,0.4,0.5,4,5*72,1763494283863
NMEA,$GNVTG,,T,,M,0.0,N,0.0,K,E*39,1763494283863
NMEA,$GNDTM,W84,,0000.000000,N,00000.000000,E,0.000,W84*41,1763494283863
NMEA,$GNRMC,193124.00,A,3725.860559,N,12209.315597,W,0.0,,181125,12.8,E,E,V*50,1763494283863
NMEA,$GNGNS,193124.00,3725.860559,N,12209.315597,W,EEEEEE,27,0.4,21.4,-32.6,,,V*20,1763494283863
NMEA,$GNGGA,193124.00,3725.860559,N,12209.315597,W,6,12,0.4,21.4,M,-32.6,M,,*71,1763494283863
NMEA,$PSMSG,magcal=PASS,bluesky=0*00,1763494283867
NMEA,$GPGSV,4,1,13,03,17,173,41,04,53,102,37,07,53,282,43,08,18,125,41,1*6F,1763494284855
NMEA,$GPGSV,4,2,13,09,77,001,42,11,03,293,34,16,33,049,45,20,14,318,38,1*6F,1763494284855
NMEA,$GPGSV,4,3,13,21,15,319,37,27,19,093,41,30,26,265,35,46,00,000,39,1*63,1763494284855
NMEA,$GPGSV,4,4,13,48,00,000,41,1*5F,1763494284855
NMEA,$GPGSV,3,1,09,03,17,173,37,04,53,102,31,06,03,256,15,08,18,125,32,8*67,1763494284855
NMEA,$GPGSV,3,2,09,09,77,001,34,11,03,293,27,21,15,319,29,27,19,093,32,8*65,1763494284855
NMEA,$GPGSV,3,3,09,30,26,265,37,8*56,1763494284855
NMEA,$GLGSV,1,1,04,12,64,232,42,11,51,029,37,01,76,110,37,08,21,136,33,1*78,1763494284855
NMEA,$GAGSV,3,1,11,02,52,173,36,03,66,077,37,05,19,109,37,07,02,299,26,7*71,1763494284855
NMEA,$GAGSV,3,2,11,08,49,316,44,13,12,275,45,15,05,227,39,16,33,049,43,7*72,1763494284855
NMEA,$GAGSV,3,3,11,25,54,069,43,26,03,323,32,30,07,203,26,7*48,1763494284855
NMEA,$GAGSV,2,1,08,02,52,173,23,03,66,077,30,05,19,109,21,08,49,316,33,1*78,1763494284855
NMEA,$GAGSV,2,2,08,13,12,275,28,16,33,049,30,25,54,069,32,30,07,203,19,1*7A,1763494284855
NMEA,$GBGSV,2,1,07,37,47,047,45,36,19,233,38,32,14,144,39,22,05,320,36,1*7D,1763494284855
NMEA,$GBGSV,2,2,07,20,69,160,42,19,56,311,41,04,03,265,36,1*43,1763494284855
NMEA,$GBGSV,2,1,05,19,56,311,44,20,69,160,38,32,14,144,37,36,19,233,43,3*72,1763494284855
NMEA,$GBGSV,2,2,05,37,47,047,43,3*42,1763494284855
NMEA,$GBGSV,2,1,06,19,56,311,30,20,69,160,40,22,05,320,28,32,14,144,33,5*79,1763494284855
NMEA,$GBGSV,2,2,06,36,19,233,31,37,47,047,36,5*78,1763494284855
NMEA,$GNGSA,A,3,03,04,07,08,09,16,20,21,27,30,,,0.6,0.4,0.5,1*37,1763494284869
NMEA,$PSSGR,GSA,A,3,03,04,08,09,21,27,30,,,,,,0.6,0.4,0.5,1,8*41,1763494284869
NMEA,$GNGSA,A,3,65,72,75,76,,,,,,,,,0.6,0.4,0.5,2*30,1763494284869
NMEA,$GNGSA,A,3,02,03,05,08,13,16,25,30,,,,,0.6,0.4,0.5,3*39,1763494284869
NMEA,$PSSGR,GSA,A,3,302,303,305,308,313,316,325,,,,,,0.6,0.4,0.5,3,1*74,1763494284869
NMEA,$GNGSA,A,3,19,20,32,36,37,,,,,,,,0.6,0.4,0.5,4*39,1763494284869
NMEA,$PSSGR,GSA,A,3,219,220,232,236,237,,,,,,,,0.6,0.4,0.5,4,5*72,1763494284869
NMEA,$GNVTG,,T,,M,0.0,N,0.0,K,E*39,1763494284869
NMEA,$GNDTM,W84,,0000.000000,N,00000.000000,E,0.000,W84*41,1763494284869
NMEA,$GNRMC,193125.00,A,3725.860604,N,12209.315656,W,0.0,,181125,12.8,E,E,V*54,1763494284869
NMEA,$GNGNS,193125.00,3725.860604,N,12209.315656,W,EEEEEE,27,0.4,21.5,-32.6,,,V*25,1763494284869
NMEA,$GNGGA,193125.00,3725.860604,N,12209.315656,W,6,12,0.4,21.5,M,-32.6,M,,*74,1763494284869
NMEA,$PSMSG,magcal=PASS,bluesky=0*00,1763494284874
NMEA,$GPGSV,4,1,13,03,17,173,40,04,53,102,36,07,53,282,45,08,18,125,41,1*69,1763494285862
NMEA,$GPGSV,4,2,13,09,77,001,43,11,03,293,29,16,33,049,45,20,14,318,37,1*6D,1763494285862
NMEA,$GPGSV,4,3,13,21,15,319,38,27,19,093,41,30,26,265,37,46,00,000,42,1*62,1763494285862
NMEA,$GPGSV,4,4,13,48,00,000,43,1*5D,1763494285862
NMEA,$GPGSV,3,1,09,03,17,173,38,04,53,102,31,06,03,256,15,08,18,125,28,8*63,1763494285862
NMEA,$GPGSV,3,2,09,09,77,001,32,11,03,293,27,21,15,319,29,27,19,093,32,8*63,1763494285862
NMEA,$GPGSV,3,3,09,30,26,265,37,8*56,1763494285862
NMEA,$GLGSV,1,1,04,12,64,232,44,11,51,029,38,01,76,110,38,08,21,136,34,1*79,1763494285862
NMEA,$GAGSV,3,1,11,02,52,173,39,03,66,077,36,05,19,109,38,07,02,299,26,7*70,1763494285862
NMEA,$GAGSV,3,2,11,08,49,316,44,13,12,275,46,15,05,227,40,16,33,049,44,7*78,1763494285862
NMEA,$GAGSV,3,3,11,25,54,069,44,26,03,323,33,30,07,203,30,7*49,1763494285862
NMEA,$GAGSV,2,1,08,02,52,173,23,03,66,077,27,05,19,109,22,08,49,316,32,1*7C,1763494285862
NMEA,$GAGSV,2,2,08,13,12,275,28,16,33,049,28,25,54,069,32,30,07,203,21,1*78,1763494285862
NMEA,$GBGSV,2,1,07,37,47,047,47,36,19,233,37,32,14,144,37,22,05,320,31,1*79,1763494285862
NMEA,$GBGSV,2,2,07,20,69,160,40,19,56,311,45,04,03,265,36,1*45,1763494285862
NMEA,$GBGSV,2,1,05,19,56,311,46,20,69,160,41,32,14,144,38,36,19,233,42,3*70,1763494285862
NMEA,$GBGSV,2,2,05,37,47,047,45,3*44,1763494285862
NMEA,$GBGSV,2,1,06,19,56,311,29,20,69,160,40,22,05,320,24,32,14,144,32,5*7C,1763494285862
NMEA,$GBGSV,2,2,06,36,19,233,31,37,47,047,37,5*79,1763494285862
NMEA,$GNGSA,A,3,03,04,07,08,09,16,20,21,27,30,,,0.6,0.4,0.5,1*37,1763494285877
NMEA,$PSSGR,GSA,A,3,03,04,08,09,21,27,30,,,,,,0.6,0.4,0.5,1,8*41,1763494285877
NMEA,$GNGSA,A,3,65,72,75,76,,,,,,,,,0.6,0.4,0.5,2*30,1763494285877
NMEA,$GNGSA,A,3,02,03,05,08,13,16,25,30,,,,,0.6,0.4,0.5,3*39,1763494285877
NMEA,$PSSGR,GSA,A,3,302,303,305,308,313,316,325,,,,,,0.6,0.4,0.5,3,1*74,1763494285877
NMEA,$GNGSA,A,3,19,20,32,36,37,,,,,,,,0.6,0.4,0.5,4*39,1763494285877
NMEA,$PSSGR,GSA,A,3,219,220,232,236,237,,,,,,,,0.6,0.4,0.5,4,5*72,1763494285877
NMEA,$GNVTG,235.4,T,222.6,M,0.6,N,1.2,K,E*38,1763494285877
NMEA,$GNDTM,W84,,0000.000000,N,00000.000000,E,0.000,W84*41,1763494285877
NMEA,$GNRMC,193126.00,A,3725.860473,N,12209.315788,W,0.6,235.4,181125,12.8,E,E,V*7F,1763494285877
NMEA,$GNGNS,193126.00,3725.860473,N,12209.315788,W,EEEEEE,27,0.4,21.4,-32.6,,,V*27,1763494285877
NMEA,$GNGGA,193126.00,3725.860473,N,12209.315788,W,6,12,0.4,21.4,M,-32.6,M,,*76,1763494285877
NMEA,$PSMSG,magcal=PASS,bluesky=0*00,1763494285881
NMEA,$GPGSV,4,1,13,03,17,173,40,04,53,102,37,07,53,282,45,08,18,125,41,1*68,1763494286859
NMEA,$GPGSV,4,2,13,09,77,001,41,11,03,293,32,16,33,049,46,20,14,318,37,1*66,1763494286859
NMEA,$GPGSV,4,3,13,21,15,319,40,27,19,093,40,30,26,265,39,46,00,000,43,1*63,1763494286859
NMEA,$GPGSV,4,4,13,48,00,000,44,1*5A,1763494286859
NMEA,$GPGSV,3,1,09,03,17,173,38,04,53,102,28,06,03,256,15,08,18,125,32,8*60,1763494286859
NMEA,$GPGSV,3,2,09,09,77,001,32,11,03,293,27,21,15,319,29,27,19,093,32,8*63,1763494286859
NMEA,$GPGSV,3,3,09,30,26,265,37,8*56,1763494286859
NMEA,$GLGSV,1,1,04,12,64,232,43,11,51,029,37,01,76,110,38,08,21,136,35,1*70,1763494286859
NMEA,$GAGSV,3,1,11,02,52,173,42,03,66,077,37,05,19,109,37,07,02,299,26,7*72,1763494286859
NMEA,$GAGSV,3,2,11,08,49,316,39,13,12,275,48,15,05,227,40,16,33,049,44,7*7C,1763494286859
NMEA,$GAGSV,3,3,11,25,54,069,44,26,03,323,31,30,07,203,32,7*49,1763494286859
NMEA,$GAGSV,2,1,08,02,52,173,29,03,66,077,29,05,19,109,22,08,49,316,33,1*79,1763494286859
NMEA,$GAGSV,2,2,08,13,12,275,29,16,33,049,27,25,54,069,34,30,07,203,21,1*70,1763494286859
NMEA,$GBGSV,2,1,07,37,47,047,47,36,19,233,40,32,14,144,37,22,05,320,35,1*7D,1763494286859
NMEA,$GBGSV,2,2,07,20,69,160,41,19,56,311,46,04,03,265,38,1*49,1763494286859
NMEA,$GBGSV,2,1,05,19,56,311,45,20,69,160,43,32,14,144,37,36,19,233,42,3*7E,1763494286859
NMEA,$GBGSV,2,2,05,37,47,047,46,3*47,1763494286859
NMEA,$GBGSV,2,1,06,19,56,311,30,20,69,160,39,22,05,320,22,32,14,144,32,5*7C,1763494286859
NMEA,$GBGSV,2,2,06,36,19,233,30,37,47,047,36,5*79,1763494286859
NMEA,$GNGSA,A,3,03,04,07,08,09,16,20,21,27,30,,,0.6,0.4,0.5,1*37,1763494286875
NMEA,$PSSGR,GSA,A,3,03,04,08,09,21,27,30,,,,,,0.6,0.4,0.5,1,8*41,1763494286875
NMEA,$GNGSA,A,3,65,72,75,76,,,,,,,,,0.6,0.4,0.5,2*30,1763494286875
NMEA,$GNGSA,A,3,02,03,05,08,13,16,25,30,,,,,0.6,0.4,0.5,3*39,1763494286875
NMEA,$PSSGR,GSA,A,3,302,303,305,308,313,316,325,,,,,,0.6,0.4,0.5,3,1*74,1763494286875
NMEA,$GNGSA,A,3,19,20,32,36,37,,,,,,,,0.6,0.4,0.5,4*39,1763494286875
NMEA,$PSSGR,GSA,A,3,219,220,232,236,237,,,,,,,,0.6,0.4,0.5,4,5*72,1763494286875
NMEA,$GNVTG,235.4,T,222.6,M,0.8,N,1.5,K,E*31,1763494286875
NMEA,$GNDTM,W84,,0000.000000,N,00000.000000,E,0.000,W84*41,1763494286875
NMEA,$GNRMC,193127.00,A,3725.860263,N,12209.315991,W,0.8,235.4,181125,12.8,E,E,V*71,1763494286875
NMEA,$GNGNS,193127.00,3725.860263,N,12209.315991,W,EEEEEE,27,0.4,21.1,-32.6,,,V*22,1763494286875
NMEA,$GNGGA,193127.00,3725.860263,N,12209.315991,W,6,12,0.4,21.1,M,-32.6,M,,*73,1763494286875
NMEA,$PSMSG,magcal=PASS,bluesky=0*00,1763494286880
NMEA,$GPGSV,4,1,13,03,17,173,39,04,53,102,33,07,53,282,46,08,18,125,46,1*66,1763494287861
NMEA,$GPGSV,4,2,13,09,77,001,44,11,03,293,31,16,33,049,47,20,14,318,40,1*61,1763494287861
NMEA,$GPGSV,4,3,13,21,15,319,42,27,19,093,42,30,26,265,38,46,00,000,39,1*6F,1763494287861
NMEA,$GPGSV,4,4,13,48,00,000,41,1*5F,1763494287861
NMEA,$GPGSV,3,1,09,03,17,173,36,04,53,102,27,06,03,256,15,08,18,125,31,8*62,1763494287861
NMEA,$GPGSV,3,2,09,09,77,001,36,11,03,293,16,21,15,319,33,27,19,093,26,8*6B,1763494287861
NMEA,$GPGSV,3,3,09,30,26,265,36,8*57,1763494287861
NMEA,$GLGSV,1,1,04,12,64,232,39,11,51,029,40,01,76,110,39,08,21,136,39,1*70,1763494287861
NMEA,$GAGSV,3,1,11,02,52,173,38,03,66,077,39,05,19,109,44,07,02,299,16,7*76,1763494287861
NMEA,$GAGSV,3,2,11,08,49,316,42,13,12,275,49,15,05,227,34,16,33,049,44,7*72,1763494287861
NMEA,$GAGSV,3,3,11,25,54,069,45,26,03,323,42,30,07,203,27,7*48,1763494287861
NMEA,$GAGSV,2,1,08,02,52,173,28,03,66,077,27,05,19,109,22,08,49,316,36,1*73,1763494287861
NMEA,$GAGSV,2,2,08,13,12,275,29,16,33,049,32,25,54,069,26,30,07,203,22,1*74,1763494287861
NMEA,$GBGSV,2,1,07,37,47,047,48,36,19,233,41,32,14,144,40,22,05,320,39,1*7F,1763494287861
NMEA,$GBGSV,2,2,07,20,69,160,42,19,56,311,45,04,03,265,36,1*47,1763494287861
NMEA,$GBGSV,2,1,05,19,56,311,41,20,69,160,40,32,14,144,39,36,19,233,41,3*74,1763494287861
NMEA,$GBGSV,2,2,05,37,47,047,45,3*44,1763494287861
NMEA,$GBGSV,2,1,06,19,56,311,28,20,69,160,38,22,05,320,24,32,14,144,28,5*79,1763494287861
NMEA,$GBGSV,2,2,06,36,19,233,27,37,47,047,36,5*7F,1763494287861
NMEA,$GNGSA,A,3,03,04,07,08,09,16,20,21,27,30,,,0.6,0.4,0.5,1*37,1763494287881
NMEA,$PSSGR,GSA,A,3,03,04,08,09,21,27,30,,,,,,0.6,0.4,0.5,1,8*41,1763494287881
NMEA,$GNGSA,A,3,65,72,75,76,,,,,,,,,0.6,0.4,0.5,2*30,1763494287881
NMEA,$GNGSA,A,3,02,03,05,08,13,16,25,30,,,,,0.6,0.4,0.5,3*39,1763494287881
NMEA,$PSSGR,GSA,A,3,302,303,305,308,313,316,325,,,,,,0.6,0.4,0.5,3,1*74,1763494287881
NMEA,$GNGSA,A,3,19,20,32,36,37,,,,,,,,0.6,0.4,0.5,4*39,1763494287881
NMEA,$PSSGR,GSA,A,3,219,220,232,236,237,,,,,,,,0.6,0.4,0.5,4,5*72,1763494287881
NMEA,$GNVTG,235.4,T,222.6,M,0.5,N,0.9,K,E*31,1763494287881
NMEA,$GNDTM,W84,,0000.000000,N,00000.000000,E,0.000,W84*41,1763494287881
NMEA,$GNRMC,193128.00,A,3725.860178,N,12209.316131,W,0.5,235.4,181125,12.8,E,E,V*7B,1763494287881
NMEA,$GNGNS,193128.00,3725.860178,N,12209.316131,W,EEEEEE,27,0.4,21.0,-32.6,,,V*24,1763494287881
NMEA,$GNGGA,193128.00,3725.860178,N,12209.316131,W,6,12,0.4,21.0,M,-32.6,M,,*75,1763494287881
NMEA,$PSMSG,magcal=PASS,bluesky=0*00,1763494287885
NMEA,$GPGSV,4,1,13,03,17,173,43,04,53,102,41,07,53,282,44,08,18,125,48,1*62,1763494288862
NMEA,$GPGSV,4,2,13,09,77,001,44,11,03,293,29,16,33,049,45,20,14,318,38,1*65,1763494288862
NMEA,$GPGSV,4,3,13,21,15,319,42,27,19,093,42,30,26,265,34,46,00,000,44,1*69,1763494288862
NMEA,$GPGSV,4,4,13,48,00,000,45,1*5B,1763494288862
NMEA,$GPGSV,3,1,09,03,17,173,28,04,53,102,35,06,03,256,15,08,18,125,25,8*6B,1763494288862
NMEA,$GPGSV,3,2,09,09,77,001,39,11,03,293,27,21,15,319,37,27,19,093,27,8*63,1763494288862
NMEA,$GPGSV,3,3,09,30,26,265,31,8*50,1763494288862
NMEA,$GLGSV,1,1,04,12,64,232,35,11,51,029,45,01,76,110,40,08,21,136,41,1*78,1763494288862
NMEA,$GAGSV,3,1,11,02,52,173,38,03,66,077,43,05,19,109,43,07,02,299,22,7*7B,1763494288862
NMEA,$GAGSV,3,2,11,08,49,316,38,13,12,275,40,15,05,227,32,16,33,049,43,7*77,1763494288862
NMEA,$GAGSV,3,3,11,25,54,069,44,26,03,323,42,30,07,203,32,7*4D,1763494288862
NMEA,$GAGSV,2,1,08,02,52,173,29,03,66,077,33,05,19,109,20,08,49,316,37,1*74,1763494288862
NMEA,$GAGSV,2,2,08,13,12,275,28,16,33,049,37,25,54,069,34,30,07,203,23,1*72,1763494288862
NMEA,$GBGSV,2,1,07,37,47,047,46,36,19,233,37,32,14,144,43,22,05,320,39,1*73,1763494288862
NMEA,$GBGSV,2,2,07,20,69,160,43,19,56,311,45,04,03,265,36,1*46,1763494288862
NMEA,$GBGSV,2,1,05,19,56,311,44,20,69,160,42,32,14,144,42,36,19,233,38,3*71,1763494288862
NMEA,$GBGSV,2,2,05,37,47,047,45,3*44,1763494288862
NMEA,$GBGSV,2,1,06,19,56,311,32,20,69,160,35,22,05,320,32,32,14,144,25,5*75,1763494288862
NMEA,$GBGSV,2,2,06,36,19,233,21,37,47,047,37,5*78,1763494288862
NMEA,$GNGSA,A,3,03,04,07,08,09,16,20,21,27,30,,,0.6,0.4,0.5,1*37,1763494288873
NMEA,$PSSGR,GSA,A,3,03,04,08,09,21,27,30,,,,,,0.6,0.4,0.5,1,8*41,1763494288873
NMEA,$GNGSA,A,3,65,72,75,76,,,,,,,,,0.6,0.4,0.5,2*30,1763494288873
NMEA,$GNGSA,A,3,02,03,05,08,13,16,25,30,,,,,0.6,0.4,0.5,3*39,1763494288873
NMEA,$PSSGR,GSA,A,3,302,303,308,313,316,325,,,,,,,0.6,0.4,0.5,3,1*42,1763494288873
NMEA,$GNGSA,A,3,19,20,32,36,37,,,,,,,,0.6,0.4,0.5,4*39,1763494288873
NMEA,$PSSGR,GSA,A,3,219,220,232,236,237,,,,,,,,0.6,0.4,0.5,4,5*72,1763494288873
NMEA,$GNVTG,235.4,T,222.6,M,0.5,N,1.0,K,E*39,1763494288873
NMEA,$GNDTM,W84,,0000.000000,N,00000.000000,E,0.000,W84*41,1763494288873
NMEA,$GNRMC,193129.00,A,3725.860247,N,12209.316282,W,0.5,235.4,181125,12.8,E,E,V*7E,1763494288873
NMEA,$GNGNS,193129.00,3725.860247,N,12209.316282,W,EEEEEE,27,0.4,20.8,-32.6,,,V*28,1763494288873
NMEA,$GNGGA,193129.00,3725.860247,N,12209.316282,W,6,12,0.4,20.8,M,-32.6,M,,*79,1763494288873
NMEA,$PSMSG,magcal=PASS,bluesky=0*00,1763494288879
NMEA,$GPGSV,4,1,13,03,17,173,42,04,53,102,41,07,53,282,39,08,18,125,44,1*65,1763494289865
NMEA,$GPGSV,4,2,13,09,77,001,44,11,03,293,31,16,33,049,45,20,14,318,37,1*63,1763494289865
NMEA,$GPGSV,4,3,13,21,15,319,37,27,19,093,42,30,26,265,36,46,00,000,43,1*6E,1763494289865
NMEA,$GPGSV,4,4,13,48,00,000,46,1*58,1763494289865
NMEA,$GPGSV,3,1,09,03,17,173,25,04,53,102,36,06,03,256,15,08,18,125,27,8*67,1763494289865
NMEA,$GPGSV,3,2,09,09,77,001,40,11,03,293,27,21,15,319,37,27,19,093,28,8*62,1763494289865
NMEA,$GPGSV,3,3,09,30,26,265,28,8*58,1763494289865
NMEA,$GLGSV,1,1,04,12,64,232,39,11,51,029,44,01,76,110,39,08,21,136,37,1*7A,1763494289865
NMEA,$GAGSV,3,1,11,02,52,173,44,03,66,077,42,05,19,109,40,07,02,299,22,7*72,1763494289865
NMEA,$GAGSV,3,2,11,08,49,316,39,13,12,275,38,15,05,227,34,16,33,049,44,7*78,1763494289865
NMEA,$GAGSV,3,3,11,25,54,069,44,26,03,323,36,30,07,203,33,7*4F,1763494289865
NMEA,$GAGSV,2,1,08,02,52,173,33,03,66,077,37,05,19,109,29,08,49,316,38,1*7D,1763494289865
NMEA,$GAGSV,2,2,08,13,12,275,27,16,33,049,33,25,54,069,37,30,07,203,23,1*7A,1763494289865
NMEA,$GBGSV,2,1,07,37,47,047,46,36,19,233,39,32,14,144,40,22,05,320,32,1*75,1763494289865
NMEA,$GBGSV,2,2,07,20,69,160,45,19,56,311,42,04,03,265,36,1*47,1763494289865
NMEA,$GBGSV,2,1,05,19,56,311,41,20,69,160,44,32,14,144,40,36,19,233,41,3*7E,1763494289865
NMEA,$GBGSV,2,2,05,37,47,047,45,3*44,1763494289865
NMEA,$GBGSV,2,1,06,19,56,311,37,20,69,160,33,22,05,320,32,32,14,144,23,5*70,1763494289865
NMEA,$GBGSV,2,2,06,36,19,233,21,37,47,047,35,5*7A,1763494289865
NMEA,$GNGSA,A,3,03,04,07,08,09,16,20,21,27,30,,,0.6,0.4,0.5,1*37,1763494289883
NMEA,$PSSGR,GSA,A,3,03,04,08,09,21,27,30,,,,,,0.6,0.4,0.5,1,8*41,1763494289883
NMEA,$GNGSA,A,3,65,72,75,76,,,,,,,,,0.6,0.4,0.5,2*30,1763494289883
NMEA,$GNGSA,A,3,02,03,05,08,13,16,25,30,,,,,0.6,0.4,0.5,3*39,1763494289883
NMEA,$PSSGR,GSA,A,3,302,303,305,308,313,316,325,,,,,,0.6,0.4,0.5,3,1*74,1763494289883
NMEA,$GNGSA,A,3,19,20,22,32,36,37,,,,,,,0.6,0.4,0.5,4*39,1763494289883
NMEA,$PSSGR,GSA,A,3,219,220,222,232,236,237,,,,,,,0.6,0.4,0.5,4,5*40,1763494289883
NMEA,$GNVTG,235.4,T,222.6,M,0.7,N,1.3,K,E*38,1763494289883
NMEA,$GNDTM,W84,,0000.000000,N,00000.000000,E,0.000,W84*41,1763494289883
NMEA,$GNRMC,193130.00,A,3725.860479,N,12209.316291,W,0.7,235.4,181125,12.8,E,E,V*7D,1763494289883
NMEA,$GNGNS,193130.00,3725.860479,N,12209.316291,W,EEEEEE,28,0.4,20.6,-32.6,,,V*28,1763494289883
NMEA,$GNGGA,193130.00,3725.860479,N,12209.316291,W,6,12,0.4,20.6,M,-32.6,M,,*76,1763494289883
NMEA,$PSMSG,magcal=PASS,bluesky=0*00,1763494289888
NMEA,$GPGSV,4,1,13,03,17,173,42,04,53,102,41,07,53,282,36,08,18,125,45,1*6B,1763494290868
NMEA,$GPGSV,4,2,13,09,77,001,43,11,03,293,31,16,33,049,46,20,14,318,38,1*68,1763494290868
NMEA,$GPGSV,4,3,13,21,15,319,37,27,19,093,43,30,26,265,35,46,00,000,42,1*6D,1763494290868
NMEA,$GPGSV,4,4,13,48,00,000,45,1*5B,1763494290868
NMEA,$GPGSV,2,1,08,03,17,173,26,04,53,102,36,08,18,125,30,09,77,001,40,8*6E,1763494290868
NMEA,$GPGSV,2,2,08,11,03,293,27,21,15,319,36,27,19,093,30,30,26,265,27,8*65,1763494290868
NMEA,$GLGSV,1,1,04,12,64,232,41,11,51,029,41,01,76,110,39,08,21,136,35,1*72,1763494290868
NMEA,$GAGSV,3,1,11,02,52,173,44,03,66,077,42,05,19,109,39,07,02,299,22,7*7C,1763494290868
NMEA,$GAGSV,3,2,11,08,49,316,37,13,12,275,39,15,05,227,35,16,33,049,45,7*77,1763494290868
NMEA,$GAGSV,3,3,11,25,54,069,44,26,03,323,34,30,07,203,33,7*4D,1763494290868
NMEA,$GAGSV,2,1,08,02,52,173,35,03,66,077,38,05,19,109,31,08,49,316,38,1*7D,1763494290868
NMEA,$GAGSV,2,2,08,13,12,275,25,16,33,049,32,25,54,069,38,30,07,203,23,1*76,1763494290868
NMEA,$GBGSV,2,1,07,37,47,047,45,36,19,233,38,32,14,144,40,22,05,320,38,1*7D,1763494290868
NMEA,$GBGSV,2,2,07,20,69,160,44,19,56,311,42,04,03,265,27,1*46,1763494290868
NMEA,$GBGSV,2,1,05,19,56,311,40,20,69,160,43,32,14,144,40,36,19,233,41,3*78,1763494290868
NMEA,$GBGSV,2,2,05,37,47,047,46,3*47,1763494290868
NMEA,$GBGSV,2,1,06,19,56,311,38,20,69,160,33,22,05,320,33,32,14,144,25,5*78,1763494290868
NMEA,$GBGSV,2,2,06,36,19,233,20,37,47,047,34,5*7A,1763494290868
NMEA,$GNGSA,A,3,03,04,07,08,09,16,20,21,27,30,,,0.6,0.4,0.5,1*37,1763494290882
NMEA,$PSSGR,GSA,A,3,03,04,08,09,21,27,30,,,,,,0.6,0.4,0.5,1,8*41,1763494290882
NMEA,$GNGSA,A,3,65,72,75,76,,,,,,,,,0.6,0.4,0.5,2*30,1763494290882
NMEA,$GNGSA,A,3,02,03,05,08,13,16,25,30,,,,,0.6,0.4,0.5,3*39,1763494290882
NMEA,$PSSGR,GSA,A,3,302,303,305,308,313,316,325,,,,,,0.6,0.4,0.5,3,1*74,1763494290882
NMEA,$GNGSA,A,3,19,20,22,32,36,37,,,,,,,0.6,0.4,0.5,4*39,1763494290882
NMEA,$PSSGR,GSA,A,3,219,220,222,232,236,237,,,,,,,0.6,0.4,0.5,4,5*40,1763494290882
NMEA,$GNVTG,235.4,T,222.6,M,0.5,N,0.9,K,E*31,1763494290882
NMEA,$GNDTM,W84,,0000.000000,N,00000.000000,E,0.000,W84*41,1763494290882
NMEA,$GNRMC,193131.00,A,3725.860624,N,12209.316217,W,0.5,235.4,181125,12.8,E,E,V*7A,1763494290882
NMEA,$GNGNS,193131.00,3725.860624,N,12209.316217,W,EEEEEE,28,0.4,20.7,-32.6,,,V*2C,1763494290882
NMEA,$GNGGA,193131.00,3725.860624,N,12209.316217,W,6,12,0.4,20.7,M,-32.6,M,,*72,1763494290882
NMEA,$PSMSG,magcal=PASS,bluesky=0*00,1763494290887
NMEA,$GPGSV,4,1,13,03,17,173,42,04,53,102,42,07,53,282,38,08,18,125,46,1*65,1763494291860
NMEA,$GPGSV,4,2,13,09,77,001,42,11,03,293,28,16,33,049,43,20,14,318,40,1*6B,1763494291860
NMEA,$GPGSV,4,3,13,21,15,319,41,27,19,093,42,30,26,265,38,46,00,000,42,1*60,1763494291860
NMEA,$GPGSV,4,4,13,48,00,000,43,1*5D,1763494291860
NMEA,$GPGSV,2,1,08,03,17,173,28,04,53,102,35,08,18,125,30,09,77,001,39,8*6D,1763494291860
NMEA,$GPGSV,2,2,08,11,03,293,26,21,15,319,36,27,19,093,24,30,26,265,30,8*67,1763494291860
NMEA,$GLGSV,1,1,04,12,64,232,40,11,51,029,43,01,76,110,38,08,21,136,41,1*73,1763494291860
NMEA,$GAGSV,3,1,11,02,52,173,40,03,66,077,41,05,19,109,40,07,02,299,22,7*75,1763494291860
NMEA,$GAGSV,3,2,11,08,49,316,39,13,12,275,39,15,05,227,35,16,33,049,43,7*7F,1763494291860
NMEA,$GAGSV,3,3,11,25,54,069,43,26,03,323,34,30,07,203,29,7*41,1763494291860
NMEA,$GAGSV,2,1,08,02,52,173,34,03,66,077,35,05,19,109,25,08,49,316,37,1*7B,1763494291860
NMEA,$GAGSV,2,2,08,13,12,275,29,16,33,049,31,25,54,069,34,30,07,203,19,1*7C,1763494291860
NMEA,$GBGSV,2,1,07,37,47,047,45,36,19,233,38,32,14,144,40,22,05,320,38,1*7D,1763494291860
NMEA,$GBGSV,2,2,07,20,69,160,44,19,56,311,42,04,03,265,27,1*46,1763494291860
NMEA,$GBGSV,2,1,05,19,56,311,42,20,69,160,41,32,14,144,43,36,19,233,36,3*7B,1763494291860
NMEA,$GBGSV,2,2,05,37,47,047,45,3*44,1763494291860
NMEA,$GBGSV,2,1,06,19,56,311,35,20,69,160,34,22,05,320,30,32,14,144,24,5*70,1763494291860
NMEA,$GBGSV,2,2,06,36,19,233,24,37,47,047,33,5*79,1763494291860
NMEA,$GNGSA,A,3,03,04,07,08,09,16,20,21,27,30,,,0.6,0.4,0.5,1*37,1763494291873
NMEA,$PSSGR,GSA,A,3,03,04,08,09,21,27,30,,,,,,0.6,0.4,0.5,1,8*41,1763494291873
NMEA,$GNGSA,A,3,65,72,75,76,,,,,,,,,0.6,0.4,0.5,2*30,1763494291873
NMEA,$GNGSA,A,3,02,03,05,08,13,16,25,30,,,,,0.6,0.4,0.5,3*39,1763494291873
NMEA,$PSSGR,GSA,A,3,302,303,305,308,313,316,325,,,,,,0.6,0.4,0.5,3,1*74,1763494291873
NMEA,$GNGSA,A,3,19,20,22,32,36,37,,,,,,,0.6,0.4,0.5,4*39,1763494291873
NMEA,$PSSGR,GSA,A,3,219,220,222,232,236,237,,,,,,,0.6,0.4,0.5,4,5*40,1763494291873
NMEA,$GNVTG,,T,,M,0.0,N,0.0,K,E*39,1763494291873
NMEA,$GNDTM,W84,,0000.000000,N,00000.000000,E,0.000,W84*41,1763494291873
NMEA,$GNRMC,193132.00,A,3725.860647,N,12209.316127,W,0.0,,181125,12.8,E,E,V*57,1763494291873
NMEA,$GNGNS,193132.00,3725.860647,N,12209.316127,W,EEEEEE,28,0.4,20.8,-32.6,,,V*25,1763494291873
NMEA,$GNGGA,193132.00,3725.860647,N,12209.316127,W,6,12,0.4,20.8,M,-32.6,M,,*7B,1763494291873
NMEA,$PSMSG,magcal=PASS,bluesky=0*00,1763494291876
NMEA,$GPGSV,4,1,13,03,17,173,38,04,53,102,37,07,53,282,43,08,18,125,45,1*65,1763494292856
NMEA,$GPGSV,4,2,13,09,77,001,44,11,03,293,35,16,33,049,45,20,14,318,41,1*66,1763494292856
NMEA,$GPGSV,4,3,13,21,15,319,43,27,19,093,43,30,26,265,36,46,00,000,39,1*61,1763494292856
NMEA,$GPGSV,4,4,13,48,00,000,38,1*51,1763494292856
NMEA,$GPGSV,2,1,08,03,17,173,36,04,53,102,35,08,18,125,23,09,77,001,38,8*61,1763494292856
NMEA,$GPGSV,2,2,08,11,03,293,26,21,15,319,33,27,19,093,30,30,26,265,35,8*62,1763494292856
NMEA,$GLGSV,1,1,04,12,64,232,43,11,51,029,41,01,76,110,38,08,21,136,38,1*7C,1763494292856
NMEA,$GAGSV,3,1,11,02,52,173,40,03,66,077,39,05,19,109,43,07,02,299,22,7*79,1763494292856
NMEA,$GAGSV,3,2,11,08,49,316,42,13,12,275,47,15,05,227,35,16,33,049,44,7*7D,1763494292856
NMEA,$GAGSV,3,3,11,25,54,069,43,26,03,323,34,30,07,203,25,7*4D,1763494292856
NMEA,$GAGSV,2,1,08,02,52,173,30,03,66,077,28,05,19,109,25,08,49,316,38,1*7C,1763494292856
NMEA,$GAGSV,2,2,08,13,12,275,30,16,33,049,31,25,54,069,25,30,07,203,19,1*74,1763494292856
NMEA,$GBGSV,2,1,07,37,47,047,45,36,19,233,38,32,14,144,40,22,05,320,38,1*7D,1763494292856
NMEA,$GBGSV,2,2,07,20,69,160,44,19,56,311,42,04,03,265,27,1*46,1763494292856
NMEA,$GBGSV,2,1,05,19,56,311,45,20,69,160,41,32,14,144,40,36,19,233,39,3*70,1763494292856
NMEA,$GBGSV,2,2,05,37,47,047,45,3*44,1763494292856
NMEA,$GBGSV,2,1,06,19,56,311,34,20,69,160,38,22,05,320,24,32,14,144,28,5*74,1763494292856
NMEA,$GBGSV,2,2,06,36,19,233,31,37,47,047,35,5*7B,1763494292856
NMEA,$GNGSA,A,3,03,04,07,08,09,16,20,21,27,30,,,0.6,0.4,0.5,1*37,1763494292868
NMEA,$PSSGR,GSA,A,3,03,04,08,09,21,27,30,,,,,,0.6,0.4,0.5,1,8*41,1763494292868
NMEA,$GNGSA,A,3,65,72,75,76,,,,,,,,,0.6,0.4,0.5,2*30,1763494292868
NMEA,$GNGSA,A,3,02,03,05,08,13,16,25,30,,,,,0.6,0.4,0.5,3*39,1763494292868
NMEA,$PSSGR,GSA,A,3,302,303,305,308,313,316,325,,,,,,0.6,0.4,0.5,3,1*74,1763494292868
NMEA,$GNGSA,A,3,19,20,22,32,36,37,,,,,,,0.6,0.4,0.5,4*39,1763494292868
NMEA,$PSSGR,GSA,A,3,219,220,222,232,236,237,,,,,,,0.6,0.4,0.5,4,5*40,1763494292868
NMEA,$GNVTG,,T,,M,0.0,N,0.0,K,E*39,1763494292868
NMEA,$GNDTM,W84,,0000.000000,N,00000.000000,E,0.000,W84*41,1763494292868
NMEA,$GNRMC,193133.00,A,3725.860664,N,12209.316102,W,0.0,,181125,12.8,E,E,V*50,1763494292868
NMEA,$GNGNS,193133.00,3725.860664,N,12209.316102,W,EEEEEE,28,0.4,20.6,-32.6,,,V*2C,1763494292868
NMEA,$GNGGA,193133.00,3725.860664,N,12209.316102,W,6,12,0.4,20.6,M,-32.6,M,,*72,1763494292868
NMEA,$PSMSG,magcal=PASS,bluesky=0*00,1763494292873
NMEA,$GPGSV,4,1,13,03,17,173,37,04,53,102,35,07,53,282,45,08,18,125,41,1*6A,1763494293858
NMEA,$GPGSV,4,2,13,09,77,001,42,11,03,293,33,16,33,049,45,20,14,318,36,1*66,1763494293858
NMEA,$GPGSV,4,3,13,21,15,319,36,27,19,093,41,30,26,265,39,46,00,000,41,1*61,1763494293858
NMEA,$GPGSV,4,4,13,48,00,000,43,1*5D,1763494293858
NMEA,$GPGSV,2,1,08,03,17,173,37,04,53,102,30,08,18,125,31,09,77,001,33,8*6D,1763494293858
NMEA,$GPGSV,2,2,08,11,03,293,26,21,15,319,30,27,19,093,30,30,26,265,36,8*62,1763494293858
NMEA,$GLGSV,1,1,04,12,64,232,45,11,51,029,40,01,76,110,38,08,21,136,33,1*70,1763494293858
NMEA,$GAGSV,3,1,11,02,52,173,40,03,66,077,37,05,19,109,36,07,02,299,22,7*75,1763494293858
NMEA,$GAGSV,3,2,11,08,49,316,39,13,12,275,44,15,05,227,35,16,33,049,42,7*74,1763494293858
NMEA,$GAGSV,3,3,11,25,54,069,42,26,03,323,34,30,07,203,26,7*4F,1763494293858
NMEA,$GAGSV,2,1,08,02,52,173,27,03,66,077,26,05,19,109,27,08,49,316,34,1*7A,1763494293858
NMEA,$GAGSV,2,2,08,13,12,275,27,16,33,049,28,25,54,069,32,30,07,203,19,1*7C,1763494293858
NMEA,$GBGSV,2,1,07,37,47,047,45,36,19,233,38,32,14,144,40,22,05,320,38,1*7D,1763494293858
NMEA,$GBGSV,2,2,07,20,69,160,44,19,56,311,42,04,03,265,27,1*46,1763494293858
NMEA,$GBGSV,2,1,05,19,56,311,42,20,69,160,39,32,14,144,34,36,19,233,42,3*77,1763494293858
NMEA,$GBGSV,2,2,05,37,47,047,43,3*42,1763494293858
NMEA,$GBGSV,2,1,05,19,56,311,32,20,69,160,39,32,14,144,30,36,19,233,32,5*75,1763494293858
NMEA,$GBGSV,2,2,05,37,47,047,32,5*42,1763494293858
NMEA,$GNGSA,A,3,03,04,07,08,09,16,20,21,27,30,,,0.6,0.4,0.5,1*37,1763494293881
NMEA,$PSSGR,GSA,A,3,03,04,08,09,21,27,30,,,,,,0.6,0.4,0.5,1,8*41,1763494293881
NMEA,$GNGSA,A,3,65,72,75,76,,,,,,,,,0.6,0.4,0.5,2*30,1763494293881
NMEA,$GNGSA,A,3,02,03,05,08,13,16,25,30,,,,,0.6,0.4,0.5,3*39,1763494293881
NMEA,$PSSGR,GSA,A,3,302,303,305,308,313,316,325,,,,,,0.6,0.4,0.5,3,1*74,1763494293881
NMEA,$GNGSA,A,3,19,20,22,32,36,37,,,,,,,0.6,0.4,0.5,4*39,1763494293881
NMEA,$PSSGR,GSA,A,3,219,220,222,232,236,237,,,,,,,0.6,0.4,0.5,4,5*40,1763494293881
NMEA,$GNVTG,235.4,T,222.6,M,0.4,N,0.7,K,E*3E,1763494293881
NMEA,$GNDTM,W84,,0000.000000,N,00000.000000,E,0.000,W84*41,1763494293881
NMEA,$GNRMC,193134.00,A,3725.860596,N,12209.316186,W,0.4,235.4,181125,12.8,E,E,V*7F,1763494293881
NMEA,$GNGNS,193134.00,3725.860596,N,12209.316186,W,EEEEEE,28,0.4,20.6,-32.6,,,V*29,1763494293881
NMEA,$GNGGA,193134.00,3725.860596,N,12209.316186,W,6,12,0.4,20.6,M,-32.6,M,,*77,1763494293881
NMEA,$PSMSG,magcal=PASS,bluesky=0*00,1763494293889
NMEA,$GPGSV,4,1,13,03,17,173,36,04,53,102,38,07,53,282,45,08,18,125,41,1*66,1763494294859
NMEA,$GPGSV,4,2,13,09,77,001,43,11,03,293,34,16,33,049,47,20,14,318,38,1*6C,1763494294859
NMEA,$GPGSV,4,3,13,21,15,319,41,27,19,093,39,30,26,265,38,46,00,000,41,1*6F,1763494294859
NMEA,$GPGSV,4,4,13,48,00,000,43,1*5D,1763494294859
NMEA,$GPGSV,2,1,08,03,17,173,37,04,53,102,29,08,18,125,32,09,77,001,34,8*61,1763494294859
NMEA,$GPGSV,2,2,08,11,03,293,26,21,15,319,30,27,19,093,29,30,26,265,37,8*6B,1763494294859
NMEA,$GLGSV,1,1,04,12,64,232,40,11,51,029,40,01,76,110,39,08,21,136,37,1*70,1763494294859
NMEA,$GAGSV,3,1,11,02,52,173,39,03,66,077,37,05,19,109,39,07,02,299,22,7*74,1763494294859
NMEA,$GAGSV,3,2,11,08,49,316,42,13,12,275,46,15,05,227,35,16,33,049,44,7*7C,1763494294859
NMEA,$GAGSV,3,3,11,25,54,069,42,26,03,323,34,30,07,203,26,7*4F,1763494294859
NMEA,$GAGSV,2,1,08,02,52,173,31,03,66,077,29,05,19,109,24,08,49,316,35,1*70,1763494294859
NMEA,$GAGSV,2,2,08,13,12,275,30,16,33,049,29,25,54,069,32,30,07,203,19,1*7B,1763494294859
NMEA,$GBGSV,2,1,07,37,47,047,45,36,19,233,38,32,14,144,40,22,05,320,38,1*7D,1763494294859
NMEA,$GBGSV,2,2,07,20,69,160,44,19,56,311,42,04,03,265,27,1*46,1763494294859
NMEA,$GBGSV,2,1,05,19,56,311,42,20,69,160,41,32,14,144,37,36,19,233,43,3*7A,1763494294859
NMEA,$GBGSV,2,2,05,37,47,047,43,3*42,1763494294859
NMEA,$GBGSV,2,1,05,19,56,311,30,20,69,160,40,32,14,144,32,36,19,233,31,5*78,1763494294859
NMEA,$GBGSV,2,2,05,37,47,047,34,5*44,1763494294859
NMEA,$GNGSA,A,3,03,04,07,08,09,16,20,21,27,30,,,0.6,0.4,0.5,1*37,1763494294876
NMEA,$PSSGR,GSA,A,3,03,04,08,09,21,27,30,,,,,,0.6,0.4,0.5,1,8*41,1763494294876
NMEA,$GNGSA,A,3,65,72,75,76,,,,,,,,,0.6,0.4,0.5,2*30,1763494294876
NMEA,$GNGSA,A,3,02,03,05,08,13,16,25,30,,,,,0.6,0.4,0.5,3*39,1763494294876
NMEA,$PSSGR,GSA,A,3,302,303,305,308,313,316,325,,,,,,0.6,0.4,0.5,3,1*74,1763494294876
NMEA,$GNGSA,A,3,19,20,22,32,36,37,,,,,,,0.6,0.4,0.5,4*39,1763494294876
NMEA,$PSSGR,GSA,A,3,219,220,222,232,236,237,,,,,,,0.6,0.4,0.5,4,5*40,1763494294876
NMEA,$GNVTG,235.4,T,222.6,M,0.5,N,1.0,K,E*39,1763494294876
NMEA,$GNDTM,W84,,0000.000000,N,00000.000000,E,0.000,W84*41,1763494294876
NMEA,$GNRMC,193135.00,A,3725.860453,N,12209.316325,W,0.5,235.4,181125,12.8,E,E,V*7C,1763494294876
NMEA,$GNGNS,193135.00,3725.860453,N,12209.316325,W,EEEEEE,28,0.4,20.6,-32.6,,,V*2B,1763494294876
NMEA,$GNGGA,193135.00,3725.860453,N,12209.316325,W,6,12,0.4,20.6,M,-32.6,M,,*75,1763494294876
NMEA,$PSMSG,magcal=PASS,bluesky=0*00,1763494294889
NMEA,$GPGSV,4,1,13,03,17,173,44,04,53,102,42,07,53,282,44,08,18,125,46,1*68,1763494295861
NMEA,$GPGSV,4,2,13,09,77,001,44,11,03,293,30,16,33,049,43,20,14,318,40,1*64,1763494295861
NMEA,$GPGSV,4,3,13,21,15,319,43,27,19,093,40,30,26,265,33,46,00,000,43,1*6A,1763494295861
NMEA,$GPGSV,4,4,13,48,00,000,43,1*5D,1763494295861
NMEA,$GPGSV,2,1,08,03,17,173,32,04,53,102,33,08,18,125,26,09,77,001,39,8*67,1763494295861
NMEA,$GPGSV,2,2,08,11,03,293,19,21,15,319,36,27,19,093,28,30,26,265,33,8*64,1763494295861
NMEA,$GLGSV,1,1,04,12,64,232,36,11,51,029,42,01,76,110,37,08,21,136,38,1*72,1763494295861
NMEA,$GAGSV,3,1,11,02,52,173,35,03,66,077,42,05,19,109,42,07,02,299,22,7*76,1763494295861
NMEA,$GAGSV,3,2,11,08,49,316,39,13,12,275,40,15,05,227,35,16,33,049,41,7*73,1763494295861
NMEA,$GAGSV,3,3,11,25,54,069,42,26,03,323,34,30,07,203,28,7*41,1763494295861
NMEA,$GAGSV,2,1,08,02,52,173,29,03,66,077,31,05,19,109,24,08,49,316,36,1*73,1763494295861
NMEA,$GAGSV,2,2,08,13,12,275,30,16,33,049,33,25,54,069,32,30,07,203,19,1*70,1763494295861
NMEA,$GBGSV,2,1,07,37,47,047,45,36,19,233,38,32,14,144,40,22,05,320,38,1*7D,1763494295861
NMEA,$GBGSV,2,2,07,20,69,160,44,19,56,311,42,04,03,265,27,1*46,1763494295861
NMEA,$GBGSV,2,1,05,19,56,311,42,20,69,160,39,32,14,144,42,36,19,233,35,3*76,1763494295861
NMEA,$GBGSV,2,2,05,37,47,047,43,3*42,1763494295861
NMEA,$GBGSV,2,1,05,19,56,311,27,20,69,160,36,32,14,144,27,36,19,233,29,5*72,1763494295861
NMEA,$GBGSV,2,2,05,37,47,047,36,5*46,1763494295861
NMEA,$GNGSA,A,3,03,04,07,08,09,16,20,21,27,30,,,0.6,0.4,0.5,1*37,1763494295875
NMEA,$PSSGR,GSA,A,3,03,04,08,09,21,27,30,,,,,,0.6,0.4,0.5,1,8*41,1763494295875
NMEA,$GNGSA,A,3,65,72,75,76,,,,,,,,,0.6,0.4,0.5,2*30,1763494295875
NMEA,$GNGSA,A,3,02,03,05,08,13,16,25,30,,,,,0.6,0.4,0.5,3*39,1763494295875
NMEA,$PSSGR,GSA,A,3,302,303,305,308,313,316,325,,,,,,0.6,0.4,0.5,3,1*74,1763494295875
NMEA,$GNGSA,A,3,19,20,22,32,36,37,,,,,,,0.6,0.4,0.5,4*39,1763494295875
NMEA,$PSSGR,GSA,A,3,219,220,222,232,236,237,,,,,,,0.6,0.4,0.5,4,5*40,1763494295875
NMEA,$GNVTG,235.4,T,222.6,M,0.5,N,1.0,K,E*39,1763494295875
NMEA,$GNDTM,W84,,0000.000000,N,00000.000000,E,0.000,W84*41,1763494295875
NMEA,$GNRMC,193136.00,A,3725.860430,N,12209.316477,W,0.5,235.4,181125,12.8,E,E,V*7A,1763494295875
NMEA,$GNGNS,193136.00,3725.860430,N,12209.316477,W,EEEEEE,28,0.4,20.6,-32.6,,,V*2D,1763494295875
NMEA,$GNGGA,193136.00,3725.860430,N,12209.316477,W,6,12,0.4,20.6,M,-32.6,M,,*73,1763494295875
NMEA,$PSMSG,magcal=PASS,bluesky=0*00,1763494295882
NMEA,$GPGSV,4,1,13,03,17,173,43,04,53,102,44,07,53,282,40,08,18,125,42,1*69,1763494296862
NMEA,$GPGSV,4,2,13,09,77,001,43,11,03,293,30,16,33,049,45,20,14,318,36,1*64,1763494296862
NMEA,$GPGSV,4,3,13,21,15,319,36,27,19,093,39,30,26,265,36,46,00,000,43,1*63,1763494296862
NMEA,$GPGSV,4,4,13,48,00,000,46,1*58,1763494296862
NMEA,$GPGSV,2,1,08,03,17,173,27,04,53,102,36,08,18,125,28,09,77,001,39,8*68,1763494296862
NMEA,$GPGSV,2,2,08,11,03,293,25,21,15,319,38,27,19,093,28,30,26,265,27,8*60,1763494296862
NMEA,$GLGSV,1,1,04,12,64,232,36,11,51,029,40,01,76,110,36,08,21,136,34,1*7D,1763494296862
NMEA,$GAGSV,3,1,11,02,52,173,42,03,66,077,41,05,19,109,39,07,02,299,22,7*79,1763494296862
NMEA,$GAGSV,3,2,11,08,49,316,36,13,12,275,36,15,05,227,35,16,33,049,41,7*7D,1763494296862
NMEA,$GAGSV,3,3,11,25,54,069,42,26,03,323,34,30,07,203,32,7*4A,1763494296862
NMEA,$GAGSV,2,1,08,02,52,173,32,03,66,077,37,05,19,109,25,08,49,316,37,1*7F,1763494296862
NMEA,$GAGSV,2,2,08,13,12,275,27,16,33,049,34,25,54,069,36,30,07,203,19,1*75,1763494296862
NMEA,$GBGSV,2,1,07,37,47,047,45,36,19,233,38,32,14,144,40,22,05,320,38,1*7D,1763494296862
NMEA,$GBGSV,2,2,07,20,69,160,44,19,56,311,42,04,03,265,27,1*46,1763494296862
NMEA,$GBGSV,2,1,05,19,56,311,40,20,69,160,41,32,14,144,39,36,19,233,41,3*74,1763494296862
NMEA,$GBGSV,2,2,05,37,47,047,43,3*42,1763494296862
NMEA,$GBGSV,2,1,05,19,56,311,35,20,69,160,32,32,14,144,21,36,19,233,22,5*78,1763494296862
NMEA,$GBGSV,2,2,05,37,47,047,34,5*44,1763494296862
NMEA,$GNGSA,A,3,03,04,07,08,09,16,20,21,27,30,,,0.6,0.4,0.5,1*37,1763494296878
NMEA,$PSSGR,GSA,A,3,03,04,08,09,21,27,30,,,,,,0.6,0.4,0.5,1,8*41,1763494296878
NMEA,$GNGSA,A,3,65,72,75,76,,,,,,,,,0.6,0.4,0.5,2*30,1763494296878
NMEA,$GNGSA,A,3,02,03,05,08,13,16,25,30,,,,,0.6,0.4,0.5,3*39,1763494296878
NMEA,$PSSGR,GSA,A,3,302,303,305,308,313,316,325,,,,,,0.6,0.4,0.5,3,1*74,1763494296878
NMEA,$GNGSA,A,3,19,20,22,32,36,37,,,,,,,0.6,0.4,0.5,4*39,1763494296878
NMEA,$PSSGR,GSA,A,3,219,220,222,232,236,237,,,,,,,0.6,0.4,0.5,4,5*40,1763494296878
NMEA,$GNVTG,235.4,T,222.6,M,0.6,N,1.0,K,E*3A,1763494296878
NMEA,$GNDTM,W84,,0000.000000,N,00000.000000,E,0.000,W84*41,1763494296878
NMEA,$GNRMC,193137.00,A,3725.860584,N,12209.316538,W,0.6,235.4,181125,12.8,E,E,V*7C,1763494296878
NMEA,$GNGNS,193137.00,3725.860584,N,12209.316538,W,EEEEEE,28,0.4,20.3,-32.6,,,V*2D,1763494296878
NMEA,$GNGGA,193137.00,3725.860584,N,12209.316538,W,6,12,0.4,20.3,M,-32.6,M,,*73,1763494296878
NMEA,$PSMSG,magcal=PASS,bluesky=0*00,1763494296885
NMEA,$GPGSV,4,1,13,03,17,173,42,04,53,102,43,07,53,282,38,08,18,125,42,1*60,1763494297861
NMEA,$GPGSV,4,2,13,09,77,001,43,11,03,293,29,16,33,049,45,20,14,318,36,1*6C,1763494297861
NMEA,$GPGSV,4,3,13,21,15,319,35,27,19,093,41,30,26,265,37,46,00,000,44,1*69,1763494297861
NMEA,$GPGSV,4,4,13,48,00,000,47,1*59,1763494297861
NMEA,$GPGSV,2,1,08,03,17,173,25,04,53,102,37,08,18,125,30,09,77,001,39,8*62,1763494297861
NMEA,$GPGSV,2,2,08,11,03,293,28,21,15,319,37,27,19,093,28,30,26,265,25,8*60,1763494297861
NMEA,$GLGSV,1,1,04,12,64,232,40,11,51,029,44,01,76,110,40,08,21,136,36,1*7B,1763494297861
NMEA,$GAGSV,3,1,11,02,52,173,44,03,66,077,41,05,19,109,38,07,02,299,22,7*7E,1763494297861
NMEA,$GAGSV,3,2,11,08,49,316,37,13,12,275,37,15,05,227,35,16,33,049,42,7*7E,1763494297861
NMEA,$GAGSV,3,3,11,25,54,069,41,26,03,323,34,30,07,203,31,7*4A,1763494297861
NMEA,$GAGSV,2,1,08,02,52,173,34,03,66,077,37,05,19,109,31,08,49,316,38,1*73,1763494297861
NMEA,$GAGSV,2,2,08,13,12,275,28,16,33,049,33,25,54,069,36,30,07,203,19,1*7D,1763494297861
NMEA,$GBGSV,2,1,07,37,47,047,45,36,19,233,38,32,14,144,40,22,05,320,38,1*7D,1763494297861
NMEA,$GBGSV,2,2,07,20,69,160,44,19,56,311,42,04,03,265,27,1*46,1763494297861
NMEA,$GBGSV,2,1,05,19,56,311,38,20,69,160,42,32,14,144,37,36,19,233,41,3*76,1763494297861
NMEA,$GBGSV,2,2,05,37,47,047,43,3*42,1763494297861
NMEA,$GBGSV,2,1,05,19,56,311,37,20,69,160,32,32,14,144,22,36,19,233,22,5*79,1763494297861
NMEA,$GBGSV,2,2,05,37,47,047,33,5*43,1763494297861
NMEA,$GNGSA,A,3,03,04,07,08,09,16,20,21,27,30,,,0.7,0.4,0.5,1*36,1763494297879
NMEA,$PSSGR,GSA,A,3,03,04,08,09,21,27,30,,,,,,0.7,0.4,0.5,1,8*40,1763494297879
NMEA,$GNGSA,A,3,65,72,75,76,,,,,,,,,0.7,0.4,0.5,2*31,1763494297879
NMEA,$GNGSA,A,3,02,03,05,08,13,16,25,30,,,,,0.7,0.4,0.5,3*38,1763494297879
NMEA,$PSSGR,GSA,A,3,302,303,305,308,313,316,325,,,,,,0.7,0.4,0.5,3,1*75,1763494297879
NMEA,$GNGSA,A,3,19,20,32,36,37,,,,,,,,0.7,0.4,0.5,4*38,1763494297879
NMEA,$PSSGR,GSA,A,3,219,220,232,236,237,,,,,,,,0.7,0.4,0.5,4,5*73,1763494297879
NMEA,$GNVTG,235.4,T,222.6,M,0.7,N,1.2,K,E*39,1763494297879
NMEA,$GNDTM,W84,,0000.000000,N,00000.000000,E,0.000,W84*41,1763494297879
NMEA,$GNRMC,193138.00,A,3725.860807,N,12209.316464,W,0.7,235.4,181125,12.8,E,E,V*7C,1763494297879
NMEA,$GNGNS,193138.00,3725.860807,N,12209.316464,W,EEEEEE,27,0.4,20.3,-32.6,,,V*23,1763494297879
NMEA,$GNGGA,193138.00,3725.860807,N,12209.316464,W,6,12,0.4,20.3,M,-32.6,M,,*72,1763494297879
NMEA,$PSMSG,magcal=PASS,bluesky=0*00,1763494297886
NMEA,$GPGSV,4,1,13,03,17,173,42,04,53,102,42,07,53,282,39,08,18,125,45,1*67,1763494298859
NMEA,$GPGSV,4,2,13,09,77,001,41,11,03,293,25,16,33,049,45,20,14,318,37,1*63,1763494298859
NMEA,$GPGSV,4,3,13,21,15,319,36,27,19,093,42,30,26,265,35,46,00,000,42,1*6D,1763494298859
NMEA,$GPGSV,4,4,13,48,00,000,44,1*5A,1763494298859
NMEA,$GPGSV,2,1,08,03,17,173,27,04,53,102,35,08,18,125,29,09,77,001,41,8*65,1763494298859
NMEA,$GPGSV,2,2,08,11,03,293,25,21,15,319,37,27,19,093,29,30,26,265,27,8*6E,1763494298859
NMEA,$GLGSV,1,1,04,12,64,232,41,11,51,029,44,01,76,110,39,08,21,136,34,1*76,1763494298859
NMEA,$GAGSV,3,1,11,02,52,173,43,03,66,077,41,05,19,109,38,07,02,299,22,7*79,1763494298859
NMEA,$GAGSV,3,2,11,08,49,316,35,13,12,275,38,15,05,227,35,16,33,049,43,7*72,1763494298859
NMEA,$GAGSV,3,3,11,25,54,069,43,26,03,323,34,30,07,203,32,7*4B,1763494298859
NMEA,$GAGSV,2,1,08,02,52,173,35,03,66,077,37,05,19,109,30,08,49,316,38,1*73,1763494298859
NMEA,$GAGSV,2,2,08,13,12,275,27,16,33,049,30,25,54,069,36,30,07,203,19,1*71,1763494298859
NMEA,$GBGSV,2,1,07,37,47,047,45,36,19,233,38,32,14,144,40,22,05,320,38,1*7D,1763494298859
NMEA,$GBGSV,2,2,07,20,69,160,44,19,56,311,42,04,03,265,27,1*46,1763494298859
NMEA,$GBGSV,2,1,05,19,56,311,39,20,69,160,42,32,14,144,37,36,19,233,40,3*76,1763494298859
NMEA,$GBGSV,2,2,05,37,47,047,42,3*43,1763494298859
NMEA,$GBGSV,2,1,05,19,56,311,38,20,69,160,33,32,14,144,22,36,19,233,22,5*77,1763494298859
NMEA,$GBGSV,2,2,05,37,47,047,27,5*46,1763494298859
NMEA,$GNGSA,A,3,03,04,07,08,09,16,20,21,27,30,,,0.7,0.4,0.5,1*36,1763494298869
NMEA,$PSSGR,GSA,A,3,03,04,08,09,21,27,30,,,,,,0.7,0.4,0.5,1,8*40,1763494298869
NMEA,$GNGSA,A,3,65,72,75,76,,,,,,,,,0.7,0.4,0.5,2*31,1763494298869
NMEA,$GNGSA,A,3,02,03,05,08,13,16,25,30,,,,,0.7,0.4,0.5,3*38,1763494298869
NMEA,$PSSGR,GSA,A,3,302,303,305,308,313,316,325,,,,,,0.7,0.4,0.5,3,1*75,1763494298869
NMEA,$GNGSA,A,3,19,20,32,36,37,,,,,,,,0.7,0.4,0.5,4*38,1763494298869
NMEA,$PSSGR,GSA,A,3,219,220,232,236,237,,,,,,,,0.7,0.4,0.5,4,5*73,1763494298869
NMEA,$GNVTG,235.4,T,222.6,M,0.6,N,1.2,K,E*38,1763494298869
NMEA,$GNDTM,W84,,0000.000000,N,00000.000000,E,0.000,W84*41,1763494298869
NMEA,$GNRMC,193139.00,A,3725.861008,N,12209.316306,W,0.6,235.4,181125,12.8,E,E,V*79,1763494298869
NMEA,$GNGNS,193139.00,3725.861008,N,12209.316306,W,EEEEEE,27,0.4,20.4,-32.6,,,V*20,1763494298869
NMEA,$GNGGA,193139.00,3725.861008,N,12209.316306,W,6,12,0.4,20.4,M,-32.6,M,,*71,1763494298869
NMEA,$PSMSG,magcal=PASS,bluesky=0*00,1763494298873
NMEA,$GPGSV,4,1,13,03,17,173,42,04,53,102,42,07,53,282,40,08,18,125,45,1*69,1763494299862
NMEA,$GPGSV,4,2,13,09,77,001,41,11,03,293,25,16,33,049,45,20,14,318,39,1*6D,1763494299862
NMEA,$GPGSV,4,3,13,21,15,319,38,27,19,093,42,30,26,265,35,46,00,000,40,1*61,1763494299862
NMEA,$GPGSV,4,4,13,48,00,000,44,1*5A,1763494299862
NMEA,$GPGSV,2,1,08,03,17,173,27,04,53,102,35,08,18,125,28,09,77,001,39,8*6B,1763494299862
NMEA,$GPGSV,2,2,08,11,03,293,23,21,15,319,36,27,19,093,27,30,26,265,29,8*69,1763494299862
NMEA,$GLGSV,1,1,04,12,64,232,41,11,51,029,44,01,76,110,39,08,21,136,36,1*74,1763494299862
NMEA,$GAGSV,3,1,11,02,52,173,41,03,66,077,40,05,19,109,37,07,02,299,22,7*75,1763494299862
NMEA,$GAGSV,3,2,11,08,49,316,34,13,12,275,35,15,05,227,35,16,33,049,41,7*7C,1763494299862
NMEA,$GAGSV,3,3,11,25,54,069,40,26,03,323,34,30,07,203,31,7*4B,1763494299862
NMEA,$GAGSV,2,1,08,02,52,173,36,03,66,077,35,05,19,109,28,08,49,316,38,1*7B,1763494299862
NMEA,$GAGSV,2,2,08,13,12,275,27,16,33,049,30,25,54,069,35,30,07,203,19,1*72,1763494299862
NMEA,$GBGSV,2,1,07,37,47,047,45,36,19,233,38,32,14,144,40,22,05,320,38,1*7D,1763494299862
NMEA,$GBGSV,2,2,07,20,69,160,44,19,56,311,42,04,03,265,27,1*46,1763494299862
NMEA,$GBGSV,2,1,05,19,56,311,39,20,69,160,39,32,14,144,42,36,19,233,37,3*78,1763494299862
NMEA,$GBGSV,2,2,05,37,47,047,43,3*42,1763494299862
NMEA,$GBGSV,2,1,05,19,56,311,37,20,69,160,32,32,14,144,24,36,19,233,22,5*7F,1763494299862
NMEA,$GBGSV,2,2,05,37,47,047,29,5*48,1763494299862
NMEA,$GNGSA,A,3,03,04,07,08,09,16,20,21,27,30,,,0.7,0.4,0.5,1*36,1763494299877
NMEA,$PSSGR,GSA,A,3,03,04,08,09,21,27,30,,,,,,0.7,0.4,0.5,1,8*40,1763494299877
NMEA,$GNGSA,A,3,65,72,75,76,,,,,,,,,0.7,0.4,0.5,2*31,1763494299877
NMEA,$GNGSA,A,3,02,03,05,08,13,16,25,30,,,,,0.7,0.4,0.5,3*38,1763494299877
NMEA,$PSSGR,GSA,A,3,302,303,305,308,313,316,325,,,,,,0.7,0.4,0.5,3,1*75,1763494299877
NMEA,$GNGSA,A,3,19,20,32,36,37,,,,,,,,0.7,0.4,0.5,4*38,1763494299877
NMEA,$PSSGR,GSA,A,3,219,220,232,236,237,,,,,,,,0.7,0.4,0.5,4,5*73,1763494299877
NMEA,$GNVTG,235.4,T,222.6,M,0.6,N,1.0,K,E*3A,1763494299877
NMEA,$GNDTM,W84,,0000.000000,N,00000.000000,E,0.000,W84*41,1763494299877
NMEA,$GNRMC,193140.00,A,3725.861208,N,12209.316213,W,0.6,235.4,181125,12.8,E,E,V*70,1763494299877
NMEA,$GNGNS,193140.00,3725.861208,N,12209.316213,W,EEEEEE,27,0.4,20.5,-32.6,,,V*28,1763494299877
NMEA,$GNGGA,193140.00,3725.861208,N,12209.316213,W,6,12,0.4,20.5,M,-32.6,M,,*79,1763494299877
NMEA,$PSMSG,magcal=PASS,bluesky=0*00,1763494299888
NMEA,$GPGSV,4,1,13,03,17,173,41,04,53,102,41,07,53,282,43,08,18,125,45,1*6A,1763494300856
NMEA,$GPGSV,4,2,13,09,77,001,43,11,03,293,27,16,33,049,42,20,14,318,42,1*66,1763494300856
NMEA,$GPGSV,4,3,13,21,15,319,42,27,19,093,44,30,26,265,36,46,00,000,41,1*68,1763494300856
NMEA,$GPGSV,4,4,13,48,00,000,41,1*5F,1763494300856
NMEA,$GPGSV,2,1,08,03,17,173,30,04,53,102,35,08,18,125,23,09,77,001,37,8*68,1763494300856
NMEA,$GPGSV,2,2,08,11,03,293,23,21,15,319,35,27,19,093,23,30,26,265,33,8*65,1763494300856
NMEA,$GLGSV,1,1,04,12,64,232,39,11,51,029,43,01,75,114,37,08,20,137,41,1*75,1763494300856
NMEA,$GAGSV,3,1,11,02,52,173,36,03,66,077,40,05,19,109,41,07,02,299,22,7*74,1763494300856
NMEA,$GAGSV,3,2,11,08,49,316,36,13,12,275,42,15,05,227,35,16,33,049,40,7*7F,1763494300856
NMEA,$GAGSV,3,3,11,25,54,069,39,26,03,323,34,30,07,203,26,7*43,1763494300856
NMEA,$GAGSV,2,1,08,02,52,173,34,03,66,077,31,05,19,109,28,08,49,316,38,1*7D,1763494300856
NMEA,$GAGSV,2,2,08,13,12,275,29,16,33,049,31,25,54,069,31,30,07,203,19,1*79,1763494300856
NMEA,$GBGSV,2,1,07,37,47,047,45,36,19,233,38,32,14,144,40,22,05,320,38,1*7D,1763494300856
NMEA,$GBGSV,2,2,07,20,69,160,44,19,56,311,42,04,03,265,27,1*46,1763494300856
NMEA,$GBGSV,2,1,05,19,56,311,43,20,69,160,35,32,14,144,41,36,19,233,34,3*79,1763494300856
NMEA,$GBGSV,2,2,05,37,47,047,42,3*43,1763494300856
NMEA,$GBGSV,2,1,05,19,56,311,37,20,69,160,36,32,14,144,27,36,19,233,23,5*79,1763494300856
NMEA,$GBGSV,2,2,05,37,47,047,32,5*42,1763494300856
NMEA,$GNGSA,A,3,03,04,07,08,09,16,20,21,27,30,,,0.7,0.4,0.5,1*36,1763494300874
NMEA,$PSSGR,GSA,A,3,03,04,08,09,21,27,30,,,,,,0.7,0.4,0.5,1,8*40,1763494300874
NMEA,$GNGSA,A,3,65,72,75,76,,,,,,,,,0.7,0.4,0.5,2*31,1763494300874
NMEA,$GNGSA,A,3,02,03,05,08,13,16,25,30,,,,,0.7,0.4,0.5,3*38,1763494300874
NMEA,$PSSGR,GSA,A,3,302,303,305,308,313,316,325,,,,,,0.7,0.4,0.5,3,1*75,1763494300874
NMEA,$GNGSA,A,3,19,20,32,36,37,,,,,,,,0.7,0.4,0.5,4*38,1763494300874
NMEA,$PSSGR,GSA,A,3,219,220,232,236,237,,,,,,,,0.7,0.4,0.5,4,5*73,1763494300874
NMEA,$GNVTG,,T,,M,0.0,N,0.0,K,E*39,1763494300874
NMEA,$GNDTM,W84,,0000.000000,N,00000.000000,E,0.000,W84*41,1763494300874
NMEA,$GNRMC,193141.00,A,3725.861270,N,12209.316136,W,0.0,,181125,12.8,E,E,V*52,1763494300874
NMEA,$GNGNS,193141.00,3725.861270,N,12209.316136,W,EEEEEE,27,0.4,20.5,-32.6,,,V*22,1763494300874
NMEA,$GNGGA,193141.00,3725.861270,N,12209.316136,W,6,12,0.4,20.5,M,-32.6,M,,*73,1763494300874
NMEA,$PSMSG,magcal=PASS,bluesky=0*00,1763494300881
NMEA,$GPGSV,4,1,13,03,17,173,36,04,53,102,37,07,53,282,45,08,18,125,40,1*68,1763494301859
NMEA,$GPGSV,4,2,13,09,77,001,44,11,03,293,28,16,33,049,44,20,14,318,39,1*64,1763494301859
NMEA,$GPGSV,4,3,13,21,15,319,39,27,19,093,42,30,26,265,35,46,00,000,38,1*6F,1763494301859
NMEA,$GPGSV,4,4,13,48,00,000,40,1*5E,1763494301859
NMEA,$GPGSV,2,1,08,03,17,173,34,04,53,102,32,08,18,125,30,09,77,001,31,8*6F,1763494301859
NMEA,$GPGSV,2,2,08,11,03,293,23,21,15,319,28,27,19,093,30,30,26,265,34,8*6C,1763494301859
NMEA,$GLGSV,1,1,04,12,64,232,43,11,51,029,41,01,75,114,37,08,20,137,36,1*7A,1763494301859
NMEA,$GAGSV,3,1,11,02,52,173,35,03,66,077,35,05,19,109,34,07,02,299,22,7*77,1763494301859
NMEA,$GAGSV,3,2,11,08,49,316,40,13,12,275,43,15,05,227,35,16,33,049,41,7*7E,1763494301859
NMEA,$GAGSV,3,3,11,25,54,069,40,26,03,323,34,30,07,203,28,7*43,1763494301859
NMEA,$GAGSV,2,1,08,02,52,173,23,03,66,077,24,05,19,109,20,08,49,316,32,1*7D,1763494301859
NMEA,$GAGSV,2,2,08,13,12,275,27,16,33,049,27,25,54,069,23,30,07,203,19,1*73,1763494301859
NMEA,$GBGSV,2,1,07,37,47,047,45,36,19,233,38,32,14,144,40,22,05,320,38,1*7D,1763494301859
NMEA,$GBGSV,2,2,07,20,69,160,44,19,56,311,42,04,03,265,27,1*46,1763494301859
NMEA,$GBGSV,2,1,05,19,56,311,40,20,69,160,35,32,14,144,33,36,19,233,41,3*7D,1763494301859
NMEA,$GBGSV,2,2,05,37,47,047,41,3*40,1763494301859
NMEA,$GBGSV,2,1,05,19,56,311,30,20,69,160,37,32,14,144,30,36,19,233,31,5*7A,1763494301859
NMEA,$GBGSV,2,2,05,37,47,047,31,5*41,1763494301859
NMEA,$GNGSA,A,3,03,04,07,08,09,16,20,21,27,30,,,0.7,0.4,0.5,1*36,1763494301881
NMEA,$PSSGR,GSA,A,3,03,04,08,09,21,27,30,,,,,,0.7,0.4,0.5,1,8*40,1763494301881
NMEA,$GNGSA,A,3,65,72,75,76,,,,,,,,,0.7,0.4,0.5,2*31,1763494301881
NMEA,$GNGSA,A,3,02,03,05,08,13,16,25,30,,,,,0.7,0.4,0.5,3*38,1763494301881
NMEA,$PSSGR,GSA,A,3,302,303,305,308,313,316,325,,,,,,0.7,0.4,0.5,3,1*75,1763494301881
NMEA,$GNGSA,A,3,19,20,32,36,37,,,,,,,,0.7,0.4,0.5,4*38,1763494301881
NMEA,$PSSGR,GSA,A,3,219,220,232,236,237,,,,,,,,0.7,0.4,0.5,4,5*73,1763494301881
NMEA,$GNVTG,11.1,T,358.3,M,2.0,N,3.6,K,E*02,1763494301881
NMEA,$GNDTM,W84,,0000.000000,N,00000.000000,E,0.000,W84*41,1763494301881
NMEA,$GNRMC,193142.00,A,3725.861654,N,12209.316090,W,2.0,11.1,181125,12.8,E,E,V*43,1763494301881
NMEA,$GNGNS,193142.00,3725.861654,N,12209.316090,W,EEEEEE,27,0.4,20.7,-32.6,,,V*2C,1763494301881
NMEA,$GNGGA,193142.00,3725.861654,N,12209.316090,W,6,12,0.4,20.7,M,-32.6,M,,*7D,1763494301881
NMEA,$PSMSG,magcal=PASS,bluesky=0*00,1763494301888
NMEA,$GPGSV,4,1,13,03,17,173,37,04,53,102,37,07,53,282,45,08,18,125,43,1*6A,1763494302861
NMEA,$GPGSV,4,2,13,09,77,001,42,11,03,293,34,16,33,049,46,20,14,318,39,1*6D,1763494302861
NMEA,$GPGSV,4,3,13,21,15,319,41,27,19,093,43,30,26,265,35,46,00,000,37,1*6E,1763494302861
NMEA,$GPGSV,4,4,13,48,00,000,41,1*5F,1763494302861
NMEA,$GPGSV,2,1,08,03,17,173,38,04,53,102,33,08,18,125,31,09,77,001,35,8*67,1763494302861
NMEA,$GPGSV,2,2,08,11,03,293,23,21,15,319,32,27,19,093,31,30,26,265,37,8*65,1763494302861
NMEA,$GLGSV,1,1,04,12,64,232,43,11,51,029,42,01,75,114,38,08,20,137,32,1*72,1763494302861
NMEA,$GAGSV,3,1,11,02,52,173,39,03,66,077,36,05,19,109,38,07,02,299,22,7*74,1763494302861
NMEA,$GAGSV,3,2,11,08,49,316,41,13,12,275,45,15,05,227,35,16,33,049,44,7*7C,1763494302861
NMEA,$GAGSV,3,3,11,25,54,069,43,26,03,323,34,30,07,203,24,7*4C,1763494302861
NMEA,$GAGSV,2,1,08,02,52,173,30,03,66,077,22,05,19,109,25,08,49,316,36,1*78,1763494302861
NMEA,$GAGSV,2,2,08,13,12,275,30,16,33,049,29,25,54,069,26,30,07,203,23,1*77,1763494302861
NMEA,$GBGSV,2,1,07,37,47,047,45,36,19,233,38,32,14,144,40,22,05,320,38,1*7D,1763494302861
NMEA,$GBGSV,2,2,07,20,69,160,44,19,56,311,42,04,03,265,27,1*46,1763494302861
NMEA,$GBGSV,2,1,05,19,56,311,42,20,69,160,40,32,14,144,35,36,19,233,42,3*78,1763494302861
NMEA,$GBGSV,2,2,05,37,47,047,45,3*44,1763494302861
NMEA,$GBGSV,2,1,05,19,56,311,32,20,69,160,39,32,14,144,32,36,19,233,33,5*76,1763494302861
NMEA,$GBGSV,2,2,05,37,47,047,35,5*45,1763494302861
NMEA,$GNGSA,A,3,03,04,07,08,09,16,20,21,27,30,,,0.6,0.4,0.5,1*37,1763494302879
NMEA,$PSSGR,GSA,A,3,03,04,08,09,21,27,30,,,,,,0.6,0.4,0.5,1,8*41,1763494302879
NMEA,$GNGSA,A,3,65,72,75,76,,,,,,,,,0.6,0.4,0.5,2*30,1763494302879
NMEA,$GNGSA,A,3,02,03,05,08,13,16,25,30,,,,,0.6,0.4,0.5,3*39,1763494302879
NMEA,$PSSGR,GSA,A,3,302,303,305,308,313,316,325,330,,,,,0.6,0.4,0.5,3,1*44,1763494302879
NMEA,$GNGSA,A,3,19,20,32,36,37,,,,,,,,0.6,0.4,0.5,4*39,1763494302879
NMEA,$PSSGR,GSA,A,3,219,220,232,236,237,,,,,,,,0.6,0.4,0.5,4,5*72,1763494302879
NMEA,$GNVTG,5.0,T,352.2,M,2.1,N,3.9,K,E*33,1763494302879
NMEA,$GNDTM,W84,,0000.000000,N,00000.000000,E,0.000,W84*41,1763494302879
NMEA,$GNRMC,193143.00,A,3725.862203,N,12209.316093,W,2.1,5.0,181125,12.8,E,E,V*71,1763494302879
NMEA,$GNGNS,193143.00,3725.862203,N,12209.316093,W,EEEEEE,27,0.4,21.3,-32.6,,,V*2E,1763494302879
NMEA,$GNGGA,193143.00,3725.862203,N,12209.316093,W,6,12,0.4,21.3,M,-32.6,M,,*7F,1763494302879
NMEA,$PSMSG,magcal=PASS,bluesky=0*00,1763494302883
NMEA,$GPGSV,4,1,13,03,17,173,41,04,53,102,38,07,53,282,42,08,18,125,48,1*68,1763494303867
NMEA,$GPGSV,4,2,13,09,77,001,45,11,03,293,32,16,33,049,44,20,14,318,41,1*61,1763494303867
NMEA,$GPGSV,4,3,13,21,15,319,44,27,19,093,43,30,26,265,32,46,00,000,41,1*6D,1763494303867
NMEA,$GPGSV,4,4,13,48,00,000,41,1*5F,1763494303867
NMEA,$GPGSV,2,1,08,03,17,173,35,04,53,102,34,08,18,125,27,09,77,001,39,8*66,1763494303867
NMEA,$GPGSV,2,2,08,11,03,293,23,21,15,319,35,27,19,093,27,30,26,265,36,8*64,1763494303867
NMEA,$GLGSV,1,1,04,12,64,232,41,11,51,029,44,01,75,114,38,08,20,137,39,1*7D,1763494303867
NMEA,$GAGSV,3,1,11,02,52,173,38,03,66,077,41,05,19,109,43,07,02,299,22,7*79,1763494303867
NMEA,$GAGSV,3,2,11,08,49,316,42,13,12,275,45,15,05,227,29,16,33,049,45,7*73,1763494303867
NMEA,$GAGSV,3,3,11,25,54,069,43,26,03,323,43,30,07,203,29,7*41,1763494303867
NMEA,$GAGSV,2,1,08,02,52,173,30,03,66,077,30,05,19,109,25,08,49,316,38,1*75,1763494303867
NMEA,$GAGSV,2,2,08,13,12,275,32,16,33,049,33,25,54,069,29,30,07,203,20,1*72,1763494303867
NMEA,$GBGSV,2,1,07,37,47,047,46,36,19,233,35,32,14,144,43,22,05,320,41,1*7E,1763494303867
NMEA,$GBGSV,2,2,07,20,69,160,42,19,56,311,45,04,03,265,27,1*47,1763494303867
NMEA,$GBGSV,2,1,05,19,56,311,42,20,69,160,40,32,14,144,41,36,19,233,37,3*79,1763494303867
NMEA,$GBGSV,2,2,05,37,47,047,47,3*46,1763494303867
NMEA,$GBGSV,2,1,06,19,56,311,35,20,69,160,38,22,05,320,28,32,14,144,31,5*71,1763494303867
NMEA,$GBGSV,2,2,06,36,19,233,29,37,47,047,35,5*72,1763494303867
NMEA,$GNGSA,A,3,03,04,07,08,09,16,20,21,27,30,,,0.6,0.4,0.5,1*37,1763494303883
NMEA,$PSSGR,GSA,A,3,03,04,08,09,21,27,30,,,,,,0.6,0.4,0.5,1,8*41,1763494303883
NMEA,$GNGSA,A,3,65,72,75,76,,,,,,,,,0.6,0.4,0.5,2*30,1763494303883
NMEA,$GNGSA,A,3,02,03,05,08,13,16,25,30,,,,,0.6,0.4,0.5,3*39,1763494303883
NMEA,$PSSGR,GSA,A,3,302,303,305,308,313,316,325,330,,,,,0.6,0.4,0.5,3,1*44,1763494303883
NMEA,$GNGSA,A,3,19,20,22,32,36,37,,,,,,,0.6,0.4,0.5,4*39,1763494303883
NMEA,$PSSGR,GSA,A,3,219,220,222,232,236,237,,,,,,,0.6,0.4,0.5,4,5*40,1763494303883
NMEA,$GNVTG,359.4,T,346.6,M,2.0,N,3.7,K,E*33,1763494303883
NMEA,$GNDTM,W84,,0000.000000,N,00000.000000,E,0.000,W84*41,1763494303883
NMEA,$GNRMC,193144.00,A,3725.862635,N,12209.316155,W,2.0,359.4,181125,12.8,E,E,V*73,1763494303883
NMEA,$GNGNS,193144.00,3725.862635,N,12209.316155,W,EEEEEE,28,0.4,20.7,-32.6,,,V*29,1763494303883
NMEA,$GNGGA,193144.00,3725.862635,N,12209.316155,W,6,12,0.4,20.7,M,-32.6,M,,*77,1763494303883
NMEA,$PSMSG,magcal=PASS,bluesky=0*00,1763494303886
NMEA,$GPGSV,3,1,12,03,17,173,43,04,53,102,42,07,53,282,39,08,18,125,47,1*62,1763494304857
NMEA,$GPGSV,3,2,12,09,77,001,43,16,33,049,45,20,14,318,39,21,15,319,42,1*6F,1763494304857
NMEA,$GPGSV,3,3,12,27,19,093,41,30,26,265,35,46,00,000,43,48,00,000,45,1*6D,1763494304857
NMEA,$GPGSV,2,1,08,03,17,173,32,04,53,102,36,08,18,125,25,09,77,001,41,8*6E,1763494304857
NMEA,$GPGSV,2,2,08,11,03,293,19,21,15,319,38,27,19,093,27,30,26,265,34,8*62,1763494304857
NMEA,$GLGSV,1,1,04,12,64,232,40,11,51,029,43,01,75,114,38,08,20,137,38,1*7A,1763494304857
NMEA,$GAGSV,3,1,11,02,52,173,43,03,66,077,43,05,19,109,42,07,02,299,22,7*76,1763494304857
NMEA,$GAGSV,3,2,11,08,49,316,42,13,12,275,38,15,05,227,31,16,33,049,44,7*71,1763494304857
NMEA,$GAGSV,3,3,11,25,54,069,43,26,03,323,41,30,07,203,28,7*42,1763494304857
NMEA,$GAGSV,2,1,08,02,52,173,32,03,66,077,36,05,19,109,23,08,49,316,39,1*76,1763494304857
NMEA,$GAGSV,2,2,08,13,12,275,32,16,33,049,35,25,54,069,36,30,07,203,20,1*7A,1763494304857
NMEA,$GBGSV,2,1,07,37,47,047,46,36,19,233,38,32,14,144,43,22,05,320,38,1*7D,1763494304857
NMEA,$GBGSV,2,2,07,20,69,160,43,19,56,311,42,04,03,265,27,1*41,1763494304857
NMEA,$GBGSV,2,1,05,19,56,311,41,20,69,160,43,32,14,144,43,36,19,233,40,3*7B,1763494304857
NMEA,$GBGSV,2,2,05,37,47,047,45,3*44,1763494304857
NMEA,$GBGSV,2,1,06,19,56,311,38,20,69,160,34,22,05,320,33,32,14,144,25,5*7F,1763494304857
NMEA,$GBGSV,2,2,06,36,19,233,21,37,47,047,33,5*7C,1763494304857
NMEA,$GNGSA,A,3,03,04,07,08,09,16,20,21,27,30,,,0.6,0.4,0.5,1*37,1763494304873
NMEA,$PSSGR,GSA,A,3,03,04,08,09,21,27,30,,,,,,0.6,0.4,0.5,1,8*41,1763494304873
NMEA,$GNGSA,A,3,65,72,75,76,,,,,,,,,0.6,0.4,0.5,2*30,1763494304873
NMEA,$GNGSA,A,3,02,03,05,08,13,16,25,30,,,,,0.6,0.4,0.5,3*39,1763494304873
NMEA,$PSSGR,GSA,A,3,302,303,305,308,313,316,325,330,,,,,0.6,0.4,0.5,3,1*44,1763494304873
NMEA,$GNGSA,A,3,19,20,22,32,36,37,,,,,,,0.6,0.4,0.5,4*39,1763494304873
NMEA,$PSSGR,GSA,A,3,219,220,222,232,236,237,,,,,,,0.6,0.4,0.5,4,5*40,1763494304873
NMEA,$GNVTG,359.4,T,346.6,M,0.7,N,1.3,K,E*30,1763494304873
NMEA,$GNDTM,W84,,0000.000000,N,00000.000000,E,0.000,W84*41,1763494304873
NMEA,$GNRMC,193145.00,A,3725.862701,N,12209.316181,W,0.7,359.4,181125,12.8,E,E,V*78,1763494304873
NMEA,$GNGNS,193145.00,3725.862701,N,12209.316181,W,EEEEEE,28,0.4,20.8,-32.6,,,V*28,1763494304873
NMEA,$GNGGA,193145.00,3725.862701,N,12209.316181,W,6,12,0.4,20.8,M,-32.6,M,,*76,1763494304873
NMEA,$PSMSG,magcal=PASS,bluesky=0*00,1763494304878
NMEA,$GPGSV,3,1,12,03,17,173,43,04,53,102,42,07,53,282,39,08,18,125,45,1*60,1763494305857
NMEA,$GPGSV,3,2,12,09,77,001,40,16,33,049,47,20,14,318,37,21,15,319,39,1*6C,1763494305857
NMEA,$GPGSV,3,3,12,27,19,093,40,30,26,265,37,46,00,000,39,48,00,000,45,1*63,1763494305857
NMEA,$GPGSV,2,1,08,03,17,173,28,04,53,102,36,08,18,125,31,09,77,001,42,8*63,1763494305857
NMEA,$GPGSV,2,2,08,11,03,293,24,21,15,319,39,27,19,093,28,30,26,265,32,8*64,1763494305857
NMEA,$GLGSV,1,1,04,12,64,232,42,11,51,029,42,01,75,114,39,08,20,137,35,1*75,1763494305857
NMEA,$GAGSV,3,1,11,02,52,173,45,03,66,077,43,05,19,109,40,07,02,299,22,7*72,1763494305857
NMEA,$GAGSV,3,2,11,08,49,316,37,13,12,275,39,15,05,227,34,16,33,049,45,7*76,1763494305857
NMEA,$GAGSV,3,3,11,25,54,069,43,26,03,323,34,30,07,203,33,7*4A,1763494305857
NMEA,$GAGSV,2,1,08,02,52,173,35,03,66,077,39,05,19,109,30,08,49,316,39,1*7C,1763494305857
NMEA,$GAGSV,2,2,08,13,12,275,29,16,33,049,31,25,54,069,39,30,07,203,20,1*7B,1763494305857
NMEA,$GBGSV,2,1,07,37,47,047,46,36,19,233,41,32,14,144,40,22,05,320,33,1*7B,1763494305857
NMEA,$GBGSV,2,2,07,20,69,160,43,19,56,311,43,04,03,265,31,1*47,1763494305857
NMEA,$GBGSV,2,1,05,19,56,311,40,20,69,160,43,32,14,144,39,36,19,233,43,3*74,1763494305857
NMEA,$GBGSV,2,2,05,37,47,047,46,3*47,1763494305857
NMEA,$GBGSV,2,1,06,19,56,311,38,20,69,160,32,22,05,320,32,32,14,144,24,5*79,1763494305857
NMEA,$GBGSV,2,2,06,36,19,233,23,37,47,047,32,5*7F,1763494305857
NMEA,$GNGSA,A,3,03,04,07,08,09,16,20,21,27,30,,,0.6,0.4,0.5,1*37,1763494305874
NMEA,$PSSGR,GSA,A,3,03,04,08,09,21,27,30,,,,,,0.6,0.4,0.5,1,8*41,1763494305874
NMEA,$GNGSA,A,3,65,72,75,76,,,,,,,,,0.6,0.4,0.5,2*30,1763494305874
NMEA,$GNGSA,A,3,02,03,05,08,13,16,25,30,,,,,0.6,0.4,0.5,3*39,1763494305874
NMEA,$PSSGR,GSA,A,3,302,303,305,308,313,316,325,330,,,,,0.6,0.4,0.5,3,1*44,1763494305874
NMEA,$GNGSA,A,3,19,20,22,32,36,37,,,,,,,0.6,0.4,0.5,4*39,1763494305874
NMEA,$PSSGR,GSA,A,3,219,220,222,232,236,237,,,,,,,0.6,0.4,0.5,4,5*40,1763494305874
NMEA,$GNVTG,359.4,T,346.6,M,0.8,N,1.4,K,E*38,1763494305874
NMEA,$GNDTM,W84,,0000.000000,N,00000.000000,E,0.000,W84*41,1763494305874
NMEA,$GNRMC,193146.00,A,3725.862716,N,12209.316195,W,0.8,359.4,181125,12.8,E,E,V*77,1763494305874
NMEA,$GNGNS,193146.00,3725.862716,N,12209.316195,W,EEEEEE,28,0.4,20.9,-32.6,,,V*29,1763494305874
NMEA,$GNGGA,193146.00,3725.862716,N,12209.316195,W,6,12,0.4,20.9,M,-32.6,M,,*77,1763494305874
NMEA,$PSMSG,magcal=PASS,bluesky=0*00,1763494305883
NMEA,$GPGSV,4,1,13,03,17,173,42,04,53,102,44,07,53,282,42,08,18,125,46,1*6E,1763494306860
NMEA,$GPGSV,4,2,13,09,77,001,44,11,03,293,28,16,33,049,44,20,14,318,39,1*64,1763494306860
NMEA,$GPGSV,4,3,13,21,15,319,40,27,19,093,40,30,26,265,35,46,00,000,39,1*62,1763494306860
NMEA,$GPGSV,4,4,13,48,00,000,43,1*5D,1763494306860
NMEA,$GPGSV,2,1,08,03,17,173,31,04,53,102,35,08,18,125,29,09,77,001,39,8*6D,1763494306860
NMEA,$GPGSV,2,2,08,11,03,293,25,21,15,319,39,27,19,093,27,30,26,265,34,8*6C,1763494306860
NMEA,$GLGSV,1,1,04,12,64,232,40,11,51,029,43,01,75,114,39,08,20,137,39,1*7A,1763494306860
NMEA,$GAGSV,3,1,11,02,52,173,41,03,66,077,42,05,19,109,40,07,02,299,22,7*77,1763494306860
NMEA,$GAGSV,3,2,11,08,49,316,41,13,12,275,38,15,05,227,34,16,33,049,44,7*77,1763494306860
NMEA,$GAGSV,3,3,11,25,54,069,44,26,03,323,39,30,07,203,32,7*41,1763494306860
NMEA,$GAGSV,2,1,08,02,52,173,35,03,66,077,36,05,19,109,27,08,49,316,40,1*7B,1763494306860
NMEA,$GAGSV,2,2,08,13,12,275,28,16,33,049,32,25,54,069,37,30,07,203,20,1*77,1763494306860
NMEA,$GBGSV,2,1,07,37,47,047,45,36,19,233,38,32,14,144,41,22,05,320,34,1*70,1763494306860
NMEA,$GBGSV,2,2,07,20,69,160,44,19,56,311,43,04,03,265,31,1*40,1763494306860
NMEA,$GBGSV,2,1,05,19,56,311,43,20,69,160,41,32,14,144,41,36,19,233,41,3*78,1763494306860
NMEA,$GBGSV,2,2,05,37,47,047,45,3*44,1763494306860
NMEA,$GBGSV,2,1,06,19,56,311,38,20,69,160,33,22,05,320,31,32,14,144,22,5*7D,1763494306860
NMEA,$GBGSV,2,2,06,36,19,233,26,37,47,047,34,5*7C,1763494306860
NMEA,$GNGSA,A,3,03,04,07,08,09,16,20,21,27,30,,,0.6,0.4,0.5,1*37,1763494306871
NMEA,$PSSGR,GSA,A,3,03,04,08,09,21,27,30,,,,,,0.6,0.4,0.5,1,8*41,1763494306871
NMEA,$GNGSA,A,3,65,72,75,76,,,,,,,,,0.6,0.4,0.5,2*30,1763494306871
NMEA,$GNGSA,A,3,02,03,05,08,13,16,25,30,,,,,0.6,0.4,0.5,3*39,1763494306871
NMEA,$PSSGR,GSA,A,3,302,303,305,308,313,316,325,330,,,,,0.6,0.4,0.5,3,1*44,1763494306871
NMEA,$GNGSA,A,3,19,20,22,32,36,37,,,,,,,0.6,0.4,0.5,4*39,1763494306871
NMEA,$PSSGR,GSA,A,3,219,220,222,232,236,237,,,,,,,0.6,0.4,0.5,4,5*40,1763494306871
NMEA,$GNVTG,359.4,T,346.6,M,0.7,N,1.3,K,E*30,1763494306871
NMEA,$GNDTM,W84,,0000.000000,N,00000.000000,E,0.000,W84*41,1763494306871
NMEA,$GNRMC,193147.00,A,3725.862691,N,12209.316180,W,0.7,359.4,181125,12.8,E,E,V*73,1763494306871
NMEA,$GNGNS,193147.00,3725.862691,N,12209.316180,W,EEEEEE,28,0.4,20.8,-32.6,,,V*23,1763494306871
NMEA,$GNGGA,193147.00,3725.862691,N,12209.316180,W,6,12,0.4,20.8,M,-32.6,M,,*7D,1763494306871
NMEA,$PSMSG,magcal=PASS,bluesky=0*00,1763494306876
NMEA,$GPGSV,4,1,13,03,17,173,41,04,53,102,43,07,53,282,40,08,18,125,48,1*66,1763494307862
NMEA,$GPGSV,4,2,13,09,77,001,43,11,03,293,30,16,33,049,40,20,14,318,41,1*61,1763494307862
NMEA,$GPGSV,4,3,13,21,15,319,41,27,19,093,41,30,26,265,39,46,00,000,40,1*60,1763494307862
NMEA,$GPGSV,4,4,13,48,00,000,42,1*5C,1763494307862
NMEA,$GPGSV,2,1,08,03,17,173,35,04,53,102,36,08,18,125,24,09,77,001,36,8*68,1763494307862
NMEA,$GPGSV,2,2,08,11,03,293,25,21,15,319,37,27,19,093,23,30,26,265,35,8*67,1763494307862
NMEA,$GLGSV,1,1,04,12,64,232,39,11,51,029,43,01,75,114,37,08,20,137,40,1*74,1763494307862
NMEA,$GAGSV,3,1,11,02,52,173,40,03,66,077,41,05,19,109,42,07,02,299,22,7*77,1763494307862
NMEA,$GAGSV,3,2,11,08,49,316,41,13,12,275,42,15,05,227,31,16,33,049,41,7*7A,1763494307862
NMEA,$GAGSV,3,3,11,25,54,069,42,26,03,323,43,30,07,203,30,7*48,1763494307862
NMEA,$GAGSV,2,1,08,02,52,173,35,03,66,077,33,05,19,109,23,08,49,316,39,1*74,1763494307862
NMEA,$GAGSV,2,2,08,13,12,275,28,16,33,049,32,25,54,069,34,30,07,203,17,1*70,1763494307862
NMEA,$GBGSV,2,1,07,37,47,047,44,36,19,233,36,32,14,144,43,22,05,320,40,1*7E,1763494307862
NMEA,$GBGSV,2,2,07,20,69,160,44,19,56,311,46,04,03,265,31,1*45,1763494307862
NMEA,$GBGSV,2,1,05,19,56,311,45,20,69,160,39,32,14,144,44,36,19,233,36,3*74,1763494307862
NMEA,$GBGSV,2,2,05,37,47,047,45,3*44,1763494307862
NMEA,$GBGSV,2,1,06,19,56,311,39,20,69,160,35,22,05,320,31,32,14,144,30,5*79,1763494307862
NMEA,$GBGSV,2,2,06,36,19,233,27,37,47,047,34,5*7D,1763494307862
NMEA,$GNGSA,A,3,03,04,07,08,09,16,20,21,27,30,,,0.6,0.4,0.5,1*37,1763494307877
NMEA,$PSSGR,GSA,A,3,03,04,08,09,21,27,30,,,,,,0.6,0.4,0.5,1,8*41,1763494307877
NMEA,$GNGSA,A,3,65,72,75,76,,,,,,,,,0.6,0.4,0.5,2*30,1763494307877
NMEA,$GNGSA,A,3,02,03,05,08,13,16,25,30,,,,,0.6,0.4,0.5,3*39,1763494307877
NMEA,$PSSGR,GSA,A,3,302,303,305,308,313,316,325,330,,,,,0.6,0.4,0.5,3,1*44,1763494307877
NMEA,$GNGSA,A,3,19,20,22,32,36,37,,,,,,,0.6,0.4,0.5,4*39,1763494307877
NMEA,$PSSGR,GSA,A,3,219,220,222,232,236,237,,,,,,,0.6,0.4,0.5,4,5*40,1763494307877
NMEA,$GNVTG,,T,,M,0.0,N,0.0,K,E*39,1763494307877
NMEA,$GNDTM,W84,,0000.000000,N,00000.000000,E,0.000,W84*41,1763494307877
NMEA,$GNRMC,193148.00,A,3725.862488,N,12209.316203,W,0.0,,181125,12.8,E,E,V*5C,1763494307877
NMEA,$GNGNS,193148.00,3725.862488,N,12209.316203,W,EEEEEE,28,0.4,21.2,-32.6,,,V*25,1763494307877
NMEA,$GNGGA,193148.00,3725.862488,N,12209.316203,W,6,12,0.4,21.2,M,-32.6,M,,*7B,1763494307877
NMEA,$PSMSG,magcal=PASS,bluesky=0*00,1763494307882
NMEA,$GPGSV,4,1,13,03,17,173,37,04,53,102,39,07,53,282,45,08,18,125,44,1*63,1763494308862
NMEA,$GPGSV,4,2,13,09,77,001,45,11,03,293,33,16,33,049,44,20,14,318,39,1*6F,1763494308862
NMEA,$GPGSV,4,3,13,21,15,319,42,27,19,093,41,30,26,265,41,46,00,000,36,1*6D,1763494308862
NMEA,$GPGSV,4,4,13,48,00,000,39,1*50,1763494308862
NMEA,$GPGSV,2,1,08,03,17,173,38,04,53,102,36,08,18,125,32,09,77,001,36,8*62,1763494308862
NMEA,$GPGSV,2,2,08,11,03,293,25,21,15,319,32,27,19,093,34,30,26,265,37,8*66,1763494308862
NMEA,$GLGSV,1,1,04,12,64,232,40,11,51,029,43,01,75,114,36,08,20,137,35,1*79,1763494308862
NMEA,$GAGSV,3,1,11,02,52,173,38,03,66,077,39,05,19,109,41,07,02,299,16,7*73,1763494308862
NMEA,$GAGSV,3,2,11,08,49,316,42,13,12,275,48,15,05,227,33,16,33,049,46,7*76,1763494308862
NMEA,$GAGSV,3,3,11,25,54,069,43,26,03,323,41,30,07,203,28,7*42,1763494308862
NMEA,$GAGSV,2,1,08,02,52,173,30,03,66,077,24,05,19,109,23,08,49,316,38,1*76,1763494308862
NMEA,$GAGSV,2,2,08,13,12,275,29,16,33,049,32,25,54,069,26,30,07,203,22,1*74,1763494308862
NMEA,$GBGSV,2,1,07,37,47,047,44,36,19,233,40,32,14,144,39,22,05,320,36,1*73,1763494308862
NMEA,$GBGSV,2,2,07,20,69,160,41,19,56,311,46,04,03,265,31,1*40,1763494308862
NMEA,$GBGSV,2,1,05,19,56,311,44,20,69,160,38,32,14,144,38,36,19,233,41,3*7F,1763494308862
NMEA,$GBGSV,2,2,05,37,47,047,46,3*47,1763494308862
NMEA,$GBGSV,2,1,06,19,56,311,35,20,69,160,39,22,05,320,22,32,14,144,34,5*7F,1763494308862
NMEA,$GBGSV,2,2,06,36,19,233,34,37,47,047,35,5*7E,1763494308862
NMEA,$GNGSA,A,3,03,04,07,08,09,16,20,21,27,30,,,0.6,0.4,0.5,1*37,1763494308880
NMEA,$PSSGR,GSA,A,3,03,04,08,09,21,27,30,,,,,,0.6,0.4,0.5,1,8*41,1763494308880
NMEA,$GNGSA,A,3,65,72,75,76,,,,,,,,,0.6,0.4,0.5,2*30,1763494308880
NMEA,$GNGSA,A,3,02,03,05,08,13,16,25,30,,,,,0.6,0.4,0.5,3*39,1763494308880
NMEA,$PSSGR,GSA,A,3,302,303,305,308,313,316,325,,,,,,0.6,0.4,0.5,3,1*74,1763494308880
NMEA,$GNGSA,A,3,19,20,22,32,36,37,,,,,,,0.6,0.4,0.5,4*39,1763494308880
NMEA,$PSSGR,GSA,A,3,219,220,222,232,236,237,,,,,,,0.6,0.4,0.5,4,5*40,1763494308880
NMEA,$GNVTG,,T,,M,0.0,N,0.0,K,E*39,1763494308880
NMEA,$GNDTM,W84,,0000.000000,N,00000.000000,E,0.000,W84*41,1763494308880
NMEA,$GNRMC,193149.00,A,3725.862378,N,12209.316382,W,0.0,,181125,12.8,E,E,V*5D,1763494308880
NMEA,$GNGNS,193149.00,3725.862378,N,12209.316382,W,EEEEEE,28,0.4,21.1,-32.6,,,V*27,1763494308880
NMEA,$GNGGA,193149.00,3725.862378,N,12209.316382,W,6,12,0.4,21.1,M,-32.6,M,,*79,1763494308880
NMEA,$PSMSG,magcal=PASS,bluesky=0*00,1763494308883
NMEA,$GPGSV,4,1,13,03,17,173,40,04,53,102,38,07,53,282,44,08,18,125,42,1*65,1763494309860
NMEA,$GPGSV,4,2,13,09,77,001,44,11,03,293,28,16,33,049,47,20,14,318,36,1*68,1763494309860
NMEA,$GPGSV,4,3,13,21,15,319,40,27,19,093,40,30,26,265,38,46,00,000,44,1*65,1763494309860
NMEA,$GPGSV,4,4,13,48,00,000,45,1*5B,1763494309860
NMEA,$GPGSV,2,1,08,03,17,173,40,04,53,102,34,08,18,125,33,09,77,001,33,8*6B,1763494309860
NMEA,$GPGSV,2,2,08,11,03,293,25,21,15,319,29,27,19,093,35,30,26,265,38,8*62,1763494309860
NMEA,$GLGSV,1,1,04,12,64,232,43,11,51,029,40,01,75,114,38,08,20,137,32,1*70,1763494309860
NMEA,$GAGSV,3,1,11,02,52,173,40,03,66,077,38,05,19,109,37,07,02,299,16,7*7C,1763494309860
NMEA,$GAGSV,3,2,11,08,49,316,43,13,12,275,47,15,05,227,39,16,33,049,45,7*71,1763494309860
NMEA,$GAGSV,3,3,11,25,54,069,43,26,03,323,34,30,07,203,31,7*48,1763494309860
NMEA,$GAGSV,2,1,08,02,52,173,29,03,66,077,31,05,19,109,21,08,49,316,34,1*74,1763494309860
NMEA,$GAGSV,2,2,08,13,12,275,29,16,33,049,33,25,54,069,32,30,07,203,22,1*70,1763494309860
NMEA,$GBGSV,2,1,07,37,47,047,46,36,19,233,43,32,14,144,36,22,05,320,34,1*7F,1763494309860
NMEA,$GBGSV,2,2,07,20,69,160,39,19,56,311,45,04,03,265,34,1*49,1763494309860
NMEA,$GBGSV,2,1,05,19,56,311,44,20,69,160,40,32,14,144,36,36,19,233,45,3*7A,1763494309860
NMEA,$GBGSV,2,2,05,37,47,047,47,3*46,1763494309860
NMEA,$GBGSV,2,1,06,19,56,311,31,20,69,160,40,22,05,320,23,32,14,144,34,5*74,1763494309860
NMEA,$GBGSV,2,2,06,36,19,233,34,37,47,047,37,5*7C,1763494309860
NMEA,$GNGSA,A,3,03,04,07,08,09,16,20,21,27,30,,,0.6,0.4,0.5,1*37,1763494309873
NMEA,$PSSGR,GSA,A,3,03,04,08,09,21,27,30,,,,,,0.6,0.4,0.5,1,8*41,1763494309873
NMEA,$GNGSA,A,3,65,72,75,76,,,,,,,,,0.6,0.4,0.5,2*30,1763494309873
NMEA,$GNGSA,A,3,02,03,05,08,13,16,25,30,,,,,0.6,0.4,0.5,3*39,1763494309873
NMEA,$PSSGR,GSA,A,3,302,303,305,308,313,316,325,,,,,,0.6,0.4,0.5,3,1*74,1763494309873
NMEA,$GNGSA,A,3,19,20,22,32,36,37,,,,,,,0.6,0.4,0.5,4*39,1763494309873
NMEA,$PSSGR,GSA,A,3,219,220,222,232,236,237,,,,,,,0.6,0.4,0.5,4,5*40,1763494309873
NMEA,$GNVTG,359.4,T,346.6,M,0.6,N,1.2,K,E*30,1763494309873
NMEA,$GNDTM,W84,,0000.000000,N,00000.000000,E,0.000,W84*41,1763494309873
NMEA,$GNRMC,193150.00,A,3725.862138,N,12209.316587,W,0.6,359.4,181125,12.8,E,E,V*73,1763494309873
NMEA,$GNGNS,193150.00,3725.862138,N,12209.316587,W,EEEEEE,28,0.4,21.4,-32.6,,,V*2F,1763494309873
NMEA,$GNGGA,193150.00,3725.862138,N,12209.316587,W,6,12,0.4,21.4,M,-32.6,M,,*71,1763494309873
NMEA,$PSMSG,magcal=PASS,bluesky=0*00,1763494309879
NMEA,$GPGSV,4,1,13,03,17,173,37,04,53,102,36,07,53,282,45,08,18,125,44,1*6C,1763494310859
NMEA,$GPGSV,4,2,13,09,77,001,43,11,03,293,29,16,33,049,47,20,14,318,38,1*60,1763494310859
NMEA,$GPGSV,4,3,13,21,15,319,44,27,19,093,41,30,26,265,39,46,00,000,40,1*65,1763494310859
NMEA,$GPGSV,4,4,13,48,00,000,42,1*5C,1763494310859
NMEA,$GPGSV,2,1,08,03,17,173,38,04,53,102,32,08,18,125,32,09,77,001,37,8*67,1763494310859
NMEA,$GPGSV,2,2,08,11,03,293,25,21,15,319,31,27,19,093,33,30,26,265,39,8*6C,1763494310859
NMEA,$GLGSV,1,1,04,12,64,232,42,11,51,029,41,01,75,114,38,08,20,137,32,1*70,1763494310859
NMEA,$GAGSV,3,1,11,02,52,173,41,03,66,077,40,05,19,109,40,07,02,299,16,7*72,1763494310859
NMEA,$GAGSV,3,2,11,08,49,316,43,13,12,275,46,15,05,227,35,16,33,049,47,7*7E,1763494310859
NMEA,$GAGSV,3,3,11,25,54,069,43,26,03,323,38,30,07,203,29,7*4D,1763494310859
NMEA,$GAGSV,2,1,08,02,52,173,33,03,66,077,26,05,19,109,24,08,49,316,37,1*7F,1763494310859
NMEA,$GAGSV,2,2,08,13,12,275,31,16,33,049,31,25,54,069,26,30,07,203,24,1*78,1763494310859
NMEA,$GBGSV,2,1,07,37,47,047,46,36,19,233,41,32,14,144,40,22,05,320,38,1*70,1763494310859
NMEA,$GBGSV,2,2,07,20,69,160,41,19,56,311,45,04,03,265,37,1*45,1763494310859
NMEA,$GBGSV,2,1,05,19,56,311,44,20,69,160,40,32,14,144,40,36,19,233,43,3*7D,1763494310859
NMEA,$GBGSV,2,2,05,37,47,047,47,3*46,1763494310859
NMEA,$GBGSV,2,1,06,19,56,311,33,20,69,160,39,22,05,320,24,32,14,144,34,5*7F,1763494310859
NMEA,$GBGSV,2,2,06,36,19,233,34,37,47,047,35,5*7E,1763494310859
NMEA,$GNGSA,A,3,03,04,07,08,09,16,20,21,27,30,,,0.6,0.4,0.5,1*37,1763494310880
NMEA,$PSSGR,GSA,A,3,03,04,08,09,21,27,30,,,,,,0.6,0.4,0.5,1,8*41,1763494310880
NMEA,$GNGSA,A,3,65,72,75,76,,,,,,,,,0.6,0.4,0.5,2*30,1763494310880
NMEA,$GNGSA,A,3,02,03,05,08,13,16,25,30,,,,,0.6,0.4,0.5,3*39,1763494310880
NMEA,$PSSGR,GSA,A,3,302,303,305,308,313,316,325,,,,,,0.6,0.4,0.5,3,1*74,1763494310880
NMEA,$GNGSA,A,3,19,20,22,32,36,37,,,,,,,0.6,0.4,0.5,4*39,1763494310880
NMEA,$PSSGR,GSA,A,3,219,220,222,232,236,237,,,,,,,0.6,0.4,0.5,4,5*40,1763494310880
NMEA,$GNVTG,359.4,T,346.6,M,0.8,N,1.4,K,E*38,1763494310880
NMEA,$GNDTM,W84,,0000.000000,N,00000.000000,E,0.000,W84*41,1763494310880
NMEA,$GNRMC,193151.00,A,3725.861916,N,12209.316888,W,0.8,359.4,181125,12.8,E,E,V*79,1763494310880
NMEA,$GNGNS,193151.00,3725.861916,N,12209.316888,W,EEEEEE,28,0.4,21.6,-32.6,,,V*29,1763494310880
NMEA,$GNGGA,193151.00,3725.861916,N,12209.316888,W,6,12,0.4,21.6,M,-32.6,M,,*77,1763494310880
NMEA,$PSMSG,magcal=PASS,bluesky=0*00,1763494310885
NMEA,$GPGSV,4,1,13,03,17,173,42,04,53,102,41,07,53,282,40,08,18,125,49,1*66,1763494311857
NMEA,$GPGSV,4,2,13,09,77,001,44,11,03,293,32,16,33,049,44,20,14,318,40,1*61,1763494311857
NMEA,$GPGSV,4,3,13,21,15,319,44,27,19,093,39,30,26,265,37,46,00,000,41,1*65,1763494311857
NMEA,$GPGSV,4,4,13,48,00,000,44,1*5A,1763494311857
NMEA,$GPGSV,2,1,08,03,17,173,33,04,53,102,34,08,18,125,26,09,77,001,40,8*6F,1763494311857
NMEA,$GPGSV,2,2,08,11,03,293,18,21,15,319,38,27,19,093,26,30,26,265,37,8*61,1763494311857
NMEA,$GLGSV,1,1,04,12,64,232,40,11,51,029,44,01,75,114,38,08,20,137,35,1*70,1763494311857
NMEA,$GAGSV,3,1,11,02,52,173,41,03,66,077,42,05,19,109,41,07,02,299,16,7*71,1763494311857
NMEA,$GAGSV,3,2,11,08,49,316,42,13,12,275,39,15,05,227,30,16,33,049,44,7*71,1763494311857
NMEA,$GAGSV,3,3,11,25,54,069,43,26,03,323,40,30,07,203,30,7*4A,1763494311857
NMEA,$GAGSV,2,1,08,02,52,173,30,03,66,077,35,05,19,109,22,08,49,316,39,1*76,1763494311857
NMEA,$GAGSV,2,2,08,13,12,275,32,16,33,049,33,25,54,069,36,30,07,203,25,1*79,1763494311857
NMEA,$GBGSV,2,1,07,37,47,047,45,36,19,233,37,32,14,144,44,22,05,320,40,1*79,1763494311857
NMEA,$GBGSV,2,2,07,20,69,160,43,19,56,311,44,04,03,265,37,1*46,1763494311857
NMEA,$GBGSV,2,1,05,19,56,311,41,20,69,160,41,32,14,144,43,36,19,233,38,3*76,1763494311857
NMEA,$GBGSV,2,2,05,37,47,047,45,3*44,1763494311857
NMEA,$GBGSV,2,1,06,19,56,311,36,20,69,160,36,22,05,320,31,32,14,144,30,5*75,1763494311857
NMEA,$GBGSV,2,2,06,36,19,233,29,37,47,047,34,5*73,1763494311857
NMEA,$GNGSA,A,3,03,04,07,08,09,16,20,21,27,30,,,0.6,0.4,0.5,1*37,1763494311875
NMEA,$PSSGR,GSA,A,3,03,04,08,09,21,27,30,,,,,,0.6,0.4,0.5,1,8*41,1763494311875
NMEA,$GNGSA,A,3,65,72,75,76,,,,,,,,,0.6,0.4,0.5,2*30,1763494311875
NMEA,$GNGSA,A,3,02,03,05,08,13,16,25,30,,,,,0.6,0.4,0.5,3*39,1763494311875
NMEA,$PSSGR,GSA,A,3,302,303,305,308,313,316,325,330,,,,,0.6,0.4,0.5,3,1*44,1763494311875
NMEA,$GNGSA,A,3,19,20,22,32,36,37,,,,,,,0.6,0.4,0.5,4*39,1763494311875
NMEA,$PSSGR,GSA,A,3,219,220,222,232,236,237,,,,,,,0.6,0.4,0.5,4,5*40,1763494311875
NMEA,$GNVTG,359.4,T,346.6,M,0.7,N,1.2,K,E*31,1763494311875
NMEA,$GNDTM,W84,,0000.000000,N,00000.000000,E,0.000,W84*41,1763494311875
NMEA,$GNRMC,193152.00,A,3725.861919,N,12209.317150,W,0.7,359.4,181125,12.8,E,E,V*77,1763494311875
NMEA,$GNGNS,193152.00,3725.861919,N,12209.317150,W,EEEEEE,28,0.4,21.5,-32.6,,,V*2B,1763494311875
NMEA,$GNGGA,193152.00,3725.861919,N,12209.317150,W,6,12,0.4,21.5,M,-32.6,M,,*75,1763494311875
NMEA,$PSMSG,magcal=PASS,bluesky=0*00,1763494311879
NMEA,$GPGSV,4,1,13,03,17,173,42,04,53,102,43,07,53,282,39,08,18,125,44,1*67,1763494312861
NMEA,$GPGSV,4,2,13,09,77,001,40,11,03,293,30,16,33,049,46,20,14,318,37,1*65,1763494312861
NMEA,$GPGSV,4,3,13,21,15,319,37,27,19,093,40,30,26,265,37,46,00,000,38,1*61,1763494312861
NMEA,$GPGSV,4,4,13,48,00,000,44,1*5A,1763494312861
NMEA,$GPGSV,2,1,08,03,17,173,24,04,53,102,34,08,18,125,29,09,77,001,41,8*67,1763494312861
NMEA,$GPGSV,2,2,08,11,03,293,23,21,15,319,39,27,19,093,28,30,26,265,34,8*65,1763494312861
NMEA,$GLGSV,1,1,04,12,64,232,42,11,51,029,40,01,75,114,38,08,20,137,36,1*75,1763494312861
NMEA,$GAGSV,3,1,11,02,52,173,44,03,66,077,42,05,19,109,38,07,02,299,16,7*7A,1763494312861
NMEA,$GAGSV,3,2,11,08,49,316,37,13,12,275,39,15,05,227,36,16,33,049,43,7*72,1763494312861
NMEA,$GAGSV,3,3,11,25,54,069,44,26,03,323,36,30,07,203,33,7*4F,1763494312861
NMEA,$GAGSV,2,1,08,02,52,173,35,03,66,077,36,05,19,109,28,08,49,316,40,1*74,1763494312861
NMEA,$GAGSV,2,2,08,13,12,275,26,16,33,049,34,25,54,069,38,30,07,203,23,1*73,1763494312861
NMEA,$GBGSV,2,1,07,37,47,047,46,36,19,233,40,32,14,144,39,22,05,320,32,1*75,1763494312861
NMEA,$GBGSV,2,2,07,20,69,160,45,19,56,311,44,04,03,265,37,1*40,1763494312861
NMEA,$GBGSV,2,1,05,19,56,311,42,20,69,160,43,32,14,144,39,36,19,233,41,3*74,1763494312861
NMEA,$GBGSV,2,2,05,37,47,047,45,3*44,1763494312861
NMEA,$GBGSV,2,1,06,19,56,311,38,20,69,160,32,22,05,320,33,32,14,144,22,5*7E,1763494312861
NMEA,$GBGSV,2,2,06,36,19,233,23,37,47,047,34,5*79,1763494312861
NMEA,$GNGSA,A,3,03,04,07,08,09,16,20,21,27,30,,,0.6,0.4,0.5,1*37,1763494312877
NMEA,$PSSGR,GSA,A,3,03,04,08,09,21,27,30,,,,,,0.6,0.4,0.5,1,8*41,1763494312877
NMEA,$GNGSA,A,3,65,72,75,76,,,,,,,,,0.6,0.4,0.5,2*30,1763494312877
NMEA,$GNGSA,A,3,02,03,05,08,13,16,25,30,,,,,0.6,0.4,0.5,3*39,1763494312877
NMEA,$PSSGR,GSA,A,3,302,303,305,308,313,316,325,330,,,,,0.6,0.4,0.5,3,1*44,1763494312877
NMEA,$GNGSA,A,3,19,20,22,32,36,37,,,,,,,0.6,0.4,0.5,4*39,1763494312877
NMEA,$PSSGR,GSA,A,3,219,220,222,232,236,237,,,,,,,0.6,0.4,0.5,4,5*40,1763494312877
NMEA,$GNVTG,359.4,T,346.6,M,0.7,N,1.3,K,E*30,1763494312877
NMEA,$GNDTM,W84,,0000.000000,N,00000.000000,E,0.000,W84*41,1763494312877
NMEA,$GNRMC,193153.00,A,3725.862087,N,12209.317147,W,0.7,359.4,181125,12.8,E,E,V*7D,1763494312877
NMEA,$GNGNS,193153.00,3725.862087,N,12209.317147,W,EEEEEE,28,0.4,21.6,-32.6,,,V*22,1763494312877
NMEA,$GNGGA,193153.00,3725.862087,N,12209.317147,W,6,12,0.4,21.6,M,-32.6,M,,*7C,1763494312877
NMEA,$PSMSG,magcal=PASS,bluesky=0*00,1763494312881
NMEA,$GPGSV,4,1,13,03,17,173,42,04,53,102,43,07,53,282,41,08,18,125,47,1*6B,1763494313860
NMEA,$GPGSV,4,2,13,09,77,001,44,11,03,293,26,16,33,049,45,20,14,318,39,1*6B,1763494313860
NMEA,$GPGSV,4,3,13,21,15,319,39,27,19,093,39,30,26,265,37,46,00,000,38,1*61,1763494313860
NMEA,$GPGSV,4,4,13,48,00,000,43,1*5D,1763494313860
NMEA,$GPGSV,2,1,08,03,17,173,29,04,53,102,35,08,18,125,28,09,77,001,37,8*6B,1763494313860
NMEA,$GPGSV,2,2,08,11,03,293,22,21,15,319,39,27,19,093,26,30,26,265,34,8*6A,1763494313860
NMEA,$GLGSV,1,1,04,12,64,232,38,11,51,029,42,01,75,114,39,08,20,137,38,1*75,1763494313860
NMEA,$GAGSV,3,1,11,02,52,173,43,03,66,077,42,05,19,109,37,07,02,299,16,7*72,1763494313860
NMEA,$GAGSV,3,2,11,08,49,316,39,13,12,275,37,15,05,227,34,16,33,049,43,7*70,1763494313860
NMEA,$GAGSV,3,3,11,25,54,069,42,26,03,323,40,30,07,203,30,7*4B,1763494313860
NMEA,$GAGSV,2,1,08,02,52,173,35,03,66,077,34,05,19,109,28,08,49,316,39,1*78,1763494313860
NMEA,$GAGSV,2,2,08,13,12,275,27,16,33,049,31,25,54,069,36,30,07,203,21,1*7B,1763494313860
NMEA,$GBGSV,2,1,07,37,47,047,46,36,19,233,38,32,14,144,42,22,05,320,34,1*70,1763494313860
NMEA,$GBGSV,2,2,07,20,69,160,45,19,56,311,43,04,03,265,29,1*48,1763494313860
NMEA,$GBGSV,2,1,05,19,56,311,43,20,69,160,40,32,14,144,40,36,19,233,38,3*76,1763494313860
NMEA,$GBGSV,2,2,05,37,47,047,46,3*47,1763494313860
NMEA,$GBGSV,2,1,06,19,56,311,39,20,69,160,32,22,05,320,31,32,14,144,24,5*7B,1763494313860
NMEA,$GBGSV,2,2,06,36,19,233,23,37,47,047,33,5*7E,1763494313860
NMEA,$GNGSA,A,3,03,04,07,08,09,16,20,21,27,30,,,0.6,0.4,0.5,1*37,1763494313880
NMEA,$PSSGR,GSA,A,3,03,04,08,09,21,27,30,,,,,,0.6,0.4,0.5,1,8*41,1763494313880
NMEA,$GNGSA,A,3,65,72,75,76,,,,,,,,,0.6,0.4,0.5,2*30,1763494313880
NMEA,$GNGSA,A,3,02,03,05,08,13,16,25,30,,,,,0.6,0.4,0.5,3*39,1763494313880
NMEA,$PSSGR,GSA,A,3,302,303,305,308,313,316,325,330,,,,,0.6,0.4,0.5,3,1*44,1763494313880
NMEA,$GNGSA,A,3,19,20,22,32,36,37,,,,,,,0.6,0.4,0.5,4*39,1763494313880
NMEA,$PSSGR,GSA,A,3,219,220,222,232,236,237,,,,,,,0.6,0.4,0.5,4,5*40,1763494313880
NMEA,$GNVTG,,T,,M,0.0,N,0.0,K,E*39,1763494313880
NMEA,$GNDTM,W84,,0000.000000,N,00000.000000,E,0.000,W84*41,1763494313880
NMEA,$GNRMC,193154.00,A,3725.862107,N,12209.317031,W,0.0,,181125,12.8,E,E,V*51,1763494313880
NMEA,$GNGNS,193154.00,3725.862107,N,12209.317031,W,EEEEEE,28,0.4,21.6,-32.6,,,V*2C,1763494313880
NMEA,$GNGGA,193154.00,3725.862107,N,12209.317031,W,6,12,0.4,21.6,M,-32.6,M,,*72,1763494313880
NMEA,$PSMSG,magcal=PASS,bluesky=0*00,1763494313884
NMEA,$GPGSV,4,1,13,03,17,173,39,04,53,102,41,07,53,282,44,08,18,125,48,1*6F,1763494314858
NMEA,$GPGSV,4,2,13,09,77,001,44,11,03,293,30,16,33,049,41,20,14,318,43,1*65,1763494314858
NMEA,$GPGSV,4,3,13,21,15,319,43,27,19,093,42,30,26,265,40,46,00,000,39,1*61,1763494314858
NMEA,$GPGSV,4,4,13,48,00,000,39,1*50,1763494314858
NMEA,$GPGSV,2,1,08,03,17,173,32,04,53,102,37,08,18,125,30,09,77,001,39,8*64,1763494314858
NMEA,$GPGSV,2,2,08,11,03,293,22,21,15,319,36,27,19,093,28,30,26,265,36,8*69,1763494314858
NMEA,$GLGSV,1,1,04,12,64,232,40,11,51,029,47,01,75,114,37,08,20,137,37,1*7E,1763494314858
NMEA,$GAGSV,3,1,11,02,52,173,39,03,66,077,42,05,19,109,43,07,02,299,16,7*7C,1763494314858
NMEA,$GAGSV,3,2,11,08,49,316,42,13,12,275,44,15,05,227,32,16,33,049,42,7*7F,1763494314858
NMEA,$GAGSV,3,3,11,25,54,069,41,26,03,323,42,30,07,203,31,7*4B,1763494314858
NMEA,$GAGSV,2,1,08,02,52,173,33,03,66,077,31,05,19,109,28,08,49,316,39,1*7B,1763494314858
NMEA,$GAGSV,2,2,08,13,12,275,30,16,33,049,32,25,54,069,32,30,07,203,26,1*7D,1763494314858
NMEA,$GBGSV,2,1,07,37,47,047,43,36,19,233,37,32,14,144,42,22,05,320,39,1*77,1763494314858
NMEA,$GBGSV,2,2,07,20,69,160,43,19,56,311,45,04,03,265,33,1*43,1763494314858
NMEA,$GBGSV,2,1,05,19,56,311,44,20,69,160,36,32,14,144,41,36,19,233,35,3*7C,1763494314858
NMEA,$GBGSV,2,2,05,37,47,047,45,3*44,1763494314858
NMEA,$GBGSV,2,1,06,19,56,311,39,20,69,160,37,22,05,320,25,32,14,144,32,5*7C,1763494314858
NMEA,$GBGSV,2,2,06,36,19,233,23,37,47,047,34,5*79,1763494314858
NMEA,$GNGSA,A,3,03,04,07,08,09,16,20,21,27,30,,,0.6,0.4,0.5,1*37,1763494314881
NMEA,$PSSGR,GSA,A,3,03,04,08,09,21,27,30,,,,,,0.6,0.4,0.5,1,8*41,1763494314881
NMEA,$GNGSA,A,3,65,72,75,76,,,,,,,,,0.6,0.4,0.5,2*30,1763494314881
NMEA,$GNGSA,A,3,02,03,05,08,13,16,25,30,,,,,0.6,0.4,0.5,3*39,1763494314881
NMEA,$PSSGR,GSA,A,3,302,303,305,308,313,316,325,330,,,,,0.6,0.4,0.5,3,1*44,1763494314881
NMEA,$GNGSA,A,3,19,20,22,32,36,37,,,,,,,0.6,0.4,0.5,4*39,1763494314881
NMEA,$PSSGR,GSA,A,3,219,220,222,232,236,237,,,,,,,0.6,0.4,0.5,4,5*40,1763494314881
NMEA,$GNVTG,,T,,M,0.0,N,0.0,K,E*39,1763494314881
NMEA,$GNDTM,W84,,0000.000000,N,00000.000000,E,0.000,W84*41,1763494314881
NMEA,$GNRMC,193155.00,A,3725.862132,N,12209.317009,W,0.0,,181125,12.8,E,E,V*5D,1763494314881
NMEA,$GNGNS,193155.00,3725.862132,N,12209.317009,W,EEEEEE,28,0.4,21.6,-32.6,,,V*20,1763494314881
NMEA,$GNGGA,193155.00,3725.862132,N,12209.317009,W,6,12,0.4,21.6,M,-32.6,M,,*7E,1763494314881
NMEA,$PSMSG,magcal=PASS,bluesky=0*00,1763494314890
NMEA,$GPGSV,4,1,13,03,17,173,41,04,53,102,42,07,53,282,43,08,18,125,48,1*64,1763494315860
NMEA,$GPGSV,4,2,13,09,77,001,44,11,03,293,28,16,33,049,43,20,14,318,40,1*6D,1763494315860
NMEA,$GPGSV,4,3,13,21,15,319,43,27,19,093,42,30,26,265,37,46,00,000,40,1*6F,1763494315860
NMEA,$GPGSV,4,4,13,48,00,000,42,1*5C,1763494315860
NMEA,$GPGSV,2,1,08,03,17,173,31,04,53,102,35,08,18,125,24,09,77,001,39,8*60,1763494315860
NMEA,$GPGSV,2,2,08,11,03,293,22,21,15,319,39,27,19,093,25,30,26,265,35,8*68,1763494315860
NMEA,$GLGSV,1,1,04,12,64,232,39,11,51,029,43,01,75,114,40,08,20,137,38,1*7B,1763494315860
NMEA,$GAGSV,3,1,11,02,52,173,41,03,66,077,42,05,19,109,41,07,02,299,17,7*70,1763494315860
NMEA,$GAGSV,3,2,11,08,49,316,42,13,12,275,39,15,05,227,30,16,33,049,43,7*76,1763494315860
NMEA,$GAGSV,3,3,11,25,54,069,42,26,03,323,42,30,07,203,32,7*4B,1763494315860
NMEA,$GAGSV,2,1,08,02,52,173,33,03,66,077,34,05,19,109,21,08,49,316,40,1*79,1763494315860
NMEA,$GAGSV,2,2,08,13,12,275,29,16,33,049,33,25,54,069,34,30,07,203,24,1*70,1763494315860
NMEA,$GBGSV,2,1,07,37,47,047,46,36,19,233,36,32,14,144,43,22,05,320,37,1*7C,1763494315860
NMEA,$GBGSV,2,2,07,20,69,160,43,19,56,311,43,04,03,265,33,1*45,1763494315860
NMEA,$GBGSV,2,1,05,19,56,311,42,20,69,160,41,32,14,144,44,36,19,233,38,3*72,1763494315860
NMEA,$GBGSV,2,2,05,37,47,047,45,3*44,1763494315860
NMEA,$GBGSV,2,1,06,19,56,311,38,20,69,160,36,22,05,320,30,32,14,144,29,5*72,1763494315860
NMEA,$GBGSV,2,2,06,36,19,233,24,37,47,047,34,5*7E,1763494315860
NMEA,$GNGSA,A,3,03,04,07,08,09,16,20,21,27,30,,,0.6,0.4,0.5,1*37,1763494315883
NMEA,$PSSGR,GSA,A,3,03,04,08,09,21,27,30,,,,,,0.6,0.4,0.5,1,8*41,1763494315883
NMEA,$GNGSA,A,3,65,72,75,76,,,,,,,,,0.6,0.4,0.5,2*30,1763494315883
NMEA,$GNGSA,A,3,02,03,05,08,13,16,25,30,,,,,0.6,0.4,0.5,3*39,1763494315883
NMEA,$PSSGR,GSA,A,3,302,303,305,308,313,316,325,330,,,,,0.6,0.4,0.5,3,1*44,1763494315883
NMEA,$GNGSA,A,3,19,20,22,32,36,37,,,,,,,0.6,0.4,0.5,4*39,1763494315883
NMEA,$PSSGR,GSA,A,3,219,220,222,232,236,237,,,,,,,0.6,0.4,0.5,4,5*40,1763494315883
NMEA,$GNVTG,359.4,T,346.6,M,0.7,N,1.3,K,E*30,1763494315883
NMEA,$GNDTM,W84,,0000.000000,N,00000.000000,E,0.000,W84*41,1763494315883
NMEA,$GNRMC,193156.00,A,3725.862357,N,12209.317051,W,0.7,359.4,181125,12.8,E,E,V*70,1763494315883
NMEA,$GNGNS,193156.00,3725.862357,N,12209.317051,W,EEEEEE,28,0.4,21.6,-32.6,,,V*2F,1763494315883
NMEA,$GNGGA,193156.00,3725.862357,N,12209.317051,W,6,12,0.4,21.6,M,-32.6,M,,*71,1763494315883
NMEA,$PSMSG,magcal=PASS,bluesky=0*00,1763494315889
NMEA,$GPGSV,3,1,12,03,17,173,42,04,53,102,44,07,53,282,39,08,18,125,45,1*67,1763494316860
NMEA,$GPGSV,3,2,12,09,77,001,44,16,33,049,45,20,14,318,39,21,15,319,40,1*6A,1763494316860
NMEA,$GPGSV,3,3,12,27,19,093,41,30,26,265,33,46,00,000,39,48,00,000,42,1*61,1763494316860
NMEA,$GPGSV,2,1,08,03,17,173,28,04,53,102,33,08,18,125,24,09,77,001,36,8*61,1763494316860
NMEA,$GPGSV,2,2,08,11,03,293,22,21,15,319,39,27,19,093,28,30,26,265,31,8*61,1763494316860
NMEA,$GLGSV,1,1,04,12,64,232,38,11,51,029,43,01,75,114,40,08,20,137,40,1*75,1763494316860
NMEA,$GAGSV,3,1,11,02,52,173,42,03,66,077,42,05,19,109,37,07,02,299,17,7*72,1763494316860
NMEA,$GAGSV,3,2,11,08,49,316,39,13,12,275,36,15,05,227,35,16,33,049,44,7*77,1763494316860
NMEA,$GAGSV,3,3,11,25,54,069,42,26,03,323,41,30,07,203,33,7*49,1763494316860
NMEA,$GAGSV,2,1,08,02,52,173,35,03,66,077,36,05,19,109,28,08,49,316,39,1*7A,1763494316860
NMEA,$GAGSV,2,2,08,13,12,275,23,16,33,049,32,25,54,069,36,30,07,203,22,1*7F,1763494316860
NMEA,$GBGSV,2,1,07,37,47,047,46,36,19,233,38,32,14,144,40,22,05,320,37,1*71,1763494316860
NMEA,$GBGSV,2,2,07,20,69,160,44,19,56,311,43,04,03,265,33,1*42,1763494316860
NMEA,$GBGSV,2,1,05,19,56,311,41,20,69,160,41,32,14,144,41,36,19,233,39,3*75,1763494316860
NMEA,$GBGSV,2,2,05,37,47,047,44,3*45,1763494316860
NMEA,$GBGSV,2,1,06,19,56,311,38,20,69,160,33,22,05,320,34,32,14,144,24,5*7E,1763494316860
NMEA,$GBGSV,2,2,06,36,19,233,24,37,47,047,33,5*79,1763494316860
NMEA,$GNGSA,A,3,03,04,07,08,09,16,20,21,27,30,,,0.6,0.4,0.5,1*37,1763494316876
NMEA,$PSSGR,GSA,A,3,03,04,08,09,21,27,30,,,,,,0.6,0.4,0.5,1,8*41,1763494316876
NMEA,$GNGSA,A,3,65,72,75,76,,,,,,,,,0.6,0.4,0.5,2*30,1763494316876
NMEA,$GNGSA,A,3,02,03,05,08,13,16,25,30,,,,,0.6,0.4,0.5,3*39,1763494316876
NMEA,$PSSGR,GSA,A,3,302,303,305,308,313,316,325,330,,,,,0.6,0.4,0.5,3,1*44,1763494316876
NMEA,$GNGSA,A,3,19,20,22,32,36,37,,,,,,,0.6,0.4,0.5,4*39,1763494316876
NMEA,$PSSGR,GSA,A,3,219,220,222,232,236,237,,,,,,,0.6,0.4,0.5,4,5*40,1763494316876
NMEA,$GNVTG,359.4,T,346.6,M,0.9,N,1.6,K,E*3B,1763494316876
NMEA,$GNDTM,W84,,0000.000000,N,00000.000000,E,0.000,W84*41,1763494316876
NMEA,$GNRMC,193157.00,A,3725.862590,N,12209.317116,W,0.9,359.4,181125,12.8,E,E,V*70,1763494316876
NMEA,$GNGNS,193157.00,3725.862590,N,12209.317116,W,EEEEEE,28,0.4,21.5,-32.6,,,V*22,1763494316876
NMEA,$GNGGA,193157.00,3725.862590,N,12209.317116,W,6,12,0.4,21.5,M,-32.6,M,,*7C,1763494316876
NMEA,$PSMSG,magcal=PASS,bluesky=0*00,1763494316884
NMEA,$GPGSV,3,1,12,03,17,173,41,04,53,102,45,07,53,282,41,08,18,125,46,1*69,1763494317860
NMEA,$GPGSV,3,2,12,09,77,001,44,16,33,049,45,20,14,318,41,21,15,319,41,1*64,1763494317860
NMEA,$GPGSV,3,3,12,27,19,093,41,30,26,265,32,46,00,000,41,48,00,000,43,1*6E,1763494317860
NMEA,$GPGSV,2,1,08,03,17,173,32,04,53,102,33,08,18,125,21,09,77,001,37,8*6E,1763494317860
NMEA,$GPGSV,2,2,08,11,03,293,18,21,15,319,39,27,19,093,27,30,26,265,33,8*65,1763494317860
NMEA,$GLGSV,1,1,04,12,64,232,39,11,51,029,44,01,75,114,40,08,20,137,39,1*7D,1763494317860
NMEA,$GAGSV,3,1,11,02,52,173,42,03,66,077,41,05,19,109,39,07,02,299,17,7*7F,1763494317860
NMEA,$GAGSV,3,2,11,08,49,316,40,13,12,275,36,15,05,227,32,16,33,049,43,7*79,1763494317860
NMEA,$GAGSV,3,3,11,25,54,069,43,26,03,323,42,30,07,203,34,7*4C,1763494317860
NMEA,$GAGSV,2,1,08,02,52,173,35,03,66,077,36,05,19,109,27,08,49,316,39,1*75,1763494317860
NMEA,$GAGSV,2,2,08,13,12,275,23,16,33,049,30,25,54,069,35,30,07,203,21,1*7D,1763494317860
NMEA,$GBGSV,2,1,07,37,47,047,45,36,19,233,37,32,14,144,43,22,05,320,40,1*7E,1763494317860
NMEA,$GBGSV,2,2,07,20,69,160,44,19,56,311,45,04,03,265,27,1*41,1763494317860
NMEA,$GBGSV,2,1,05,19,56,311,42,20,69,160,42,32,14,144,43,36,19,233,37,3*79,1763494317860
NMEA,$GBGSV,2,2,05,37,47,047,44,3*45,1763494317860
NMEA,$GBGSV,2,1,06,19,56,311,39,20,69,160,34,22,05,320,33,32,14,144,25,5*7E,1763494317860
NMEA,$GBGSV,2,2,06,36,19,233,22,37,47,047,31,5*7D,1763494317860
NMEA,$GNGSA,A,3,03,04,07,08,09,16,20,21,27,30,,,0.6,0.4,0.5,1*37,1763494317881
NMEA,$PSSGR,GSA,A,3,03,04,08,09,21,27,30,,,,,,0.6,0.4,0.5,1,8*41,1763494317881
NMEA,$GNGSA,A,3,65,72,75,76,,,,,,,,,0.6,0.4,0.5,2*30,1763494317881
NMEA,$GNGSA,A,3,02,03,05,08,13,16,25,30,,,,,0.6,0.4,0.5,3*39,1763494317881
NMEA,$PSSGR,GSA,A,3,302,303,305,308,313,316,325,330,,,,,0.6,0.4,0.5,3,1*44,1763494317881
NMEA,$GNGSA,A,3,19,20,22,32,36,37,,,,,,,0.6,0.4,0.5,4*39,1763494317881
NMEA,$PSSGR,GSA,A,3,219,220,222,232,236,237,,,,,,,0.6,0.4,0.5,4,5*40,1763494317881
NMEA,$GNVTG,359.4,T,346.6,M,0.6,N,1.2,K,E*30,1763494317881
NMEA,$GNDTM,W84,,0000.000000,N,00000.000000,E,0.000,W84*41,1763494317881
NMEA,$GNRMC,193158.00,A,3725.862776,N,12209.317162,W,0.6,359.4,181125,12.8,E,E,V*79,1763494317881
NMEA,$GNGNS,193158.00,3725.862776,N,12209.317162,W,EEEEEE,28,0.4,21.5,-32.6,,,V*24,1763494317881
NMEA,$GNGGA,193158.00,3725.862776,N,12209.317162,W,6,12,0.4,21.5,M,-32.6,M,,*7A,1763494317881
NMEA,$PSMSG,magcal=PASS,bluesky=0*00,1763494317887
NMEA,$GPGSV,4,1,13,03,17,173,39,04,53,102,44,07,53,282,44,08,18,125,47,1*65,1763494318864
NMEA,$GPGSV,4,2,13,09,77,001,45,11,03,293,30,16,33,049,39,20,14,318,42,1*6A,1763494318864
NMEA,$GPGSV,4,3,13,21,15,319,46,27,19,093,43,30,26,265,31,46,00,000,41,1*6C,1763494318864
NMEA,$GPGSV,4,4,13,48,00,000,42,1*5C,1763494318864
NMEA,$GPGSV,2,1,08,03,17,173,33,04,53,102,37,08,18,125,27,09,77,001,39,8*63,1763494318864
NMEA,$GPGSV,2,2,08,11,03,293,18,21,15,319,36,27,19,093,25,30,26,265,34,8*6F,1763494318864
NMEA,$GLGSV,1,1,04,12,64,232,40,11,51,029,44,01,75,114,40,08,20,137,37,1*7D,1763494318864
NMEA,$GAGSV,3,1,11,02,52,173,38,03,66,077,43,05,19,109,42,07,02,299,20,7*78,1763494318864
NMEA,$GAGSV,3,2,11,08,49,316,42,13,12,275,42,15,05,227,30,16,33,049,42,7*7B,1763494318864
NMEA,$GAGSV,3,3,11,25,54,069,41,26,03,323,44,30,07,203,31,7*4D,1763494318864
NMEA,$GAGSV,2,1,08,02,52,173,33,03,66,077,32,05,19,109,21,08,49,316,39,1*71,1763494318864
NMEA,$GAGSV,2,2,08,13,12,275,25,16,33,049,31,25,54,069,32,30,07,203,24,1*78,1763494318864
NMEA,$GBGSV,2,1,07,37,47,047,44,36,19,233,36,32,14,144,44,22,05,320,43,1*7A,1763494318864
NMEA,$GBGSV,2,2,07,20,69,160,44,19,56,311,46,04,03,265,33,1*47,1763494318864
NMEA,$GBGSV,2,1,05,19,56,311,44,20,69,160,40,32,14,144,44,36,19,233,37,3*7A,1763494318864
NMEA,$GBGSV,2,2,05,37,47,047,45,3*44,1763494318864
NMEA,$GBGSV,2,1,06,19,56,311,38,20,69,160,37,22,05,320,30,32,14,144,30,5*7B,1763494318864
NMEA,$GBGSV,2,2,06,36,19,233,29,37,47,047,35,5*72,1763494318864
NMEA,$GNGSA,A,3,03,04,07,08,09,16,20,21,27,30,,,0.6,0.4,0.5,1*37,1763494318886
NMEA,$PSSGR,GSA,A,3,03,04,08,09,21,27,30,,,,,,0.6,0.4,0.5,1,8*41,1763494318886
NMEA,$GNGSA,A,3,65,72,75,76,,,,,,,,,0.6,0.4,0.5,2*30,1763494318886
NMEA,$GNGSA,A,3,02,03,05,08,13,16,25,30,,,,,0.6,0.4,0.5,3*39,1763494318886
NMEA,$PSSGR,GSA,A,3,302,303,305,308,313,316,325,330,,,,,0.6,0.4,0.5,3,1*44,1763494318886
NMEA,$GNGSA,A,3,19,20,22,32,36,37,,,,,,,0.6,0.4,0.5,4*39,1763494318886
NMEA,$PSSGR,GSA,A,3,219,220,222,232,236,237,,,,,,,0.6,0.4,0.5,4,5*40,1763494318886
NMEA,$GNVTG,,T,,M,0.0,N,0.0,K,E*39,1763494318886
NMEA,$GNDTM,W84,,0000.000000,N,00000.000000,E,0.000,W84*41,1763494318886
NMEA,$GNRMC,193159.00,A,3725.862804,N,12209.317195,W,0.0,,181125,12.8,E,E,V*59,1763494318886
NMEA,$GNGNS,193159.00,3725.862804,N,12209.317195,W,EEEEEE,28,0.4,21.5,-32.6,,,V*27,1763494318886
NMEA,$GNGGA,193159.00,3725.862804,N,12209.317195,W,6,12,0.4,21.5,M,-32.6,M,,*79,1763494318886
NMEA,$PSMSG,magcal=PASS,bluesky=0*00,1763494318898
NMEA,$GPGSV,4,1,13,03,17,173,31,04,53,102,37,07,53,282,46,08,18,125,44,1*68,1763494319862
NMEA,$GPGSV,4,2,13,09,77,001,45,11,03,293,31,16,33,049,43,20,14,318,39,1*6A,1763494319862
NMEA,$GPGSV,4,3,13,21,15,319,39,27,19,093,42,30,26,265,39,46,00,000,42,1*6E,1763494319862
NMEA,$GPGSV,4,4,13,48,00,000,43,1*5D,1763494319862
NMEA,$GPGSV,2,1,08,03,17,173,37,04,53,102,37,08,18,125,34,09,77,001,36,8*6A,1763494319862
NMEA,$GPGSV,2,2,08,11,03,293,18,21,15,319,31,27,19,093,34,30,26,265,38,8*64,1763494319862
NMEA,$GLGSV,1,1,04,12,64,232,44,11,51,029,45,01,75,114,38,08,20,137,37,1*77,1763494319862
NMEA,$GAGSV,3,1,11,02,52,173,38,03,66,077,39,05,19,109,38,07,02,299,23,7*7B,1763494319862
NMEA,$GAGSV,3,2,11,08,49,316,42,13,12,275,45,15,05,227,34,16,33,049,47,7*7D,1763494319862
NMEA,$GAGSV,3,3,11,25,54,069,40,26,03,323,40,30,07,203,34,7*4D,1763494319862
NMEA,$GAGSV,2,1,08,02,52,173,27,03,66,077,28,05,19,109,26,08,49,316,37,1*76,1763494319862
NMEA,$GAGSV,2,2,08,13,12,275,26,16,33,049,33,25,54,069,29,30,07,203,26,1*71,1763494319862
NMEA,$GBGSV,2,1,07,37,47,047,45,36,19,233,42,32,14,144,38,22,05,320,38,1*7F,1763494319862
NMEA,$GBGSV,2,2,07,20,69,160,45,19,56,311,46,04,03,265,36,1*43,1763494319862
NMEA,$GBGSV,2,1,05,19,56,311,44,20,69,160,40,32,14,144,38,36,19,233,44,3*75,1763494319862
NMEA,$GBGSV,2,2,05,37,47,047,46,3*47,1763494319862
NMEA,$GBGSV,2,1,06,19,56,311,34,20,69,160,40,22,05,320,22,32,14,144,33,5*77,1763494319862
NMEA,$GBGSV,2,2,06,36,19,233,35,37,47,047,37,5*7D,1763494319862
NMEA,$GNGSA,A,3,03,04,07,08,09,16,20,21,27,30,,,0.6,0.4,0.5,1*37,1763494319884
NMEA,$PSSGR,GSA,A,3,03,04,08,09,21,27,30,,,,,,0.6,0.4,0.5,1,8*41,1763494319884
NMEA,$GNGSA,A,3,65,72,75,76,,,,,,,,,0.6,0.4,0.5,2*30,1763494319884
NMEA,$GNGSA,A,3,02,03,05,08,13,16,25,30,,,,,0.6,0.4,0.5,3*39,1763494319884
NMEA,$PSSGR,GSA,A,3,302,303,305,308,313,316,325,330,,,,,0.6,0.4,0.5,3,1*44,1763494319884
NMEA,$GNGSA,A,3,19,20,22,32,36,37,,,,,,,0.6,0.4,0.5,4*39,1763494319884
NMEA,$PSSGR,GSA,A,3,219,220,222,232,236,237,,,,,,,0.6,0.4,0.5,4,5*40,1763494319884
NMEA,$GNVTG,,T,,M,0.0,N,0.0,K,E*39,1763494319884
NMEA,$GNDTM,W84,,0000.000000,N,00000.000000,E,0.000,W84*41,1763494319884
NMEA,$GNRMC,193200.00,A,3725.862841,N,12209.317214,W,0.0,,181125,12.8,E,E,V*5D,1763494319884
NMEA,$GNGNS,193200.00,3725.862841,N,12209.317214,W,EEEEEE,28,0.4,21.5,-32.6,,,V*23,1763494319884
NMEA,$GNGGA,193200.00,3725.862841,N,12209.317214,W,6,12,0.4,21.5,M,-32.6,M,,*7D,1763494319884
NMEA,$PSMSG,magcal=PASS,bluesky=0*00,1763494319890
NMEA,$GPGSV,4,1,13,03,17,173,33,04,53,102,38,07,53,282,44,08,18,125,41,1*62,1763494320864
NMEA,$GPGSV,4,2,13,09,77,001,45,11,03,293,29,16,33,049,43,20,14,318,37,1*6D,1763494320864
NMEA,$GPGSV,4,3,13,21,15,319,36,27,19,093,39,30,26,265,37,46,00,000,39,1*6F,1763494320864
NMEA,$GPGSV,4,4,13,48,00,000,43,1*5D,1763494320864
NMEA,$GPGSV,2,1,08,03,17,173,38,04,53,102,35,08,18,125,36,09,77,001,29,8*6B,1763494320864
NMEA,$GPGSV,2,2,08,11,03,293,18,21,15,319,27,27,19,093,37,30,26,265,37,8*6F,1763494320864
NMEA,$GLGSV,1,1,04,12,64,232,43,11,51,029,45,01,75,114,38,08,20,137,37,1*70,1763494320864
NMEA,$GAGSV,3,1,11,02,52,173,40,03,66,077,37,05,19,109,35,07,02,299,23,7*77,1763494320864
NMEA,$GAGSV,3,2,11,08,49,316,41,13,12,275,42,15,05,227,39,16,33,049,44,7*77,1763494320864
NMEA,$GAGSV,3,3,11,25,54,069,42,26,03,323,36,30,07,203,35,7*4F,1763494320864
NMEA,$GAGSV,2,1,08,02,52,173,27,03,66,077,28,05,19,109,26,08,49,316,32,1*73,1763494320864
NMEA,$GAGSV,2,2,08,13,12,275,27,16,33,049,33,25,54,069,32,30,07,203,23,1*7F,1763494320864
NMEA,$GBGSV,2,1,07,37,47,047,43,36,19,233,41,32,14,144,37,22,05,320,33,1*7E,1763494320864
NMEA,$GBGSV,2,2,07,20,69,160,46,19,56,311,46,04,03,265,35,1*43,1763494320864
NMEA,$GBGSV,2,1,05,19,56,311,44,20,69,160,42,32,14,144,36,36,19,233,43,3*7E,1763494320864
NMEA,$GBGSV,2,2,05,37,47,047,44,3*45,1763494320864
NMEA,$GBGSV,2,1,06,19,56,311,30,20,69,160,41,22,05,320,22,32,14,144,34,5*75,1763494320864
NMEA,$GBGSV,2,2,06,36,19,233,34,37,47,047,38,5*73,1763494320864
NMEA,$GNGSA,A,3,03,04,07,08,09,16,20,21,27,30,,,0.6,0.4,0.5,1*37,1763494320882
NMEA,$PSSGR,GSA,A,3,03,04,08,09,21,27,30,,,,,,0.6,0.4,0.5,1,8*41,1763494320882
NMEA,$GNGSA,A,3,65,72,75,76,,,,,,,,,0.6,0.4,0.5,2*30,1763494320882
NMEA,$GNGSA,A,3,02,03,05,08,13,16,25,30,,,,,0.6,0.4,0.5,3*39,1763494320882
NMEA,$PSSGR,GSA,A,3,302,303,305,308,313,316,325,330,,,,,0.6,0.4,0.5,3,1*44,1763494320882
NMEA,$GNGSA,A,3,19,20,22,32,36,37,,,,,,,0.6,0.4,0.5,4*39,1763494320882
NMEA,$PSSGR,GSA,A,3,219,220,222,232,236,237,,,,,,,0.6,0.4,0.5,4,5*40,1763494320882
NMEA,$GNVTG,359.4,T,346.6,M,0.9,N,1.7,K,E*3A,1763494320882
NMEA,$GNDTM,W84,,0000.000000,N,00000.000000,E,0.000,W84*41,1763494320882
NMEA,$GNRMC,193201.00,A,3725.862728,N,12209.317529,W,0.9,359.4,181125,12.8,E,E,V*79,1763494320882
NMEA,$GNGNS,193201.00,3725.862728,N,12209.317529,W,EEEEEE,28,0.4,21.5,-32.6,,,V*2B,1763494320882
NMEA,$GNGGA,193201.00,3725.862728,N,12209.317529,W,6,12,0.4,21.5,M,-32.6,M,,*75,1763494320882
NMEA,$PSMSG,magcal=PASS,bluesky=0*00,1763494320886
NMEA,$GPGSV,4,1,13,03,17,173,35,04,53,102,39,07,53,282,44,08,18,125,41,1*65,1763494321862
NMEA,$GPGSV,4,2,13,09,77,001,44,11,03,293,28,16,33,049,44,20,14,318,37,1*6A,1763494321862
NMEA,$GPGSV,4,3,13,21,15,319,38,27,19,093,40,30,26,265,40,46,00,000,37,1*61,1763494321862
NMEA,$GPGSV,4,4,13,48,00,000,42,1*5C,1763494321862
NMEA,$GPGSV,2,1,08,03,17,173,39,04,53,102,37,08,18,125,35,09,77,001,33,8*60,1763494321862
NMEA,$GPGSV,2,2,08,11,03,293,16,21,15,319,30,27,19,093,36,30,26,265,38,8*69,1763494321862
NMEA,$GLGSV,1,1,04,12,64,232,44,11,51,029,46,01,75,114,34,08,20,137,32,1*7D,1763494321862
NMEA,$GAGSV,3,1,11,02,52,173,41,03,66,077,38,05,19,109,36,07,02,299,23,7*7A,1763494321862
NMEA,$GAGSV,3,2,11,08,49,316,42,13,12,275,45,15,05,227,40,16,33,049,45,7*7C,1763494321862
NMEA,$GAGSV,3,3,11,25,54,069,42,26,03,323,32,30,07,203,36,7*48,1763494321862
NMEA,$GAGSV,2,1,08,02,52,173,22,03,66,077,25,05,19,109,20,08,49,316,36,1*79,1763494321862
NMEA,$GAGSV,2,2,08,13,12,275,27,16,33,049,34,25,54,069,29,30,07,203,21,1*70,1763494321862
NMEA,$GBGSV,2,1,07,37,47,047,43,36,19,233,41,32,14,144,36,22,05,320,32,1*7E,1763494321862
NMEA,$GBGSV,2,2,07,20,69,160,42,19,56,311,45,04,03,265,34,1*45,1763494321862
NMEA,$GBGSV,2,1,05,19,56,311,43,20,69,160,40,32,14,144,35,36,19,233,44,3*7F,1763494321862
NMEA,$GBGSV,2,2,05,37,47,047,46,3*47,1763494321862
NMEA,$GBGSV,2,1,06,19,56,311,33,20,69,160,40,22,05,320,22,32,14,144,36,5*75,1763494321862
NMEA,$GBGSV,2,2,06,36,19,233,34,37,47,047,38,5*73,1763494321862
NMEA,$GNGSA,A,3,03,04,07,08,09,16,20,21,27,30,,,0.6,0.4,0.5,1*37,1763494321877
NMEA,$PSSGR,GSA,A,3,03,04,08,09,21,27,30,,,,,,0.6,0.4,0.5,1,8*41,1763494321877
NMEA,$GNGSA,A,3,65,72,75,76,,,,,,,,,0.6,0.4,0.5,2*30,1763494321877
NMEA,$GNGSA,A,3,02,03,05,08,13,16,25,30,,,,,0.6,0.4,0.5,3*39,1763494321877
NMEA,$PSSGR,GSA,A,3,302,303,305,308,313,316,325,330,,,,,0.6,0.4,0.5,3,1*44,1763494321877
NMEA,$GNGSA,A,3,19,20,22,32,36,37,,,,,,,0.6,0.4,0.5,4*39,1763494321877
NMEA,$PSSGR,GSA,A,3,219,220,222,232,236,237,,,,,,,0.6,0.4,0.5,4,5*40,1763494321877
NMEA,$GNVTG,359.4,T,346.6,M,1.0,N,1.8,K,E*3D,1763494321877
NMEA,$GNDTM,W84,,0000.000000,N,00000.000000,E,0.000,W84*41,1763494321877
NMEA,$GNRMC,193202.00,A,3725.862356,N,12209.317682,W,1.0,359.4,181125,12.8,E,E,V*7D,1763494321877
NMEA,$GNGNS,193202.00,3725.862356,N,12209.317682,W,EEEEEE,28,0.4,21.4,-32.6,,,V*26,1763494321877
NMEA,$GNGGA,193202.00,3725.862356,N,12209.317682,W,6,12,0.4,21.4,M,-32.6,M,,*78,1763494321877
NMEA,$PSMSG,magcal=PASS,bluesky=0*00,1763494321883
NMEA,$GPGSV,4,1,13,03,17,173,32,04,53,102,41,07,53,282,44,08,18,125,40,1*6C,1763494322865
NMEA,$GPGSV,4,2,13,09,77,001,45,11,03,293,29,16,33,049,43,20,14,318,37,1*6D,1763494322865
NMEA,$GPGSV,4,3,13,21,15,319,33,27,19,093,40,30,26,265,41,46,00,000,33,1*6F,1763494322865
NMEA,$GPGSV,4,4,13,48,00,000,38,1*51,1763494322865
NMEA,$GPGSV,2,1,08,03,17,173,38,04,53,102,37,08,18,125,31,09,77,001,34,8*62,1763494322865
NMEA,$GPGSV,2,2,08,11,03,293,16,21,15,319,30,27,19,093,35,30,26,265,38,8*6A,1763494322865
NMEA,$GLGSV,1,1,04,12,64,232,46,11,51,029,46,01,75,114,35,08,20,137,33,1*7F,1763494322865
NMEA,$GAGSV,3,1,11,02,52,173,43,03,66,077,41,05,19,109,34,07,02,299,23,7*74,1763494322865
NMEA,$GAGSV,3,2,11,08,49,316,43,13,12,275,44,15,05,227,41,16,33,049,45,7*7D,1763494322865
NMEA,$GAGSV,3,3,11,25,54,069,41,26,03,323,29,30,07,203,35,7*42,1763494322865
NMEA,$GAGSV,2,1,08,02,52,173,26,03,66,077,28,05,19,109,24,08,49,316,35,1*77,1763494322865
NMEA,$GAGSV,2,2,08,13,12,275,27,16,33,049,34,25,54,069,30,30,07,203,25,1*7C,1763494322865
NMEA,$GBGSV,2,1,07,37,47,047,41,36,19,233,39,32,14,144,38,22,05,320,37,1*78,1763494322865
NMEA,$GBGSV,2,2,07,20,69,160,43,19,56,311,45,04,03,265,33,1*43,1763494322865
NMEA,$GBGSV,2,1,05,19,56,311,45,20,69,160,40,32,14,144,36,36,19,233,43,3*7D,1763494322865
NMEA,$GBGSV,2,2,05,37,47,047,46,3*47,1763494322865
NMEA,$GBGSV,2,1,06,19,56,311,36,20,69,160,39,22,05,320,22,32,14,144,36,5*7E,1763494322865
NMEA,$GBGSV,2,2,06,36,19,233,33,37,47,047,38,5*74,1763494322865
NMEA,$GNGSA,A,3,03,04,07,08,09,16,20,21,27,30,,,0.6,0.4,0.5,1*37,1763494322883
NMEA,$PSSGR,GSA,A,3,03,04,08,09,21,27,30,,,,,,0.6,0.4,0.5,1,8*41,1763494322883
NMEA,$GNGSA,A,3,65,72,75,76,,,,,,,,,0.6,0.4,0.5,2*30,1763494322883
NMEA,$GNGSA,A,3,02,03,05,08,13,16,25,30,,,,,0.6,0.4,0.5,3*39,1763494322883
NMEA,$PSSGR,GSA,A,3,302,303,305,308,313,316,325,330,,,,,0.6,0.4,0.5,3,1*44,1763494322883
NMEA,$GNGSA,A,3,19,20,22,32,36,37,,,,,,,0.6,0.4,0.5,4*39,1763494322883
NMEA,$PSSGR,GSA,A,3,219,220,222,232,236,237,,,,,,,0.6,0.4,0.5,4,5*40,1763494322883
NMEA,$GNVTG,359.4,T,346.6,M,0.6,N,1.1,K,E*33,1763494322883
NMEA,$GNDTM,W84,,0000.000000,N,00000.000000,E,0.000,W84*41,1763494322883
NMEA,$GNRMC,193203.00,A,3725.862105,N,12209.317826,W,0.6,359.4,181125,12.8,E,E,V*7F,1763494322883
NMEA,$GNGNS,193203.00,3725.862105,N,12209.317826,W,EEEEEE,28,0.4,21.5,-32.6,,,V*22,1763494322883
NMEA,$GNGGA,193203.00,3725.862105,N,12209.317826,W,6,12,0.4,21.5,M,-32.6,M,,*7C,1763494322883
NMEA,$PSMSG,magcal=PASS,bluesky=0*00,1763494322892
NMEA,$GPGSV,4,1,13,03,17,173,33,04,53,102,42,07,53,282,44,08,18,125,41,1*6F,1763494323863
NMEA,$GPGSV,4,2,13,09,77,001,43,11,03,293,30,16,33,049,45,20,14,318,37,1*65,1763494323863
NMEA,$GPGSV,4,3,13,21,15,319,36,27,19,093,40,30,26,265,41,46,00,000,35,1*6C,1763494323863
NMEA,$GPGSV,4,4,13,48,00,000,43,1*5D,1763494323863
NMEA,$GPGSV,2,1,08,03,17,173,38,04,53,102,34,08,18,125,32,09,77,001,33,8*65,1763494323863
NMEA,$GPGSV,2,2,08,11,03,293,16,21,15,319,30,27,19,093,35,30,26,265,38,8*6A,1763494323863
NMEA,$GLGSV,1,1,04,12,64,232,46,11,51,029,45,01,75,114,38,08,20,137,37,1*75,1763494323863
NMEA,$GAGSV,3,1,11,02,52,173,44,03,66,077,41,05,19,109,34,07,02,299,18,7*7B,1763494323863
NMEA,$GAGSV,3,2,11,08,49,316,41,13,12,275,42,15,05,227,40,16,33,049,45,7*78,1763494323863
NMEA,$GAGSV,3,3,11,25,54,069,40,26,03,323,29,30,07,203,34,7*42,1763494323863
NMEA,$GAGSV,2,1,08,02,52,173,25,03,66,077,28,05,19,109,23,08,49,316,36,1*70,1763494323863
NMEA,$GAGSV,2,2,08,13,12,275,29,16,33,049,33,25,54,069,28,30,07,203,24,1*7D,1763494323863
NMEA,$GBGSV,2,1,07,37,47,047,44,36,19,233,40,32,14,144,34,22,05,320,33,1*7B,1763494323863
NMEA,$GBGSV,2,2,07,20,69,160,44,19,56,311,45,04,03,265,35,1*42,1763494323863
NMEA,$GBGSV,2,1,05,19,56,311,43,20,69,160,42,32,14,144,34,36,19,233,44,3*7C,1763494323863
NMEA,$GBGSV,2,2,05,37,47,047,45,3*44,1763494323863
NMEA,$GBGSV,2,1,06,19,56,311,33,20,69,160,40,22,05,320,22,32,14,144,38,5*7B,1763494323863
NMEA,$GBGSV,2,2,06,36,19,233,33,37,47,047,39,5*75,1763494323863
NMEA,$GNGSA,A,3,03,04,07,08,09,16,20,21,27,30,,,0.6,0.4,0.5,1*37,1763494323890
NMEA,$PSSGR,GSA,A,3,03,04,08,09,21,27,30,,,,,,0.6,0.4,0.5,1,8*41,1763494323890
NMEA,$GNGSA,A,3,65,72,75,76,,,,,,,,,0.6,0.4,0.5,2*30,1763494323890
NMEA,$GNGSA,A,3,02,03,05,08,13,16,25,30,,,,,0.6,0.4,0.5,3*39,1763494323890
NMEA,$PSSGR,GSA,A,3,302,303,305,308,313,316,325,330,,,,,0.6,0.4,0.5,3,1*44,1763494323890
NMEA,$GNGSA,A,3,19,20,22,32,36,37,,,,,,,0.6,0.4,0.5,4*39,1763494323890
NMEA,$PSSGR,GSA,A,3,219,220,222,232,236,237,,,,,,,0.6,0.4,0.5,4,5*40,1763494323890
NMEA,$GNVTG,359.4,T,346.6,M,0.8,N,1.5,K,E*39,1763494323890
NMEA,$GNDTM,W84,,0000.000000,N,00000.000000,E,0.000,W84*41,1763494323890
NMEA,$GNRMC,193204.00,A,3725.861887,N,12209.318118,W,0.8,359.4,181125,12.8,E,E,V*7D,1763494323890
NMEA,$GNGNS,193204.00,3725.861887,N,12209.318118,W,EEEEEE,28,0.4,21.3,-32.6,,,V*28,1763494323890
NMEA,$GNGGA,193204.00,3725.861887,N,12209.318118,W,6,12,0.4,21.3,M,-32.6,M,,*76,1763494323890
NMEA,$PSMSG,magcal=PASS,bluesky=0*00,1763494323901
NMEA,$GPGSV,4,1,13,03,17,173,40,04,53,102,43,07,53,282,45,08,18,125,46,1*6C,1763494324857
NMEA,$GPGSV,4,2,13,09,77,001,44,11,03,293,29,16,33,049,46,20,14,318,41,1*68,1763494324857
NMEA,$GPGSV,4,3,13,21,15,319,43,27,19,093,37,30,26,265,40,46,00,000,40,1*6D,1763494324857
NMEA,$GPGSV,4,4,13,48,00,000,41,1*5F,1763494324857
NMEA,$GPGSV,2,1,08,03,17,173,36,04,53,102,34,08,18,125,33,09,77,001,38,8*61,1763494324857
NMEA,$GPGSV,2,2,08,11,03,293,16,21,15,319,33,27,19,093,31,30,26,265,38,8*6D,1763494324857
NMEA,$GLGSV,1,1,04,12,64,232,40,11,51,029,43,01,75,114,39,08,20,137,35,1*76,1763494324857
NMEA,$GAGSV,3,1,11,02,52,173,35,03,66,077,43,05,19,109,43,07,02,299,18,7*7F,1763494324857
NMEA,$GAGSV,3,2,11,08,49,316,42,13,12,275,41,15,05,227,34,16,33,049,46,7*78,1763494324857
NMEA,$GAGSV,3,3,11,25,54,069,42,26,03,323,40,30,07,203,30,7*4B,1763494324857
NMEA,$GAGSV,2,1,08,02,52,173,30,03,66,077,26,05,19,109,23,08,49,316,37,1*7B,1763494324857
NMEA,$GAGSV,2,2,08,13,12,275,32,16,33,049,33,25,54,069,26,30,07,203,28,1*75,1763494324857
NMEA,$GBGSV,2,1,07,37,47,047,46,36,19,233,39,32,14,144,42,22,05,320,43,1*71,1763494324857
NMEA,$GBGSV,2,2,07,20,69,160,40,19,56,311,46,04,03,265,34,1*44,1763494324857
NMEA,$GBGSV,2,1,05,19,56,311,43,20,69,160,37,32,14,144,41,36,19,233,41,3*79,1763494324857
NMEA,$GBGSV,2,2,05,37,47,047,45,3*44,1763494324857
NMEA,$GBGSV,2,1,06,19,56,311,31,20,69,160,38,22,05,320,21,32,14,144,34,5*79,1763494324857
NMEA,$GBGSV,2,2,06,36,19,233,33,37,47,047,35,5*79,1763494324857
NMEA,$GNGSA,A,3,03,04,07,08,09,16,20,21,27,30,,,0.6,0.4,0.5,1*37,1763494324877
NMEA,$PSSGR,GSA,A,3,03,04,08,09,21,27,30,,,,,,0.6,0.4,0.5,1,8*41,1763494324877
NMEA,$GNGSA,A,3,65,72,75,76,,,,,,,,,0.6,0.4,0.5,2*30,1763494324877
NMEA,$GNGSA,A,3,02,03,05,08,13,16,25,30,,,,,0.6,0.4,0.5,3*39,1763494324877
NMEA,$PSSGR,GSA,A,3,302,303,305,308,313,316,325,330,,,,,0.6,0.4,0.5,3,1*44,1763494324877
NMEA,$GNGSA,A,3,19,20,22,32,36,37,,,,,,,0.6,0.4,0.5,4*39,1763494324877
NMEA,$PSSGR,GSA,A,3,219,220,232,236,237,,,,,,,,0.6,0.4,0.5,4,5*72,1763494324877
NMEA,$GNVTG,359.4,T,346.6,M,0.5,N,1.0,K,E*31,1763494324877
NMEA,$GNDTM,W84,,0000.000000,N,00000.000000,E,0.000,W84*41,1763494324877
NMEA,$GNRMC,193205.00,A,3725.861828,N,12209.318365,W,0.5,359.4,181125,12.8,E,E,V*7C,1763494324877
NMEA,$GNGNS,193205.00,3725.861828,N,12209.318365,W,EEEEEE,28,0.4,21.1,-32.6,,,V*26,1763494324877
NMEA,$GNGGA,193205.00,3725.861828,N,12209.318365,W,6,12,0.4,21.1,M,-32.6,M,,*78,1763494324877
NMEA,$PSMSG,magcal=PASS,bluesky=0*00,1763494324884
NMEA,$GPGSV,4,1,13,03,17,173,38,04,53,102,46,07,53,282,41,08,18,125,47,1*63,1763494325864
NMEA,$GPGSV,4,2,13,09,77,001,45,11,03,293,28,16,33,049,41,20,14,318,42,1*6C,1763494325864
NMEA,$GPGSV,4,3,13,21,15,319,43,27,19,093,38,30,26,265,31,46,00,000,42,1*66,1763494325864
NMEA,$GPGSV,4,4,13,48,00,000,43,1*5D,1763494325864
NMEA,$GPGSV,2,1,08,03,17,173,32,04,53,102,36,08,18,125,29,09,77,001,40,8*63,1763494325864
NMEA,$GPGSV,2,2,08,11,03,293,16,21,15,319,36,27,19,093,24,30,26,265,34,8*60,1763494325864
NMEA,$GLGSV,1,1,04,12,64,232,41,11,51,029,44,01,75,114,39,08,20,137,37,1*72,1763494325864
NMEA,$GAGSV,3,1,11,02,52,173,38,03,66,077,43,05,19,109,42,07,02,299,18,7*73,1763494325864
NMEA,$GAGSV,3,2,11,08,49,316,40,13,12,275,37,15,05,227,28,16,33,049,43,7*73,1763494325864
NMEA,$GAGSV,3,3,11,25,54,069,41,26,03,323,41,30,07,203,30,7*49,1763494325864
NMEA,$GAGSV,2,1,08,02,52,173,31,03,66,077,34,05,19,109,19,08,49,316,39,1*7E,1763494325864
NMEA,$GAGSV,2,2,08,13,12,275,31,16,33,049,34,25,54,069,34,30,07,203,27,1*7D,1763494325864
NMEA,$GBGSV,2,1,07,37,47,047,45,36,19,233,36,32,14,144,43,22,05,320,43,1*7C,1763494325864
NMEA,$GBGSV,2,2,07,20,69,160,43,19,56,311,47,04,03,265,34,1*46,1763494325864
NMEA,$GBGSV,2,1,05,19,56,311,46,20,69,160,37,32,14,144,42,36,19,233,36,3*7F,1763494325864
NMEA,$GBGSV,2,2,05,37,47,047,46,3*47,1763494325864
NMEA,$GBGSV,2,1,06,19,56,311,36,20,69,160,35,22,05,320,29,32,14,144,30,5*7F,1763494325864
NMEA,$GBGSV,2,2,06,36,19,233,28,37,47,047,33,5*75,1763494325864
NMEA,$GNGSA,A,3,03,04,07,08,09,16,20,21,27,30,,,0.6,0.4,0.5,1*37,1763494325888
NMEA,$PSSGR,GSA,A,3,03,04,08,09,21,27,30,,,,,,0.6,0.4,0.5,1,8*41,1763494325888
NMEA,$GNGSA,A,3,65,72,75,76,,,,,,,,,0.6,0.4,0.5,2*30,1763494325888
NMEA,$GNGSA,A,3,02,03,05,08,13,16,25,30,,,,,0.6,0.4,0.5,3*39,1763494325888
NMEA,$PSSGR,GSA,A,3,302,303,305,308,313,316,325,330,,,,,0.6,0.4,0.5,3,1*44,1763494325888
NMEA,$GNGSA,A,3,19,20,22,32,36,37,,,,,,,0.6,0.4,0.5,4*39,1763494325888
NMEA,$PSSGR,GSA,A,3,219,220,222,232,236,237,,,,,,,0.6,0.4,0.5,4,5*40,1763494325888
NMEA,$GNVTG,359.4,T,346.6,M,1.0,N,1.9,K,E*3C,1763494325888
NMEA,$GNDTM,W84,,0000.000000,N,00000.000000,E,0.000,W84*41,1763494325888
NMEA,$GNRMC,193206.00,A,3725.862004,N,12209.318578,W,1.0,359.4,181125,12.8,E,E,V*74,1763494325888
NMEA,$GNGNS,193206.00,3725.862004,N,12209.318578,W,EEEEEE,28,0.4,21.0,-32.6,,,V*2B,1763494325888
NMEA,$GNGGA,193206.00,3725.862004,N,12209.318578,W,6,12,0.4,21.0,M,-32.6,M,,*75,1763494325888
NMEA,$PSMSG,magcal=PASS,bluesky=0*00,1763494325893
NMEA,$GPGSV,4,1,13,03,17,173,40,04,53,102,46,07,53,282,40,08,18,125,47,1*6D,1763494326858
NMEA,$GPGSV,4,2,13,09,77,001,44,11,03,293,29,16,33,049,41,20,14,318,42,1*6C,1763494326858
NMEA,$GPGSV,4,3,13,21,15,319,43,27,19,093,39,30,26,265,32,46,00,000,40,1*66,1763494326858
NMEA,$GPGSV,4,4,13,48,00,000,42,1*5C,1763494326858
NMEA,$GPGSV,2,1,08,03,17,173,33,04,53,102,36,08,18,125,26,09,77,001,39,8*63,1763494326858
NMEA,$GPGSV,2,2,08,11,03,293,17,21,15,319,36,27,19,093,26,30,26,265,33,8*64,1763494326858
NMEA,$GLGSV,1,1,04,12,64,232,40,11,51,029,44,01,75,114,38,08,20,137,41,1*73,1763494326858
NMEA,$GAGSV,3,1,11,02,52,173,40,03,66,077,41,05,19,109,42,07,02,299,18,7*7E,1763494326858
NMEA,$GAGSV,3,2,11,08,49,316,41,13,12,275,36,15,05,227,27,16,33,049,42,7*7D,1763494326858
NMEA,$GAGSV,3,3,11,25,54,069,41,26,03,323,42,30,07,203,29,7*42,1763494326858
NMEA,$GAGSV,2,1,08,02,52,173,31,03,66,077,34,05,19,109,19,08,49,316,39,1*7E,1763494326858
NMEA,$GAGSV,2,2,08,13,12,275,28,16,33,049,33,25,54,069,35,30,07,203,26,1*72,1763494326858
NMEA,$GBGSV,2,1,07,37,47,047,45,36,19,233,36,32,14,144,42,22,05,320,44,1*7A,1763494326858
NMEA,$GBGSV,2,2,07,20,69,160,44,19,56,311,47,04,03,265,34,1*41,1763494326858
NMEA,$GBGSV,2,1,05,19,56,311,45,20,69,160,38,32,14,144,42,36,19,233,37,3*72,1763494326858
NMEA,$GBGSV,2,2,05,37,47,047,45,3*44,1763494326858
NMEA,$GBGSV,2,1,06,19,56,311,36,20,69,160,35,22,05,320,30,32,14,144,27,5*71,1763494326858
NMEA,$GBGSV,2,2,06,36,19,233,26,37,47,047,33,5*7B,1763494326858
NMEA,$GNGSA,A,3,03,04,07,08,09,16,20,21,27,30,,,0.6,0.4,0.5,1*37,1763494326877
NMEA,$PSSGR,GSA,A,3,03,04,08,09,21,27,30,,,,,,0.6,0.4,0.5,1,8*41,1763494326877
NMEA,$GNGSA,A,3,65,72,75,76,,,,,,,,,0.6,0.4,0.5,2*30,1763494326877
NMEA,$GNGSA,A,3,02,03,05,08,13,16,25,30,,,,,0.6,0.4,0.5,3*39,1763494326877
NMEA,$PSSGR,GSA,A,3,302,303,305,308,313,316,325,330,,,,,0.6,0.4,0.5,3,1*44,1763494326877
NMEA,$GNGSA,A,3,19,20,22,32,36,37,,,,,,,0.6,0.4,0.5,4*39,1763494326877
NMEA,$PSSGR,GSA,A,3,219,220,222,232,236,237,,,,,,,0.6,0.4,0.5,4,5*40,1763494326877
NMEA,$GNVTG,359.4,T,346.6,M,1.1,N,2.1,K,E*36,1763494326877
NMEA,$GNDTM,W84,,0000.000000,N,00000.000000,E,0.000,W84*41,1763494326877
NMEA,$GNRMC,193207.00,A,3725.862246,N,12209.318784,W,1.1,359.4,181125,12.8,E,E,V*71,1763494326877
NMEA,$GNGNS,193207.00,3725.862246,N,12209.318784,W,EEEEEE,28,0.4,21.0,-32.6,,,V*2F,1763494326877
NMEA,$GNGGA,193207.00,3725.862246,N,12209.318784,W,6,12,0.4,21.0,M,-32.6,M,,*71,1763494326877
NMEA,$PSMSG,magcal=PASS,bluesky=0*00,1763494326885
NMEA,$GPGSV,4,1,13,03,17,173,38,04,53,102,46,07,53,282,40,08,18,125,48,1*6D,1763494327862
NMEA,$GPGSV,4,2,13,09,77,001,44,11,03,293,29,16,33,049,41,20,14,318,42,1*6C,1763494327862
NMEA,$GPGSV,4,3,13,21,15,319,43,27,19,093,42,30,26,265,33,46,00,000,39,1*65,1763494327862
NMEA,$GPGSV,4,4,13,48,00,000,42,1*5C,1763494327862
NMEA,$GPGSV,2,1,08,03,17,173,34,04,53,102,36,08,18,125,23,09,77,001,39,8*61,1763494327862
NMEA,$GPGSV,2,2,08,11,03,293,23,21,15,319,36,27,19,093,25,30,26,265,32,8*61,1763494327862
NMEA,$GLGSV,1,1,04,12,64,232,41,11,51,029,45,01,75,114,40,08,20,137,41,1*7C,1763494327862
NMEA,$GAGSV,3,1,11,02,52,173,41,03,66,077,42,05,19,109,41,07,02,299,18,7*7F,1763494327862
NMEA,$GAGSV,3,2,11,08,49,316,41,13,12,275,35,15,05,227,27,16,33,049,42,7*7E,1763494327862
NMEA,$GAGSV,3,3,11,25,54,069,41,26,03,323,42,30,07,203,29,7*42,1763494327862
NMEA,$GAGSV,2,1,08,02,52,173,33,03,66,077,36,05,19,109,22,08,49,316,40,1*78,1763494327862
NMEA,$GAGSV,2,2,08,13,12,275,27,16,33,049,33,25,54,069,36,30,07,203,23,1*7B,1763494327862
NMEA,$GBGSV,2,1,07,37,47,047,45,36,19,233,37,32,14,144,42,22,05,320,43,1*7C,1763494327862
NMEA,$GBGSV,2,2,07,20,69,160,46,19,56,311,45,04,03,265,28,1*4C,1763494327862
NMEA,$GBGSV,2,1,05,19,56,311,46,20,69,160,40,32,14,144,42,36,19,233,37,3*7E,1763494327862
NMEA,$GBGSV,2,2,05,37,47,047,45,3*44,1763494327862
NMEA,$GBGSV,2,1,06,19,56,311,38,20,69,160,34,22,05,320,31,32,14,144,27,5*7F,1763494327862
NMEA,$GBGSV,2,2,06,36,19,233,21,37,47,047,32,5*7D,1763494327862
NMEA,$GNGSA,A,3,03,04,07,08,09,16,20,21,27,30,,,0.6,0.4,0.5,1*37,1763494327881
NMEA,$PSSGR,GSA,A,3,03,04,08,09,21,27,30,,,,,,0.6,0.4,0.5,1,8*41,1763494327881
NMEA,$GNGSA,A,3,65,72,75,76,,,,,,,,,0.6,0.4,0.5,2*30,1763494327881
NMEA,$GNGSA,A,3,02,03,05,08,13,16,25,30,,,,,0.6,0.4,0.5,3*39,1763494327881
NMEA,$PSSGR,GSA,A,3,302,303,305,308,313,316,325,330,,,,,0.6,0.4,0.5,3,1*44,1763494327881
NMEA,$GNGSA,A,3,19,20,22,32,36,37,,,,,,,0.6,0.4,0.5,4*39,1763494327881
NMEA,$PSSGR,GSA,A,3,219,220,222,232,236,237,,,,,,,0.6,0.4,0.5,4,5*40,1763494327881
NMEA,$GNVTG,359.4,T,346.6,M,1.0,N,1.8,K,E*3D,1763494327881
NMEA,$GNDTM,W84,,0000.000000,N,00000.000000,E,0.000,W84*41,1763494327881
NMEA,$GNRMC,193208.00,A,3725.862485,N,12209.318946,W,1.0,359.4,181125,12.8,E,E,V*76,1763494327881
NMEA,$GNGNS,193208.00,3725.862485,N,12209.318946,W,EEEEEE,28,0.4,21.0,-32.6,,,V*29,1763494327881
NMEA,$GNGGA,193208.00,3725.862485,N,12209.318946,W,6,12,0.4,21.0,M,-32.6,M,,*77,1763494327881
NMEA,$PSMSG,magcal=PASS,bluesky=0*00,1763494327889
NMEA,$GPGSV,3,1,12,03,17,173,39,04,53,102,45,07,53,282,38,08,18,125,47,1*69,1763494328858
NMEA,$GPGSV,3,2,12,09,77,001,44,16,33,049,44,20,14,318,41,21,15,319,40,1*64,1763494328858
NMEA,$GPGSV,3,3,12,27,19,093,42,30,26,265,35,46,00,000,39,48,00,000,43,1*65,1763494328858
NMEA,$GPGSV,2,1,08,03,17,173,32,04,53,102,36,08,18,125,21,09,77,001,38,8*64,1763494328858
NMEA,$GPGSV,2,2,08,11,03,293,23,21,15,319,37,27,19,093,29,30,26,265,30,8*6E,1763494328858
NMEA,$GLGSV,1,1,04,12,64,232,42,11,51,029,44,01,75,114,40,08,20,137,41,1*7E,1763494328858
NMEA,$GAGSV,3,1,11,02,52,173,44,03,66,077,42,05,19,109,38,07,02,299,18,7*74,1763494328858
NMEA,$GAGSV,3,2,11,08,49,316,40,13,12,275,31,15,05,227,29,16,33,049,44,7*73,1763494328858
NMEA,$GAGSV,3,3,11,25,54,069,41,26,03,323,38,30,07,203,36,7*41,1763494328858
NMEA,$GAGSV,2,1,08,02,52,173,33,03,66,077,37,05,19,109,28,08,49,316,39,1*7D,1763494328858
NMEA,$GAGSV,2,2,08,13,12,275,24,16,33,049,32,25,54,069,37,30,07,203,25,1*7E,1763494328858
NMEA,$GBGSV,2,1,07,37,47,047,45,36,19,233,39,32,14,144,39,22,05,320,38,1*72,1763494328858
NMEA,$GBGSV,2,2,07,20,69,160,45,19,56,311,43,04,03,265,28,1*49,1763494328858
NMEA,$GBGSV,2,1,05,19,56,311,43,20,69,160,39,32,14,144,41,36,19,233,39,3*78,1763494328858
NMEA,$GBGSV,2,2,05,37,47,047,45,3*44,1763494328858
NMEA,$GBGSV,2,1,06,19,56,311,38,20,69,160,32,22,05,320,32,32,14,144,24,5*79,1763494328858
NMEA,$GBGSV,2,2,06,36,19,233,25,37,47,047,32,5*79,1763494328858
NMEA,$GNGSA,A,3,03,04,07,08,09,16,20,21,27,30,,,0.6,0.4,0.5,1*37,1763494328876
NMEA,$PSSGR,GSA,A,3,03,04,08,09,21,27,30,,,,,,0.6,0.4,0.5,1,8*41,1763494328876
NMEA,$GNGSA,A,3,65,72,75,76,,,,,,,,,0.6,0.4,0.5,2*30,1763494328876
NMEA,$GNGSA,A,3,02,03,05,08,13,16,25,30,,,,,0.6,0.4,0.5,3*39,1763494328876
NMEA,$PSSGR,GSA,A,3,302,303,305,308,313,316,325,330,,,,,0.6,0.4,0.5,3,1*44,1763494328876
NMEA,$GNGSA,A,3,19,20,22,32,36,37,,,,,,,0.6,0.4,0.5,4*39,1763494328876
NMEA,$PSSGR,GSA,A,3,219,220,222,232,236,237,,,,,,,0.6,0.4,0.5,4,5*40,1763494328876
NMEA,$GNVTG,359.4,T,346.6,M,1.0,N,1.9,K,E*3C,1763494328876
NMEA,$GNDTM,W84,,0000.000000,N,00000.000000,E,0.000,W84*41,1763494328876
NMEA,$GNRMC,193209.00,A,3725.862771,N,12209.318991,W,1.0,359.4,181125,12.8,E,E,V*75,1763494328876
NMEA,$GNGNS,193209.00,3725.862771,N,12209.318991,W,EEEEEE,28,0.4,21.0,-32.6,,,V*2A,1763494328876
NMEA,$GNGGA,193209.00,3725.862771,N,12209.318991,W,6,12,0.4,21.0,M,-32.6,M,,*74,1763494328876
NMEA,$PSMSG,magcal=PASS,bluesky=0*00,1763494328882
NMEA,$GPGSV,3,1,12,03,17,173,39,04,53,102,45,07,53,282,41,08,18,125,46,1*66,1763494329859
NMEA,$GPGSV,3,2,12,09,77,001,44,16,33,049,44,20,14,318,41,21,15,319,41,1*65,1763494329859
NMEA,$GPGSV,3,3,12,27,19,093,42,30,26,265,35,46,00,000,37,48,00,000,41,1*69,1763494329859
NMEA,$GPGSV,2,1,08,03,17,173,29,04,53,102,34,08,18,125,25,09,77,001,34,8*64,1763494329859
NMEA,$GPGSV,2,2,08,11,03,293,19,21,15,319,37,27,19,093,28,30,26,265,31,8*67,1763494329859
NMEA,$GLGSV,1,1,04,12,64,232,43,11,51,029,43,01,75,114,38,08,20,137,44,1*72,1763494329859
NMEA,$GAGSV,3,1,11,02,52,173,46,03,66,077,42,05,19,109,35,07,02,299,18,7*7B,1763494329859
NMEA,$GAGSV,3,2,11,08,49,316,39,13,12,275,32,15,05,227,27,16,33,049,46,7*72,1763494329859
NMEA,$GAGSV,3,3,11,25,54,069,42,26,03,323,36,30,07,203,34,7*4E,1763494329859
NMEA,$GAGSV,2,1,08,02,52,173,36,03,66,077,37,05,19,109,29,08,49,316,39,1*79,1763494329859
NMEA,$GAGSV,2,2,08,13,12,275,24,16,33,049,26,25,54,069,38,30,07,203,24,1*75,1763494329859
NMEA,$GBGSV,2,1,07,37,47,047,45,36,19,233,38,32,14,144,37,22,05,320,36,1*73,1763494329859
NMEA,$GBGSV,2,2,07,20,69,160,45,19,56,311,46,04,03,265,28,1*4C,1763494329859
NMEA,$GBGSV,2,1,05,19,56,311,41,20,69,160,43,32,14,144,38,36,19,233,39,3*79,1763494329859
NMEA,$GBGSV,2,2,05,37,47,047,46,3*47,1763494329859
NMEA,$GBGSV,2,1,06,19,56,311,41,20,69,160,30,22,05,320,31,32,14,144,24,5*76,1763494329859
NMEA,$GBGSV,2,2,06,36,19,233,21,37,47,047,30,5*7F,1763494329859
NMEA,$GNGSA,A,3,03,04,07,08,09,16,20,21,27,30,,,0.6,0.4,0.5,1*37,1763494329877
NMEA,$PSSGR,GSA,A,3,03,04,08,09,21,27,30,,,,,,0.6,0.4,0.5,1,8*41,1763494329877
NMEA,$GNGSA,A,3,65,72,75,76,,,,,,,,,0.6,0.4,0.5,2*30,1763494329877
NMEA,$GNGSA,A,3,02,03,05,08,13,16,25,30,,,,,0.6,0.4,0.5,3*39,1763494329877
NMEA,$PSSGR,GSA,A,3,302,303,305,308,313,316,325,330,,,,,0.6,0.4,0.5,3,1*44,1763494329877
NMEA,$GNGSA,A,3,19,20,22,32,36,37,,,,,,,0.6,0.4,0.5,4*39,1763494329877
NMEA,$PSSGR,GSA,A,3,219,220,222,232,236,237,,,,,,,0.6,0.4,0.5,4,5*40,1763494329877
NMEA,$GNVTG,359.4,T,346.6,M,0.9,N,1.7,K,E*3A,1763494329877
NMEA,$GNDTM,W84,,0000.000000,N,00000.000000,E,0.000,W84*41,1763494329877
NMEA,$GNRMC,193210.00,A,3725.863049,N,12209.318913,W,0.9,359.4,181125,12.8,E,E,V*72,1763494329877
NMEA,$GNGNS,193210.00,3725.863049,N,12209.318913,W,EEEEEE,28,0.4,21.2,-32.6,,,V*27,1763494329877
NMEA,$GNGGA,193210.00,3725.863049,N,12209.318913,W,6,12,0.4,21.2,M,-32.6,M,,*79,1763494329877
NMEA,$PSMSG,magcal=PASS,bluesky=0*00,1763494329882
NMEA,$GPGSV,4,1,13,03,17,173,37,04,53,102,47,07,53,282,42,08,18,125,47,1*6E,1763494330856
NMEA,$GPGSV,4,2,13,09,77,001,45,11,03,293,27,16,33,049,43,20,14,318,39,1*6D,1763494330856
NMEA,$GPGSV,4,3,13,21,15,319,42,27,19,093,42,30,26,265,33,46,00,000,35,1*68,1763494330856
NMEA,$GPGSV,4,4,13,48,00,000,41,1*5F,1763494330856
NMEA,$GPGSV,2,1,08,03,17,173,29,04,53,102,34,08,18,125,26,09,77,001,37,8*64,1763494330856
NMEA,$GPGSV,2,2,08,11,03,293,19,21,15,319,38,27,19,093,30,30,26,265,29,8*68,1763494330856
NMEA,$GLGSV,1,1,04,12,64,232,42,11,51,029,43,01,75,114,39,08,20,137,44,1*72,1763494330856
NMEA,$GAGSV,3,1,11,02,52,173,45,03,66,077,42,05,19,109,34,07,02,299,18,7*79,1763494330856
NMEA,$GAGSV,3,2,11,08,49,316,37,13,12,275,34,15,05,227,26,16,33,049,45,7*78,1763494330856
NMEA,$GAGSV,3,3,11,25,54,069,42,26,03,323,36,30,07,203,35,7*4F,1763494330856
NMEA,$GAGSV,2,1,08,02,52,173,35,03,66,077,37,05,19,109,26,08,49,316,39,1*75,1763494330856
NMEA,$GAGSV,2,2,08,13,12,275,25,16,33,049,29,25,54,069,38,30,07,203,24,1*7B,1763494330856
NMEA,$GBGSV,2,1,07,37,47,047,45,36,19,233,38,32,14,144,41,22,05,320,35,1*71,1763494330856
NMEA,$GBGSV,2,2,07,20,69,160,42,19,56,311,46,04,03,265,28,1*4B,1763494330856
NMEA,$GBGSV,2,1,05,19,56,311,42,20,69,160,43,32,14,144,42,36,19,233,39,3*77,1763494330856
NMEA,$GBGSV,2,2,05,37,47,047,45,3*44,1763494330856
NMEA,$GBGSV,2,1,06,19,56,311,39,20,69,160,31,22,05,320,29,32,14,144,25,5*70,1763494330856
NMEA,$GBGSV,2,2,06,36,19,233,23,37,47,047,30,5*7D,1763494330856
NMEA,$GNGSA,A,3,03,04,07,08,09,16,20,21,27,30,,,0.6,0.4,0.5,1*37,1763494330869
NMEA,$PSSGR,GSA,A,3,03,04,08,09,21,27,30,,,,,,0.6,0.4,0.5,1,8*41,1763494330869
NMEA,$GNGSA,A,3,65,72,75,76,,,,,,,,,0.6,0.4,0.5,2*30,1763494330869
NMEA,$GNGSA,A,3,02,03,05,08,13,16,25,30,,,,,0.6,0.4,0.5,3*39,1763494330869
NMEA,$PSSGR,GSA,A,3,302,303,305,308,313,316,325,330,,,,,0.6,0.4,0.5,3,1*44,1763494330869
NMEA,$GNGSA,A,3,19,20,22,32,36,37,,,,,,,0.6,0.4,0.5,4*39,1763494330869
NMEA,$PSSGR,GSA,A,3,219,220,222,232,236,237,,,,,,,0.6,0.4,0.5,4,5*40,1763494330869
NMEA,$GNVTG,359.4,T,346.6,M,0.9,N,1.7,K,E*3A,1763494330869
NMEA,$GNDTM,W84,,0000.000000,N,00000.000000,E,0.000,W84*41,1763494330869
NMEA,$GNRMC,193211.00,A,3725.863337,N,12209.318840,W,0.9,359.4,181125,12.8,E,E,V*7E,1763494330869
NMEA,$GNGNS,193211.00,3725.863337,N,12209.318840,W,EEEEEE,28,0.4,21.1,-32.6,,,V*28,1763494330869
NMEA,$GNGGA,193211.00,3725.863337,N,12209.318840,W,6,12,0.4,21.1,M,-32.6,M,,*76,1763494330869
NMEA,$PSMSG,magcal=PASS,bluesky=0*00,1763494330876
NMEA,$GPGSV,4,1,13,03,17,173,37,04,53,102,43,07,53,282,42,08,18,125,45,1*68,1763494331861
NMEA,$GPGSV,4,2,13,09,77,001,44,11,03,293,27,16,33,049,44,20,14,318,38,1*6A,1763494331861
NMEA,$GPGSV,4,3,13,21,15,319,43,27,19,093,42,30,26,265,36,46,00,000,42,1*6C,1763494331861
NMEA,$GPGSV,4,4,13,48,00,000,43,1*5D,1763494331861
NMEA,$GPGSV,2,1,08,03,17,173,29,04,53,102,36,08,18,125,27,09,77,001,40,8*67,1763494331861
NMEA,$GPGSV,2,2,08,11,03,293,19,21,15,319,38,27,19,093,28,30,26,265,31,8*68,1763494331861
NMEA,$GLGSV,1,1,04,12,64,232,40,11,51,029,42,01,75,114,39,08,20,137,42,1*77,1763494331861
NMEA,$GAGSV,3,1,11,02,52,173,41,03,66,077,41,05,19,109,39,07,02,299,18,7*73,1763494331861
NMEA,$GAGSV,3,2,11,08,49,316,41,13,12,275,34,15,05,227,27,16,33,049,44,7*79,1763494331861
NMEA,$GAGSV,3,3,11,25,54,069,43,26,03,323,40,30,07,203,32,7*48,1763494331861
NMEA,$GAGSV,2,1,08,02,52,173,35,03,66,077,38,05,19,109,27,08,49,316,39,1*7B,1763494331861
NMEA,$GAGSV,2,2,08,13,12,275,30,16,33,049,32,25,54,069,37,30,07,203,25,1*7B,1763494331861
NMEA,$GBGSV,2,1,07,37,47,047,45,36,19,233,40,32,14,144,43,22,05,320,36,1*7F,1763494331861
NMEA,$GBGSV,2,2,07,20,69,160,42,19,56,311,45,04,03,265,28,1*48,1763494331861
NMEA,$GBGSV,2,1,05,19,56,311,42,20,69,160,41,32,14,144,43,36,19,233,40,3*7A,1763494331861
NMEA,$GBGSV,2,2,05,37,47,047,46,3*47,1763494331861
NMEA,$GBGSV,2,1,06,19,56,311,36,20,69,160,32,22,05,320,32,32,14,144,23,5*70,1763494331861
NMEA,$GBGSV,2,2,06,36,19,233,24,37,47,047,33,5*79,1763494331861
NMEA,$GNGSA,A,3,03,04,07,08,09,16,20,21,27,30,,,0.6,0.4,0.5,1*37,1763494331880
NMEA,$PSSGR,GSA,A,3,03,04,08,09,21,27,30,,,,,,0.6,0.4,0.5,1,8*41,1763494331880
NMEA,$GNGSA,A,3,65,72,75,76,,,,,,,,,0.6,0.4,0.5,2*30,1763494331880
NMEA,$GNGSA,A,3,02,03,05,08,13,16,25,30,,,,,0.6,0.4,0.5,3*39,1763494331880
NMEA,$PSSGR,GSA,A,3,302,303,305,308,313,316,325,330,,,,,0.6,0.4,0.5,3,1*44,1763494331880
NMEA,$GNGSA,A,3,19,20,22,32,36,37,,,,,,,0.6,0.4,0.5,4*39,1763494331880
NMEA,$PSSGR,GSA,A,3,219,220,222,232,236,237,,,,,,,0.6,0.4,0.5,4,5*40,1763494331880
NMEA,$GNVTG,359.4,T,346.6,M,0.5,N,0.9,K,E*39,1763494331880
NMEA,$GNDTM,W84,,0000.000000,N,00000.000000,E,0.000,W84*41,1763494331880
NMEA,$GNRMC,193212.00,A,3725.863452,N,12209.318782,W,0.5,359.4,181125,12.8,E,E,V*74,1763494331880
NMEA,$GNGNS,193212.00,3725.863452,N,12209.318782,W,EEEEEE,28,0.4,21.4,-32.6,,,V*2B,1763494331880
NMEA,$GNGGA,193212.00,3725.863452,N,12209.318782,W,6,12,0.4,21.4,M,-32.6,M,,*75,1763494331880
NMEA,$PSMSG,magcal=PASS,bluesky=0*00,1763494331886
NMEA,$GPGSV,3,1,12,03,17,173,37,04,53,102,44,07,53,282,42,08,18,125,45,1*69,1763494332859
NMEA,$GPGSV,3,2,12,09,77,001,43,16,33,049,44,20,14,318,37,21,15,319,43,1*61,1763494332859
NMEA,$GPGSV,3,3,12,27,19,093,40,30,26,265,36,46,00,000,42,48,00,000,43,1*68,1763494332859
NMEA,$GPGSV,2,1,08,03,17,173,28,04,53,102,36,08,18,125,25,09,77,001,40,8*64,1763494332859
NMEA,$GPGSV,2,2,08,11,03,293,23,21,15,319,38,27,19,093,28,30,26,265,30,8*60,1763494332859
NMEA,$GLGSV,1,1,04,12,64,232,38,11,51,029,42,01,75,114,39,08,20,137,42,1*78,1763494332859
NMEA,$GAGSV,3,1,11,02,52,173,39,03,66,077,41,05,19,109,38,07,02,299,18,7*7D,1763494332859
NMEA,$GAGSV,3,2,11,08,49,316,41,13,12,275,34,15,05,227,30,16,33,049,45,7*7E,1763494332859
NMEA,$GAGSV,3,3,11,25,54,069,43,26,03,323,39,30,07,203,34,7*40,1763494332859
NMEA,$GAGSV,2,1,08,02,52,173,34,03,66,077,38,05,19,109,26,08,49,316,39,1*7B,1763494332859
NMEA,$GAGSV,2,2,08,13,12,275,28,16,33,049,33,25,54,069,37,30,07,203,24,1*72,1763494332859
NMEA,$GBGSV,2,1,07,37,47,047,46,36,19,233,41,32,14,144,42,22,05,320,38,1*72,1763494332859
NMEA,$GBGSV,2,2,07,20,69,160,43,19,56,311,42,04,03,265,28,1*4E,1763494332859
NMEA,$GBGSV,2,1,05,19,56,311,40,20,69,160,43,32,14,144,42,36,19,233,41,3*7A,1763494332859
NMEA,$GBGSV,2,2,05,37,47,047,46,3*47,1763494332859
NMEA,$GBGSV,2,1,06,19,56,311,37,20,69,160,33,22,05,320,33,32,14,144,24,5*76,1763494332859
NMEA,$GBGSV,2,2,06,36,19,233,26,37,47,047,32,5*7A,1763494332859
NMEA,$GNGSA,A,3,03,04,07,08,09,16,20,21,27,30,,,0.6,0.4,0.5,1*37,1763494332875
NMEA,$PSSGR,GSA,A,3,03,04,08,09,21,27,30,,,,,,0.6,0.4,0.5,1,8*41,1763494332875
NMEA,$GNGSA,A,3,65,72,75,76,,,,,,,,,0.6,0.4,0.5,2*30,1763494332875
NMEA,$GNGSA,A,3,02,03,05,08,13,16,25,30,,,,,0.6,0.4,0.5,3*39,1763494332875
NMEA,$PSSGR,GSA,A,3,302,303,305,308,313,316,325,,,,,,0.6,0.4,0.5,3,1*74,1763494332875
NMEA,$GNGSA,A,3,19,20,22,32,36,37,,,,,,,0.6,0.4,0.5,4*39,1763494332875
NMEA,$PSSGR,GSA,A,3,219,220,222,232,236,237,,,,,,,0.6,0.4,0.5,4,5*40,1763494332875
NMEA,$GNVTG,359.4,T,346.6,M,0.8,N,1.5,K,E*39,1763494332875
NMEA,$GNDTM,W84,,0000.000000,N,00000.000000,E,0.000,W84*41,1763494332875
NMEA,$GNRMC,193213.00,A,3725.863660,N,12209.318730,W,0.8,359.4,181125,12.8,E,E,V*72,1763494332875
NMEA,$GNGNS,193213.00,3725.863660,N,12209.318730,W,EEEEEE,28,0.4,21.2,-32.6,,,V*26,1763494332875
NMEA,$GNGGA,193213.00,3725.863660,N,12209.318730,W,6,12,0.4,21.2,M,-32.6,M,,*78,1763494332875
NMEA,$PSMSG,magcal=PASS,bluesky=0*00,1763494332879
NMEA,$GPGSV,3,1,12,03,17,173,33,04,53,102,44,07,53,282,42,08,18,125,44,1*6C,1763494333868
NMEA,$GPGSV,3,2,12,09,77,001,45,16,33,049,44,20,14,318,31,21,15,319,38,1*6D,1763494333868
NMEA,$GPGSV,3,3,12,27,19,093,44,30,26,265,36,46,00,000,42,48,00,000,45,1*6A,1763494333868
NMEA,$GPGSV,2,1,08,03,17,173,22,04,53,102,34,08,18,125,29,09,77,001,37,8*60,1763494333868
NMEA,$GPGSV,2,2,08,11,03,293,27,21,15,319,37,27,19,093,31,30,26,265,32,8*61,1763494333868
NMEA,$GLGSV,1,1,04,12,64,232,39,11,51,029,43,01,75,114,40,08,20,137,39,1*7A,1763494333868
NMEA,$GAGSV,3,1,11,02,52,173,42,03,66,077,42,05,19,109,38,07,02,299,18,7*72,1763494333868
NMEA,$GAGSV,3,2,11,08,49,316,37,13,12,275,39,15,05,227,33,16,33,049,45,7*71,1763494333868
NMEA,$GAGSV,3,3,11,25,54,069,44,26,03,323,38,30,07,203,34,7*46,1763494333868
NMEA,$GAGSV,2,1,08,02,52,173,35,03,66,077,37,05,19,109,30,08,49,316,39,1*72,1763494333868
NMEA,$GAGSV,2,2,08,13,12,275,24,16,33,049,28,25,54,069,38,30,07,203,24,1*7B,1763494333868
NMEA,$GBGSV,2,1,07,37,47,047,47,36,19,233,42,32,14,144,35,22,05,320,36,1*7E,1763494333868
NMEA,$GBGSV,2,2,07,20,69,160,44,19,56,311,42,04,03,265,25,1*44,1763494333868
NMEA,$GBGSV,2,1,05,19,56,311,39,20,69,160,44,32,14,144,36,36,19,233,42,3*73,1763494333868
NMEA,$GBGSV,2,2,05,37,47,047,46,3*47,1763494333868
NMEA,$GBGSV,2,1,06,19,56,311,39,20,69,160,31,22,05,320,34,32,14,144,26,5*7F,1763494333868
NMEA,$GBGSV,2,2,06,36,19,233,23,37,47,047,31,5*7C,1763494333868
NMEA,$GNGSA,A,3,03,04,07,08,09,16,20,21,27,30,,,0.6,0.4,0.5,1*37,1763494333882
NMEA,$PSSGR,GSA,A,3,03,04,08,09,21,27,30,,,,,,0.6,0.4,0.5,1,8*41,1763494333882
NMEA,$GNGSA,A,3,65,72,75,76,,,,,,,,,0.6,0.4,0.5,2*30,1763494333882
NMEA,$GNGSA,A,3,02,03,05,08,13,16,25,30,,,,,0.6,0.4,0.5,3*39,1763494333882
NMEA,$PSSGR,GSA,A,3,302,303,305,308,313,316,325,,,,,,0.6,0.4,0.5,3,1*74,1763494333882
NMEA,$GNGSA,A,3,19,20,22,32,36,37,,,,,,,0.6,0.4,0.5,4*39,1763494333882
NMEA,$PSSGR,GSA,A,3,219,220,222,232,236,237,,,,,,,0.6,0.4,0.5,4,5*40,1763494333882
NMEA,$GNVTG,359.4,T,346.6,M,1.0,N,1.9,K,E*3C,1763494333882
NMEA,$GNDTM,W84,,0000.000000,N,00000.000000,E,0.000,W84*41,1763494333882
NMEA,$GNRMC,193214.00,A,3725.863905,N,12209.318619,W,1.0,359.4,181125,12.8,E,E,V*7A,1763494333882
NMEA,$GNGNS,193214.00,3725.863905,N,12209.318619,W,EEEEEE,28,0.4,21.2,-32.6,,,V*27,1763494333882
NMEA,$GNGGA,193214.00,3725.863905,N,12209.318619,W,6,12,0.4,21.2,M,-32.6,M,,*79,1763494333882
NMEA,$PSMSG,magcal=PASS,bluesky=0*00,1763494333888
NMEA,$GPGSV,3,1,12,03,17,173,34,04,53,102,43,07,53,282,43,08,18,125,45,1*6C,1763494334866
NMEA,$GPGSV,3,2,12,09,77,001,44,16,33,049,43,20,14,318,35,21,15,319,34,1*63,1763494334866
NMEA,$GPGSV,3,3,12,27,19,093,44,30,26,265,35,46,00,000,42,48,00,000,45,1*69,1763494334866
NMEA,$GPGSV,2,1,08,03,17,173,26,04,53,102,34,08,18,125,33,09,77,001,36,8*6E,1763494334866
NMEA,$GPGSV,2,2,08,11,03,293,27,21,15,319,36,27,19,093,31,30,26,265,30,8*62,1763494334866
NMEA,$GLGSV,1,1,04,12,64,232,40,11,51,029,40,01,75,114,40,08,20,137,38,1*76,1763494334866
NMEA,$GAGSV,3,1,11,02,52,173,42,03,66,077,42,05,19,109,41,07,02,299,18,7*7C,1763494334866
NMEA,$GAGSV,3,2,11,08,49,316,37,13,12,275,43,15,05,227,33,16,33,049,45,7*7C,1763494334866
NMEA,$GAGSV,3,3,11,25,54,069,46,26,03,323,38,30,07,203,34,7*44,1763494334866
NMEA,$GAGSV,2,1,08,02,52,173,35,03,66,077,37,05,19,109,32,08,49,316,37,1*7E,1763494334866
NMEA,$GAGSV,2,2,08,13,12,275,26,16,33,049,28,25,54,069,38,30,07,203,24,1*79,1763494334866
NMEA,$GBGSV,2,1,07,37,47,047,47,36,19,233,42,32,14,144,35,22,05,320,36,1*7E,1763494334866
NMEA,$GBGSV,2,2,07,20,69,160,44,19,56,311,42,04,03,265,25,1*44,1763494334866
NMEA,$GBGSV,2,1,05,19,56,311,40,20,69,160,43,32,14,144,39,36,19,233,44,3*73,1763494334866
NMEA,$GBGSV,2,2,05,37,47,047,47,3*46,1763494334866
NMEA,$GBGSV,2,1,06,19,56,311,37,20,69,160,35,22,05,320,34,32,14,144,27,5*74,1763494334866
NMEA,$GBGSV,2,2,06,36,19,233,26,37,47,047,23,5*7A,1763494334866
NMEA,$GNGSA,A,3,03,04,07,08,09,16,20,21,27,30,,,0.6,0.4,0.5,1*37,1763494334887
NMEA,$PSSGR,GSA,A,3,03,04,08,09,21,27,30,,,,,,0.6,0.4,0.5,1,8*41,1763494334887
NMEA,$GNGSA,A,3,65,72,75,76,,,,,,,,,0.6,0.4,0.5,2*30,1763494334887
NMEA,$GNGSA,A,3,02,03,05,08,13,16,25,30,,,,,0.6,0.4,0.5,3*39,1763494334887
NMEA,$PSSGR,GSA,A,3,302,303,305,308,313,316,325,,,,,,0.6,0.4,0.5,3,1*74,1763494334887
NMEA,$GNGSA,A,3,19,20,22,32,36,37,,,,,,,0.6,0.4,0.5,4*39,1763494334887
NMEA,$PSSGR,GSA,A,3,219,220,222,232,236,237,,,,,,,0.6,0.4,0.5,4,5*40,1763494334887
NMEA,$GNVTG,359.4,T,346.6,M,1.0,N,1.9,K,E*3C,1763494334887
NMEA,$GNDTM,W84,,0000.000000,N,00000.000000,E,0.000,W84*41,1763494334887
NMEA,$GNRMC,193215.00,A,3725.864070,N,12209.318389,W,1.0,359.4,181125,12.8,E,E,V*7B,1763494334887
NMEA,$GNGNS,193215.00,3725.864070,N,12209.318389,W,EEEEEE,28,0.4,21.1,-32.6,,,V*25,1763494334887
NMEA,$GNGGA,193215.00,3725.864070,N,12209.318389,W,6,12,0.4,21.1,M,-32.6,M,,*7B,1763494334887
NMEA,$PSMSG,magcal=PASS,bluesky=0*00,1763494334893
NMEA,$GPGSV,3,1,12,03,17,173,35,04,53,102,41,07,53,282,41,08,18,125,47,1*6F,1763494335866
NMEA,$GPGSV,3,2,12,09,77,001,42,16,33,049,42,20,14,318,39,21,15,319,37,1*6B,1763494335866
NMEA,$GPGSV,3,3,12,27,19,093,44,30,26,265,43,46,00,000,44,48,00,000,46,1*6D,1763494335866
NMEA,$GPGSV,2,1,08,03,17,173,28,04,53,102,32,08,18,125,33,09,77,001,27,8*66,1763494335866
NMEA,$GPGSV,2,2,08,11,03,293,27,21,15,319,33,27,19,093,35,30,26,265,30,8*63,1763494335866
NMEA,$GLGSV,1,1,04,12,64,232,41,11,51,029,41,01,75,114,40,08,20,137,36,1*78,1763494335866
NMEA,$GAGSV,3,1,11,02,52,173,43,03,66,077,42,05,19,109,42,07,02,299,18,7*7E,1763494335866
NMEA,$GAGSV,3,2,11,08,49,316,39,13,12,275,46,15,05,227,33,16,33,049,44,7*76,1763494335866
NMEA,$GAGSV,3,3,11,25,54,069,44,26,03,323,38,30,07,203,31,7*43,1763494335866
NMEA,$GAGSV,2,1,08,02,52,173,35,03,66,077,34,05,19,109,31,08,49,316,37,1*7E,1763494335866
NMEA,$GAGSV,2,2,08,13,12,275,21,16,33,049,22,25,54,069,37,30,07,203,24,1*7B,1763494335866
NMEA,$GBGSV,2,1,07,37,47,047,47,36,19,233,42,32,14,144,35,22,05,320,36,1*7E,1763494335866
NMEA,$GBGSV,2,2,07,20,69,160,44,19,56,311,42,04,03,265,25,1*44,1763494335866
NMEA,$GBGSV,2,1,05,19,56,311,38,20,69,160,44,32,14,144,42,36,19,233,43,3*70,1763494335866
NMEA,$GBGSV,2,2,05,37,47,047,46,3*47,1763494335866
NMEA,$GBGSV,2,1,06,19,56,311,35,20,69,160,39,22,05,320,32,32,14,144,25,5*7E,1763494335866
NMEA,$GBGSV,2,2,06,36,19,233,21,37,47,047,34,5*7B,1763494335866
NMEA,$GNGSA,A,3,03,04,07,08,09,16,20,21,27,30,,,0.6,0.4,0.5,1*37,1763494335884
NMEA,$PSSGR,GSA,A,3,03,04,08,09,21,27,30,,,,,,0.6,0.4,0.5,1,8*41,1763494335884
NMEA,$GNGSA,A,3,65,72,75,76,,,,,,,,,0.6,0.4,0.5,2*30,1763494335884
NMEA,$GNGSA,A,3,02,03,05,08,13,16,25,30,,,,,0.6,0.4,0.5,3*39,1763494335884
NMEA,$PSSGR,GSA,A,3,302,303,305,308,313,316,325,,,,,,0.6,0.4,0.5,3,1*74,1763494335884
NMEA,$GNGSA,A,3,19,20,22,32,36,37,,,,,,,0.6,0.4,0.5,4*39,1763494335884
NMEA,$PSSGR,GSA,A,3,219,220,222,232,236,237,,,,,,,0.6,0.4,0.5,4,5*40,1763494335884
NMEA,$GNVTG,359.4,T,346.6,M,0.9,N,1.6,K,E*3B,1763494335884
NMEA,$GNDTM,W84,,0000.000000,N,00000.000000,E,0.000,W84*41,1763494335884
NMEA,$GNRMC,193216.00,A,3725.864072,N,12209.318110,W,0.9,359.4,181125,12.8,E,E,V*70,1763494335884
NMEA,$GNGNS,193216.00,3725.864072,N,12209.318110,W,EEEEEE,28,0.4,21.2,-32.6,,,V*25,1763494335884
NMEA,$GNGGA,193216.00,3725.864072,N,12209.318110,W,6,12,0.4,21.2,M,-32.6,M,,*7B,1763494335884
NMEA,$PSMSG,magcal=PASS,bluesky=0*00,1763494335894
NMEA,$GPGSV,3,1,12,03,17,173,36,04,53,102,40,07,53,282,43,08,18,125,47,1*6F,1763494336858
NMEA,$GPGSV,3,2,12,09,77,001,41,16,33,049,41,20,14,318,37,21,15,319,39,1*6B,1763494336858
NMEA,$GPGSV,3,3,12,27,19,093,43,30,26,265,42,46,00,000,44,48,00,000,45,1*68,1763494336858
NMEA,$GPGSV,2,1,08,03,17,173,29,04,53,102,32,08,18,125,34,09,77,001,34,8*62,1763494336858
NMEA,$GPGSV,2,2,08,11,03,293,27,21,15,319,33,27,19,093,36,30,26,265,26,8*67,1763494336858
NMEA,$GLGSV,1,1,04,12,64,232,41,11,51,029,43,01,75,114,40,08,20,137,37,1*7B,1763494336858
NMEA,$GAGSV,3,1,11,02,52,173,44,03,66,077,42,05,19,109,40,07,02,299,18,7*7B,1763494336858
NMEA,$GAGSV,3,2,11,08,49,316,38,13,12,275,45,15,05,227,33,16,33,049,44,7*74,1763494336858
NMEA,$GAGSV,3,3,11,25,54,069,43,26,03,323,38,30,07,203,28,7*4C,1763494336858
NMEA,$GAGSV,2,1,08,02,52,173,34,03,66,077,32,05,19,109,34,08,49,316,35,1*7E,1763494336858
NMEA,$GAGSV,2,2,08,13,12,275,21,16,33,049,28,25,54,069,35,30,07,203,24,1*73,1763494336858
NMEA,$GBGSV,2,1,07,37,47,047,47,36,19,233,42,32,14,144,35,22,05,320,36,1*7E,1763494336858
NMEA,$GBGSV,2,2,07,20,69,160,44,19,56,311,42,04,03,265,25,1*44,1763494336858
NMEA,$GBGSV,2,1,05,19,56,311,39,20,69,160,41,32,14,144,41,36,19,233,41,3*75,1763494336858
NMEA,$GBGSV,2,2,05,37,47,047,44,3*45,1763494336858
NMEA,$GBGSV,2,1,05,19,56,311,35,20,69,160,39,32,14,144,24,36,19,233,23,5*77,1763494336858
NMEA,$GBGSV,2,2,05,37,47,047,33,5*43,1763494336858
NMEA,$GNGSA,A,3,03,04,07,08,09,16,20,21,27,30,,,0.6,0.4,0.5,1*37,1763494336872
NMEA,$PSSGR,GSA,A,3,03,04,08,09,21,27,30,,,,,,0.6,0.4,0.5,1,8*41,1763494336872
NMEA,$GNGSA,A,3,65,72,75,76,,,,,,,,,0.6,0.4,0.5,2*30,1763494336872
NMEA,$GNGSA,A,3,02,03,05,08,13,16,25,30,,,,,0.6,0.4,0.5,3*39,1763494336872
NMEA,$PSSGR,GSA,A,3,302,303,305,308,313,316,325,,,,,,0.6,0.4,0.5,3,1*74,1763494336872
NMEA,$GNGSA,A,3,19,20,22,32,36,37,,,,,,,0.6,0.4,0.5,4*39,1763494336872
NMEA,$PSSGR,GSA,A,3,219,220,222,232,236,237,,,,,,,0.6,0.4,0.5,4,5*40,1763494336872
NMEA,$GNVTG,359.4,T,346.6,M,0.5,N,0.9,K,E*39,1763494336872
NMEA,$GNDTM,W84,,0000.000000,N,00000.000000,E,0.000,W84*41,1763494336872
NMEA,$GNRMC,193217.00,A,3725.864006,N,12209.317926,W,0.5,359.4,181125,12.8,E,E,V*7C,1763494336872
NMEA,$GNGNS,193217.00,3725.864006,N,12209.317926,W,EEEEEE,28,0.4,21.2,-32.6,,,V*25,1763494336872
NMEA,$GNGGA,193217.00,3725.864006,N,12209.317926,W,6,12,0.4,21.2,M,-32.6,M,,*7B,1763494336872
NMEA,$PSMSG,magcal=PASS,bluesky=0*00,1763494336879
NMEA,$GPGSV,4,1,13,03,17,173,37,04,53,102,40,07,53,282,45,08,18,125,47,1*6E,1763494337863
NMEA,$GPGSV,4,2,13,09,77,001,43,11,03,293,31,16,33,049,39,20,14,318,40,1*6F,1763494337863
NMEA,$GPGSV,4,3,13,21,15,319,37,27,19,093,44,30,26,265,39,46,00,000,43,1*67,1763494337863
NMEA,$GPGSV,4,4,13,48,00,000,44,1*5A,1763494337863
NMEA,$GPGSV,2,1,08,03,17,173,31,04,53,102,31,08,18,125,35,09,77,001,35,8*68,1763494337863
NMEA,$GPGSV,2,2,08,11,03,293,27,21,15,319,36,27,19,093,38,30,26,265,24,8*6E,1763494337863
NMEA,$GLGSV,1,1,04,12,64,232,42,11,51,029,43,01,75,114,39,08,20,137,38,1*79,1763494337863
NMEA,$GAGSV,3,1,11,02,52,173,43,03,66,077,42,05,19,109,40,07,02,299,18,7*7C,1763494337863
NMEA,$GAGSV,3,2,11,08,49,316,39,13,12,275,45,15,05,227,33,16,33,049,44,7*75,1763494337863
NMEA,$GAGSV,3,3,11,25,54,069,42,26,03,323,38,30,07,203,29,7*4C,1763494337863
NMEA,$GAGSV,2,1,08,02,52,173,31,03,66,077,25,05,19,109,31,08,49,316,34,1*79,1763494337863
NMEA,$GAGSV,2,2,08,13,12,275,21,16,33,049,30,25,54,069,34,30,07,203,24,1*7B,1763494337863
NMEA,$GBGSV,2,1,07,37,47,047,47,36,19,233,42,32,14,144,35,22,05,320,36,1*7E,1763494337863
NMEA,$GBGSV,2,2,07,20,69,160,44,19,56,311,42,04,03,265,25,1*44,1763494337863
NMEA,$GBGSV,2,1,05,19,56,311,40,20,69,160,42,32,14,144,40,36,19,233,39,3*76,1763494337863
NMEA,$GBGSV,2,2,05,37,47,047,43,3*42,1763494337863
NMEA,$GBGSV,2,1,05,19,56,311,37,20,69,160,40,32,14,144,24,36,19,233,26,5*7E,1763494337863
NMEA,$GBGSV,2,2,05,37,47,047,38,5*48,1763494337863
NMEA,$GNGSA,A,3,03,04,07,08,09,16,20,21,27,30,,,0.6,0.4,0.5,1*37,1763494337882
NMEA,$PSSGR,GSA,A,3,03,04,08,09,21,27,30,,,,,,0.6,0.4,0.5,1,8*41,1763494337882
NMEA,$GNGSA,A,3,65,72,75,76,,,,,,,,,0.6,0.4,0.5,2*30,1763494337882
NMEA,$GNGSA,A,3,02,03,05,08,13,16,25,30,,,,,0.6,0.4,0.5,3*39,1763494337882
NMEA,$PSSGR,GSA,A,3,302,303,305,308,313,316,325,,,,,,0.6,0.4,0.5,3,1*74,1763494337882
NMEA,$GNGSA,A,3,19,20,22,32,36,37,,,,,,,0.6,0.4,0.5,4*39,1763494337882
NMEA,$PSSGR,GSA,A,3,219,220,222,232,236,237,,,,,,,0.6,0.4,0.5,4,5*40,1763494337882
NMEA,$GNVTG,,T,,M,0.0,N,0.0,K,E*39,1763494337882
NMEA,$GNDTM,W84,,0000.000000,N,00000.000000,E,0.000,W84*41,1763494337882
NMEA,$GNRMC,193218.00,A,3725.863902,N,12209.317917,W,0.0,,181125,12.8,E,E,V*5B,1763494337882
NMEA,$GNGNS,193218.00,3725.863902,N,12209.317917,W,EEEEEE,28,0.4,21.2,-32.6,,,V*22,1763494337882
NMEA,$GNGGA,193218.00,3725.863902,N,12209.317917,W,6,12,0.4,21.2,M,-32.6,M,,*7C,1763494337882
NMEA,$PSMSG,magcal=PASS,bluesky=0*00,1763494337892
NMEA,$GPGSV,4,1,13,03,17,173,36,04,53,102,45,07,53,282,40,08,18,125,47,1*6F,1763494338856
NMEA,$GPGSV,4,2,13,09,77,001,42,11,03,293,30,16,33,049,36,20,14,318,38,1*6F,1763494338856
NMEA,$GPGSV,4,3,13,21,15,319,37,27,19,093,42,30,26,265,36,46,00,000,42,1*6F,1763494338856
NMEA,$GPGSV,4,4,13,48,00,000,43,1*5D,1763494338856
NMEA,$GPGSV,2,1,08,03,17,173,33,04,53,102,39,08,18,125,35,09,77,001,34,8*63,1763494338856
NMEA,$GPGSV,2,2,08,11,03,293,20,21,15,319,36,27,19,093,38,30,26,265,31,8*6D,1763494338856
NMEA,$GLGSV,1,1,04,12,64,232,41,11,51,029,42,01,75,114,36,08,20,137,38,1*74,1763494338856
NMEA,$GAGSV,3,1,11,02,52,173,41,03,66,077,42,05,19,109,40,07,02,299,18,7*7E,1763494338856
NMEA,$GAGSV,3,2,11,08,49,316,37,13,12,275,42,15,05,227,33,16,33,049,40,7*78,1763494338856
NMEA,$GAGSV,3,3,11,25,54,069,39,26,03,323,38,30,07,203,30,7*48,1763494338856
NMEA,$GAGSV,2,1,08,02,52,173,27,03,66,077,37,05,19,109,29,08,49,316,29,1*78,1763494338856
NMEA,$GAGSV,2,2,08,13,12,275,21,16,33,049,37,25,54,069,31,30,07,203,24,1*79,1763494338856
NMEA,$GBGSV,2,1,07,37,47,047,47,36,19,233,42,32,14,144,35,22,05,320,36,1*7E,1763494338856
NMEA,$GBGSV,2,2,07,20,69,160,44,19,56,311,42,04,03,265,25,1*44,1763494338856
NMEA,$GBGSV,2,1,05,19,56,311,41,20,69,160,42,32,14,144,41,36,19,233,36,3*79,1763494338856
NMEA,$GBGSV,2,2,05,37,47,047,40,3*41,1763494338856
NMEA,$GBGSV,2,1,05,19,56,311,36,20,69,160,36,32,14,144,33,36,19,233,28,5*76,1763494338856
NMEA,$GBGSV,2,2,05,37,47,047,40,5*47,1763494338856
NMEA,$GNGSA,A,3,03,04,07,08,09,16,20,21,27,30,,,0.6,0.4,0.5,1*37,1763494338873
NMEA,$PSSGR,GSA,A,3,03,04,08,09,21,27,30,,,,,,0.6,0.4,0.5,1,8*41,1763494338873
NMEA,$GNGSA,A,3,65,72,75,76,,,,,,,,,0.6,0.4,0.5,2*30,1763494338873
NMEA,$GNGSA,A,3,02,03,05,08,13,16,25,30,,,,,0.6,0.4,0.5,3*39,1763494338873
NMEA,$PSSGR,GSA,A,3,302,303,305,308,313,316,325,,,,,,0.6,0.4,0.5,3,1*74,1763494338873
NMEA,$GNGSA,A,3,19,20,22,32,36,37,,,,,,,0.6,0.4,0.5,4*39,1763494338873
NMEA,$PSSGR,GSA,A,3,219,220,222,232,236,237,,,,,,,0.6,0.4,0.5,4,5*40,1763494338873
NMEA,$GNVTG,,T,,M,0.0,N,0.0,K,E*39,1763494338873
NMEA,$GNDTM,W84,,0000.000000,N,00000.000000,E,0.000,W84*41,1763494338873
NMEA,$GNRMC,193219.00,A,3725.863874,N,12209.317941,W,0.0,,181125,12.8,E,E,V*59,1763494338873
NMEA,$GNGNS,193219.00,3725.863874,N,12209.317941,W,EEEEEE,28,0.4,20.9,-32.6,,,V*2A,1763494338873
NMEA,$GNGGA,193219.00,3725.863874,N,12209.317941,W,6,12,0.4,20.9,M,-32.6,M,,*74,1763494338873
NMEA,$PSMSG,magcal=PASS,bluesky=0*00,1763494338877
NMEA,$GPGSV,4,1,13,03,17,173,34,04,53,102,47,07,53,282,39,08,18,125,45,1*63,1763494339863
NMEA,$GPGSV,4,2,13,09,77,001,42,11,03,293,24,16,33,049,38,20,14,318,39,1*65,1763494339863
NMEA,$GPGSV,4,3,13,21,15,319,36,27,19,093,44,30,26,265,39,46,00,000,39,1*6B,1763494339863
NMEA,$GPGSV,4,4,13,48,00,000,42,1*5C,1763494339863
NMEA,$GPGSV,2,1,08,03,17,173,33,04,53,102,40,08,18,125,33,09,77,001,38,8*67,1763494339863
NMEA,$GPGSV,2,2,08,11,03,293,22,21,15,319,34,27,19,093,36,30,26,265,34,8*66,1763494339863
NMEA,$GLGSV,1,1,04,12,64,232,42,11,51,029,44,01,75,114,37,08,20,137,42,1*7D,1763494339863
NMEA,$GAGSV,3,1,11,02,52,173,43,03,66,077,44,05,19,109,38,07,02,299,18,7*75,1763494339863
NMEA,$GAGSV,3,2,11,08,49,316,36,13,12,275,42,15,05,227,33,16,33,049,40,7*79,1763494339863
NMEA,$GAGSV,3,3,11,25,54,069,37,26,03,323,38,30,07,203,27,7*40,1763494339863
NMEA,$GAGSV,2,1,08,02,52,173,30,03,66,077,38,05,19,109,30,08,49,316,31,1*70,1763494339863
NMEA,$GAGSV,2,2,08,13,12,275,27,16,33,049,38,25,54,069,36,30,07,203,24,1*77,1763494339863
NMEA,$GBGSV,2,1,07,37,47,047,47,36,19,233,42,32,14,144,35,22,05,320,36,1*7E,1763494339863
NMEA,$GBGSV,2,2,07,20,69,160,44,19,56,311,42,04,03,265,25,1*44,1763494339863
NMEA,$GBGSV,2,1,05,19,56,311,41,20,69,160,42,32,14,144,38,36,19,233,37,3*76,1763494339863
NMEA,$GBGSV,2,2,05,37,47,047,40,3*41,1763494339863
NMEA,$GBGSV,2,1,05,19,56,311,32,20,69,160,34,32,14,144,33,36,19,233,31,5*78,1763494339863
NMEA,$GBGSV,2,2,05,37,47,047,40,5*47,1763494339863
NMEA,$GNGSA,A,3,03,04,07,08,09,16,20,21,27,30,,,0.6,0.4,0.5,1*37,1763494339882
NMEA,$PSSGR,GSA,A,3,03,04,08,09,21,27,30,,,,,,0.6,0.4,0.5,1,8*41,1763494339882
NMEA,$GNGSA,A,3,65,72,75,76,,,,,,,,,0.6,0.4,0.5,2*30,1763494339882
NMEA,$GNGSA,A,3,02,03,05,08,13,16,25,30,,,,,0.6,0.4,0.5,3*39,1763494339882
NMEA,$PSSGR,GSA,A,3,302,303,305,308,313,316,325,,,,,,0.6,0.4,0.5,3,1*74,1763494339882
NMEA,$GNGSA,A,3,19,20,22,32,36,37,,,,,,,0.6,0.4,0.5,4*39,1763494339882
NMEA,$PSSGR,GSA,A,3,219,220,222,232,236,237,,,,,,,0.6,0.4,0.5,4,5*40,1763494339882
NMEA,$GNVTG,359.4,T,346.6,M,0.3,N,0.6,K,E*30,1763494339882
NMEA,$GNDTM,W84,,0000.000000,N,00000.000000,E,0.000,W84*41,1763494339882
NMEA,$GNRMC,193220.00,A,3725.863813,N,12209.318018,W,0.3,359.4,181125,12.8,E,E,V*7E,1763494339882
NMEA,$GNGNS,193220.00,3725.863813,N,12209.318018,W,EEEEEE,28,0.4,21.1,-32.6,,,V*22,1763494339882
NMEA,$GNGGA,193220.00,3725.863813,N,12209.318018,W,6,12,0.4,21.1,M,-32.6,M,,*7C,1763494339882
NMEA,$PSMSG,magcal=PASS,bluesky=0*00,1763494339888
NMEA,$GPGSV,4,1,13,03,17,173,42,04,53,102,45,07,53,282,43,08,18,125,46,1*6E,1763494340860
NMEA,$GPGSV,4,2,13,09,77,001,45,11,03,293,27,16,33,049,41,20,14,318,40,1*61,1763494340860
NMEA,$GPGSV,4,3,13,21,15,319,39,27,19,093,47,30,26,265,38,46,00,000,42,1*6A,1763494340860
NMEA,$GPGSV,4,4,13,48,00,000,41,1*5F,1763494340860
NMEA,$GPGSV,2,1,08,03,17,173,36,04,53,102,32,08,18,125,26,09,77,001,39,8*62,1763494340860
NMEA,$GPGSV,2,2,08,11,03,293,23,21,15,319,35,27,19,093,34,30,26,265,36,8*66,1763494340860
NMEA,$GLGSV,1,1,04,12,64,232,42,11,51,029,43,01,75,114,42,08,20,137,46,1*7C,1763494340860
NMEA,$GAGSV,3,1,11,02,52,173,42,03,66,077,41,05,19,109,35,07,02,299,18,7*7C,1763494340860
NMEA,$GAGSV,3,2,11,08,49,316,39,13,12,275,41,15,05,227,33,16,33,049,35,7*77,1763494340860
NMEA,$GAGSV,3,3,11,25,54,069,42,26,03,323,38,30,07,203,29,7*4C,1763494340860
NMEA,$GAGSV,2,1,08,02,52,173,28,03,66,077,35,05,19,109,35,08,49,316,36,1*76,1763494340860
NMEA,$GAGSV,2,2,08,13,12,275,32,16,33,049,35,25,54,069,38,30,07,203,24,1*70,1763494340860
NMEA,$GBGSV,2,1,07,37,47,047,47,36,19,233,42,32,14,144,35,22,05,320,36,1*7E,1763494340860
NMEA,$GBGSV,2,2,07,20,69,160,44,19,56,311,42,04,03,265,25,1*44,1763494340860
NMEA,$GBGSV,2,1,05,19,56,311,41,20,69,160,46,32,14,144,36,36,19,233,35,3*7E,1763494340860
NMEA,$GBGSV,2,2,05,37,47,047,41,3*40,1763494340860
NMEA,$GBGSV,2,1,05,19,56,311,35,20,69,160,33,32,14,144,35,36,19,233,34,5*7B,1763494340860
NMEA,$GBGSV,2,2,05,37,47,047,29,5*48,1763494340860
NMEA,$GNGSA,A,3,03,04,07,08,09,16,20,21,27,30,,,0.6,0.4,0.5,1*37,1763494340876
NMEA,$PSSGR,GSA,A,3,03,04,08,09,21,27,30,,,,,,0.6,0.4,0.5,1,8*41,1763494340876
NMEA,$GNGSA,A,3,65,72,75,76,,,,,,,,,0.6,0.4,0.5,2*30,1763494340876
NMEA,$GNGSA,A,3,02,03,05,08,13,16,25,30,,,,,0.6,0.4,0.5,3*39,1763494340876
NMEA,$PSSGR,GSA,A,3,302,303,305,308,313,316,325,,,,,,0.6,0.4,0.5,3,1*74,1763494340876
NMEA,$GNGSA,A,3,19,20,22,32,36,37,,,,,,,0.6,0.4,0.5,4*39,1763494340876
NMEA,$PSSGR,GSA,A,3,219,220,222,232,236,237,,,,,,,0.6,0.4,0.5,4,5*40,1763494340876
NMEA,$GNVTG,359.4,T,346.6,M,0.9,N,1.7,K,E*3A,1763494340876
NMEA,$GNDTM,W84,,0000.000000,N,00000.000000,E,0.000,W84*41,1763494340876
NMEA,$GNRMC,193221.00,A,3725.863760,N,12209.317798,W,0.9,359.4,181125,12.8,E,E,V*7E,1763494340876
NMEA,$GNGNS,193221.00,3725.863760,N,12209.317798,W,EEEEEE,28,0.4,21.1,-32.6,,,V*28,1763494340876
NMEA,$GNGGA,193221.00,3725.863760,N,12209.317798,W,6,12,0.4,21.1,M,-32.6,M,,*76,1763494340876
NMEA,$PSMSG,magcal=PASS,bluesky=0*00,1763494340881
NMEA,$GPGSV,4,1,13,03,17,173,41,04,53,102,41,07,53,282,43,08,18,125,42,1*6D,1763494341857
NMEA,$GPGSV,4,2,13,09,77,001,45,11,03,293,27,16,33,049,40,20,14,318,40,1*60,1763494341857
NMEA,$GPGSV,4,3,13,21,15,319,36,27,19,093,46,30,26,265,40,46,00,000,46,1*6F,1763494341857
NMEA,$GPGSV,4,4,13,48,00,000,46,1*58,1763494341857
NMEA,$GPGSV,2,1,08,03,17,173,36,04,53,102,23,08,18,125,25,09,77,001,33,8*6B,1763494341857
NMEA,$GPGSV,2,2,08,11,03,293,23,21,15,319,38,27,19,093,37,30,26,265,35,8*6B,1763494341857
NMEA,$GLGSV,1,1,04,12,64,232,40,11,51,029,43,01,75,114,43,08,20,137,46,1*7F,1763494341857
NMEA,$GAGSV,3,1,11,02,52,173,40,03,66,077,40,05,19,109,40,07,02,299,18,7*7D,1763494341857
NMEA,$GAGSV,3,2,11,08,49,316,41,13,12,275,40,15,05,227,33,16,33,049,35,7*79,1763494341857
NMEA,$GAGSV,3,3,11,25,54,069,44,26,03,323,38,30,07,203,29,7*4A,1763494341857
NMEA,$GAGSV,2,1,08,02,52,173,35,03,66,077,25,05,19,109,33,08,49,316,38,1*73,1763494341857
NMEA,$GAGSV,2,2,08,13,12,275,31,16,33,049,29,25,54,069,34,30,07,203,24,1*72,1763494341857
NMEA,$GBGSV,2,1,07,37,47,047,47,36,19,233,42,32,14,144,35,22,05,320,36,1*7E,1763494341857
NMEA,$GBGSV,2,2,07,20,69,160,44,19,56,311,42,04,03,265,25,1*44,1763494341857
NMEA,$GBGSV,2,1,05,19,56,311,39,20,69,160,45,32,14,144,36,36,19,233,35,3*72,1763494341857
NMEA,$GBGSV,2,2,05,37,47,047,40,3*41,1763494341857
NMEA,$GBGSV,2,1,05,19,56,311,39,20,69,160,27,32,14,144,35,36,19,233,31,5*77,1763494341857
NMEA,$GBGSV,2,2,05,37,47,047,35,5*45,1763494341857
NMEA,$GNGSA,A,3,03,04,07,08,09,16,20,21,27,30,,,0.7,0.4,0.5,1*36,1763494341877
NMEA,$PSSGR,GSA,A,3,03,04,08,09,21,27,30,,,,,,0.7,0.4,0.5,1,8*40,1763494341877
NMEA,$GNGSA,A,3,65,72,75,76,,,,,,,,,0.7,0.4,0.5,2*31,1763494341877
NMEA,$GNGSA,A,3,02,03,05,08,13,16,25,30,,,,,0.7,0.4,0.5,3*38,1763494341877
NMEA,$PSSGR,GSA,A,3,302,303,305,308,313,316,325,,,,,,0.7,0.4,0.5,3,1*75,1763494341877
NMEA,$GNGSA,A,3,19,20,32,36,37,,,,,,,,0.7,0.4,0.5,4*38,1763494341877
NMEA,$PSSGR,GSA,A,3,219,220,232,236,237,,,,,,,,0.7,0.4,0.5,4,5*73,1763494341877
NMEA,$GNVTG,359.4,T,346.6,M,1.3,N,2.4,K,E*31,1763494341877
NMEA,$GNDTM,W84,,0000.000000,N,00000.000000,E,0.000,W84*41,1763494341877
NMEA,$GNRMC,193222.00,A,3725.863724,N,12209.317365,W,1.3,359.4,181125,12.8,E,E,V*70,1763494341877
NMEA,$GNGNS,193222.00,3725.863724,N,12209.317365,W,EEEEEE,27,0.4,21.1,-32.6,,,V*22,1763494341877
NMEA,$GNGGA,193222.00,3725.863724,N,12209.317365,W,6,12,0.4,21.1,M,-32.6,M,,*73,1763494341877
NMEA,$PSMSG,magcal=PASS,bluesky=0*00,1763494341885
NMEA,$GPGSV,4,1,13,03,17,173,43,04,53,102,41,07,53,282,43,08,18,125,41,1*6C,1763494342858
NMEA,$GPGSV,4,2,13,09,77,001,44,11,03,293,31,16,33,049,43,20,14,318,42,1*67,1763494342858
NMEA,$GPGSV,4,3,13,21,15,319,39,27,19,093,46,30,26,265,43,46,00,000,48,1*6D,1763494342858
NMEA,$GPGSV,4,4,13,48,00,000,46,1*58,1763494342858
NMEA,$GPGSV,2,1,08,03,17,173,33,04,53,102,23,08,18,125,30,09,77,001,33,8*6A,1763494342858
NMEA,$GPGSV,2,2,08,11,03,293,23,21,15,319,32,27,19,093,36,30,26,265,32,8*67,1763494342858
NMEA,$GLGSV,1,1,04,12,64,232,38,11,51,029,43,01,75,114,42,08,20,137,45,1*72,1763494342858
NMEA,$GAGSV,3,1,11,02,52,173,38,03,66,077,40,05,19,109,37,07,02,299,18,7*72,1763494342858
NMEA,$GAGSV,3,2,11,08,49,316,38,13,12,275,39,15,05,227,33,16,33,049,37,7*7B,1763494342858
NMEA,$GAGSV,3,3,11,25,54,069,43,26,03,323,38,30,07,203,29,7*4D,1763494342858
NMEA,$GAGSV,2,1,08,02,52,173,33,03,66,077,24,05,19,109,33,08,49,316,36,1*7A,1763494342858
NMEA,$GAGSV,2,2,08,13,12,275,26,16,33,049,28,25,54,069,33,30,07,203,24,1*72,1763494342858
NMEA,$GBGSV,2,1,07,37,47,047,47,36,19,233,42,32,14,144,35,22,05,320,36,1*7E,1763494342858
NMEA,$GBGSV,2,2,07,20,69,160,44,19,56,311,42,04,03,265,25,1*44,1763494342858
NMEA,$GBGSV,2,1,05,19,56,311,38,20,69,160,41,32,14,144,35,36,19,233,34,3*75,1763494342858
NMEA,$GBGSV,2,2,05,37,47,047,40,3*41,1763494342858
NMEA,$GBGSV,2,1,05,19,56,311,35,20,69,160,31,32,14,144,33,36,19,233,27,5*7D,1763494342858
NMEA,$GBGSV,2,2,05,37,47,047,33,5*43,1763494342858
NMEA,$GNGSA,A,3,03,04,07,08,09,16,20,21,27,30,,,0.7,0.4,0.5,1*36,1763494342877
NMEA,$PSSGR,GSA,A,3,03,04,08,09,21,27,30,,,,,,0.7,0.4,0.5,1,8*40,1763494342877
NMEA,$GNGSA,A,3,65,72,75,76,,,,,,,,,0.7,0.4,0.5,2*31,1763494342877
NMEA,$GNGSA,A,3,02,03,05,08,13,16,25,30,,,,,0.7,0.4,0.5,3*38,1763494342877
NMEA,$PSSGR,GSA,A,3,302,303,305,308,313,316,325,,,,,,0.7,0.4,0.5,3,1*75,1763494342877
NMEA,$GNGSA,A,3,19,20,32,36,37,,,,,,,,0.7,0.4,0.5,4*38,1763494342877
NMEA,$PSSGR,GSA,A,3,219,220,232,236,237,,,,,,,,0.7,0.4,0.5,4,5*73,1763494342877
NMEA,$GNVTG,359.4,T,346.6,M,1.1,N,2.1,K,E*36,1763494342877
NMEA,$GNDTM,W84,,0000.000000,N,00000.000000,E,0.000,W84*41,1763494342877
NMEA,$GNRMC,193223.00,A,3725.863705,N,12209.316934,W,1.1,359.4,181125,12.8,E,E,V*7F,1763494342877
NMEA,$GNGNS,193223.00,3725.863705,N,12209.316934,W,EEEEEE,27,0.4,20.9,-32.6,,,V*26,1763494342877
NMEA,$GNGGA,193223.00,3725.863705,N,12209.316934,W,6,12,0.4,20.9,M,-32.6,M,,*77,1763494342877
NMEA,$PSMSG,magcal=PASS,bluesky=0*00,1763494342882
NMEA,$GPGSV,4,1,13,03,17,173,44,04,53,102,43,07,53,282,43,08,18,125,40,1*68,1763494343857
NMEA,$GPGSV,4,2,13,09,77,001,44,11,03,293,34,16,33,049,41,20,14,318,44,1*66,1763494343857
NMEA,$GPGSV,4,3,13,21,15,319,37,27,19,093,44,30,26,265,43,46,00,000,46,1*6F,1763494343857
NMEA,$GPGSV,4,4,13,48,00,000,46,1*58,1763494343857
NMEA,$GPGSV,2,1,08,03,17,173,32,04,53,102,35,08,18,125,37,09,77,001,32,8*6A,1763494343857
NMEA,$GPGSV,2,2,08,11,03,293,23,21,15,319,36,27,19,093,39,30,26,265,34,8*6A,1763494343857
NMEA,$GLGSV,1,1,04,12,64,232,41,11,51,029,43,01,75,114,42,08,20,137,47,1*7E,1763494343857
NMEA,$GAGSV,3,1,11,02,52,173,37,03,66,077,43,05,19,109,40,07,02,299,18,7*7E,1763494343857
NMEA,$GAGSV,3,2,11,08,49,316,41,13,12,275,39,15,05,227,33,16,33,049,41,7*74,1763494343857
NMEA,$GAGSV,3,3,11,25,54,069,43,26,03,323,38,30,07,203,33,7*46,1763494343857
NMEA,$GAGSV,2,1,08,02,52,173,35,03,66,077,33,05,19,109,32,08,49,316,36,1*7B,1763494343857
NMEA,$GAGSV,2,2,08,13,12,275,29,16,33,049,28,25,54,069,32,30,07,203,24,1*7C,1763494343857
NMEA,$GBGSV,2,1,07,37,47,047,47,36,19,233,42,32,14,144,35,22,05,320,36,1*7E,1763494343857
NMEA,$GBGSV,2,2,07,20,69,160,44,19,56,311,42,04,03,265,25,1*44,1763494343857
NMEA,$GBGSV,2,1,05,19,56,311,41,20,69,160,43,32,14,144,39,36,19,233,37,3*76,1763494343857
NMEA,$GBGSV,2,2,05,37,47,047,42,3*43,1763494343857
NMEA,$GBGSV,2,1,05,19,56,311,38,20,69,160,30,32,14,144,32,36,19,233,29,5*7E,1763494343857
NMEA,$GBGSV,2,2,05,37,47,047,38,5*48,1763494343857
NMEA,$GNGSA,A,3,03,04,07,08,09,16,20,21,27,30,,,0.7,0.4,0.5,1*36,1763494343876
NMEA,$PSSGR,GSA,A,3,03,04,08,09,21,27,30,,,,,,0.7,0.4,0.5,1,8*40,1763494343876
NMEA,$GNGSA,A,3,65,72,75,76,,,,,,,,,0.7,0.4,0.5,2*31,1763494343876
NMEA,$GNGSA,A,3,02,03,05,08,13,16,25,30,,,,,0.7,0.4,0.5,3*38,1763494343876
NMEA,$PSSGR,GSA,A,3,302,303,305,308,313,316,325,,,,,,0.7,0.4,0.5,3,1*75,1763494343876
NMEA,$GNGSA,A,3,19,20,32,36,37,,,,,,,,0.7,0.4,0.5,4*38,1763494343876
NMEA,$PSSGR,GSA,A,3,219,220,232,236,237,,,,,,,,0.7,0.4,0.5,4,5*73,1763494343876
NMEA,$GNVTG,359.4,T,346.6,M,0.8,N,1.5,K,E*39,1763494343876
NMEA,$GNDTM,W84,,0000.000000,N,00000.000000,E,0.000,W84*41,1763494343876
NMEA,$GNRMC,193224.00,A,3725.863625,N,12209.316673,W,0.8,359.4,181125,12.8,E,E,V*7F,1763494343876
NMEA,$GNGNS,193224.00,3725.863625,N,12209.316673,W,EEEEEE,27,0.4,21.2,-32.6,,,V*24,1763494343876
NMEA,$GNGGA,193224.00,3725.863625,N,12209.316673,W,6,12,0.4,21.2,M,-32.6,M,,*75,1763494343876
NMEA,$PSMSG,magcal=PASS,bluesky=0*00,1763494343882
NMEA,$GPGSV,4,1,13,03,17,173,48,04,53,102,44,07,53,282,42,08,18,125,30,1*65,1763494344856
NMEA,$GPGSV,4,2,13,09,77,001,45,11,03,293,27,16,33,049,42,20,14,318,43,1*61,1763494344856
NMEA,$GPGSV,4,3,13,21,15,319,38,27,19,093,36,30,26,265,43,46,00,000,46,1*65,1763494344856
NMEA,$GPGSV,4,4,13,48,00,000,47,1*59,1763494344856
NMEA,$GPGSV,2,1,08,03,17,173,34,04,53,102,41,08,18,125,40,09,77,001,35,8*68,1763494344856
NMEA,$GPGSV,2,2,08,11,03,293,23,21,15,319,37,27,19,093,41,30,26,265,38,8*68,1763494344856
NMEA,$GLGSV,1,1,04,12,64,232,44,11,51,029,41,01,75,114,41,08,20,137,45,1*78,1763494344856
NMEA,$GAGSV,3,1,11,02,52,173,42,03,66,077,42,05,19,109,37,07,02,299,18,7*7D,1763494344856
NMEA,$GAGSV,3,2,11,08,49,316,39,13,12,275,38,15,05,227,30,16,33,049,41,7*79,1763494344856
NMEA,$GAGSV,3,3,11,25,54,069,44,26,03,323,37,30,07,203,34,7*49,1763494344856
NMEA,$GAGSV,2,1,08,02,52,173,28,03,66,077,38,05,19,109,31,08,49,316,34,1*7D,1763494344856
NMEA,$GAGSV,2,2,08,13,12,275,21,16,33,049,31,25,54,069,31,30,07,203,24,1*7F,1763494344856
NMEA,$GBGSV,2,1,07,37,47,047,43,36,19,233,41,32,14,144,44,22,05,320,39,1*70,1763494344856
NMEA,$GBGSV,2,2,07,20,69,160,47,19,56,311,44,04,03,265,25,1*41,1763494344856
NMEA,$GBGSV,2,1,05,19,56,311,44,20,69,160,44,32,14,144,43,36,19,233,39,3*77,1763494344856
NMEA,$GBGSV,2,2,05,37,47,047,42,3*43,1763494344856
NMEA,$GBGSV,2,1,06,19,56,311,38,20,69,160,30,22,05,320,29,32,14,144,33,5*77,1763494344856
NMEA,$GBGSV,2,2,06,36,19,233,29,37,47,047,38,5*7F,1763494344856
NMEA,$GNGSA,A,3,03,04,07,08,09,16,20,21,27,30,,,0.6,0.4,0.5,1*37,1763494344876
NMEA,$PSSGR,GSA,A,3,03,04,08,09,21,27,30,,,,,,0.6,0.4,0.5,1,8*41,1763494344876
NMEA,$GNGSA,A,3,65,72,75,76,,,,,,,,,0.6,0.4,0.5,2*30,1763494344876
NMEA,$GNGSA,A,3,02,03,05,08,13,16,25,30,,,,,0.6,0.4,0.5,3*39,1763494344876
NMEA,$PSSGR,GSA,A,3,302,303,305,308,313,316,325,,,,,,0.6,0.4,0.5,3,1*74,1763494344876
NMEA,$GNGSA,A,3,19,20,22,32,36,37,,,,,,,0.6,0.4,0.5,4*39,1763494344876
NMEA,$PSSGR,GSA,A,3,219,220,222,232,236,237,,,,,,,0.6,0.4,0.5,4,5*40,1763494344876
NMEA,$GNVTG,359.4,T,346.6,M,1.3,N,2.3,K,E*36,1763494344876
NMEA,$GNDTM,W84,,0000.000000,N,00000.000000,E,0.000,W84*41,1763494344876
NMEA,$GNRMC,193225.00,A,3725.863415,N,12209.316346,W,1.3,359.4,181125,12.8,E,E,V*76,1763494344876
NMEA,$GNGNS,193225.00,3725.863415,N,12209.316346,W,EEEEEE,28,0.4,21.5,-32.6,,,V*2F,1763494344876
NMEA,$GNGGA,193225.00,3725.863415,N,12209.316346,W,6,12,0.4,21.5,M,-32.6,M,,*71,1763494344876
NMEA,$PSMSG,magcal=PASS,bluesky=0*00,1763494344881
NMEA,$GPGSV,4,1,13,03,17,173,47,04,53,102,44,07,53,282,43,08,18,125,33,1*68,1763494345860
NMEA,$GPGSV,4,2,13,09,77,001,45,11,03,293,29,16,33,049,43,20,14,318,44,1*69,1763494345860
NMEA,$GPGSV,4,3,13,21,15,319,38,27,19,093,36,30,26,265,44,46,00,000,44,1*60,1763494345860
NMEA,$GPGSV,4,4,13,48,00,000,46,1*58,1763494345860
NMEA,$GPGSV,2,1,08,03,17,173,37,04,53,102,41,08,18,125,41,09,77,001,36,8*69,1763494345860
NMEA,$GPGSV,2,2,08,11,03,293,18,21,15,319,36,27,19,093,41,30,26,265,37,8*6E,1763494345860
NMEA,$GLGSV,1,1,04,12,64,232,44,11,51,029,40,01,75,114,42,08,20,137,45,1*7A,1763494345860
NMEA,$GAGSV,3,1,11,02,52,173,43,03,66,077,42,05,19,109,36,07,02,299,18,7*7D,1763494345860
NMEA,$GAGSV,3,2,11,08,49,316,41,13,12,275,36,15,05,227,31,16,33,049,40,7*78,1763494345860
NMEA,$GAGSV,3,3,11,25,54,069,43,26,03,323,38,30,07,203,32,7*47,1763494345860
NMEA,$GAGSV,2,1,08,02,52,173,28,03,66,077,37,05,19,109,32,08,49,316,33,1*76,1763494345860
NMEA,$GAGSV,2,2,08,13,12,275,21,16,33,049,34,25,54,069,32,30,07,203,19,1*77,1763494345860
NMEA,$GBGSV,2,1,07,37,47,047,43,36,19,233,42,32,14,144,43,22,05,320,39,1*74,1763494345860
NMEA,$GBGSV,2,2,07,20,69,160,47,19,56,311,44,04,03,265,25,1*41,1763494345860
NMEA,$GBGSV,2,1,05,19,56,311,43,20,69,160,44,32,14,144,41,36,19,233,40,3*7C,1763494345860
NMEA,$GBGSV,2,2,05,37,47,047,43,3*42,1763494345860
NMEA,$GBGSV,2,1,06,19,56,311,38,20,69,160,24,22,05,320,30,32,14,144,33,5*7A,1763494345860
NMEA,$GBGSV,2,2,06,36,19,233,27,37,47,047,38,5*71,1763494345860
NMEA,$GNGSA,A,3,03,04,07,08,09,16,20,21,27,30,,,0.6,0.4,0.5,1*37,1763494345879
NMEA,$PSSGR,GSA,A,3,03,04,08,09,21,27,30,,,,,,0.6,0.4,0.5,1,8*41,1763494345879
NMEA,$GNGSA,A,3,65,72,75,76,,,,,,,,,0.6,0.4,0.5,2*30,1763494345879
NMEA,$GNGSA,A,3,02,03,05,08,13,16,25,30,,,,,0.6,0.4,0.5,3*39,1763494345879
NMEA,$PSSGR,GSA,A,3,302,303,305,308,313,316,325,,,,,,0.6,0.4,0.5,3,1*74,1763494345879
NMEA,$GNGSA,A,3,19,20,22,32,36,37,,,,,,,0.6,0.4,0.5,4*39,1763494345879
NMEA,$PSSGR,GSA,A,3,219,220,222,232,236,237,,,,,,,0.6,0.4,0.5,4,5*40,1763494345879
NMEA,$GNVTG,137.4,T,124.6,M,1.5,N,2.7,K,E*38,1763494345879
NMEA,$GNDTM,W84,,0000.000000,N,00000.000000,E,0.000,W84*41,1763494345879
NMEA,$GNRMC,193226.00,A,3725.863083,N,12209.316022,W,1.5,137.4,181125,12.8,E,E,V*73,1763494345879
NMEA,$GNGNS,193226.00,3725.863083,N,12209.316022,W,EEEEEE,28,0.4,21.5,-32.6,,,V*26,1763494345879
NMEA,$GNGGA,193226.00,3725.863083,N,12209.316022,W,6,12,0.4,21.5,M,-32.6,M,,*78,1763494345879
NMEA,$PSMSG,magcal=PASS,bluesky=0*00,1763494345884
NMEA,$GPGSV,3,1,12,03,17,173,47,04,53,102,45,07,53,282,42,08,18,125,36,1*6B,1763494346857
NMEA,$GPGSV,3,2,12,09,77,001,44,16,33,049,42,20,14,318,44,21,15,319,40,1*67,1763494346857
NMEA,$GPGSV,3,3,12,27,19,093,37,30,26,265,44,46,00,000,43,48,00,000,45,1*6A,1763494346857
NMEA,$GPGSV,2,1,08,03,17,173,33,04,53,102,41,08,18,125,40,09,77,001,37,8*6D,1763494346857
NMEA,$GPGSV,2,2,08,11,03,293,22,21,15,319,36,27,19,093,39,30,26,265,38,8*67,1763494346857
NMEA,$GLGSV,1,1,04,12,64,232,43,11,51,029,41,01,75,114,41,08,20,137,46,1*7C,1763494346857
NMEA,$GAGSV,3,1,11,02,52,173,45,03,66,077,42,05,19,109,40,07,02,299,18,7*7A,1763494346857
NMEA,$GAGSV,3,2,11,08,49,316,40,13,12,275,34,15,05,227,29,16,33,049,39,7*7C,1763494346857
NMEA,$GAGSV,3,3,11,25,54,069,43,26,03,323,38,30,07,203,28,7*4C,1763494346857
NMEA,$GAGSV,2,1,08,02,52,173,28,03,66,077,36,05,19,109,36,08,49,316,34,1*74,1763494346857
NMEA,$GAGSV,2,2,08,13,12,275,22,16,33,049,34,25,54,069,32,30,07,203,21,1*7F,1763494346857
NMEA,$GBGSV,2,1,07,37,47,047,43,36,19,233,41,32,14,144,43,22,05,320,39,1*77,1763494346857
NMEA,$GBGSV,2,2,07,20,69,160,48,19,56,311,43,04,03,265,27,1*4B,1763494346857
NMEA,$GBGSV,2,1,05,19,56,311,43,20,69,160,46,32,14,144,41,36,19,233,40,3*7E,1763494346857
NMEA,$GBGSV,2,2,05,37,47,047,41,3*40,1763494346857
NMEA,$GBGSV,2,1,06,19,56,311,37,20,69,160,26,22,05,320,28,32,14,144,29,5*75,1763494346857
NMEA,$GBGSV,2,2,06,36,19,233,30,37,47,047,38,5*77,1763494346857
NMEA,$GNGSA,A,3,03,04,07,08,09,16,20,21,27,30,,,0.6,0.4,0.5,1*37,1763494346875
NMEA,$PSSGR,GSA,A,3,03,04,08,09,21,27,30,,,,,,0.6,0.4,0.5,1,8*41,1763494346875
NMEA,$GNGSA,A,3,65,72,75,76,,,,,,,,,0.6,0.4,0.5,2*30,1763494346875
NMEA,$GNGSA,A,3,02,03,05,08,13,16,25,30,,,,,0.6,0.4,0.5,3*39,1763494346875
NMEA,$PSSGR,GSA,A,3,302,303,305,308,313,316,325,,,,,,0.6,0.4,0.5,3,1*74,1763494346875
NMEA,$GNGSA,A,3,19,20,22,32,36,37,,,,,,,0.6,0.4,0.5,4*39,1763494346875
NMEA,$PSSGR,GSA,A,3,219,220,222,232,236,237,,,,,,,0.6,0.4,0.5,4,5*40,1763494346875
NMEA,$GNVTG,137.4,T,124.6,M,1.2,N,2.2,K,E*3A,1763494346875
NMEA,$GNDTM,W84,,0000.000000,N,00000.000000,E,0.000,W84*41,1763494346875
NMEA,$GNRMC,193227.00,A,3725.862788,N,12209.315742,W,1.2,137.4,181125,12.8,E,E,V*7A,1763494346875
NMEA,$GNGNS,193227.00,3725.862788,N,12209.315742,W,EEEEEE,28,0.4,21.5,-32.6,,,V*28,1763494346875
NMEA,$GNGGA,193227.00,3725.862788,N,12209.315742,W,6,12,0.4,21.5,M,-32.6,M,,*76,1763494346875
NMEA,$PSMSG,magcal=PASS,bluesky=0*00,1763494346881
NMEA,$GPGSV,3,1,12,03,17,173,44,04,53,102,42,07,53,282,42,08,18,125,45,1*6B,1763494347861
NMEA,$GPGSV,3,2,12,09,77,001,44,16,33,049,43,20,14,318,42,21,15,319,40,1*60,1763494347861
NMEA,$GPGSV,3,3,12,27,19,093,40,30,26,265,40,46,00,000,44,48,00,000,43,1*6F,1763494347861
NMEA,$GPGSV,2,1,08,03,17,173,40,04,53,102,38,08,18,125,39,09,77,001,39,8*67,1763494347861
NMEA,$GPGSV,2,2,08,11,03,293,24,21,15,319,33,27,19,093,37,30,26,265,38,8*6A,1763494347861
NMEA,$GLGSV,1,1,04,12,64,232,41,11,51,029,41,01,75,114,39,08,20,137,39,1*79,1763494347861
NMEA,$GAGSV,3,1,11,02,52,173,44,03,66,077,42,05,19,109,40,07,02,299,18,7*7B,1763494347861
NMEA,$GAGSV,3,2,11,08,49,316,38,13,12,275,31,15,05,227,37,16,33,049,40,7*77,1763494347861
NMEA,$GAGSV,3,3,11,25,54,069,40,26,03,323,36,30,07,203,35,7*4D,1763494347861
NMEA,$GAGSV,2,1,08,02,52,173,39,03,66,077,36,05,19,109,33,08,49,316,31,1*74,1763494347861
NMEA,$GAGSV,2,2,08,13,12,275,25,16,33,049,34,25,54,069,36,30,07,203,24,1*79,1763494347861
NMEA,$GBGSV,2,1,07,37,47,047,43,36,19,233,46,32,14,144,43,22,05,320,40,1*7E,1763494347861
NMEA,$GBGSV,2,2,07,20,69,160,47,19,56,311,43,04,03,265,27,1*44,1763494347861
NMEA,$GBGSV,2,1,05,19,56,311,42,20,69,160,45,32,14,144,41,36,19,233,45,3*79,1763494347861
NMEA,$GBGSV,2,2,05,37,47,047,42,3*43,1763494347861
NMEA,$GBGSV,2,1,06,19,56,311,31,20,69,160,39,22,05,320,25,32,14,144,32,5*7A,1763494347861
NMEA,$GBGSV,2,2,06,36,19,233,35,37,47,047,39,5*73,1763494347861
NMEA,$GNGSA,A,3,03,04,07,08,09,16,20,21,27,30,,,0.6,0.4,0.5,1*37,1763494347880
NMEA,$PSSGR,GSA,A,3,03,04,08,09,21,27,30,,,,,,0.6,0.4,0.5,1,8*41,1763494347880
NMEA,$GNGSA,A,3,65,72,75,76,,,,,,,,,0.6,0.4,0.5,2*30,1763494347880
NMEA,$GNGSA,A,3,02,03,05,08,13,16,25,30,,,,,0.6,0.4,0.5,3*39,1763494347880
NMEA,$PSSGR,GSA,A,3,302,303,305,308,313,316,325,,,,,,0.6,0.4,0.5,3,1*74,1763494347880
NMEA,$GNGSA,A,3,19,20,22,32,36,37,,,,,,,0.6,0.4,0.5,4*39,1763494347880
NMEA,$PSSGR,GSA,A,3,219,220,222,232,236,237,,,,,,,0.6,0.4,0.5,4,5*40,1763494347880
NMEA,$GNVTG,,T,,M,0.0,N,0.0,K,E*39,1763494347880
NMEA,$GNDTM,W84,,0000.000000,N,00000.000000,E,0.000,W84*41,1763494347880
NMEA,$GNRMC,193228.00,A,3725.862674,N,12209.315659,W,0.0,,181125,12.8,E,E,V*50,1763494347880
NMEA,$GNGNS,193228.00,3725.862674,N,12209.315659,W,EEEEEE,28,0.4,21.4,-32.6,,,V*2F,1763494347880
NMEA,$GNGGA,193228.00,3725.862674,N,12209.315659,W,6,12,0.4,21.4,M,-32.6,M,,*71,1763494347880
NMEA,$PSMSG,magcal=PASS,bluesky=0*00,1763494347887
NMEA,$GPGSV,4,1,13,03,17,173,38,04,53,102,42,07,53,282,42,08,18,125,41,1*62,1763494348860
NMEA,$GPGSV,4,2,13,09,77,001,44,11,03,293,30,16,33,049,44,20,14,318,43,1*60,1763494348860
NMEA,$GPGSV,4,3,13,21,15,319,38,27,19,093,40,30,26,265,45,46,00,000,44,1*60,1763494348860
NMEA,$GPGSV,4,4,13,48,00,000,45,1*5B,1763494348860
NMEA,$GPGSV,2,1,08,03,17,173,41,04,53,102,38,08,18,125,37,09,77,001,37,8*66,1763494348860
NMEA,$GPGSV,2,2,08,11,03,293,23,21,15,319,30,27,19,093,37,30,26,265,36,8*60,1763494348860
NMEA,$GLGSV,1,1,04,12,64,232,46,11,51,029,42,01,75,114,38,08,20,137,37,1*72,1763494348860
NMEA,$GAGSV,3,1,11,02,52,173,44,03,66,077,41,05,19,109,40,07,02,299,18,7*78,1763494348860
NMEA,$GAGSV,3,2,11,08,49,316,38,13,12,275,34,15,05,227,38,16,33,049,40,7*7D,1763494348860
NMEA,$GAGSV,3,3,11,25,54,069,40,26,03,323,33,30,07,203,28,7*44,1763494348860
NMEA,$GAGSV,2,1,08,02,52,173,39,03,66,077,37,05,19,109,30,08,49,316,33,1*74,1763494348860
NMEA,$GAGSV,2,2,08,13,12,275,27,16,33,049,31,25,54,069,33,30,07,203,26,1*79,1763494348860
NMEA,$GBGSV,2,1,07,37,47,047,43,36,19,233,48,32,14,144,42,22,05,320,35,1*73,1763494348860
NMEA,$GBGSV,2,2,07,20,69,160,47,19,56,311,47,04,03,265,31,1*47,1763494348860
NMEA,$GBGSV,2,1,05,19,56,311,45,20,69,160,44,32,14,144,40,36,19,233,46,3*7D,1763494348860
NMEA,$GBGSV,2,2,05,37,47,047,43,3*42,1763494348860
NMEA,$GBGSV,2,1,06,19,56,311,31,20,69,160,34,22,05,320,27,32,14,144,35,5*72,1763494348860
NMEA,$GBGSV,2,2,06,36,19,233,36,37,47,047,38,5*71,1763494348860
NMEA,$GNGSA,A,3,03,04,07,08,09,16,20,21,27,30,,,0.6,0.4,0.5,1*37,1763494348880
NMEA,$PSSGR,GSA,A,3,03,04,08,09,21,27,30,,,,,,0.6,0.4,0.5,1,8*41,1763494348880
NMEA,$GNGSA,A,3,65,72,75,76,,,,,,,,,0.6,0.4,0.5,2*30,1763494348880
NMEA,$GNGSA,A,3,02,03,05,08,13,16,25,30,,,,,0.6,0.4,0.5,3*39,1763494348880
NMEA,$PSSGR,GSA,A,3,302,303,305,308,313,316,325,330,,,,,0.6,0.4,0.5,3,1*44,1763494348880
NMEA,$GNGSA,A,3,19,20,22,32,36,37,,,,,,,0.6,0.4,0.5,4*39,1763494348880
NMEA,$PSSGR,GSA,A,3,219,220,222,232,236,237,,,,,,,0.6,0.4,0.5,4,5*40,1763494348880
NMEA,$GNVTG,137.4,T,124.6,M,1.2,N,2.2,K,E*3A,1763494348880
NMEA,$GNDTM,W84,,0000.000000,N,00000.000000,E,0.000,W84*41,1763494348880
NMEA,$GNRMC,193229.00,A,3725.862447,N,12209.315895,W,1.2,137.4,181125,12.8,E,E,V*71,1763494348880
NMEA,$GNGNS,193229.00,3725.862447,N,12209.315895,W,EEEEEE,28,0.4,21.3,-32.6,,,V*25,1763494348880
NMEA,$GNGGA,193229.00,3725.862447,N,12209.315895,W,6,12,0.4,21.3,M,-32.6,M,,*7B,1763494348880
NMEA,$PSMSG,magcal=PASS,bluesky=0*00,1763494348888
NMEA,$GPGSV,3,1,12,03,17,173,36,04,53,102,42,07,53,282,40,08,18,125,38,1*66,1763494349861
NMEA,$GPGSV,3,2,12,09,77,001,45,16,33,049,42,20,14,318,44,21,15,319,42,1*64,1763494349861
NMEA,$GPGSV,3,3,12,27,19,093,40,30,26,265,46,46,00,000,43,48,00,000,43,1*6E,1763494349861
NMEA,$GPGSV,2,1,08,03,17,173,42,04,53,102,38,08,18,125,36,09,77,001,38,8*6B,1763494349861
NMEA,$GPGSV,2,2,08,11,03,293,23,21,15,319,31,27,19,093,37,30,26,265,36,8*61,1763494349861
NMEA,$GLGSV,1,1,04,12,64,232,45,11,51,029,43,01,75,114,39,08,20,137,38,1*7E,1763494349861
NMEA,$GAGSV,3,1,11,02,52,173,43,03,66,077,41,05,19,109,38,07,02,299,18,7*70,1763494349861
NMEA,$GAGSV,3,2,11,08,49,316,38,13,12,275,31,15,05,227,38,16,33,049,40,7*78,1763494349861
NMEA,$GAGSV,3,3,11,25,54,069,41,26,03,323,35,30,07,203,29,7*42,1763494349861
NMEA,$GAGSV,2,1,08,02,52,173,40,03,66,077,37,05,19,109,31,08,49,316,33,1*7B,1763494349861
NMEA,$GAGSV,2,2,08,13,12,275,26,16,33,049,33,25,54,069,34,30,07,203,28,1*73,1763494349861
NMEA,$GBGSV,2,1,07,37,47,047,41,36,19,233,48,32,14,144,37,22,05,320,32,1*74,1763494349861
NMEA,$GBGSV,2,2,07,20,69,160,47,19,56,311,46,04,03,265,36,1*41,1763494349861
NMEA,$GBGSV,2,1,05,19,56,311,46,20,69,160,45,32,14,144,38,36,19,233,46,3*70,1763494349861
NMEA,$GBGSV,2,2,05,37,47,047,43,3*42,1763494349861
NMEA,$GBGSV,2,1,06,19,56,311,30,20,69,160,36,22,05,320,24,32,14,144,36,5*71,1763494349861
NMEA,$GBGSV,2,2,06,36,19,233,35,37,47,047,38,5*72,1763494349861
NMEA,$GNGSA,A,3,03,04,07,08,09,16,20,21,27,30,,,0.6,0.4,0.5,1*37,1763494349878
NMEA,$PSSGR,GSA,A,3,03,04,08,09,21,27,30,,,,,,0.6,0.4,0.5,1,8*41,1763494349878
NMEA,$GNGSA,A,3,65,72,75,76,,,,,,,,,0.6,0.4,0.5,2*30,1763494349878
NMEA,$GNGSA,A,3,02,03,05,08,13,16,25,30,,,,,0.6,0.4,0.5,3*39,1763494349878
NMEA,$PSSGR,GSA,A,3,302,303,305,308,313,316,325,330,,,,,0.6,0.4,0.5,3,1*44,1763494349878
NMEA,$GNGSA,A,3,19,20,22,32,36,37,,,,,,,0.6,0.4,0.5,4*39,1763494349878
NMEA,$PSSGR,GSA,A,3,219,220,222,232,236,237,,,,,,,0.6,0.4,0.5,4,5*40,1763494349878
NMEA,$GNVTG,227.7,T,214.9,M,1.5,N,2.7,K,E*36,1763494349878
NMEA,$GNDTM,W84,,0000.000000,N,00000.000000,E,0.000,W84*41,1763494349878
NMEA,$GNRMC,193230.00,A,3725.862136,N,12209.316259,W,1.5,227.7,181125,12.8,E,E,V*75,1763494349878
NMEA,$GNGNS,193230.00,3725.862136,N,12209.316259,W,EEEEEE,28,0.4,21.2,-32.6,,,V*26,1763494349878
NMEA,$GNGGA,193230.00,3725.862136,N,12209.316259,W,6,12,0.4,21.2,M,-32.6,M,,*78,1763494349878
NMEA,$PSMSG,magcal=PASS,bluesky=0*00,1763494349884
NMEA,$GPGSV,3,1,12,03,17,173,39,04,53,102,41,07,53,282,42,08,18,125,42,1*65,1763494350858
NMEA,$GPGSV,3,2,12,09,77,001,44,16,33,049,42,20,14,318,43,21,15,319,42,1*62,1763494350858
NMEA,$GPGSV,3,3,12,27,19,093,40,30,26,265,45,46,00,000,44,48,00,000,43,1*6A,1763494350858
NMEA,$GPGSV,2,1,08,03,17,173,42,04,53,102,38,08,18,125,37,09,77,001,38,8*6A,1763494350858
NMEA,$GPGSV,2,2,08,11,03,293,23,21,15,319,29,27,19,093,35,30,26,265,37,8*6B,1763494350858
NMEA,$GLGSV,1,1,04,12,64,232,42,11,51,029,41,01,75,114,39,08,20,137,36,1*75,1763494350858
NMEA,$GAGSV,3,1,11,02,52,173,44,03,66,077,41,05,19,109,39,07,02,299,16,7*78,1763494350858
NMEA,$GAGSV,3,2,11,08,49,316,40,13,12,275,31,15,05,227,38,16,33,049,43,7*74,1763494350858
NMEA,$GAGSV,3,3,11,25,54,069,41,26,03,323,33,30,07,203,32,7*4E,1763494350858
NMEA,$GAGSV,2,1,08,02,52,173,40,03,66,077,37,05,19,109,32,08,49,316,33,1*78,1763494350858
NMEA,$GAGSV,2,2,08,13,12,275,29,16,33,049,33,25,54,069,35,30,07,203,33,1*77,1763494350858
NMEA,$GBGSV,2,1,07,37,47,047,42,36,19,233,48,32,14,144,40,22,05,320,33,1*76,1763494350858
NMEA,$GBGSV,2,2,07,20,69,160,46,19,56,311,46,04,03,265,36,1*40,1763494350858
NMEA,$GBGSV,2,1,05,19,56,311,46,20,69,160,46,32,14,144,39,36,19,233,46,3*72,1763494350858
NMEA,$GBGSV,2,2,05,37,47,047,42,3*43,1763494350858
NMEA,$GBGSV,2,1,06,19,56,311,28,20,69,160,36,22,05,320,26,32,14,144,35,5*79,1763494350858
NMEA,$GBGSV,2,2,06,36,19,233,36,37,47,047,38,5*71,1763494350858
NMEA,$GNGSA,A,3,03,04,07,08,09,16,20,21,27,30,,,0.6,0.4,0.5,1*37,1763494350873
NMEA,$PSSGR,GSA,A,3,03,04,08,09,21,27,30,,,,,,0.6,0.4,0.5,1,8*41,1763494350873
NMEA,$GNGSA,A,3,65,72,75,76,,,,,,,,,0.6,0.4,0.5,2*30,1763494350873
NMEA,$GNGSA,A,3,02,03,05,08,13,16,25,30,,,,,0.6,0.4,0.5,3*39,1763494350873
NMEA,$PSSGR,GSA,A,3,302,303,305,308,313,316,325,330,,,,,0.6,0.4,0.5,3,1*44,1763494350873
NMEA,$GNGSA,A,3,19,20,22,32,36,37,,,,,,,0.6,0.4,0.5,4*39,1763494350873
NMEA,$PSSGR,GSA,A,3,219,220,222,232,236,237,,,,,,,0.6,0.4,0.5,4,5*40,1763494350873
NMEA,$GNVTG,228.2,T,215.4,M,1.4,N,2.6,K,E*30,1763494350873
NMEA,$GNDTM,W84,,0000.000000,N,00000.000000,E,0.000,W84*41,1763494350873
NMEA,$GNRMC,193231.00,A,3725.861840,N,12209.316616,W,1.4,228.2,181125,12.8,E,E,V*7B,1763494350873
NMEA,$GNGNS,193231.00,3725.861840,N,12209.316616,W,EEEEEE,28,0.4,21.1,-32.6,,,V*20,1763494350873
NMEA,$GNGGA,193231.00,3725.861840,N,12209.316616,W,6,12,0.4,21.1,M,-32.6,M,,*7E,1763494350873
NMEA,$PSMSG,magcal=PASS,bluesky=0*00,1763494350880
NMEA,$GPGSV,4,1,13,03,17,173,45,04,53,102,41,07,53,282,43,08,18,125,44,1*6F,1763494351859
NMEA,$GPGSV,4,2,13,09,77,001,44,11,03,293,30,16,33,049,42,20,14,318,42,1*67,1763494351859
NMEA,$GPGSV,4,3,13,21,15,319,41,27,19,093,38,30,26,265,39,46,00,000,47,1*69,1763494351859
NMEA,$GPGSV,4,4,13,48,00,000,44,1*5A,1763494351859
NMEA,$GPGSV,2,1,08,03,17,173,40,04,53,102,39,08,18,125,38,09,77,001,39,8*67,1763494351859
NMEA,$GPGSV,2,2,08,11,03,293,23,21,15,319,27,27,19,093,36,30,26,265,34,8*65,1763494351859
NMEA,$GLGSV,1,1,04,12,64,232,42,11,51,029,41,01,75,114,40,08,20,137,36,1*7B,1763494351859
NMEA,$GAGSV,3,1,11,02,52,173,43,03,66,077,41,05,19,109,39,07,02,299,16,7*7F,1763494351859
NMEA,$GAGSV,3,2,11,08,49,316,42,13,12,275,34,15,05,227,36,16,33,049,41,7*7F,1763494351859
NMEA,$GAGSV,3,3,11,25,54,069,41,26,03,323,37,30,07,203,33,7*4B,1763494351859
NMEA,$GAGSV,2,1,08,02,52,173,39,03,66,077,38,05,19,109,31,08,49,316,32,1*7B,1763494351859
NMEA,$GAGSV,2,2,08,13,12,275,28,16,33,049,36,25,54,069,35,30,07,203,30,1*70,1763494351859
NMEA,$GBGSV,2,1,07,37,47,047,43,36,19,233,46,32,14,144,40,22,05,320,37,1*7D,1763494351859
NMEA,$GBGSV,2,2,07,20,69,160,45,19,56,311,43,04,03,265,31,1*41,1763494351859
NMEA,$GBGSV,2,1,05,19,56,311,42,20,69,160,44,32,14,144,38,36,19,233,44,3*77,1763494351859
NMEA,$GBGSV,2,2,05,37,47,047,43,3*42,1763494351859
NMEA,$GBGSV,2,1,06,19,56,311,28,20,69,160,38,22,05,320,28,32,14,144,34,5*78,1763494351859
NMEA,$GBGSV,2,2,06,36,19,233,35,37,47,047,37,5*7D,1763494351859
NMEA,$GNGSA,A,3,03,04,07,08,09,16,20,21,27,30,,,0.6,0.4,0.5,1*37,1763494351881
NMEA,$PSSGR,GSA,A,3,03,04,08,09,21,27,30,,,,,,0.6,0.4,0.5,1,8*41,1763494351881
NMEA,$GNGSA,A,3,65,72,75,76,,,,,,,,,0.6,0.4,0.5,2*30,1763494351881
NMEA,$GNGSA,A,3,02,03,05,08,13,16,25,30,,,,,0.6,0.4,0.5,3*39,1763494351881
NMEA,$PSSGR,GSA,A,3,302,303,305,308,313,316,325,330,,,,,0.6,0.4,0.5,3,1*44,1763494351881
NMEA,$GNGSA,A,3,19,20,22,32,36,37,,,,,,,0.6,0.4,0.5,4*39,1763494351881
NMEA,$PSSGR,GSA,A,3,219,220,222,232,236,237,,,,,,,0.6,0.4,0.5,4,5*40,1763494351881
NMEA,$GNVTG,228.2,T,215.4,M,1.0,N,1.9,K,E*38,1763494351881
NMEA,$GNDTM,W84,,0000.000000,N,00000.000000,E,0.000,W84*41,1763494351881
NMEA,$GNRMC,193232.00,A,3725.861648,N,12209.316871,W,1.0,228.2,181125,12.8,E,E,V*75,1763494351881
NMEA,$GNGNS,193232.00,3725.861648,N,12209.316871,W,EEEEEE,28,0.4,21.0,-32.6,,,V*2B,1763494351881
NMEA,$GNGGA,193232.00,3725.861648,N,12209.316871,W,6,12,0.4,21.0,M,-32.6,M,,*75,1763494351881
NMEA,$PSMSG,magcal=PASS,bluesky=0*00,1763494351888
NMEA,$GPGSV,3,1,12,03,17,173,47,04,53,102,44,07,53,282,44,08,18,125,43,1*6E,1763494352859
NMEA,$GPGSV,3,2,12,09,77,001,45,16,33,049,42,20,14,318,43,21,15,319,43,1*62,1763494352859
NMEA,$GPGSV,3,3,12,27,19,093,34,30,26,265,38,46,00,000,47,48,00,000,44,1*67,1763494352859
NMEA,$GPGSV,2,1,08,03,17,173,38,04,53,102,38,08,18,125,39,09,77,001,39,8*68,1763494352859
NMEA,$GPGSV,2,2,08,11,03,293,23,21,15,319,33,27,19,093,40,30,26,265,34,8*61,1763494352859
NMEA,$GLGSV,1,1,04,12,64,232,41,11,51,029,42,01,75,114,41,08,20,137,37,1*7B,1763494352859
NMEA,$GAGSV,3,1,11,02,52,173,43,03,66,077,42,05,19,109,42,07,02,299,16,7*70,1763494352859
NMEA,$GAGSV,3,2,11,08,49,316,41,13,12,275,34,15,05,227,29,16,33,049,41,7*72,1763494352859
NMEA,$GAGSV,3,3,11,25,54,069,41,26,03,323,38,30,07,203,31,7*46,1763494352859
NMEA,$GAGSV,2,1,08,02,52,173,35,03,66,077,36,05,19,109,28,08,49,316,31,1*72,1763494352859
NMEA,$GAGSV,2,2,08,13,12,275,21,16,33,049,34,25,54,069,36,30,07,203,23,1*7A,1763494352859
NMEA,$GBGSV,2,1,07,37,47,047,44,36,19,233,43,32,14,144,44,22,05,320,40,1*7B,1763494352859
NMEA,$GBGSV,2,2,07,20,69,160,44,19,56,311,45,04,03,265,31,1*46,1763494352859
NMEA,$GBGSV,2,1,05,19,56,311,42,20,69,160,41,32,14,144,42,36,19,233,41,3*7A,1763494352859
NMEA,$GBGSV,2,2,05,37,47,047,43,3*42,1763494352859
NMEA,$GBGSV,2,1,06,19,56,311,30,20,69,160,35,22,05,320,31,32,14,144,37,5*77,1763494352859
NMEA,$GBGSV,2,2,06,36,19,233,32,37,47,047,37,5*7A,1763494352859
NMEA,$GNGSA,A,3,03,04,07,08,09,16,20,21,27,30,,,0.6,0.4,0.5,1*37,1763494352880
NMEA,$PSSGR,GSA,A,3,03,04,08,09,21,27,30,,,,,,0.6,0.4,0.5,1,8*41,1763494352880
NMEA,$GNGSA,A,3,65,72,75,76,,,,,,,,,0.6,0.4,0.5,2*30,1763494352880
NMEA,$GNGSA,A,3,02,03,05,08,13,16,25,30,,,,,0.6,0.4,0.5,3*39,1763494352880
NMEA,$PSSGR,GSA,A,3,302,303,305,308,313,316,325,330,,,,,0.6,0.4,0.5,3,1*44,1763494352880
NMEA,$GNGSA,A,3,19,20,22,32,36,37,,,,,,,0.6,0.4,0.5,4*39,1763494352880
NMEA,$PSSGR,GSA,A,3,219,220,222,232,236,237,,,,,,,0.6,0.4,0.5,4,5*40,1763494352880
NMEA,$GNVTG,228.2,T,215.4,M,0.5,N,1.0,K,E*35,1763494352880
NMEA,$GNDTM,W84,,0000.000000,N,00000.000000,E,0.000,W84*41,1763494352880
NMEA,$GNRMC,193233.00,A,3725.861576,N,12209.316927,W,0.5,228.2,181125,12.8,E,E,V*7C,1763494352880
NMEA,$GNGNS,193233.00,3725.861576,N,12209.316927,W,EEEEEE,28,0.4,21.1,-32.6,,,V*27,1763494352880
NMEA,$GNGGA,193233.00,3725.861576,N,12209.316927,W,6,12,0.4,21.1,M,-32.6,M,,*79,1763494352880
NMEA,$PSMSG,magcal=PASS,bluesky=0*00,1763494352885
NMEA,$GPGSV,3,1,12,03,17,173,42,04,53,102,40,07,53,282,44,08,18,125,45,1*69,1763494353857
NMEA,$GPGSV,3,2,12,09,77,001,46,16,33,049,40,20,14,318,42,21,15,319,42,1*63,1763494353857
NMEA,$GPGSV,3,3,12,27,19,093,35,30,26,265,38,46,00,000,45,48,00,000,44,1*64,1763494353857
NMEA,$GPGSV,2,1,08,03,17,173,31,04,53,102,34,08,18,125,35,09,77,001,35,8*6D,1763494353857
NMEA,$GPGSV,2,2,08,11,03,293,17,21,15,319,34,27,19,093,40,30,26,265,30,8*65,1763494353857
NMEA,$GLGSV,1,1,04,12,64,232,42,11,51,029,45,01,75,114,41,08,20,137,39,1*71,1763494353857
NMEA,$GAGSV,3,1,11,02,52,173,40,03,66,077,43,05,19,109,48,07,02,299,19,7*77,1763494353857
NMEA,$GAGSV,3,2,11,08,49,316,41,13,12,275,36,15,05,227,26,16,33,049,37,7*7E,1763494353857
NMEA,$GAGSV,3,3,11,25,54,069,44,26,03,323,37,30,07,203,29,7*45,1763494353857
NMEA,$GAGSV,2,1,08,02,52,173,27,03,66,077,35,05,19,109,26,08,49,316,35,1*78,1763494353857
NMEA,$GAGSV,2,2,08,13,12,275,25,16,33,049,38,25,54,069,37,30,07,203,23,1*73,1763494353857
NMEA,$GBGSV,2,1,07,37,47,047,43,36,19,233,44,32,14,144,44,22,05,320,42,1*79,1763494353857
NMEA,$GBGSV,2,2,07,20,69,160,47,19,56,311,43,04,03,265,31,1*43,1763494353857
NMEA,$GBGSV,2,1,05,19,56,311,41,20,69,160,41,32,14,144,43,36,19,233,43,3*7A,1763494353857
NMEA,$GBGSV,2,2,05,37,47,047,43,3*42,1763494353857
NMEA,$GBGSV,2,1,06,19,56,311,34,20,69,160,35,22,05,320,34,32,14,144,33,5*72,1763494353857
NMEA,$GBGSV,2,2,06,36,19,233,28,37,47,047,36,5*70,1763494353857
NMEA,$GNGSA,A,3,03,04,07,08,09,16,20,21,27,30,,,0.6,0.4,0.5,1*37,1763494353875
NMEA,$PSSGR,GSA,A,3,03,04,08,09,21,27,30,,,,,,0.6,0.4,0.5,1,8*41,1763494353875
NMEA,$GNGSA,A,3,65,72,75,76,,,,,,,,,0.6,0.4,0.5,2*30,1763494353875
NMEA,$GNGSA,A,3,02,03,05,08,13,16,25,30,,,,,0.6,0.4,0.5,3*39,1763494353875
NMEA,$PSSGR,GSA,A,3,302,303,305,308,313,316,325,330,,,,,0.6,0.4,0.5,3,1*44,1763494353875
NMEA,$GNGSA,A,3,19,20,22,32,36,37,,,,,,,0.6,0.4,0.5,4*39,1763494353875
NMEA,$PSSGR,GSA,A,3,219,220,222,232,236,237,,,,,,,0.6,0.4,0.5,4,5*40,1763494353875
NMEA,$GNVTG,228.2,T,215.4,M,0.5,N,1.0,K,E*35,1763494353875
NMEA,$GNDTM,W84,,0000.000000,N,00000.000000,E,0.000,W84*41,1763494353875
NMEA,$GNRMC,193234.00,A,3725.861622,N,12209.316792,W,0.5,228.2,181125,12.8,E,E,V*79,1763494353875
NMEA,$GNGNS,193234.00,3725.861622,N,12209.316792,W,EEEEEE,28,0.4,21.1,-32.6,,,V*22,1763494353875
NMEA,$GNGGA,193234.00,3725.861622,N,12209.316792,W,6,12,0.4,21.1,M,-32.6,M,,*7C,1763494353875
NMEA,$PSMSG,magcal=PASS,bluesky=0*00,1763494353881
NMEA,$GPGSV,4,1,13,03,17,173,43,04,53,102,42,07,53,282,43,08,18,125,47,1*69,1763494354859
NMEA,$GPGSV,4,2,13,09,77,001,47,11,03,293,28,16,33,049,44,20,14,318,42,1*6B,1763494354859
NMEA,$GPGSV,4,3,13,21,15,319,43,27,19,093,34,30,26,265,35,46,00,000,43,1*6F,1763494354859
NMEA,$GPGSV,4,4,13,48,00,000,44,1*5A,1763494354859
NMEA,$GPGSV,2,1,08,03,17,173,35,04,53,102,32,08,18,125,32,09,77,001,33,8*6E,1763494354859
NMEA,$GPGSV,2,2,08,11,03,293,17,21,15,319,35,27,19,093,41,30,26,265,33,8*66,1763494354859
NMEA,$GLGSV,1,1,04,12,64,232,42,11,51,029,45,01,75,114,41,08,20,137,37,1*7F,1763494354859
NMEA,$GAGSV,3,1,11,02,52,173,38,03,66,077,44,05,19,109,45,07,02,299,19,7*72,1763494354859
NMEA,$GAGSV,3,2,11,08,49,316,42,13,12,275,38,15,05,227,25,16,33,049,39,7*7E,1763494354859
NMEA,$GAGSV,3,3,11,25,54,069,41,26,03,323,38,30,07,203,28,7*4E,1763494354859
NMEA,$GAGSV,2,1,08,02,52,173,30,03,66,077,29,05,19,109,34,08,49,316,37,1*72,1763494354859
NMEA,$GAGSV,2,2,08,13,12,275,23,16,33,049,38,25,54,069,36,30,07,203,19,1*7D,1763494354859
NMEA,$GBGSV,2,1,07,37,47,047,44,36,19,233,42,32,14,144,47,22,05,320,41,1*78,1763494354859
NMEA,$GBGSV,2,2,07,20,69,160,49,19,56,311,45,04,03,265,31,1*4B,1763494354859
NMEA,$GBGSV,2,1,05,19,56,311,43,20,69,160,45,32,14,144,46,36,19,233,40,3*7A,1763494354859
NMEA,$GBGSV,2,2,05,37,47,047,44,3*45,1763494354859
NMEA,$GBGSV,2,1,06,19,56,311,37,20,69,160,33,22,05,320,31,32,14,144,26,5*76,1763494354859
NMEA,$GBGSV,2,2,06,36,19,233,30,37,47,047,31,5*7E,1763494354859
NMEA,$GNGSA,A,3,03,04,07,08,09,16,20,21,27,30,,,0.6,0.4,0.5,1*37,1763494354877
NMEA,$PSSGR,GSA,A,3,03,04,08,09,21,27,30,,,,,,0.6,0.4,0.5,1,8*41,1763494354877
NMEA,$GNGSA,A,3,65,72,75,76,,,,,,,,,0.6,0.4,0.5,2*30,1763494354877
NMEA,$GNGSA,A,3,02,03,05,08,13,16,25,30,,,,,0.6,0.4,0.5,3*39,1763494354877
NMEA,$PSSGR,GSA,A,3,302,303,305,308,313,316,325,330,,,,,0.6,0.4,0.5,3,1*44,1763494354877
NMEA,$GNGSA,A,3,19,20,22,32,36,37,,,,,,,0.6,0.4,0.5,4*39,1763494354877
NMEA,$PSSGR,GSA,A,3,219,220,222,232,236,237,,,,,,,0.6,0.4,0.5,4,5*40,1763494354877
NMEA,$GNVTG,228.2,T,215.4,M,0.3,N,0.5,K,E*37,1763494354877
NMEA,$GNDTM,W84,,0000.000000,N,00000.000000,E,0.000,W84*41,1763494354877
NMEA,$GNRMC,193235.00,A,3725.861656,N,12209.316672,W,0.3,228.2,181125,12.8,E,E,V*72,1763494354877
NMEA,$GNGNS,193235.00,3725.861656,N,12209.316672,W,EEEEEE,28,0.4,21.2,-32.6,,,V*2C,1763494354877
NMEA,$GNGGA,193235.00,3725.861656,N,12209.316672,W,6,12,0.4,21.2,M,-32.6,M,,*72,1763494354877
NMEA,$PSMSG,magcal=PASS,bluesky=0*00,1763494354885
NMEA,$GPGSV,3,1,12,03,17,173,43,04,53,102,46,07,53,282,41,08,18,125,37,1*6E,1763494355859
NMEA,$GPGSV,3,2,12,09,77,001,45,16,33,049,39,20,14,318,41,21,15,319,39,1*61,1763494355859
NMEA,$GPGSV,3,3,12,27,19,093,37,30,26,265,43,46,00,000,43,48,00,000,42,1*6A,1763494355859
NMEA,$GPGSV,2,1,08,03,17,173,28,04,53,102,36,08,18,125,33,09,77,001,39,8*6D,1763494355859
NMEA,$GPGSV,2,2,08,11,03,293,19,21,15,319,37,27,19,093,40,30,26,265,31,8*69,1763494355859
NMEA,$GLGSV,1,1,04,12,64,232,42,11,51,029,43,01,75,114,41,08,20,137,43,1*7A,1763494355859
NMEA,$GAGSV,3,1,11,02,52,173,45,03,66,077,44,05,19,109,45,07,02,299,19,7*78,1763494355859
NMEA,$GAGSV,3,2,11,08,49,316,40,13,12,275,30,15,05,227,29,16,33,049,41,7*77,1763494355859
NMEA,$GAGSV,3,3,11,25,54,069,42,26,03,323,37,30,07,203,27,7*4D,1763494355859
NMEA,$GAGSV,2,1,08,02,52,173,38,03,66,077,37,05,19,109,29,08,49,316,32,1*7C,1763494355859
NMEA,$GAGSV,2,2,08,13,12,275,28,16,33,049,39,25,54,069,34,30,07,203,21,1*7E,1763494355859
NMEA,$GBGSV,2,1,07,37,47,047,41,36,19,233,45,32,14,144,43,22,05,320,42,1*7D,1763494355859
NMEA,$GBGSV,2,2,07,20,69,160,45,19,56,311,42,04,03,265,31,1*40,1763494355859
NMEA,$GBGSV,2,1,05,19,56,311,42,20,69,160,47,32,14,144,42,36,19,233,43,3*7E,1763494355859
NMEA,$GBGSV,2,2,05,37,47,047,41,3*40,1763494355859
NMEA,$GBGSV,2,1,06,19,56,311,35,20,69,160,34,22,05,320,33,32,14,144,33,5*75,1763494355859
NMEA,$GBGSV,2,2,06,36,19,233,30,37,47,047,39,5*76,1763494355859
NMEA,$GNGSA,A,3,03,04,07,08,09,16,20,21,27,30,,,0.6,0.4,0.5,1*37,1763494355877
NMEA,$PSSGR,GSA,A,3,03,04,08,09,21,27,30,,,,,,0.6,0.4,0.5,1,8*41,1763494355877
NMEA,$GNGSA,A,3,65,72,75,76,,,,,,,,,0.6,0.4,0.5,2*30,1763494355877
NMEA,$GNGSA,A,3,02,03,05,08,13,16,25,30,,,,,0.6,0.4,0.5,3*39,1763494355877
NMEA,$PSSGR,GSA,A,3,302,303,305,308,313,316,325,330,,,,,0.6,0.4,0.5,3,1*44,1763494355877
NMEA,$GNGSA,A,3,19,20,22,32,36,37,,,,,,,0.6,0.4,0.5,4*39,1763494355877
NMEA,$PSSGR,GSA,A,3,219,220,222,232,236,237,,,,,,,0.6,0.4,0.5,4,5*40,1763494355877
NMEA,$GNVTG,228.2,T,215.4,M,0.3,N,0.6,K,E*34,1763494355877
NMEA,$GNDTM,W84,,0000.000000,N,00000.000000,E,0.000,W84*41,1763494355877
NMEA,$GNRMC,193236.00,A,3725.861676,N,12209.316627,W,0.3,228.2,181125,12.8,E,E,V*73,1763494355877
NMEA,$GNGNS,193236.00,3725.861676,N,12209.316627,W,EEEEEE,28,0.4,21.2,-32.6,,,V*2D,1763494355877
NMEA,$GNGGA,193236.00,3725.861676,N,12209.316627,W,6,12,0.4,21.2,M,-32.6,M,,*73,1763494355877
NMEA,$PSMSG,magcal=PASS,bluesky=0*00,1763494355883
NMEA,$GPGSV,3,1,12,03,17,173,43,04,53,102,46,07,53,282,41,08,18,125,38,1*61,1763494356863
NMEA,$GPGSV,3,2,12,09,77,001,47,16,33,049,40,20,14,318,37,21,15,319,41,1*63,1763494356863
NMEA,$GPGSV,3,3,12,27,19,093,39,30,26,265,44,46,00,000,40,48,00,000,40,1*62,1763494356863
NMEA,$GPGSV,2,1,08,03,17,173,30,04,53,102,22,08,18,125,30,09,77,001,39,8*62,1763494356863
NMEA,$GPGSV,2,2,08,11,03,293,22,21,15,319,39,27,19,093,28,30,26,265,33,8*63,1763494356863
NMEA,$GLGSV,1,1,04,12,64,232,39,11,51,029,44,01,75,114,39,08,20,137,37,1*7D,1763494356863
NMEA,$GAGSV,3,1,11,02,52,173,42,03,66,077,44,05,19,109,43,07,02,299,19,7*79,1763494356863
NMEA,$GAGSV,3,2,11,08,49,316,42,13,12,275,28,15,05,227,30,16,33,049,44,7*71,1763494356863
NMEA,$GAGSV,3,3,11,25,54,069,42,26,03,323,39,30,07,203,30,7*45,1763494356863
NMEA,$GAGSV,2,1,08,02,52,173,40,03,66,077,35,05,19,109,31,08,49,316,29,1*72,1763494356863
NMEA,$GAGSV,2,2,08,13,12,275,28,16,33,049,37,25,54,069,31,30,07,203,21,1*75,1763494356863
NMEA,$GBGSV,2,1,07,37,47,047,41,36,19,233,45,32,14,144,41,22,05,320,40,1*7D,1763494356863
NMEA,$GBGSV,2,2,07,20,69,160,46,19,56,311,43,04,03,265,30,1*43,1763494356863
NMEA,$GBGSV,2,1,05,19,56,311,41,20,69,160,44,32,14,144,39,36,19,233,41,3*70,1763494356863
NMEA,$GBGSV,2,2,05,37,47,047,42,3*43,1763494356863
NMEA,$GBGSV,2,1,06,19,56,311,35,20,69,160,36,22,05,320,33,32,14,144,29,5*7C,1763494356863
NMEA,$GBGSV,2,2,06,36,19,233,32,37,47,047,38,5*75,1763494356863
NMEA,$GNGSA,A,3,03,04,07,08,09,16,20,21,27,30,,,0.6,0.4,0.5,1*37,1763494356884
NMEA,$PSSGR,GSA,A,3,03,04,08,09,21,27,30,,,,,,0.6,0.4,0.5,1,8*41,1763494356884
NMEA,$GNGSA,A,3,65,72,75,76,,,,,,,,,0.6,0.4,0.5,2*30,1763494356884
NMEA,$GNGSA,A,3,02,03,05,08,13,16,25,30,,,,,0.6,0.4,0.5,3*39,1763494356884
NMEA,$PSSGR,GSA,A,3,302,303,305,308,313,316,325,330,,,,,0.6,0.4,0.5,3,1*44,1763494356884
NMEA,$GNGSA,A,3,19,20,22,32,36,37,,,,,,,0.6,0.4,0.5,4*39,1763494356884
NMEA,$PSSGR,GSA,A,3,219,220,222,232,236,237,,,,,,,0.6,0.4,0.5,4,5*40,1763494356884
NMEA,$GNVTG,228.2,T,215.4,M,0.8,N,1.5,K,E*3D,1763494356884
NMEA,$GNDTM,W84,,0000.000000,N,00000.000000,E,0.000,W84*41,1763494356884
NMEA,$GNRMC,193237.00,A,3725.861828,N,12209.316467,W,0.8,228.2,181125,12.8,E,E,V*7A,1763494356884
NMEA,$GNGNS,193237.00,3725.861828,N,12209.316467,W,EEEEEE,28,0.4,21.4,-32.6,,,V*29,1763494356884
NMEA,$GNGGA,193237.00,3725.861828,N,12209.316467,W,6,12,0.4,21.4,M,-32.6,M,,*77,1763494356884
NMEA,$PSMSG,magcal=PASS,bluesky=0*00,1763494356894
NMEA,$GPGSV,4,1,13,03,17,173,42,04,53,102,46,07,53,282,41,08,18,125,39,1*67,1763494357866
NMEA,$GPGSV,4,2,13,09,77,001,45,11,03,293,30,16,33,049,41,20,14,318,39,1*69,1763494357866
NMEA,$GPGSV,4,3,13,21,15,319,42,27,19,093,42,30,26,265,42,46,00,000,41,1*6D,1763494357866
NMEA,$GPGSV,4,4,13,48,00,000,38,1*51,1763494357866
NMEA,$GPGSV,2,1,08,03,17,173,27,04,53,102,31,08,18,125,32,09,77,001,39,8*64,1763494357866
NMEA,$GPGSV,2,2,08,11,03,293,22,21,15,319,38,27,19,093,33,30,26,265,35,8*6E,1763494357866
NMEA,$GLGSV,1,1,04,12,64,232,41,11,51,029,45,01,75,114,39,08,20,137,38,1*7C,1763494357866
NMEA,$GAGSV,3,1,11,02,52,173,42,03,66,077,41,05,19,109,44,07,02,299,21,7*70,1763494357866
NMEA,$GAGSV,3,2,11,08,49,316,40,13,12,275,26,15,05,227,33,16,33,049,44,7*7E,1763494357866
NMEA,$GAGSV,3,3,11,25,54,069,43,26,03,323,37,30,07,203,31,7*4B,1763494357866
NMEA,$GAGSV,2,1,08,02,52,173,39,03,66,077,37,05,19,109,32,08,49,316,31,1*74,1763494357866
NMEA,$GAGSV,2,2,08,13,12,275,30,16,33,049,36,25,54,069,34,30,07,203,20,1*79,1763494357866
NMEA,$GBGSV,2,1,07,37,47,047,44,36,19,233,45,32,14,144,41,22,05,320,42,1*7A,1763494357866
NMEA,$GBGSV,2,2,07,20,69,160,47,19,56,311,42,04,03,265,30,1*43,1763494357866
NMEA,$GBGSV,2,1,05,19,56,311,40,20,69,160,46,32,14,144,38,36,19,233,42,3*71,1763494357866
NMEA,$GBGSV,2,2,05,37,47,047,43,3*42,1763494357866
NMEA,$GBGSV,2,1,06,19,56,311,35,20,69,160,36,22,05,320,34,32,14,144,30,5*73,1763494357866
NMEA,$GBGSV,2,2,06,36,19,233,32,37,47,047,40,5*7A,1763494357866
NMEA,$GNGSA,A,3,03,04,07,08,09,16,20,21,27,30,,,0.6,0.4,0.5,1*37,1763494357877
NMEA,$PSSGR,GSA,A,3,03,04,08,09,21,27,30,,,,,,0.6,0.4,0.5,1,8*41,1763494357877
NMEA,$GNGSA,A,3,65,72,75,76,,,,,,,,,0.6,0.4,0.5,2*30,1763494357877
NMEA,$GNGSA,A,3,02,03,05,08,13,16,25,30,,,,,0.6,0.4,0.5,3*39,1763494357877
NMEA,$PSSGR,GSA,A,3,302,303,305,308,313,316,325,,,,,,0.6,0.4,0.5,3,1*74,1763494357877
NMEA,$GNGSA,A,3,19,20,22,32,36,37,,,,,,,0.6,0.4,0.5,4*39,1763494357877
NMEA,$PSSGR,GSA,A,3,219,220,222,232,236,237,,,,,,,0.6,0.4,0.5,4,5*40,1763494357877
NMEA,$GNVTG,228.2,T,215.4,M,0.7,N,1.3,K,E*34,1763494357877
NMEA,$GNDTM,W84,,0000.000000,N,00000.000000,E,0.000,W84*41,1763494357877
NMEA,$GNRMC,193238.00,A,3725.861991,N,12209.316336,W,0.7,228.2,181125,12.8,E,E,V*7A,1763494357877
NMEA,$GNGNS,193238.00,3725.861991,N,12209.316336,W,EEEEEE,28,0.4,21.3,-32.6,,,V*21,1763494357877
NMEA,$GNGGA,193238.00,3725.861991,N,12209.316336,W,6,12,0.4,21.3,M,-32.6,M,,*7F,1763494357877
NMEA,$PSMSG,magcal=PASS,bluesky=0*00,1763494357882
NMEA,$GPGSV,4,1,13,03,17,173,42,04,53,102,45,07,53,282,43,08,18,125,40,1*68,1763494358867
NMEA,$GPGSV,4,2,13,09,77,001,45,11,03,293,32,16,33,049,39,20,14,318,42,1*68,1763494358867
NMEA,$GPGSV,4,3,13,21,15,319,40,27,19,093,41,30,26,265,41,46,00,000,40,1*6E,1763494358867
NMEA,$GPGSV,4,4,13,48,00,000,39,1*50,1763494358867
NMEA,$GPGSV,2,1,08,03,17,173,31,04,53,102,34,08,18,125,33,09,77,001,38,8*66,1763494358867
NMEA,$GPGSV,2,2,08,11,03,293,22,21,15,319,36,27,19,093,37,30,26,265,34,8*65,1763494358867
NMEA,$GLGSV,1,1,04,12,64,232,42,11,51,029,44,01,75,114,41,08,20,137,40,1*7E,1763494358867
NMEA,$GAGSV,3,1,11,02,52,173,42,03,66,077,43,05,19,109,46,07,02,299,23,7*72,1763494358867
NMEA,$GAGSV,3,2,11,08,49,316,40,13,12,275,30,15,05,227,32,16,33,049,41,7*7D,1763494358867
NMEA,$GAGSV,3,3,11,25,54,069,43,26,03,323,39,30,07,203,30,7*44,1763494358867
NMEA,$GAGSV,2,1,08,02,52,173,39,03,66,077,38,05,19,109,30,08,49,316,31,1*79,1763494358867
NMEA,$GAGSV,2,2,08,13,12,275,30,16,33,049,39,25,54,069,34,30,07,203,20,1*76,1763494358867
NMEA,$GBGSV,2,1,07,37,47,047,43,36,19,233,44,32,14,144,42,22,05,320,40,1*7D,1763494358867
NMEA,$GBGSV,2,2,07,20,69,160,47,19,56,311,42,04,03,265,31,1*42,1763494358867
NMEA,$GBGSV,2,1,05,19,56,311,41,20,69,160,46,32,14,144,41,36,19,233,42,3*7E,1763494358867
NMEA,$GBGSV,2,2,05,37,47,047,44,3*45,1763494358867
NMEA,$GBGSV,2,1,06,19,56,311,35,20,69,160,35,22,05,320,34,32,14,144,34,5*74,1763494358867
NMEA,$GBGSV,2,2,06,36,19,233,30,37,47,047,38,5*77,1763494358867
NMEA,$GNGSA,A,3,03,04,07,08,09,16,20,21,27,30,,,0.6,0.4,0.5,1*37,1763494358880
NMEA,$PSSGR,GSA,A,3,03,04,08,09,21,27,30,,,,,,0.6,0.4,0.5,1,8*41,1763494358880
NMEA,$GNGSA,A,3,65,72,75,76,,,,,,,,,0.6,0.4,0.5,2*30,1763494358880
NMEA,$GNGSA,A,3,02,03,05,08,13,16,25,30,,,,,0.6,0.4,0.5,3*39,1763494358880
NMEA,$PSSGR,GSA,A,3,302,303,305,308,313,316,325,,,,,,0.6,0.4,0.5,3,1*74,1763494358880
NMEA,$GNGSA,A,3,19,20,22,32,36,37,,,,,,,0.6,0.4,0.5,4*39,1763494358880
NMEA,$PSSGR,GSA,A,3,219,220,222,232,236,237,,,,,,,0.6,0.4,0.5,4,5*40,1763494358880
NMEA,$GNVTG,228.2,T,215.4,M,1.1,N,2.1,K,E*32,1763494358880
NMEA,$GNDTM,W84,,0000.000000,N,00000.000000,E,0.000,W84*41,1763494358880
NMEA,$GNRMC,193239.00,A,3725.862084,N,12209.316001,W,1.1,228.2,181125,12.8,E,E,V*75,1763494358880
NMEA,$GNGNS,193239.00,3725.862084,N,12209.316001,W,EEEEEE,28,0.4,21.3,-32.6,,,V*29,1763494358880
NMEA,$GNGGA,193239.00,3725.862084,N,12209.316001,W,6,12,0.4,21.3,M,-32.6,M,,*77,1763494358880
NMEA,$PSMSG,magcal=PASS,bluesky=0*00,1763494358883
NMEA,$GPGSV,4,1,13,03,17,173,41,04,53,102,45,07,53,282,42,08,18,125,41,1*6B,1763494359866
NMEA,$GPGSV,4,2,13,09,77,001,45,11,03,293,33,16,33,049,39,20,14,318,41,1*6A,1763494359866
NMEA,$GPGSV,4,3,13,21,15,319,41,27,19,093,37,30,26,265,40,46,00,000,41,1*6E,1763494359866
NMEA,$GPGSV,4,4,13,48,00,000,39,1*50,1763494359866
NMEA,$GPGSV,2,1,08,03,17,173,29,04,53,102,37,08,18,125,34,09,77,001,38,8*6B,1763494359866
NMEA,$GPGSV,2,2,08,11,03,293,17,21,15,319,35,27,19,093,38,30,26,265,35,8*6E,1763494359866
NMEA,$GLGSV,1,1,04,12,64,232,42,11,51,029,43,01,75,114,41,08,20,137,40,1*79,1763494359866
NMEA,$GAGSV,3,1,11,02,52,173,43,03,66,077,43,05,19,109,47,07,02,299,23,7*72,1763494359866
NMEA,$GAGSV,3,2,11,08,49,316,41,13,12,275,28,15,05,227,35,16,33,049,40,7*73,1763494359866
NMEA,$GAGSV,3,3,11,25,54,069,44,26,03,323,41,30,07,203,25,7*48,1763494359866
NMEA,$GAGSV,2,1,08,02,52,173,36,03,66,077,39,05,19,109,27,08,49,316,32,1*72,1763494359866
NMEA,$GAGSV,2,2,08,13,12,275,31,16,33,049,40,25,54,069,38,30,07,203,20,1*75,1763494359866
NMEA,$GBGSV,2,1,07,37,47,047,44,36,19,233,45,32,14,144,42,22,05,320,42,1*79,1763494359866
NMEA,$GBGSV,2,2,07,20,69,160,45,19,56,311,43,04,03,265,31,1*41,1763494359866
NMEA,$GBGSV,2,1,05,19,56,311,42,20,69,160,46,32,14,144,41,36,19,233,44,3*7B,1763494359866
NMEA,$GBGSV,2,2,05,37,47,047,43,3*42,1763494359866
NMEA,$GBGSV,2,1,06,19,56,311,31,20,69,160,34,22,05,320,32,32,14,144,32,5*71,1763494359866
NMEA,$GBGSV,2,2,06,36,19,233,29,37,47,047,40,5*70,1763494359866
NMEA,$GNGSA,A,3,03,04,07,08,09,16,20,21,27,30,,,0.6,0.4,0.5,1*37,1763494359882
NMEA,$PSSGR,GSA,A,3,03,04,08,09,21,27,30,,,,,,0.6,0.4,0.5,1,8*41,1763494359882
NMEA,$GNGSA,A,3,65,72,75,76,,,,,,,,,0.6,0.4,0.5,2*30,1763494359882
NMEA,$GNGSA,A,3,02,03,05,08,13,16,25,30,,,,,0.6,0.4,0.5,3*39,1763494359882
NMEA,$PSSGR,GSA,A,3,302,303,305,308,313,316,325,,,,,,0.6,0.4,0.5,3,1*74,1763494359882
NMEA,$GNGSA,A,3,19,20,22,32,36,37,,,,,,,0.6,0.4,0.5,4*39,1763494359882
NMEA,$PSSGR,GSA,A,3,219,220,222,232,236,237,,,,,,,0.6,0.4,0.5,4,5*40,1763494359882
NMEA,$GNVTG,228.2,T,215.4,M,1.3,N,2.5,K,E*34,1763494359882
NMEA,$GNDTM,W84,,0000.000000,N,00000.000000,E,0.000,W84*41,1763494359882
NMEA,$GNRMC,193240.00,A,3725.862089,N,12209.315538,W,1.3,228.2,181125,12.8,E,E,V*78,1763494359882
NMEA,$GNGNS,193240.00,3725.862089,N,12209.315538,W,EEEEEE,28,0.4,21.4,-32.6,,,V*21,1763494359882
NMEA,$GNGGA,193240.00,3725.862089,N,12209.315538,W,6,12,0.4,21.4,M,-32.6,M,,*7F,1763494359882
NMEA,$PSMSG,magcal=PASS,bluesky=0*00,1763494359887
NMEA,$GPGSV,4,1,13,03,17,173,40,04,53,102,46,07,53,282,42,08,18,125,42,1*6A,1763494360861
NMEA,$GPGSV,4,2,13,09,77,001,45,11,03,293,31,16,33,049,40,20,14,318,39,1*69,1763494360861
NMEA,$GPGSV,4,3,13,21,15,319,42,27,19,093,37,30,26,265,42,46,00,000,37,1*6E,1763494360861
NMEA,$GPGSV,4,4,13,48,00,000,38,1*51,1763494360861
NMEA,$GPGSV,2,1,08,03,17,173,32,04,53,102,38,08,18,125,34,09,77,001,39,8*6F,1763494360861
NMEA,$GPGSV,2,2,08,11,03,293,17,21,15,319,36,27,19,093,38,30,26,265,35,8*6D,1763494360861
NMEA,$GLGSV,1,1,04,12,64,232,42,11,51,029,44,01,75,114,40,08,20,137,40,1*7F,1763494360861
NMEA,$GAGSV,3,1,11,02,52,173,43,03,66,077,41,05,19,109,46,07,02,299,23,7*71,1763494360861
NMEA,$GAGSV,3,2,11,08,49,316,41,13,12,275,31,15,05,227,35,16,33,049,42,7*79,1763494360861
NMEA,$GAGSV,3,3,11,25,54,069,46,26,03,323,39,30,07,203,31,7*40,1763494360861
NMEA,$GAGSV,2,1,08,02,52,173,35,03,66,077,39,05,19,109,32,08,49,316,31,1*76,1763494360861
NMEA,$GAGSV,2,2,08,13,12,275,31,16,33,049,39,25,54,069,39,30,07,203,20,1*7A,1763494360861
NMEA,$GBGSV,2,1,07,37,47,047,45,36,19,233,46,32,14,144,44,22,05,320,42,1*7D,1763494360861
NMEA,$GBGSV,2,2,07,20,69,160,45,19,56,311,43,04,03,265,31,1*41,1763494360861
NMEA,$GBGSV,2,1,05,19,56,311,41,20,69,160,45,32,14,144,44,36,19,233,45,3*7F,1763494360861
NMEA,$GBGSV,2,2,05,37,47,047,44,3*45,1763494360861
NMEA,$GBGSV,2,1,06,19,56,311,32,20,69,160,34,22,05,320,32,32,14,144,31,5*71,1763494360861
NMEA,$GBGSV,2,2,06,36,19,233,31,37,47,047,40,5*79,1763494360861
NMEA,$GNGSA,A,3,03,04,07,08,09,16,20,21,27,30,,,0.6,0.4,0.5,1*37,1763494360879
NMEA,$PSSGR,GSA,A,3,03,04,08,09,21,27,30,,,,,,0.6,0.4,0.5,1,8*41,1763494360879
NMEA,$GNGSA,A,3,65,72,75,76,,,,,,,,,0.6,0.4,0.5,2*30,1763494360879
NMEA,$GNGSA,A,3,02,03,05,08,13,16,25,30,,,,,0.6,0.4,0.5,3*39,1763494360879
NMEA,$PSSGR,GSA,A,3,302,303,305,308,313,316,325,,,,,,0.6,0.4,0.5,3,1*74,1763494360879
NMEA,$GNGSA,A,3,19,20,22,32,36,37,,,,,,,0.6,0.4,0.5,4*39,1763494360879
NMEA,$PSSGR,GSA,A,3,219,220,222,232,236,237,,,,,,,0.6,0.4,0.5,4,5*40,1763494360879
NMEA,$GNVTG,228.2,T,215.4,M,1.1,N,2.1,K,E*32,1763494360879
NMEA,$GNDTM,W84,,0000.000000,N,00000.000000,E,0.000,W84*41,1763494360879
NMEA,$GNRMC,193241.00,A,3725.862051,N,12209.315146,W,1.1,228.2,181125,12.8,E,E,V*73,1763494360879
NMEA,$GNGNS,193241.00,3725.862051,N,12209.315146,W,EEEEEE,28,0.4,21.2,-32.6,,,V*2E,1763494360879
NMEA,$GNGGA,193241.00,3725.862051,N,12209.315146,W,6,12,0.4,21.2,M,-32.6,M,,*70,1763494360879
NMEA,$PSMSG,magcal=PASS,bluesky=0*00,1763494360886
NMEA,$GPGSV,4,1,13,03,17,173,43,04,53,102,48,07,53,282,42,08,18,125,34,1*66,1763494361862
NMEA,$GPGSV,4,2,13,09,77,001,45,11,03,293,29,16,33,049,43,20,14,318,42,1*6F,1763494361862
NMEA,$GPGSV,4,3,13,21,15,319,41,27,19,093,41,30,26,265,44,46,00,000,42,1*68,1763494361862
NMEA,$GPGSV,4,4,13,48,00,000,43,1*5D,1763494361862
NMEA,$GPGSV,2,1,08,03,17,173,32,04,53,102,38,08,18,125,35,09,77,001,36,8*61,1763494361862
NMEA,$GPGSV,2,2,08,11,03,293,17,21,15,319,35,27,19,093,40,30,26,265,35,8*61,1763494361862
NMEA,$GLGSV,1,1,04,12,64,232,42,11,51,029,43,01,75,114,40,08,20,137,45,1*7D,1763494361862
NMEA,$GAGSV,3,1,11,02,52,173,42,03,66,077,43,05,19,109,46,07,02,299,20,7*71,1763494361862
NMEA,$GAGSV,3,2,11,08,49,316,41,13,12,275,34,15,05,227,33,16,33,049,41,7*79,1763494361862
NMEA,$GAGSV,3,3,11,25,54,069,41,26,03,323,39,30,07,203,29,7*4E,1763494361862
NMEA,$GAGSV,2,1,08,02,52,173,34,03,66,077,38,05,19,109,33,08,49,316,33,1*75,1763494361862
NMEA,$GAGSV,2,2,08,13,12,275,28,16,33,049,33,25,54,069,30,30,07,203,21,1*70,1763494361862
NMEA,$GBGSV,2,1,07,37,47,047,43,36,19,233,43,32,14,144,43,22,05,320,40,1*7B,1763494361862
NMEA,$GBGSV,2,2,07,20,69,160,46,19,56,311,43,04,03,265,30,1*43,1763494361862
NMEA,$GBGSV,2,1,05,19,56,311,42,20,69,160,43,32,14,144,41,36,19,233,41,3*7B,1763494361862
NMEA,$GBGSV,2,2,05,37,47,047,42,3*43,1763494361862
NMEA,$GBGSV,2,1,06,19,56,311,37,20,69,160,33,22,05,320,31,32,14,144,32,5*73,1763494361862
NMEA,$GBGSV,2,2,06,36,19,233,30,37,47,047,40,5*78,1763494361862
NMEA,$GNGSA,A,3,03,04,07,08,09,16,20,21,27,30,,,0.6,0.4,0.5,1*37,1763494361886
NMEA,$PSSGR,GSA,A,3,03,04,08,09,21,27,30,,,,,,0.6,0.4,0.5,1,8*41,1763494361886
NMEA,$GNGSA,A,3,65,72,75,76,,,,,,,,,0.6,0.4,0.5,2*30,1763494361886
NMEA,$GNGSA,A,3,02,03,05,08,13,16,25,30,,,,,0.6,0.4,0.5,3*39,1763494361886
NMEA,$PSSGR,GSA,A,3,302,303,305,308,313,316,325,,,,,,0.6,0.4,0.5,3,1*74,1763494361886
NMEA,$GNGSA,A,3,19,20,22,32,36,37,,,,,,,0.6,0.4,0.5,4*39,1763494361886
NMEA,$PSSGR,GSA,A,3,219,220,222,232,236,237,,,,,,,0.6,0.4,0.5,4,5*40,1763494361886
NMEA,$GNVTG,,T,,M,0.0,N,0.0,K,E*39,1763494361886
NMEA,$GNDTM,W84,,0000.000000,N,00000.000000,E,0.000,W84*41,1763494361886
NMEA,$GNRMC,193242.00,A,3725.862012,N,12209.314991,W,0.0,,181125,12.8,E,E,V*50,1763494361886
NMEA,$GNGNS,193242.00,3725.862012,N,12209.314991,W,EEEEEE,28,0.4,21.3,-32.6,,,V*28,1763494361886
NMEA,$GNGGA,193242.00,3725.862012,N,12209.314991,W,6,12,0.4,21.3,M,-32.6,M,,*76,1763494361886
NMEA,$PSMSG,magcal=PASS,bluesky=0*00,1763494361899
NMEA,$GPGSV,4,1,13,03,17,173,46,04,53,102,46,07,53,282,43,08,18,125,40,1*6F,1763494362861
NMEA,$GPGSV,4,2,13,09,77,001,44,11,03,293,28,16,33,049,42,20,14,318,42,1*6E,1763494362861
NMEA,$GPGSV,4,3,13,21,15,319,40,27,19,093,33,30,26,265,44,46,00,000,42,1*6C,1763494362861
NMEA,$GPGSV,4,4,13,48,00,000,43,1*5D,1763494362861
NMEA,$GPGSV,2,1,08,03,17,173,34,04,53,102,41,08,18,125,41,09,77,001,39,8*65,1763494362861
NMEA,$GPGSV,2,2,08,11,03,293,17,21,15,319,36,27,19,093,41,30,26,265,35,8*63,1763494362861
NMEA,$GLGSV,1,1,04,12,64,232,43,11,51,029,39,01,75,114,40,08,20,137,43,1*77,1763494362861
NMEA,$GAGSV,3,1,11,02,52,173,46,03,66,077,43,05,19,109,44,07,02,299,20,7*77,1763494362861
NMEA,$GAGSV,3,2,11,08,49,316,40,13,12,275,29,15,05,227,31,16,33,049,39,7*79,1763494362861
NMEA,$GAGSV,3,3,11,25,54,069,43,26,03,323,40,30,07,203,29,7*42,1763494362861
NMEA,$GAGSV,2,1,08,02,52,173,25,03,66,077,36,05,19,109,34,08,49,316,32,1*7D,1763494362861
NMEA,$GAGSV,2,2,08,13,12,275,24,16,33,049,37,25,54,069,34,30,07,203,21,1*7C,1763494362861
NMEA,$GBGSV,2,1,07,37,47,047,44,36,19,233,42,32,14,144,44,22,05,320,38,1*75,1763494362861
NMEA,$GBGSV,2,2,07,20,69,160,47,19,56,311,43,04,03,265,30,1*42,1763494362861
NMEA,$GBGSV,2,1,05,19,56,311,42,20,69,160,45,32,14,144,43,36,19,233,40,3*7E,1763494362861
NMEA,$GBGSV,2,2,05,37,47,047,43,3*42,1763494362861
NMEA,$GBGSV,2,1,06,19,56,311,36,20,69,160,32,22,05,320,30,32,14,144,24,5*75,1763494362861
NMEA,$GBGSV,2,2,06,36,19,233,27,37,47,047,40,5*7E,1763494362861
NMEA,$GNGSA,A,3,03,04,07,08,09,16,20,21,27,30,,,0.6,0.4,0.5,1*37,1763494362880
NMEA,$PSSGR,GSA,A,3,03,04,08,09,21,27,30,,,,,,0.6,0.4,0.5,1,8*41,1763494362880
NMEA,$GNGSA,A,3,65,72,75,76,,,,,,,,,0.6,0.4,0.5,2*30,1763494362880
NMEA,$GNGSA,A,3,02,03,05,08,13,16,25,30,,,,,0.6,0.4,0.5,3*39,1763494362880
NMEA,$PSSGR,GSA,A,3,302,303,305,308,313,316,325,,,,,,0.6,0.4,0.5,3,1*74,1763494362880
NMEA,$GNGSA,A,3,19,20,22,32,36,37,,,,,,,0.6,0.4,0.5,4*39,1763494362880
NMEA,$PSSGR,GSA,A,3,219,220,222,232,236,237,,,,,,,0.6,0.4,0.5,4,5*40,1763494362880
NMEA,$GNVTG,228.2,T,215.4,M,0.5,N,1.0,K,E*35,1763494362880
NMEA,$GNDTM,W84,,0000.000000,N,00000.000000,E,0.000,W84*41,1763494362880
NMEA,$GNRMC,193243.00,A,3725.861937,N,12209.314878,W,0.5,228.2,181125,12.8,E,E,V*7B,1763494362880
NMEA,$GNGNS,193243.00,3725.861937,N,12209.314878,W,EEEEEE,28,0.4,21.1,-32.6,,,V*20,1763494362880
NMEA,$GNGGA,193243.00,3725.861937,N,12209.314878,W,6,12,0.4,21.1,M,-32.6,M,,*7E,1763494362880
NMEA,$PSMSG,magcal=PASS,bluesky=0*00,1763494362886
NMEA,$GPGSV,4,1,13,03,17,173,46,04,53,102,45,07,53,282,42,08,18,125,44,1*69,1763494363858
NMEA,$GPGSV,4,2,13,09,77,001,44,11,03,293,32,16,33,049,43,20,14,318,42,1*64,1763494363858
NMEA,$GPGSV,4,3,13,21,15,319,39,27,19,093,31,30,26,265,41,46,00,000,38,1*68,1763494363858
NMEA,$GPGSV,4,4,13,48,00,000,41,1*5F,1763494363858
NMEA,$GPGSV,2,1,08,03,17,173,33,04,53,102,38,08,18,125,40,09,77,001,39,8*6D,1763494363858
NMEA,$GPGSV,2,2,08,11,03,293,17,21,15,319,36,27,19,093,42,30,26,265,37,8*62,1763494363858
NMEA,$GLGSV,1,1,04,12,64,232,43,11,51,029,41,01,75,114,40,08,20,137,43,1*78,1763494363858
NMEA,$GAGSV,3,1,11,02,52,173,46,03,66,077,42,05,19,109,44,07,02,299,20,7*76,1763494363858
NMEA,$GAGSV,3,2,11,08,49,316,39,13,12,275,28,15,05,227,27,16,33,049,37,7*7F,1763494363858
NMEA,$GAGSV,3,3,11,25,54,069,42,26,03,323,40,30,07,203,26,7*4C,1763494363858
NMEA,$GAGSV,2,1,08,02,52,173,28,03,66,077,37,05,19,109,31,08,49,316,32,1*74,1763494363858
NMEA,$GAGSV,2,2,08,13,12,275,26,16,33,049,36,25,54,069,37,30,07,203,21,1*7C,1763494363858
NMEA,$GBGSV,2,1,07,37,47,047,44,36,19,233,41,32,14,144,43,22,05,320,38,1*71,1763494363858
NMEA,$GBGSV,2,2,07,20,69,160,47,19,56,311,43,04,03,265,31,1*43,1763494363858
NMEA,$GBGSV,2,1,05,19,56,311,42,20,69,160,46,32,14,144,42,36,19,233,41,3*7D,1763494363858
NMEA,$GBGSV,2,2,05,37,47,047,43,3*42,1763494363858
NMEA,$GBGSV,2,1,06,19,56,311,33,20,69,160,33,22,05,320,30,32,14,144,23,5*76,1763494363858
NMEA,$GBGSV,2,2,06,36,19,233,30,37,47,047,41,5*79,1763494363858
NMEA,$GNGSA,A,3,03,04,07,08,09,16,20,21,27,30,,,0.6,0.4,0.5,1*37,1763494363878
NMEA,$PSSGR,GSA,A,3,03,04,08,09,21,27,30,,,,,,0.6,0.4,0.5,1,8*41,1763494363878
NMEA,$GNGSA,A,3,65,72,75,76,,,,,,,,,0.6,0.4,0.5,2*30,1763494363878
NMEA,$GNGSA,A,3,02,03,05,08,13,16,25,30,,,,,0.6,0.4,0.5,3*39,1763494363878
NMEA,$PSSGR,GSA,A,3,302,303,305,308,313,316,325,,,,,,0.6,0.4,0.5,3,1*74,1763494363878
NMEA,$GNGSA,A,3,19,20,22,32,36,37,,,,,,,0.6,0.4,0.5,4*39,1763494363878
NMEA,$PSSGR,GSA,A,3,219,220,222,232,236,237,,,,,,,0.6,0.4,0.5,4,5*40,1763494363878
NMEA,$GNVTG,228.2,T,215.4,M,1.4,N,2.6,K,E*30,1763494363878
NMEA,$GNDTM,W84,,0000.000000,N,00000.000000,E,0.000,W84*41,1763494363878
NMEA,$GNRMC,193244.00,A,3725.861631,N,12209.314600,W,1.4,228.2,181125,12.8,E,E,V*74,1763494363878
NMEA,$GNGNS,193244.00,3725.861631,N,12209.314600,W,EEEEEE,28,0.4,21.2,-32.6,,,V*2C,1763494363878
NMEA,$GNGGA,193244.00,3725.861631,N,12209.314600,W,6,12,0.4,21.2,M,-32.6,M,,*72,1763494363878
NMEA,$PSMSG,magcal=PASS,bluesky=0*00,1763494363884
NMEA,$GPGSV,4,1,13,03,17,173,46,04,53,102,45,07,53,282,42,08,18,125,39,1*63,1763494364858
NMEA,$GPGSV,4,2,13,09,77,001,45,11,03,293,30,16,33,049,42,20,14,318,44,1*60,1763494364858
NMEA,$GPGSV,4,3,13,21,15,319,40,27,19,093,32,30,26,265,42,46,00,000,40,1*69,1763494364858
NMEA,$GPGSV,4,4,13,48,00,000,42,1*5C,1763494364858
NMEA,$GPGSV,2,1,08,03,17,173,34,04,53,102,39,08,18,125,39,09,77,001,39,8*65,1763494364858
NMEA,$GPGSV,2,2,08,11,03,293,17,21,15,319,36,27,19,093,40,30,26,265,36,8*61,1763494364858
NMEA,$GLGSV,1,1,04,12,64,232,43,11,51,029,40,01,75,114,41,08,20,137,43,1*78,1763494364858
NMEA,$GAGSV,3,1,11,02,52,173,46,03,66,077,42,05,19,109,43,07,02,299,20,7*71,1763494364858
NMEA,$GAGSV,3,2,11,08,49,316,41,13,12,275,28,15,05,227,27,16,33,049,38,7*7F,1763494364858
NMEA,$GAGSV,3,3,11,25,54,069,43,26,03,323,39,30,07,203,28,7*4D,1763494364858
NMEA,$GAGSV,2,1,08,02,52,173,25,03,66,077,37,05,19,109,33,08,49,316,31,1*78,1763494364858
NMEA,$GAGSV,2,2,08,13,12,275,25,16,33,049,36,25,54,069,35,30,07,203,21,1*7D,1763494364858
NMEA,$GBGSV,2,1,07,37,47,047,44,36,19,233,41,32,14,144,40,22,05,320,38,1*72,1763494364858
NMEA,$GBGSV,2,2,07,20,69,160,47,19,56,311,43,04,03,265,31,1*43,1763494364858
NMEA,$GBGSV,2,1,05,19,56,311,42,20,69,160,47,32,14,144,39,36,19,233,41,3*70,1763494364858
NMEA,$GBGSV,2,2,05,37,47,047,43,3*42,1763494364858
NMEA,$GBGSV,2,1,06,19,56,311,35,20,69,160,32,22,05,320,30,32,14,144,23,5*71,1763494364858
NMEA,$GBGSV,2,2,06,36,19,233,31,37,47,047,41,5*78,1763494364858
NMEA,$GNGSA,A,3,03,04,07,08,09,16,20,21,27,30,,,0.6,0.4,0.5,1*37,1763494364875
NMEA,$PSSGR,GSA,A,3,03,04,08,09,21,27,30,,,,,,0.6,0.4,0.5,1,8*41,1763494364875
NMEA,$GNGSA,A,3,65,72,75,76,,,,,,,,,0.6,0.4,0.5,2*30,1763494364875
NMEA,$GNGSA,A,3,02,03,05,08,13,16,25,30,,,,,0.6,0.4,0.5,3*39,1763494364875
NMEA,$PSSGR,GSA,A,3,302,303,305,308,313,316,325,,,,,,0.6,0.4,0.5,3,1*74,1763494364875
NMEA,$GNGSA,A,3,19,20,22,32,36,37,,,,,,,0.6,0.4,0.5,4*39,1763494364875
NMEA,$PSSGR,GSA,A,3,219,220,222,232,236,237,,,,,,,0.6,0.4,0.5,4,5*40,1763494364875
NMEA,$GNVTG,134.7,T,121.9,M,1.8,N,3.3,K,E*3A,1763494364875
NMEA,$GNDTM,W84,,0000.000000,N,00000.000000,E,0.000,W84*41,1763494364875
NMEA,$GNRMC,193245.00,A,3725.861268,N,12209.314147,W,1.8,134.7,181125,12.8,E,E,V*7E,1763494364875
NMEA,$GNGNS,193245.00,3725.861268,N,12209.314147,W,EEEEEE,28,0.4,21.1,-32.6,,,V*22,1763494364875
NMEA,$GNGGA,193245.00,3725.861268,N,12209.314147,W,6,12,0.4,21.1,M,-32.6,M,,*7C,1763494364875
NMEA,$PSMSG,magcal=PASS,bluesky=0*00,1763494364882
NMEA,$GPGSV,4,1,13,03,17,173,47,04,53,102,47,07,53,282,41,08,18,125,34,1*6E,1763494365859
NMEA,$GPGSV,4,2,13,09,77,001,44,11,03,293,33,16,33,049,42,20,14,318,45,1*63,1763494365859
NMEA,$GPGSV,4,3,13,21,15,319,41,27,19,093,37,30,26,265,43,46,00,000,40,1*6C,1763494365859
NMEA,$GPGSV,4,4,13,48,00,000,42,1*5C,1763494365859
NMEA,$GPGSV,2,1,08,03,17,173,34,04,53,102,41,08,18,125,38,09,77,001,39,8*6B,1763494365859
NMEA,$GPGSV,2,2,08,11,03,293,16,21,15,319,35,27,19,093,39,30,26,265,38,8*63,1763494365859
NMEA,$GLGSV,1,1,04,12,64,232,44,11,51,029,39,01,75,114,41,08,20,137,45,1*77,1763494365859
NMEA,$GAGSV,3,1,11,02,52,173,46,03,66,077,42,05,19,109,43,07,02,299,20,7*71,1763494365859
NMEA,$GAGSV,3,2,11,08,49,316,40,13,12,275,34,15,05,227,27,16,33,049,38,7*73,1763494365859
NMEA,$GAGSV,3,3,11,25,54,069,42,26,03,323,40,30,07,203,28,7*42,1763494365859
NMEA,$GAGSV,2,1,08,02,52,173,24,03,66,077,38,05,19,109,32,08,49,316,31,1*77,1763494365859
NMEA,$GAGSV,2,2,08,13,12,275,25,16,33,049,35,25,54,069,32,30,07,203,21,1*79,1763494365859
NMEA,$GBGSV,2,1,07,37,47,047,43,36,19,233,41,32,14,144,38,22,05,320,38,1*7A,1763494365859
NMEA,$GBGSV,2,2,07,20,69,160,47,19,56,311,42,04,03,265,31,1*42,1763494365859
NMEA,$GBGSV,2,1,05,19,56,311,42,20,69,160,45,32,14,144,38,36,19,233,39,3*7C,1763494365859
NMEA,$GBGSV,2,2,05,37,47,047,43,3*42,1763494365859
NMEA,$GBGSV,2,1,06,19,56,311,35,20,69,160,31,22,05,320,28,32,14,144,21,5*79,1763494365859
NMEA,$GBGSV,2,2,06,36,19,233,32,37,47,047,39,5*74,1763494365859
NMEA,$GNGSA,A,3,03,04,07,08,09,16,20,21,27,30,,,0.6,0.4,0.5,1*37,1763494365876
NMEA,$PSSGR,GSA,A,3,03,04,08,09,21,27,30,,,,,,0.6,0.4,0.5,1,8*41,1763494365876
NMEA,$GNGSA,A,3,65,72,75,76,,,,,,,,,0.6,0.4,0.5,2*30,1763494365876
NMEA,$GNGSA,A,3,02,03,05,08,13,16,25,30,,,,,0.6,0.4,0.5,3*39,1763494365876
NMEA,$PSSGR,GSA,A,3,302,303,305,308,313,316,325,,,,,,0.6,0.4,0.5,3,1*74,1763494365876
NMEA,$GNGSA,A,3,19,20,22,32,36,37,,,,,,,0.6,0.4,0.5,4*39,1763494365876
NMEA,$PSSGR,GSA,A,3,219,220,222,232,236,237,,,,,,,0.6,0.4,0.5,4,5*40,1763494365876
NMEA,$GNVTG,138.0,T,125.2,M,1.6,N,2.9,K,E*3B,1763494365876
NMEA,$GNDTM,W84,,0000.000000,N,00000.000000,E,0.000,W84*41,1763494365876
NMEA,$GNRMC,193246.00,A,3725.860910,N,12209.313736,W,1.6,138.0,181125,12.8,E,E,V*7A,1763494365876
NMEA,$GNGNS,193246.00,3725.860910,N,12209.313736,W,EEEEEE,28,0.4,21.2,-32.6,,,V*20,1763494365876
NMEA,$GNGGA,193246.00,3725.860910,N,12209.313736,W,6,12,0.4,21.2,M,-32.6,M,,*7E,1763494365876
NMEA,$PSMSG,magcal=PASS,bluesky=0*00,1763494365882
NMEA,$GPGSV,4,1,13,03,17,173,47,04,53,102,44,07,53,282,43,08,18,125,38,1*63,1763494366856
NMEA,$GPGSV,4,2,13,09,77,001,44,11,03,293,31,16,33,049,43,20,14,318,45,1*60,1763494366856
NMEA,$GPGSV,4,3,13,21,15,319,43,27,19,093,30,30,26,265,42,46,00,000,39,1*66,1763494366856
NMEA,$GPGSV,4,4,13,48,00,000,41,1*5F,1763494366856
NMEA,$GPGSV,2,1,08,03,17,173,35,04,53,102,41,08,18,125,38,09,77,001,40,8*64,1763494366856
NMEA,$GPGSV,2,2,08,11,03,293,16,21,15,319,35,27,19,093,42,30,26,265,36,8*61,1763494366856
NMEA,$GLGSV,1,1,04,12,64,232,43,11,51,029,42,01,75,114,41,08,20,137,43,1*7A,1763494366856
NMEA,$GAGSV,3,1,11,02,52,173,47,03,66,077,42,05,19,109,38,07,02,299,18,7*77,1763494366856
NMEA,$GAGSV,3,2,11,08,49,316,40,13,12,275,28,15,05,227,31,16,33,049,40,7*76,1763494366856
NMEA,$GAGSV,3,3,11,25,54,069,42,26,03,323,39,30,07,203,27,7*43,1763494366856
NMEA,$GAGSV,2,1,08,02,52,173,30,03,66,077,37,05,19,109,25,08,49,316,31,1*7B,1763494366856
NMEA,$GAGSV,2,2,08,13,12,275,23,16,33,049,34,25,54,069,35,30,07,203,21,1*79,1763494366856
NMEA,$GBGSV,2,1,07,37,47,047,43,36,19,233,43,32,14,144,38,22,05,320,38,1*78,1763494366856
NMEA,$GBGSV,2,2,07,20,69,160,47,19,56,311,44,04,03,265,31,1*44,1763494366856
NMEA,$GBGSV,2,1,05,19,56,311,43,20,69,160,46,32,14,144,35,36,19,233,41,3*7C,1763494366856
NMEA,$GBGSV,2,2,05,37,47,047,42,3*43,1763494366856
NMEA,$GBGSV,2,1,06,19,56,311,33,20,69,160,34,22,05,320,30,32,14,144,29,5*7B,1763494366856
NMEA,$GBGSV,2,2,06,36,19,233,28,37,47,047,39,5*7F,1763494366856
NMEA,$GNGSA,A,3,03,04,07,08,09,16,20,21,27,30,,,0.6,0.4,0.5,1*37,1763494366874
NMEA,$PSSGR,GSA,A,3,03,04,08,09,21,27,30,,,,,,0.6,0.4,0.5,1,8*41,1763494366874
NMEA,$GNGSA,A,3,65,72,75,76,,,,,,,,,0.6,0.4,0.5,2*30,1763494366874
NMEA,$GNGSA,A,3,02,03,05,08,13,16,25,30,,,,,0.6,0.4,0.5,3*39,1763494366874
NMEA,$PSSGR,GSA,A,3,302,303,305,308,313,316,325,,,,,,0.6,0.4,0.5,3,1*74,1763494366874
NMEA,$GNGSA,A,3,19,20,22,32,36,37,,,,,,,0.6,0.4,0.5,4*39,1763494366874
NMEA,$PSSGR,GSA,A,3,219,220,222,232,236,237,,,,,,,0.6,0.4,0.5,4,5*40,1763494366874
NMEA,$GNVTG,136.1,T,123.3,M,1.6,N,2.9,K,E*33,1763494366874
NMEA,$GNDTM,W84,,0000.000000,N,00000.000000,E,0.000,W84*41,1763494366874
NMEA,$GNRMC,193247.00,A,3725.860581,N,12209.313354,W,1.6,136.1,181125,12.8,E,E,V*70,1763494366874
NMEA,$GNGNS,193247.00,3725.860581,N,12209.313354,W,EEEEEE,28,0.4,21.1,-32.6,,,V*26,1763494366874
NMEA,$GNGGA,193247.00,3725.860581,N,12209.313354,W,6,12,0.4,21.1,M,-32.6,M,,*78,1763494366874
NMEA,$PSMSG,magcal=PASS,bluesky=0*00,1763494366881
NMEA,$GPGSV,3,1,12,03,17,173,48,04,53,102,43,07,53,282,45,08,18,125,39,1*6A,1763494367858
NMEA,$GPGSV,3,2,12,09,77,001,45,16,33,049,42,20,14,318,44,21,15,319,42,1*64,1763494367858
NMEA,$GPGSV,3,3,12,27,19,093,33,30,26,265,43,46,00,000,39,48,00,000,40,1*61,1763494367858
NMEA,$GPGSV,2,1,08,03,17,173,37,04,53,102,38,08,18,125,39,09,77,001,38,8*66,1763494367858
NMEA,$GPGSV,2,2,08,11,03,293,21,21,15,319,36,27,19,093,43,30,26,265,34,8*65,1763494367858
NMEA,$GLGSV,1,1,04,12,64,232,41,11,51,029,43,01,75,114,40,08,20,137,39,1*75,1763494367858
NMEA,$GAGSV,3,1,11,02,52,173,47,03,66,077,42,05,19,109,31,07,02,299,24,7*71,1763494367858
NMEA,$GAGSV,3,2,11,08,49,316,40,13,12,275,26,15,05,227,28,16,33,049,39,7*7E,1763494367858
NMEA,$GAGSV,3,3,11,25,54,069,41,26,03,323,37,30,07,203,24,7*4D,1763494367858
NMEA,$GAGSV,2,1,08,02,52,173,33,03,66,077,36,05,19,109,26,08,49,316,34,1*7F,1763494367858
NMEA,$GAGSV,2,2,08,13,12,275,24,16,33,049,35,25,54,069,36,30,07,203,21,1*7C,1763494367858
NMEA,$GBGSV,2,1,07,37,47,047,44,36,19,233,45,32,14,144,42,22,05,320,38,1*74,1763494367858
NMEA,$GBGSV,2,2,07,20,69,160,46,19,56,311,45,04,03,265,31,1*44,1763494367858
NMEA,$GBGSV,2,1,05,19,56,311,44,20,69,160,46,32,14,144,37,36,19,233,43,3*7B,1763494367858
NMEA,$GBGSV,2,2,05,37,47,047,42,3*43,1763494367858
NMEA,$GBGSV,2,1,06,19,56,311,33,20,69,160,35,22,05,320,31,32,14,144,33,5*70,1763494367858
NMEA,$GBGSV,2,2,06,36,19,233,28,37,47,047,37,5*71,1763494367858
NMEA,$GNGSA,A,3,03,04,07,08,09,16,20,21,27,30,,,0.6,0.4,0.5,1*37,1763494367878
NMEA,$PSSGR,GSA,A,3,03,04,08,09,21,27,30,,,,,,0.6,0.4,0.5,1,8*41,1763494367878
NMEA,$GNGSA,A,3,65,72,75,76,,,,,,,,,0.6,0.4,0.5,2*30,1763494367878
NMEA,$GNGSA,A,3,02,03,05,08,13,16,25,30,,,,,0.6,0.4,0.5,3*39,1763494367878
NMEA,$PSSGR,GSA,A,3,302,303,305,308,313,316,325,,,,,,0.6,0.4,0.5,3,1*74,1763494367878
NMEA,$GNGSA,A,3,19,20,22,32,36,37,,,,,,,0.6,0.4,0.5,4*39,1763494367878
NMEA,$PSSGR,GSA,A,3,219,220,222,232,236,237,,,,,,,0.6,0.4,0.5,4,5*40,1763494367878
NMEA,$GNVTG,135.6,T,122.8,M,1.6,N,2.9,K,E*3D,1763494367878
NMEA,$GNDTM,W84,,0000.000000,N,00000.000000,E,0.000,W84*41,1763494367878
NMEA,$GNRMC,193248.00,A,3725.860277,N,12209.312965,W,1.6,135.6,181125,12.8,E,E,V*7C,1763494367878
NMEA,$GNGNS,193248.00,3725.860277,N,12209.312965,W,EEEEEE,28,0.4,21.2,-32.6,,,V*2D,1763494367878
NMEA,$GNGGA,193248.00,3725.860277,N,12209.312965,W,6,12,0.4,21.2,M,-32.6,M,,*73,1763494367878
NMEA,$PSMSG,magcal=PASS,bluesky=0*00,1763494367889
NMEA,$GPGSV,3,1,12,03,17,173,47,04,53,102,43,07,53,282,44,08,18,125,41,1*6B,1763494368863
NMEA,$GPGSV,3,2,12,09,77,001,45,16,33,049,42,20,14,318,43,21,15,319,40,1*61,1763494368863
NMEA,$GPGSV,3,3,12,27,19,093,29,30,26,265,44,46,00,000,42,48,00,000,40,1*61,1763494368863
NMEA,$GPGSV,2,1,08,03,17,173,34,04,53,102,39,08,18,125,40,09,77,001,39,8*6B,1763494368863
NMEA,$GPGSV,2,2,08,11,03,293,23,21,15,319,36,27,19,093,42,30,26,265,36,8*64,1763494368863
NMEA,$GLGSV,1,1,04,12,64,232,42,11,51,029,42,01,75,114,42,08,20,137,41,1*7A,1763494368863
NMEA,$GAGSV,3,1,11,02,52,173,47,03,66,077,43,05,19,109,38,07,02,299,26,7*7B,1763494368863
NMEA,$GAGSV,3,2,11,08,49,316,40,13,12,275,31,15,05,227,27,16,33,049,40,7*79,1763494368863
NMEA,$GAGSV,3,3,11,25,54,069,42,26,03,323,38,30,07,203,30,7*44,1763494368863
NMEA,$GAGSV,2,1,08,02,52,173,33,03,66,077,37,05,19,109,28,08,49,316,33,1*77,1763494368863
NMEA,$GAGSV,2,2,08,13,12,275,24,16,33,049,36,25,54,069,37,30,07,203,21,1*7E,1763494368863
NMEA,$GBGSV,2,1,07,37,47,047,43,36,19,233,43,32,14,144,40,22,05,320,39,1*76,1763494368863
NMEA,$GBGSV,2,2,07,20,69,160,45,19,56,311,44,04,03,265,31,1*46,1763494368863
NMEA,$GBGSV,2,1,05,19,56,311,43,20,69,160,46,32,14,144,37,36,19,233,42,3*7D,1763494368863
NMEA,$GBGSV,2,2,05,37,47,047,43,3*42,1763494368863
NMEA,$GBGSV,2,1,06,19,56,311,33,20,69,160,33,22,05,320,32,32,14,144,27,5*70,1763494368863
NMEA,$GBGSV,2,2,06,36,19,233,23,37,47,047,38,5*75,1763494368863
NMEA,$GNGSA,A,3,03,04,07,08,09,16,20,21,27,30,,,0.6,0.4,0.5,1*37,1763494368877
NMEA,$PSSGR,GSA,A,3,03,04,08,09,21,27,30,,,,,,0.6,0.4,0.5,1,8*41,1763494368877
NMEA,$GNGSA,A,3,65,72,75,76,,,,,,,,,0.6,0.4,0.5,2*30,1763494368877
NMEA,$GNGSA,A,3,02,03,05,08,13,16,25,30,,,,,0.6,0.4,0.5,3*39,1763494368877
NMEA,$PSSGR,GSA,A,3,302,303,305,308,313,316,325,,,,,,0.6,0.4,0.5,3,1*74,1763494368877
NMEA,$GNGSA,A,3,19,20,22,32,36,37,,,,,,,0.6,0.4,0.5,4*39,1763494368877
NMEA,$PSSGR,GSA,A,3,219,220,222,232,236,237,,,,,,,0.6,0.4,0.5,4,5*40,1763494368877
NMEA,$GNVTG,135.6,T,122.8,M,1.0,N,1.9,K,E*38,1763494368877
NMEA,$GNDTM,W84,,0000.000000,N,00000.000000,E,0.000,W84*41,1763494368877
NMEA,$GNRMC,193249.00,A,3725.860051,N,12209.312737,W,1.0,135.6,181125,12.8,E,E,V*74,1763494368877
NMEA,$GNGNS,193249.00,3725.860051,N,12209.312737,W,EEEEEE,28,0.4,21.1,-32.6,,,V*20,1763494368877
NMEA,$GNGGA,193249.00,3725.860051,N,12209.312737,W,6,12,0.4,21.1,M,-32.6,M,,*7E,1763494368877
NMEA,$PSMSG,magcal=PASS,bluesky=0*00,1763494368883
NMEA,$GPGSV,4,1,13,03,17,173,43,04,53,102,42,07,53,282,42,08,18,125,37,1*6F,1763494369859
NMEA,$GPGSV,4,2,13,09,77,001,45,11,03,293,27,16,33,049,44,20,14,318,42,1*66,1763494369859
NMEA,$GPGSV,4,3,13,21,15,319,35,27,19,093,37,30,26,265,43,46,00,000,46,1*69,1763494369859
NMEA,$GPGSV,4,4,13,48,00,000,46,1*58,1763494369859
NMEA,$GPGSV,2,1,08,03,17,173,39,04,53,102,38,08,18,125,41,09,77,001,38,8*67,1763494369859
NMEA,$GPGSV,2,2,08,11,03,293,22,21,15,319,33,27,19,093,36,30,26,265,33,8*66,1763494369859
NMEA,$GLGSV,1,1,04,12,64,232,45,11,51,029,43,01,75,114,40,08,20,137,37,1*7F,1763494369859
NMEA,$GAGSV,3,1,11,02,52,173,44,03,66,077,42,05,19,109,36,07,02,299,26,7*77,1763494369859
NMEA,$GAGSV,3,2,11,08,49,316,41,13,12,275,30,15,05,227,34,16,33,049,41,7*7A,1763494369859
NMEA,$GAGSV,3,3,11,25,54,069,41,26,03,323,36,30,07,203,29,7*41,1763494369859
NMEA,$GAGSV,2,1,08,02,52,173,35,03,66,077,36,05,19,109,33,08,49,316,36,1*7F,1763494369859
NMEA,$GAGSV,2,2,08,13,12,275,25,16,33,049,32,25,54,069,33,30,07,203,16,1*7B,1763494369859
NMEA,$GBGSV,2,1,07,37,47,047,43,36,19,233,42,32,14,144,30,22,05,320,39,1*70,1763494369859
NMEA,$GBGSV,2,2,07,20,69,160,48,19,56,311,45,04,03,265,33,1*48,1763494369859
NMEA,$GBGSV,2,1,05,19,56,311,43,20,69,160,46,32,14,144,30,36,19,233,41,3*79,1763494369859
NMEA,$GBGSV,2,2,05,37,47,047,42,3*43,1763494369859
NMEA,$GBGSV,2,1,06,19,56,311,39,20,69,160,33,22,05,320,30,32,14,144,27,5*78,1763494369859
NMEA,$GBGSV,2,2,06,36,19,233,31,37,47,047,38,5*76,1763494369859
NMEA,$GNGSA,A,3,03,04,07,08,09,16,20,21,27,30,,,0.6,0.4,0.5,1*37,1763494369878
NMEA,$PSSGR,GSA,A,3,03,04,08,09,21,27,30,,,,,,0.6,0.4,0.5,1,8*41,1763494369878
NMEA,$GNGSA,A,3,65,72,75,76,,,,,,,,,0.6,0.4,0.5,2*30,1763494369878
NMEA,$GNGSA,A,3,02,03,05,08,13,16,25,30,,,,,0.6,0.4,0.5,3*39,1763494369878
NMEA,$PSSGR,GSA,A,3,302,303,305,308,313,316,325,,,,,,0.6,0.4,0.5,3,1*74,1763494369878
NMEA,$GNGSA,A,3,19,20,22,32,36,37,,,,,,,0.6,0.4,0.5,4*39,1763494369878
NMEA,$PSSGR,GSA,A,3,219,220,222,232,236,237,,,,,,,0.6,0.4,0.5,4,5*40,1763494369878
NMEA,$GNVTG,,T,,M,0.0,N,0.0,K,E*39,1763494369878
NMEA,$GNDTM,W84,,0000.000000,N,00000.000000,E,0.000,W84*41,1763494369878
NMEA,$GNRMC,193250.00,A,3725.860009,N,12209.312741,W,0.0,,181125,12.8,E,E,V*5E,1763494369878
NMEA,$GNGNS,193250.00,3725.860009,N,12209.312741,W,EEEEEE,28,0.4,21.0,-32.6,,,V*25,1763494369878
NMEA,$GNGGA,193250.00,3725.860009,N,12209.312741,W,6,12,0.4,21.0,M,-32.6,M,,*7B,1763494369878
NMEA,$PSMSG,magcal=PASS,bluesky=0*00,1763494369888
NMEA,$GPGSV,4,1,13,03,17,173,44,04,53,102,43,07,53,282,40,08,18,125,30,1*6C,1763494370859
NMEA,$GPGSV,4,2,13,09,77,001,42,11,03,293,27,16,33,049,43,20,14,318,43,1*67,1763494370859
NMEA,$GPGSV,4,3,13,21,15,319,40,27,19,093,37,30,26,265,41,46,00,000,37,1*6F,1763494370859
NMEA,$GPGSV,4,4,13,48,00,000,44,1*5A,1763494370859
NMEA,$GPGSV,2,1,08,03,17,173,37,04,53,102,39,08,18,125,39,09,77,001,38,8*67,1763494370859
NMEA,$GPGSV,2,2,08,11,03,293,23,21,15,319,34,27,19,093,37,30,26,265,28,8*6B,1763494370859
NMEA,$GLGSV,1,1,04,12,64,232,46,11,51,029,42,01,75,114,40,08,20,137,38,1*72,1763494370859
NMEA,$GAGSV,3,1,11,02,52,173,48,03,66,077,40,05,19,109,36,07,02,299,26,7*79,1763494370859
NMEA,$GAGSV,3,2,11,08,49,316,40,13,12,275,26,15,05,227,34,16,33,049,42,7*7F,1763494370859
NMEA,$GAGSV,3,3,11,25,54,069,41,26,03,323,38,30,07,203,29,7*4F,1763494370859
NMEA,$GAGSV,2,1,08,02,52,173,37,03,66,077,38,05,19,109,34,08,49,316,24,1*77,1763494370859
NMEA,$GAGSV,2,2,08,13,12,275,28,16,33,049,31,25,54,069,34,30,07,203,16,1*72,1763494370859
NMEA,$GBGSV,2,1,07,37,47,047,43,36,19,233,43,32,14,144,30,22,05,320,42,1*7D,1763494370859
NMEA,$GBGSV,2,2,07,20,69,160,46,19,56,311,45,04,03,265,33,1*46,1763494370859
NMEA,$GBGSV,2,1,05,19,56,311,44,20,69,160,48,32,14,144,30,36,19,233,43,3*72,1763494370859
NMEA,$GBGSV,2,2,05,37,47,047,42,3*43,1763494370859
NMEA,$GBGSV,2,1,06,19,56,311,31,20,69,160,37,22,05,320,30,32,14,144,30,5*72,1763494370859
NMEA,$GBGSV,2,2,06,36,19,233,32,37,47,047,39,5*74,1763494370859
NMEA,$GNGSA,A,3,03,04,07,08,09,16,20,21,27,30,,,0.6,0.4,0.5,1*37,1763494370879
NMEA,$PSSGR,GSA,A,3,03,04,08,09,21,27,30,,,,,,0.6,0.4,0.5,1,8*41,1763494370879
NMEA,$GNGSA,A,3,65,72,75,76,,,,,,,,,0.6,0.4,0.5,2*30,1763494370879
NMEA,$GNGSA,A,3,02,03,05,08,13,16,25,30,,,,,0.6,0.4,0.5,3*39,1763494370879
NMEA,$PSSGR,GSA,A,3,302,303,305,308,313,316,325,,,,,,0.6,0.4,0.5,3,1*74,1763494370879
NMEA,$GNGSA,A,3,19,20,22,32,36,37,,,,,,,0.6,0.4,0.5,4*39,1763494370879
NMEA,$PSSGR,GSA,A,3,219,220,222,232,236,237,,,,,,,0.6,0.4,0.5,4,5*40,1763494370879
NMEA,$GNVTG,135.6,T,122.8,M,0.9,N,1.7,K,E*3E,1763494370879
NMEA,$GNDTM,W84,,0000.000000,N,00000.000000,E,0.000,W84*41,1763494370879
NMEA,$GNRMC,193251.00,A,3725.859764,N,12209.312678,W,0.9,135.6,181125,12.8,E,E,V*74,1763494370879
NMEA,$GNGNS,193251.00,3725.859764,N,12209.312678,W,EEEEEE,28,0.4,21.2,-32.6,,,V*2B,1763494370879
NMEA,$GNGGA,193251.00,3725.859764,N,12209.312678,W,6,12,0.4,21.2,M,-32.6,M,,*75,1763494370879
NMEA,$PSMSG,magcal=PASS,bluesky=0*00,1763494370884
NMEA,$GPGSV,4,1,13,03,17,173,46,04,53,102,43,07,53,282,41,08,18,125,32,1*6D,1763494371860
NMEA,$GPGSV,4,2,13,09,77,001,44,11,03,293,30,16,33,049,44,20,14,318,43,1*60,1763494371860
NMEA,$GPGSV,4,3,13,21,15,319,39,27,19,093,39,30,26,265,38,46,00,000,37,1*61,1763494371860
NMEA,$GPGSV,4,4,13,48,00,000,42,1*5C,1763494371860
NMEA,$GPGSV,2,1,08,03,17,173,38,04,53,102,38,08,18,125,40,09,77,001,39,8*66,1763494371860
NMEA,$GPGSV,2,2,08,11,03,293,25,21,15,319,34,27,19,093,39,30,26,265,28,8*63,1763494371860
NMEA,$GLGSV,1,1,04,12,64,232,46,11,51,029,42,01,75,114,40,08,20,137,37,1*7D,1763494371860
NMEA,$GAGSV,3,1,11,02,52,173,47,03,66,077,41,05,19,109,37,07,02,299,18,7*7B,1763494371860
NMEA,$GAGSV,3,2,11,08,49,316,39,13,12,275,24,15,05,227,35,16,33,049,42,7*72,1763494371860
NMEA,$GAGSV,3,3,11,25,54,069,41,26,03,323,40,30,07,203,32,7*4A,1763494371860
NMEA,$GAGSV,2,1,08,02,52,173,37,03,66,077,38,05,19,109,35,08,49,316,27,1*75,1763494371860
NMEA,$GAGSV,2,2,08,13,12,275,27,16,33,049,32,25,54,069,35,30,07,203,16,1*7F,1763494371860
NMEA,$GBGSV,2,1,07,37,47,047,42,36,19,233,45,32,14,144,28,22,05,320,38,1*7E,1763494371860
NMEA,$GBGSV,2,2,07,20,69,160,46,19,56,311,44,04,03,265,32,1*46,1763494371860
NMEA,$GBGSV,2,1,05,19,56,311,45,20,69,160,48,32,14,144,30,36,19,233,44,3*74,1763494371860
NMEA,$GBGSV,2,2,05,37,47,047,41,3*40,1763494371860
NMEA,$GBGSV,2,1,06,19,56,311,31,20,69,160,37,22,05,320,31,32,14,144,31,5*72,1763494371860
NMEA,$GBGSV,2,2,06,36,19,233,30,37,47,047,39,5*76,1763494371860
NMEA,$GNGSA,A,3,03,04,07,08,09,16,20,21,27,30,,,0.6,0.4,0.5,1*37,1763494371875
NMEA,$PSSGR,GSA,A,3,03,04,08,09,21,27,30,,,,,,0.6,0.4,0.5,1,8*41,1763494371875
NMEA,$GNGSA,A,3,65,72,75,76,,,,,,,,,0.6,0.4,0.5,2*30,1763494371875
NMEA,$GNGSA,A,3,02,03,05,08,13,16,25,30,,,,,0.6,0.4,0.5,3*39,1763494371875
NMEA,$PSSGR,GSA,A,3,302,303,305,308,313,316,325,,,,,,0.6,0.4,0.5,3,1*74,1763494371875
NMEA,$GNGSA,A,3,19,20,22,32,36,37,,,,,,,0.6,0.4,0.5,4*39,1763494371875
NMEA,$PSSGR,GSA,A,3,219,220,222,232,236,237,,,,,,,0.6,0.4,0.5,4,5*40,1763494371875
NMEA,$GNVTG,135.6,T,122.8,M,1.4,N,2.5,K,E*33,1763494371875
NMEA,$GNDTM,W84,,0000.000000,N,00000.000000,E,0.000,W84*41,1763494371875
NMEA,$GNRMC,193252.00,A,3725.859395,N,12209.312673,W,1.4,135.6,181125,12.8,E,E,V*7A,1763494371875
NMEA,$GNGNS,193252.00,3725.859395,N,12209.312673,W,EEEEEE,28,0.4,21.2,-32.6,,,V*29,1763494371875
NMEA,$GNGGA,193252.00,3725.859395,N,12209.312673,W,6,12,0.4,21.2,M,-32.6,M,,*77,1763494371875
NMEA,$PSMSG,magcal=PASS,bluesky=0*00,1763494371879
NMEA,$GPGSV,4,1,13,03,17,173,45,04,53,102,42,07,53,282,43,08,18,125,37,1*68,1763494372855
NMEA,$GPGSV,4,2,13,09,77,001,44,11,03,293,31,16,33,049,41,20,14,318,42,1*65,1763494372855
NMEA,$GPGSV,4,3,13,21,15,319,39,27,19,093,41,30,26,265,39,46,00,000,40,1*6F,1763494372855
NMEA,$GPGSV,4,4,13,48,00,000,40,1*5E,1763494372855
NMEA,$GPGSV,2,1,08,03,17,173,39,04,53,102,37,08,18,125,40,09,77,001,39,8*68,1763494372855
NMEA,$GPGSV,2,2,08,11,03,293,23,21,15,319,33,27,19,093,39,30,26,265,29,8*63,1763494372855
NMEA,$GLGSV,1,1,04,12,64,232,44,11,51,029,43,01,75,114,40,08,20,137,34,1*7D,1763494372855
NMEA,$GAGSV,3,1,11,02,52,173,47,03,66,077,41,05,19,109,36,07,02,299,18,7*7A,1763494372855
NMEA,$GAGSV,3,2,11,08,49,316,42,13,12,275,33,15,05,227,37,16,33,049,42,7*7A,1763494372855
NMEA,$GAGSV,3,3,11,25,54,069,41,26,03,323,38,30,07,203,34,7*43,1763494372855
NMEA,$GAGSV,2,1,08,02,52,173,39,03,66,077,36,05,19,109,34,08,49,316,26,1*75,1763494372855
NMEA,$GAGSV,2,2,08,13,12,275,25,16,33,049,34,25,54,069,36,30,07,203,16,1*78,1763494372855
NMEA,$GBGSV,2,1,07,37,47,047,42,36,19,233,46,32,14,144,32,22,05,320,36,1*78,1763494372855
NMEA,$GBGSV,2,2,07,20,69,160,45,19,56,311,43,04,03,265,33,1*43,1763494372855
NMEA,$GBGSV,2,1,05,19,56,311,44,20,69,160,46,32,14,144,29,36,19,233,43,3*74,1763494372855
NMEA,$GBGSV,2,2,05,37,47,047,41,3*40,1763494372855
NMEA,$GBGSV,2,1,06,19,56,311,27,20,69,160,38,22,05,320,30,32,14,144,33,5*79,1763494372855
NMEA,$GBGSV,2,2,06,36,19,233,33,37,47,047,38,5*74,1763494372855
NMEA,$GNGSA,A,3,03,04,07,08,09,16,20,21,27,30,,,0.6,0.4,0.5,1*37,1763494372877
NMEA,$PSSGR,GSA,A,3,03,04,08,09,21,27,30,,,,,,0.6,0.4,0.5,1,8*41,1763494372877
NMEA,$GNGSA,A,3,65,72,75,76,,,,,,,,,0.6,0.4,0.5,2*30,1763494372877
NMEA,$GNGSA,A,3,02,03,05,08,13,16,25,30,,,,,0.6,0.4,0.5,3*39,1763494372877
NMEA,$PSSGR,GSA,A,3,302,303,305,308,313,316,325,,,,,,0.6,0.4,0.5,3,1*74,1763494372877
NMEA,$GNGSA,A,3,19,20,22,32,36,37,,,,,,,0.6,0.4,0.5,4*39,1763494372877
NMEA,$PSSGR,GSA,A,3,219,220,222,232,236,237,,,,,,,0.6,0.4,0.5,4,5*40,1763494372877
NMEA,$GNVTG,183.6,T,170.8,M,1.6,N,3.0,K,E*3F,1763494372877
NMEA,$GNDTM,W84,,0000.000000,N,00000.000000,E,0.000,W84*41,1763494372877
NMEA,$GNRMC,193253.00,A,3725.858930,N,12209.312652,W,1.6,183.6,181125,12.8,E,E,V*73,1763494372877
NMEA,$GNGNS,193253.00,3725.858930,N,12209.312652,W,EEEEEE,28,0.4,21.2,-32.6,,,V*2F,1763494372877
NMEA,$GNGGA,193253.00,3725.858930,N,12209.312652,W,6,12,0.4,21.2,M,-32.6,M,,*71,1763494372877
NMEA,$PSMSG,magcal=PASS,bluesky=0*00,1763494372891
NMEA,$GPGSV,4,1,13,03,17,173,42,04,53,102,41,07,53,282,42,08,18,125,41,1*6C,1763494373857
NMEA,$GPGSV,4,2,13,09,77,001,44,11,03,293,33,16,33,049,43,20,14,318,42,1*65,1763494373857
NMEA,$GPGSV,4,3,13,21,15,319,32,27,19,093,41,30,26,265,42,46,00,000,41,1*69,1763494373857
NMEA,$GPGSV,4,4,13,48,00,000,44,1*5A,1763494373857
NMEA,$GPGSV,2,1,08,03,17,173,40,04,53,102,38,08,18,125,39,09,77,001,39,8*67,1763494373857
NMEA,$GPGSV,2,2,08,11,03,293,23,21,15,319,31,27,19,093,38,30,26,265,25,8*6C,1763494373857
NMEA,$GLGSV,1,1,04,12,64,232,44,11,51,029,44,01,75,114,39,08,20,137,36,1*76,1763494373857
NMEA,$GAGSV,3,1,11,02,52,173,44,03,66,077,41,05,19,109,37,07,02,299,18,7*78,1763494373857
NMEA,$GAGSV,3,2,11,08,49,316,35,13,12,275,34,15,05,227,39,16,33,049,43,7*72,1763494373857
NMEA,$GAGSV,3,3,11,25,54,069,41,26,03,323,37,30,07,203,32,7*4A,1763494373857
NMEA,$GAGSV,2,1,08,02,52,173,39,03,66,077,39,05,19,109,31,08,49,316,30,1*78,1763494373857
NMEA,$GAGSV,2,2,08,13,12,275,26,16,33,049,32,25,54,069,34,30,07,203,16,1*7F,1763494373857
NMEA,$GBGSV,2,1,07,37,47,047,41,36,19,233,46,32,14,144,34,22,05,320,36,1*7D,1763494373857
NMEA,$GBGSV,2,2,07,20,69,160,46,19,56,311,46,04,03,265,33,1*45,1763494373857
NMEA,$GBGSV,2,1,05,19,56,311,46,20,69,160,46,32,14,144,33,36,19,233,44,3*7A,1763494373857
NMEA,$GBGSV,2,2,05,37,47,047,42,3*43,1763494373857
NMEA,$GBGSV,2,1,06,19,56,311,33,20,69,160,35,22,05,320,28,32,14,144,35,5*7E,1763494373857
NMEA,$GBGSV,2,2,06,36,19,233,32,37,47,047,39,5*74,1763494373857
NMEA,$GNGSA,A,3,03,04,07,08,09,16,20,21,27,30,,,0.6,0.4,0.5,1*37,1763494373869
NMEA,$PSSGR,GSA,A,3,03,04,08,09,21,27,30,,,,,,0.6,0.4,0.5,1,8*41,1763494373869
NMEA,$GNGSA,A,3,65,72,75,76,,,,,,,,,0.6,0.4,0.5,2*30,1763494373869
NMEA,$GNGSA,A,3,02,03,05,08,13,16,25,30,,,,,0.6,0.4,0.5,3*39,1763494373869
NMEA,$PSSGR,GSA,A,3,302,303,305,308,313,316,325,,,,,,0.6,0.4,0.5,3,1*74,1763494373869
NMEA,$GNGSA,A,3,19,20,22,32,36,37,,,,,,,0.6,0.4,0.5,4*39,1763494373869
NMEA,$PSSGR,GSA,A,3,219,220,222,232,236,237,,,,,,,0.6,0.4,0.5,4,5*40,1763494373869
NMEA,$GNVTG,183.6,T,170.8,M,1.0,N,1.8,K,E*33,1763494373869
NMEA,$GNDTM,W84,,0000.000000,N,00000.000000,E,0.000,W84*41,1763494373869
NMEA,$GNRMC,193254.00,A,3725.858598,N,12209.312657,W,1.0,183.6,181125,12.8,E,E,V*79,1763494373869
NMEA,$GNGNS,193254.00,3725.858598,N,12209.312657,W,EEEEEE,28,0.4,21.0,-32.6,,,V*21,1763494373869
NMEA,$GNGGA,193254.00,3725.858598,N,12209.312657,W,6,12,0.4,21.0,M,-32.6,M,,*7F,1763494373869
NMEA,$PSMSG,magcal=PASS,bluesky=0*00,1763494373875
NMEA,$GPGSV,4,1,13,03,17,173,38,04,53,102,40,07,53,282,43,08,18,125,40,1*60,1763494374861
NMEA,$GPGSV,4,2,13,09,77,001,46,11,03,293,35,16,33,049,42,20,14,318,41,1*63,1763494374861
NMEA,$GPGSV,4,3,13,21,15,319,42,27,19,093,42,30,26,265,43,46,00,000,42,1*6F,1763494374861
NMEA,$GPGSV,4,4,13,48,00,000,41,1*5F,1763494374861
NMEA,$GPGSV,2,1,08,03,17,173,39,04,53,102,38,08,18,125,37,09,77,001,38,8*66,1763494374861
NMEA,$GPGSV,2,2,08,11,03,293,23,21,15,319,26,27,19,093,37,30,26,265,34,8*65,1763494374861
NMEA,$GLGSV,1,1,04,12,64,232,44,11,51,029,42,01,75,114,38,08,20,137,39,1*7E,1763494374861
NMEA,$GAGSV,3,1,11,02,52,173,42,03,66,077,40,05,19,109,39,07,02,299,19,7*70,1763494374861
NMEA,$GAGSV,3,2,11,08,49,316,39,13,12,275,35,15,05,227,35,16,33,049,43,7*73,1763494374861
NMEA,$GAGSV,3,3,11,25,54,069,41,26,03,323,38,30,07,203,26,7*40,1763494374861
NMEA,$GAGSV,2,1,08,02,52,173,38,03,66,077,36,05,19,109,31,08,49,316,32,1*74,1763494374861
NMEA,$GAGSV,2,2,08,13,12,275,30,16,33,049,35,25,54,069,36,30,07,203,16,1*7D,1763494374861
NMEA,$GBGSV,2,1,07,37,47,047,41,36,19,233,47,32,14,144,38,22,05,320,38,1*7E,1763494374861
NMEA,$GBGSV,2,2,07,20,69,160,46,19,56,311,47,04,03,265,33,1*44,1763494374861
NMEA,$GBGSV,2,1,05,19,56,311,46,20,69,160,44,32,14,144,35,36,19,233,45,3*7F,1763494374861
NMEA,$GBGSV,2,2,05,37,47,047,40,3*41,1763494374861
NMEA,$GBGSV,2,1,06,19,56,311,27,20,69,160,35,22,05,320,27,32,14,144,36,5*77,1763494374861
NMEA,$GBGSV,2,2,06,36,19,233,34,37,47,047,37,5*7C,1763494374861
NMEA,$GNGSA,A,3,03,04,07,08,09,16,20,21,27,30,,,0.6,0.4,0.5,1*37,1763494374880
NMEA,$PSSGR,GSA,A,3,03,04,08,09,21,27,30,,,,,,0.6,0.4,0.5,1,8*41,1763494374880
NMEA,$GNGSA,A,3,65,72,75,76,,,,,,,,,0.6,0.4,0.5,2*30,1763494374880
NMEA,$GNGSA,A,3,02,03,05,08,13,16,25,30,,,,,0.6,0.4,0.5,3*39,1763494374880
NMEA,$PSSGR,GSA,A,3,302,303,305,308,313,316,325,,,,,,0.6,0.4,0.5,3,1*74,1763494374880
NMEA,$GNGSA,A,3,19,20,22,32,36,37,,,,,,,0.6,0.4,0.5,4*39,1763494374880
NMEA,$PSSGR,GSA,A,3,219,220,222,232,236,237,,,,,,,0.6,0.4,0.5,4,5*40,1763494374880
NMEA,$GNVTG,183.6,T,170.8,M,0.7,N,1.3,K,E*3E,1763494374880
NMEA,$GNDTM,W84,,0000.000000,N,00000.000000,E,0.000,W84*41,1763494374880
NMEA,$GNRMC,193255.00,A,3725.858391,N,12209.312720,W,0.7,183.6,181125,12.8,E,E,V*70,1763494374880
NMEA,$GNGNS,193255.00,3725.858391,N,12209.312720,W,EEEEEE,28,0.4,21.0,-32.6,,,V*2E,1763494374880
NMEA,$GNGGA,193255.00,3725.858391,N,12209.312720,W,6,12,0.4,21.0,M,-32.6,M,,*70,1763494374880
NMEA,$PSMSG,magcal=PASS,bluesky=0*00,1763494374886
NMEA,$GPGSV,4,1,13,03,17,173,36,04,53,102,41,07,53,282,44,08,18,125,39,1*66,1763494375855
NMEA,$GPGSV,4,2,13,09,77,001,47,11,03,293,31,16,33,049,42,20,14,318,41,1*66,1763494375855
NMEA,$GPGSV,4,3,13,21,15,319,42,27,19,093,42,30,26,265,44,46,00,000,44,1*6E,1763494375855
NMEA,$GPGSV,4,4,13,48,00,000,42,1*5C,1763494375855
NMEA,$GPGSV,2,1,08,03,17,173,40,04,53,102,38,08,18,125,35,09,77,001,37,8*65,1763494375855
NMEA,$GPGSV,2,2,08,11,03,293,23,21,15,319,31,27,19,093,38,30,26,265,37,8*6F,1763494375855
NMEA,$GLGSV,1,1,04,12,64,232,43,11,51,029,41,01,75,114,39,08,20,137,41,1*74,1763494375855
NMEA,$GAGSV,3,1,11,02,52,173,43,03,66,077,40,05,19,109,39,07,02,299,19,7*71,1763494375855
NMEA,$GAGSV,3,2,11,08,49,316,42,13,12,275,33,15,05,227,35,16,33,049,44,7*7E,1763494375855
NMEA,$GAGSV,3,3,11,25,54,069,40,26,03,323,38,30,07,203,26,7*41,1763494375855
NMEA,$GAGSV,2,1,08,02,52,173,38,03,66,077,37,05,19,109,31,08,49,316,34,1*73,1763494375855
NMEA,$GAGSV,2,2,08,13,12,275,32,16,33,049,36,25,54,069,36,30,07,203,21,1*78,1763494375855
NMEA,$GBGSV,2,1,07,37,47,047,41,36,19,233,47,32,14,144,38,22,05,320,38,1*7E,1763494375855
NMEA,$GBGSV,2,2,07,20,69,160,46,19,56,311,47,04,03,265,33,1*44,1763494375855
NMEA,$GBGSV,2,1,05,19,56,311,46,20,69,160,44,32,14,144,31,36,19,233,46,3*78,1763494375855
NMEA,$GBGSV,2,2,05,37,47,047,37,3*41,1763494375855
NMEA,$GBGSV,2,1,06,19,56,311,31,20,69,160,34,22,05,320,30,32,14,144,35,5*74,1763494375855
NMEA,$GBGSV,2,2,06,36,19,233,33,37,47,047,36,5*7A,1763494375855
NMEA,$GNGSA,A,3,03,04,07,08,09,16,20,21,27,30,,,0.6,0.4,0.5,1*37,1763494375875
NMEA,$PSSGR,GSA,A,3,03,04,08,09,21,27,30,,,,,,0.6,0.4,0.5,1,8*41,1763494375875
NMEA,$GNGSA,A,3,65,72,75,76,,,,,,,,,0.6,0.4,0.5,2*30,1763494375875
NMEA,$GNGSA,A,3,02,03,05,08,13,16,25,30,,,,,0.6,0.4,0.5,3*39,1763494375875
NMEA,$PSSGR,GSA,A,3,302,303,305,308,313,316,325,,,,,,0.6,0.4,0.5,3,1*74,1763494375875
NMEA,$GNGSA,A,3,19,20,22,32,36,37,,,,,,,0.6,0.4,0.5,4*39,1763494375875
NMEA,$PSSGR,GSA,A,3,219,220,222,232,236,237,,,,,,,0.6,0.4,0.5,4,5*40,1763494375875
NMEA,$GNVTG,183.6,T,170.8,M,1.4,N,2.5,K,E*39,1763494375875
NMEA,$GNDTM,W84,,0000.000000,N,00000.000000,E,0.000,W84*41,1763494375875
NMEA,$GNRMC,193256.00,A,3725.858109,N,12209.313015,W,1.4,183.6,181125,12.8,E,E,V*72,1763494375875
NMEA,$GNGNS,193256.00,3725.858109,N,12209.313015,W,EEEEEE,28,0.4,20.9,-32.6,,,V*26,1763494375875
NMEA,$GNGGA,193256.00,3725.858109,N,12209.313015,W,6,12,0.4,20.9,M,-32.6,M,,*78,1763494375875
NMEA,$PSMSG,magcal=PASS,bluesky=0*00,1763494375883
NMEA,$GPGSV,4,1,13,03,17,173,34,04,53,102,41,07,53,282,45,08,18,125,43,1*68,1763494376860
NMEA,$GPGSV,4,2,13,09,77,001,46,11,03,293,28,16,33,049,41,20,14,318,39,1*63,1763494376860
NMEA,$GPGSV,4,3,13,21,15,319,42,27,19,093,41,30,26,265,44,46,00,000,46,1*6F,1763494376860
NMEA,$GPGSV,4,4,13,48,00,000,46,1*58,1763494376860
NMEA,$GPGSV,2,1,08,03,17,173,40,04,53,102,39,08,18,125,36,09,77,001,38,8*68,1763494376860
NMEA,$GPGSV,2,2,08,11,03,293,23,21,15,319,26,27,19,093,36,30,26,265,37,8*67,1763494376860
NMEA,$GLGSV,1,1,04,12,64,232,45,11,51,029,42,01,75,114,38,08,20,137,39,1*7F,1763494376860
NMEA,$GAGSV,3,1,11,02,52,173,43,03,66,077,40,05,19,109,39,07,02,299,19,7*71,1763494376860
NMEA,$GAGSV,3,2,11,08,49,316,43,13,12,275,34,15,05,227,35,16,33,049,42,7*7E,1763494376860
NMEA,$GAGSV,3,3,11,25,54,069,39,26,03,323,38,30,07,203,25,7*4C,1763494376860
NMEA,$GAGSV,2,1,08,02,52,173,38,03,66,077,37,05,19,109,30,08,49,316,35,1*73,1763494376860
NMEA,$GAGSV,2,2,08,13,12,275,31,16,33,049,37,25,54,069,36,30,07,203,21,1*7A,1763494376860
NMEA,$GBGSV,2,1,07,37,47,047,41,36,19,233,47,32,14,144,38,22,05,320,38,1*7E,1763494376860
NMEA,$GBGSV,2,2,07,20,69,160,46,19,56,311,47,04,03,265,33,1*44,1763494376860
NMEA,$GBGSV,2,1,05,19,56,311,44,20,69,160,44,32,14,144,37,36,19,233,45,3*7F,1763494376860
NMEA,$GBGSV,2,2,05,37,47,047,37,3*41,1763494376860
NMEA,$GBGSV,2,1,06,19,56,311,34,20,69,160,37,22,05,320,32,32,14,144,35,5*70,1763494376860
NMEA,$GBGSV,2,2,06,36,19,233,35,37,47,047,35,5*7F,1763494376860
NMEA,$GNGSA,A,3,03,04,07,08,09,16,20,21,27,30,,,0.6,0.4,0.5,1*37,1763494376876
NMEA,$PSSGR,GSA,A,3,03,04,08,09,21,27,30,,,,,,0.6,0.4,0.5,1,8*41,1763494376876
NMEA,$GNGSA,A,3,65,72,75,76,,,,,,,,,0.6,0.4,0.5,2*30,1763494376876
NMEA,$GNGSA,A,3,02,03,05,08,13,16,25,30,,,,,0.6,0.4,0.5,3*39,1763494376876
NMEA,$PSSGR,GSA,A,3,302,303,305,308,313,316,325,,,,,,0.6,0.4,0.5,3,1*74,1763494376876
NMEA,$GNGSA,A,3,19,20,22,32,36,37,,,,,,,0.6,0.4,0.5,4*39,1763494376876
NMEA,$PSSGR,GSA,A,3,219,220,222,232,236,237,,,,,,,0.6,0.4,0.5,4,5*40,1763494376876
NMEA,$GNVTG,225.1,T,212.3,M,1.6,N,3.0,K,E*3B,1763494376876
NMEA,$GNDTM,W84,,0000.000000,N,00000.000000,E,0.000,W84*41,1763494376876
NMEA,$GNRMC,193257.00,A,3725.857803,N,12209.313429,W,1.6,225.1,181125,12.8,E,E,V*7E,1763494376876
NMEA,$GNGNS,193257.00,3725.857803,N,12209.313429,W,EEEEEE,28,0.4,20.8,-32.6,,,V*21,1763494376876
NMEA,$GNGGA,193257.00,3725.857803,N,12209.313429,W,6,12,0.4,20.8,M,-32.6,M,,*7F,1763494376876
NMEA,$PSMSG,magcal=PASS,bluesky=0*00,1763494376882
NMEA,$GPGSV,4,1,13,03,17,173,35,04,53,102,40,07,53,282,46,08,18,125,42,1*6A,1763494377859
NMEA,$GPGSV,4,2,13,09,77,001,45,11,03,293,29,16,33,049,41,20,14,318,40,1*6F,1763494377859
NMEA,$GPGSV,4,3,13,21,15,319,42,27,19,093,41,30,26,265,44,46,00,000,44,1*6D,1763494377859
NMEA,$GPGSV,4,4,13,48,00,000,43,1*5D,1763494377859
NMEA,$GPGSV,2,1,08,03,17,173,38,04,53,102,39,08,18,125,35,09,77,001,38,8*64,1763494377859
NMEA,$GPGSV,2,2,08,11,03,293,23,21,15,319,28,27,19,093,36,30,26,265,36,8*68,1763494377859
NMEA,$GLGSV,1,1,04,12,64,232,40,11,51,029,41,01,75,114,38,08,20,137,39,1*79,1763494377859
NMEA,$GAGSV,3,1,11,02,52,173,41,03,66,077,39,05,19,109,38,07,02,299,19,7*7C,1763494377859
NMEA,$GAGSV,3,2,11,08,49,316,43,13,12,275,31,15,05,227,35,16,33,049,42,7*7B,1763494377859
NMEA,$GAGSV,3,3,11,25,54,069,39,26,03,323,38,30,07,203,28,7*41,1763494377859
NMEA,$GAGSV,2,1,08,02,52,173,39,03,66,077,38,05,19,109,32,08,49,316,35,1*7F,1763494377859
NMEA,$GAGSV,2,2,08,13,12,275,30,16,33,049,37,25,54,069,36,30,07,203,22,1*78,1763494377859
NMEA,$GBGSV,2,1,07,37,47,047,41,36,19,233,47,32,14,144,38,22,05,320,38,1*7E,1763494377859
NMEA,$GBGSV,2,2,07,20,69,160,46,19,56,311,47,04,03,265,33,1*44,1763494377859
NMEA,$GBGSV,2,1,05,19,56,311,42,20,69,160,44,32,14,144,33,36,19,233,43,3*7B,1763494377859
NMEA,$GBGSV,2,2,05,37,47,047,37,3*41,1763494377859
NMEA,$GBGSV,2,1,05,19,56,311,30,20,69,160,36,32,14,144,38,36,19,233,35,5*77,1763494377859
NMEA,$GBGSV,2,2,05,37,47,047,36,5*46,1763494377859
NMEA,$GNGSA,A,3,03,04,07,08,09,16,20,21,27,30,,,0.6,0.4,0.5,1*37,1763494377879
NMEA,$PSSGR,GSA,A,3,03,04,08,09,21,27,30,,,,,,0.6,0.4,0.5,1,8*41,1763494377879
NMEA,$GNGSA,A,3,65,72,75,76,,,,,,,,,0.6,0.4,0.5,2*30,1763494377879
NMEA,$GNGSA,A,3,02,03,05,08,13,16,25,30,,,,,0.6,0.4,0.5,3*39,1763494377879
NMEA,$PSSGR,GSA,A,3,302,303,305,308,313,316,325,,,,,,0.6,0.4,0.5,3,1*74,1763494377879
NMEA,$GNGSA,A,3,19,20,22,32,36,37,,,,,,,0.6,0.4,0.5,4*39,1763494377879
NMEA,$PSSGR,GSA,A,3,219,220,222,232,236,237,,,,,,,0.6,0.4,0.5,4,5*40,1763494377879
NMEA,$GNVTG,226.5,T,213.7,M,1.7,N,3.2,K,E*3A,1763494377879
NMEA,$GNDTM,W84,,0000.000000,N,00000.000000,E,0.000,W84*41,1763494377879
NMEA,$GNRMC,193258.00,A,3725.857446,N,12209.313861,W,1.7,226.5,181125,12.8,E,E,V*7A,1763494377879
NMEA,$GNGNS,193258.00,3725.857446,N,12209.313861,W,EEEEEE,28,0.4,20.8,-32.6,,,V*23,1763494377879
NMEA,$GNGGA,193258.00,3725.857446,N,12209.313861,W,6,12,0.4,20.8,M,-32.6,M,,*7D,1763494377879
NMEA,$PSMSG,magcal=PASS,bluesky=0*00,1763494377891
NMEA,$GPGSV,4,1,13,03,17,173,36,04,53,102,40,07,53,282,44,08,18,125,42,1*6B,1763494378857
NMEA,$GPGSV,4,2,13,09,77,001,43,11,03,293,30,16,33,049,38,20,14,318,37,1*6F,1763494378857
NMEA,$GPGSV,4,3,13,21,15,319,43,27,19,093,40,30,26,265,44,46,00,000,45,1*6C,1763494378857
NMEA,$GPGSV,4,4,13,48,00,000,44,1*5A,1763494378857
NMEA,$GPGSV,2,1,08,03,17,173,38,04,53,102,38,08,18,125,36,09,77,001,38,8*66,1763494378857
NMEA,$GPGSV,2,2,08,11,03,293,20,21,15,319,26,27,19,093,37,30,26,265,36,8*64,1763494378857
NMEA,$GLGSV,1,1,04,12,64,232,42,11,51,029,41,01,75,114,37,08,20,137,40,1*7A,1763494378857
NMEA,$GAGSV,3,1,11,02,52,173,40,03,66,077,39,05,19,109,38,07,02,299,19,7*7D,1763494378857
NMEA,$GAGSV,3,2,11,08,49,316,42,13,12,275,28,15,05,227,35,16,33,049,42,7*72,1763494378857
NMEA,$GAGSV,3,3,11,25,54,069,39,26,03,323,38,30,07,203,30,7*48,1763494378857
NMEA,$GAGSV,2,1,08,02,52,173,39,03,66,077,37,05,19,109,33,08,49,316,34,1*70,1763494378857
NMEA,$GAGSV,2,2,08,13,12,275,31,16,33,049,36,25,54,069,35,30,07,203,27,1*7E,1763494378857
NMEA,$GBGSV,2,1,07,37,47,047,41,36,19,233,47,32,14,144,38,22,05,320,38,1*7E,1763494378857
NMEA,$GBGSV,2,2,07,20,69,160,46,19,56,311,47,04,03,265,33,1*44,1763494378857
NMEA,$GBGSV,2,1,05,19,56,311,41,20,69,160,43,32,14,144,37,36,19,233,44,3*7C,1763494378857
NMEA,$GBGSV,2,2,05,37,47,047,40,3*41,1763494378857
NMEA,$GBGSV,2,1,05,19,56,311,31,20,69,160,37,32,14,144,37,36,19,233,35,5*78,1763494378857
NMEA,$GBGSV,2,2,05,37,47,047,35,5*45,1763494378857
NMEA,$GNGSA,A,3,03,04,07,08,09,16,20,21,27,30,,,0.6,0.4,0.5,1*37,1763494378874
NMEA,$PSSGR,GSA,A,3,03,04,08,09,21,27,30,,,,,,0.6,0.4,0.5,1,8*41,1763494378874
NMEA,$GNGSA,A,3,65,72,75,76,,,,,,,,,0.6,0.4,0.5,2*30,1763494378874
NMEA,$GNGSA,A,3,02,03,05,08,13,16,25,30,,,,,0.6,0.4,0.5,3*39,1763494378874
NMEA,$PSSGR,GSA,A,3,302,303,305,308,313,316,325,330,,,,,0.6,0.4,0.5,3,1*44,1763494378874
NMEA,$GNGSA,A,3,19,20,22,32,36,37,,,,,,,0.6,0.4,0.5,4*39,1763494378874
NMEA,$PSSGR,GSA,A,3,219,220,222,232,236,237,,,,,,,0.6,0.4,0.5,4,5*40,1763494378874
NMEA,$GNVTG,227.0,T,214.2,M,1.8,N,3.4,K,E*35,1763494378874
NMEA,$GNDTM,W84,,0000.000000,N,00000.000000,E,0.000,W84*41,1763494378874
NMEA,$GNRMC,193259.00,A,3725.857074,N,12209.314358,W,1.8,227.0,181125,12.8,E,E,V*73,1763494378874
NMEA,$GNGNS,193259.00,3725.857074,N,12209.314358,W,EEEEEE,28,0.4,20.9,-32.6,,,V*20,1763494378874
NMEA,$GNGGA,193259.00,3725.857074,N,12209.314358,W,6,12,0.4,20.9,M,-32.6,M,,*7E,1763494378874
NMEA,$PSMSG,magcal=PASS,bluesky=0*00,1763494378886
NMEA,$GPGSV,4,1,13,03,17,173,34,04,53,102,42,07,53,282,43,08,18,125,38,1*61,1763494379859
NMEA,$GPGSV,4,2,13,09,77,001,43,11,03,293,27,16,33,049,40,20,14,318,37,1*66,1763494379859
NMEA,$GPGSV,4,3,13,21,15,319,41,27,19,093,41,30,26,265,43,46,00,000,45,1*68,1763494379859
NMEA,$GPGSV,4,4,13,48,00,000,44,1*5A,1763494379859
NMEA,$GPGSV,2,1,08,03,17,173,37,04,53,102,36,08,18,125,35,09,77,001,35,8*69,1763494379859
NMEA,$GPGSV,2,2,08,11,03,293,20,21,15,319,27,27,19,093,36,30,26,265,36,8*64,1763494379859
NMEA,$GLGSV,1,1,04,12,64,232,44,11,51,029,42,01,75,114,38,08,20,137,37,1*70,1763494379859
NMEA,$GAGSV,3,1,11,02,52,173,42,03,66,077,40,05,19,109,39,07,02,299,19,7*70,1763494379859
NMEA,$GAGSV,3,2,11,08,49,316,40,13,12,275,33,15,05,227,35,16,33,049,40,7*78,1763494379859
NMEA,$GAGSV,3,3,11,25,54,069,40,26,03,323,38,30,07,203,25,7*42,1763494379859
NMEA,$GAGSV,2,1,08,02,52,173,37,03,66,077,36,05,19,109,33,08,49,316,37,1*7C,1763494379859
NMEA,$GAGSV,2,2,08,13,12,275,31,16,33,049,37,25,54,069,35,30,07,203,27,1*7F,1763494379859
NMEA,$GBGSV,2,1,07,37,47,047,41,36,19,233,47,32,14,144,38,22,05,320,38,1*7E,1763494379859
NMEA,$GBGSV,2,2,07,20,69,160,46,19,56,311,47,04,03,265,33,1*44,1763494379859
NMEA,$GBGSV,2,1,05,19,56,311,42,20,69,160,43,32,14,144,34,36,19,233,45,3*7D,1763494379859
NMEA,$GBGSV,2,2,05,37,47,047,41,3*40,1763494379859
NMEA,$GBGSV,2,1,05,19,56,311,36,20,69,160,37,32,14,144,36,36,19,233,32,5*79,1763494379859
NMEA,$GBGSV,2,2,05,37,47,047,34,5*44,1763494379859
NMEA,$GNGSA,A,3,03,04,07,08,09,16,20,21,27,30,,,0.6,0.4,0.5,1*37,1763494379872
NMEA,$PSSGR,GSA,A,3,03,04,08,09,21,27,30,,,,,,0.6,0.4,0.5,1,8*41,1763494379872
NMEA,$GNGSA,A,3,65,72,75,76,,,,,,,,,0.6,0.4,0.5,2*30,1763494379872
NMEA,$GNGSA,A,3,02,03,05,08,13,16,25,30,,,,,0.6,0.4,0.5,3*39,1763494379872
NMEA,$PSSGR,GSA,A,3,302,303,305,308,313,316,325,330,,,,,0.6,0.4,0.5,3,1*44,1763494379872
NMEA,$GNGSA,A,3,19,20,22,32,36,37,,,,,,,0.6,0.4,0.5,4*39,1763494379872
NMEA,$PSSGR,GSA,A,3,219,220,222,232,236,237,,,,,,,0.6,0.4,0.5,4,5*40,1763494379872
NMEA,$GNVTG,226.8,T,214.0,M,1.6,N,2.9,K,E*3C,1763494379872
NMEA,$GNDTM,W84,,0000.000000,N,00000.000000,E,0.000,W84*41,1763494379872
NMEA,$GNRMC,193300.00,A,3725.856751,N,12209.314721,W,1.6,226.8,181125,12.8,E,E,V*72,1763494379872
NMEA,$GNGNS,193300.00,3725.856751,N,12209.314721,W,EEEEEE,28,0.4,20.7,-32.6,,,V*28,1763494379872
NMEA,$GNGGA,193300.00,3725.856751,N,12209.314721,W,6,12,0.4,20.7,M,-32.6,M,,*76,1763494379872
NMEA,$PSMSG,magcal=PASS,bluesky=0*00,1763494379878
NMEA,$GPGSV,3,1,12,03,17,173,34,04,53,102,42,07,53,282,45,08,18,125,38,1*61,1763494380857
NMEA,$GPGSV,3,2,12,09,77,001,45,16,33,049,39,20,14,318,38,21,15,319,42,1*63,1763494380857
NMEA,$GPGSV,3,3,12,27,19,093,41,30,26,265,42,46,00,000,42,48,00,000,42,1*6B,1763494380857
NMEA,$GPGSV,2,1,08,03,17,173,40,04,53,102,36,08,18,125,35,09,77,001,36,8*6A,1763494380857
NMEA,$GPGSV,2,2,08,11,03,293,20,21,15,319,26,27,19,093,37,30,26,265,35,8*67,1763494380857
NMEA,$GLGSV,1,1,04,12,64,232,44,11,51,029,41,01,75,114,39,08,20,137,36,1*73,1763494380857
NMEA,$GAGSV,3,1,11,02,52,173,41,03,66,077,39,05,19,109,38,07,02,299,19,7*7C,1763494380857
NMEA,$GAGSV,3,2,11,08,49,316,41,13,12,275,31,15,05,227,35,16,33,049,40,7*7B,1763494380857
NMEA,$GAGSV,3,3,11,25,54,069,40,26,03,323,38,30,07,203,27,7*40,1763494380857
NMEA,$GAGSV,2,1,08,02,52,173,35,03,66,077,35,05,19,109,32,08,49,316,36,1*7D,1763494380857
NMEA,$GAGSV,2,2,08,13,12,275,31,16,33,049,36,25,54,069,36,30,07,203,27,1*7D,1763494380857
NMEA,$GQGSV,1,1,01,03,01,296,18,8*5B,1763494380857
NMEA,$GBGSV,2,1,07,37,47,047,41,36,19,233,47,32,14,144,38,22,05,320,38,1*7E,1763494380857
NMEA,$GBGSV,2,2,07,20,69,160,46,19,56,311,47,04,03,265,33,1*44,1763494380857
NMEA,$GBGSV,2,1,05,19,56,311,42,20,69,160,43,32,14,144,32,36,19,233,45,3*7B,1763494380857
NMEA,$GBGSV,2,2,05,37,47,047,42,3*43,1763494380857
NMEA,$GBGSV,2,1,05,19,56,311,34,20,69,160,35,32,14,144,36,36,19,233,32,5*79,1763494380857
NMEA,$GBGSV,2,2,05,37,47,047,35,5*45,1763494380857
NMEA,$GNGSA,A,3,03,04,07,08,09,16,20,21,27,30,,,0.6,0.4,0.5,1*37,1763494380872
NMEA,$PSSGR,GSA,A,3,03,04,08,09,21,27,30,,,,,,0.6,0.4,0.5,1,8*41,1763494380872
NMEA,$GNGSA,A,3,65,72,75,76,,,,,,,,,0.6,0.4,0.5,2*30,1763494380872
NMEA,$GNGSA,A,3,02,03,05,08,13,16,25,30,,,,,0.6,0.4,0.5,3*39,1763494380872
NMEA,$PSSGR,GSA,A,3,302,303,305,308,313,316,325,330,,,,,0.6,0.4,0.5,3,1*44,1763494380872
NMEA,$GNGSA,A,3,19,20,22,32,36,37,,,,,,,0.6,0.4,0.5,4*39,1763494380872
NMEA,$PSSGR,GSA,A,3,219,220,222,232,236,237,,,,,,,0.6,0.4,0.5,4,5*40,1763494380872
NMEA,$GNVTG,226.7,T,213.9,M,1.1,N,2.0,K,E*33,1763494380872
NMEA,$GNDTM,W84,,0000.000000,N,00000.000000,E,0.000,W84*41,1763494380872
NMEA,$GNRMC,193301.00,A,3725.856572,N,12209.315003,W,1.1,226.7,181125,12.8,E,E,V*7E,1763494380872
NMEA,$GNGNS,193301.00,3725.856572,N,12209.315003,W,EEEEEE,28,0.4,20.6,-32.6,,,V*2D,1763494380872
NMEA,$GNGGA,193301.00,3725.856572,N,12209.315003,W,6,12,0.4,20.6,M,-32.6,M,,*73,1763494380872
NMEA,$PSMSG,magcal=PASS,bluesky=0*00,1763494380877
NMEA,$GPGSV,3,1,12,03,17,173,37,04,53,102,42,07,53,282,47,08,18,125,38,1*60,1763494381856
NMEA,$GPGSV,3,2,12,09,77,001,46,16,33,049,40,20,14,318,44,21,15,319,43,1*64,1763494381856
NMEA,$GPGSV,3,3,12,27,19,093,42,30,26,265,45,46,00,000,42,48,00,000,43,1*6E,1763494381856
NMEA,$GPGSV,2,1,08,03,17,173,37,04,53,102,37,08,18,125,36,09,77,001,37,8*69,1763494381856
NMEA,$GPGSV,2,2,08,11,03,293,20,21,15,319,25,27,19,093,38,30,26,265,37,8*69,1763494381856
NMEA,$GLGSV,1,1,04,12,64,232,42,11,51,029,40,01,75,114,38,08,20,137,38,1*7B,1763494381856
NMEA,$GAGSV,3,1,11,02,52,173,40,03,66,077,37,05,19,109,40,07,02,299,19,7*7C,1763494381856
NMEA,$GAGSV,3,2,11,08,49,316,43,13,12,275,32,15,05,227,35,16,33,049,41,7*7B,1763494381856
NMEA,$GAGSV,3,3,11,25,54,069,41,26,03,323,38,30,07,203,25,7*43,1763494381856
NMEA,$GAGSV,2,1,08,02,52,173,35,03,66,077,37,05,19,109,32,08,49,316,33,1*7A,1763494381856
NMEA,$GAGSV,2,2,08,13,12,275,31,16,33,049,32,25,54,069,33,30,07,203,27,1*7C,1763494381856
NMEA,$GQGSV,1,1,01,03,01,296,18,8*5B,1763494381856
NMEA,$GBGSV,2,1,07,37,47,047,41,36,19,233,47,32,14,144,38,22,05,320,38,1*7E,1763494381856
NMEA,$GBGSV,2,2,07,20,69,160,46,19,56,311,47,04,03,265,33,1*44,1763494381856
NMEA,$GBGSV,2,1,05,19,56,311,41,20,69,160,42,32,14,144,40,36,19,233,36,3*78,1763494381856
NMEA,$GBGSV,2,2,05,37,47,047,42,3*43,1763494381856
NMEA,$GBGSV,2,1,05,19,56,311,33,20,69,160,34,32,14,144,34,36,19,233,38,5*77,1763494381856
NMEA,$GBGSV,2,2,05,37,47,047,39,5*49,1763494381856
NMEA,$GNGSA,A,3,03,04,07,08,09,16,20,21,27,30,,,0.6,0.4,0.5,1*37,1763494381877
NMEA,$PSSGR,GSA,A,3,03,04,08,09,21,27,30,,,,,,0.6,0.4,0.5,1,8*41,1763494381877
NMEA,$GNGSA,A,3,65,72,75,76,,,,,,,,,0.6,0.4,0.5,2*30,1763494381877
NMEA,$GNGSA,A,3,02,03,05,08,13,16,25,30,,,,,0.6,0.4,0.5,3*39,1763494381877
NMEA,$PSSGR,GSA,A,3,302,303,305,308,313,316,325,330,,,,,0.6,0.4,0.5,3,1*44,1763494381877
NMEA,$GNGSA,A,3,19,20,22,32,36,37,,,,,,,0.6,0.4,0.5,4*39,1763494381877
NMEA,$PSSGR,GSA,A,3,219,220,222,232,236,237,,,,,,,0.6,0.4,0.5,4,5*40,1763494381877
NMEA,$GNVTG,226.7,T,213.9,M,0.4,N,0.8,K,E*3D,1763494381877
NMEA,$GNDTM,W84,,0000.000000,N,00000.000000,E,0.000,W84*41,1763494381877
NMEA,$GNRMC,193302.00,A,3725.856505,N,12209.315119,W,0.4,226.7,181125,12.8,E,E,V*73,1763494381877
NMEA,$GNGNS,193302.00,3725.856505,N,12209.315119,W,EEEEEE,28,0.4,20.8,-32.6,,,V*2A,1763494381877
NMEA,$GNGGA,193302.00,3725.856505,N,12209.315119,W,6,12,0.4,20.8,M,-32.6,M,,*74,1763494381877
NMEA,$PSMSG,magcal=PASS,bluesky=0*00,1763494381884
NMEA,$GPGSV,3,1,12,03,17,173,36,04,53,102,41,07,53,282,44,08,18,125,38,1*61,1763494382861
NMEA,$GPGSV,3,2,12,09,77,001,46,16,33,049,42,20,14,318,45,21,15,319,43,1*67,1763494382861
NMEA,$GPGSV,3,3,12,27,19,093,43,30,26,265,44,46,00,000,43,48,00,000,43,1*6F,1763494382861
NMEA,$GPGSV,2,1,08,03,17,173,35,04,53,102,36,08,18,125,34,09,77,001,35,8*6A,1763494382861
NMEA,$GPGSV,2,2,08,11,03,293,20,21,15,319,30,27,19,093,36,30,26,265,35,8*61,1763494382861
NMEA,$GLGSV,1,1,04,12,65,234,42,11,50,029,43,01,75,114,39,08,20,137,41,1*71,1763494382861
NMEA,$GAGSV,3,1,11,02,52,173,36,03,66,077,36,05,19,109,37,07,02,299,19,7*7C,1763494382861
NMEA,$GAGSV,3,2,11,08,49,316,39,13,12,275,30,15,05,227,35,16,33,049,39,7*7B,1763494382861
NMEA,$GAGSV,3,3,11,25,54,069,39,26,03,323,38,30,07,203,25,7*4C,1763494382861
NMEA,$GAGSV,2,1,08,02,52,173,34,03,66,077,35,05,19,109,29,08,49,316,31,1*71,1763494382861
NMEA,$GAGSV,2,2,08,13,12,275,26,16,33,049,31,25,54,069,29,30,07,203,27,1*72,1763494382861
NMEA,$GQGSV,1,1,01,03,01,296,18,8*5B,1763494382861
NMEA,$GBGSV,2,1,07,37,47,047,41,36,19,233,47,32,14,144,38,22,05,320,38,1*7E,1763494382861
NMEA,$GBGSV,2,2,07,20,69,160,46,19,56,311,47,04,03,265,33,1*44,1763494382861
NMEA,$GBGSV,2,1,05,19,56,311,42,20,69,160,38,32,14,144,36,36,19,233,29,3*79,1763494382861
NMEA,$GBGSV,2,2,05,37,47,047,32,3*44,1763494382861
NMEA,$GBGSV,2,1,05,19,56,311,31,20,69,160,31,32,14,144,32,36,19,233,37,5*79,1763494382861
NMEA,$GBGSV,2,2,05,37,47,047,37,5*47,1763494382861
NMEA,$GNGSA,A,3,03,04,07,08,09,16,20,21,27,30,,,0.6,0.4,0.5,1*37,1763494382877
NMEA,$PSSGR,GSA,A,3,03,04,08,09,21,27,30,,,,,,0.6,0.4,0.5,1,8*41,1763494382877
NMEA,$GNGSA,A,3,65,72,75,76,,,,,,,,,0.6,0.4,0.5,2*30,1763494382877
NMEA,$GNGSA,A,3,02,03,05,08,13,16,25,30,,,,,0.6,0.4,0.5,3*39,1763494382877
NMEA,$PSSGR,GSA,A,3,302,303,305,308,313,316,325,330,,,,,0.6,0.4,0.5,3,1*44,1763494382877
NMEA,$GNGSA,A,3,19,20,32,36,37,,,,,,,,0.6,0.4,0.5,4*39,1763494382877
NMEA,$PSSGR,GSA,A,3,219,220,232,236,237,,,,,,,,0.6,0.4,0.5,4,5*72,1763494382877
NMEA,$GNVTG,238.5,T,225.7,M,2.5,N,4.6,K,E*32,1763494382877
NMEA,$GNDTM,W84,,0000.000000,N,00000.000000,E,0.000,W84*41,1763494382877
NMEA,$GNRMC,193303.00,A,3725.856220,N,12209.315737,W,2.5,238.5,181125,12.8,E,E,V*76,1763494382877
NMEA,$GNGNS,193303.00,3725.856220,N,12209.315737,W,EEEEEE,27,0.4,20.8,-32.6,,,V*2E,1763494382877
NMEA,$GNGGA,193303.00,3725.856220,N,12209.315737,W,6,12,0.4,20.8,M,-32.6,M,,*7F,1763494382877
NMEA,$PSMSG,magcal=PASS,bluesky=0*00,1763494382885
NMEA,$GPGSV,3,1,12,03,15,173,38,04,51,104,40,07,54,284,48,08,19,124,38,1*65,1763494383857
NMEA,$GPGSV,3,2,12,09,78,007,46,16,32,048,38,20,15,317,45,21,16,318,44,1*68,1763494383857
NMEA,$GPGSV,3,3,12,27,20,091,39,30,27,266,42,46,00,000,43,48,00,000,44,1*69,1763494383857
NMEA,$GPGSV,2,1,08,03,15,173,37,04,51,104,35,08,19,124,37,09,78,007,37,8*65,1763494383857
NMEA,$GPGSV,2,2,08,11,03,292,24,21,16,318,26,27,20,091,38,30,27,266,35,8*65,1763494383857
NMEA,$GLGSV,1,1,04,12,65,234,42,11,50,029,41,01,75,114,39,08,20,137,39,1*7C,1763494383857
NMEA,$GAGSV,3,1,11,02,53,173,41,03,66,078,41,05,18,110,40,07,02,300,19,7*7A,1763494383857
NMEA,$GAGSV,3,2,11,08,50,317,43,13,11,275,36,15,04,226,35,16,33,048,41,7*74,1763494383857
NMEA,$GAGSV,3,3,11,25,53,068,43,26,03,322,38,30,07,203,27,7*44,1763494383857
NMEA,$GAGSV,2,1,08,02,53,173,38,03,66,078,37,05,18,110,30,08,50,317,32,1*7A,1763494383857
NMEA,$GAGSV,2,2,08,13,11,275,31,16,33,048,26,25,53,068,34,30,07,203,22,1*7F,1763494383857
NMEA,$GQGSV,1,1,01,03,01,296,18,8*5B,1763494383857
NMEA,$GBGSV,2,1,07,37,46,047,41,36,19,233,47,32,13,145,38,22,06,320,38,1*7A,1763494383857
NMEA,$GBGSV,2,2,07,20,68,161,46,19,57,310,47,04,03,265,33,1*44,1763494383857
NMEA,$GBGSV,2,1,05,19,57,310,43,20,68,161,43,32,13,145,38,36,19,233,35,3*71,1763494383857
NMEA,$GBGSV,2,2,05,37,46,047,42,3*42,1763494383857
NMEA,$GBGSV,2,1,05,19,57,310,33,20,68,161,37,32,13,145,34,36,19,233,38,5*72,1763494383857
NMEA,$GBGSV,2,2,05,37,46,047,40,5*46,1763494383857
NMEA,$GNGSA,A,3,03,04,07,08,09,16,20,21,27,30,,,0.6,0.4,0.5,1*37,1763494383874
NMEA,$PSSGR,GSA,A,3,03,04,08,09,21,27,30,,,,,,0.6,0.4,0.5,1,8*41,1763494383874
NMEA,$GNGSA,A,3,65,72,75,76,,,,,,,,,0.6,0.4,0.5,2*30,1763494383874
NMEA,$GNGSA,A,3,02,03,05,08,13,16,25,30,,,,,0.6,0.4,0.5,3*39,1763494383874
NMEA,$PSSGR,GSA,A,3,302,303,305,308,313,316,325,330,,,,,0.6,0.4,0.5,3,1*44,1763494383874
NMEA,$GNGSA,A,3,19,20,32,36,37,,,,,,,,0.6,0.4,0.5,4*39,1763494383874
NMEA,$PSSGR,GSA,A,3,219,220,232,236,237,,,,,,,,0.6,0.4,0.5,4,5*72,1763494383874
NMEA,$GNVTG,254.1,T,241.3,M,1.6,N,2.9,K,E*33,1763494383874
NMEA,$GNDTM,W84,,0000.000000,N,00000.000000,E,0.000,W84*41,1763494383874
NMEA,$GNRMC,193304.00,A,3725.856138,N,12209.316254,W,1.6,254.1,181125,12.8,E,E,V*76,1763494383874
NMEA,$GNGNS,193304.00,3725.856138,N,12209.316254,W,EEEEEE,27,0.4,20.7,-32.6,,,V*2F,1763494383874
NMEA,$GNGGA,193304.00,3725.856138,N,12209.316254,W,6,12,0.4,20.7,M,-32.6,M,,*7E,1763494383874
NMEA,$PSMSG,magcal=PASS,bluesky=0*00,1763494383883
NMEA,$GPGSV,4,1,13,03,15,173,37,04,51,104,41,07,54,284,49,08,19,124,40,1*63,1763494384857
NMEA,$GPGSV,4,2,13,09,78,007,44,11,03,292,33,16,32,048,41,20,15,317,43,1*60,1763494384857
NMEA,$GPGSV,4,3,13,21,16,318,44,27,20,091,38,30,27,266,43,46,00,000,43,1*6D,1763494384857
NMEA,$GPGSV,4,4,13,48,00,000,44,1*5A,1763494384857
NMEA,$GPGSV,2,1,08,03,15,173,37,04,51,104,37,08,19,124,37,09,78,007,38,8*68,1763494384857
NMEA,$GPGSV,2,2,08,11,03,292,24,21,16,318,29,27,20,091,38,30,27,266,36,8*69,1763494384857
NMEA,$GLGSV,1,1,04,12,65,234,42,11,50,029,41,01,75,114,39,08,20,137,41,1*73,1763494384857
NMEA,$GAGSV,3,1,11,02,53,173,42,03,66,078,41,05,18,110,40,07,02,300,19,7*79,1763494384857
NMEA,$GAGSV,3,2,11,08,50,317,44,13,11,275,37,15,04,226,35,16,33,048,36,7*72,1763494384857
NMEA,$GAGSV,3,3,11,25,53,068,43,26,03,322,36,30,07,203,26,7*4B,1763494384857
NMEA,$GAGSV,2,1,08,02,53,173,38,03,66,078,38,05,18,110,32,08,50,317,33,1*76,1763494384857
NMEA,$GAGSV,2,2,08,13,11,275,32,16,33,048,32,25,53,068,36,30,07,203,30,1*78,1763494384857
NMEA,$GQGSV,1,1,01,03,01,296,18,8*5B,1763494384857
NMEA,$GBGSV,2,1,07,37,46,047,44,36,19,233,40,32,13,145,38,22,06,320,41,1*76,1763494384857
NMEA,$GBGSV,2,2,07,20,68,161,45,19,57,310,42,04,03,265,33,1*42,1763494384857
NMEA,$GBGSV,2,1,06,19,57,310,41,20,68,161,44,22,06,320,38,32,13,145,36,3*7C,1763494384857
NMEA,$GBGSV,2,2,06,36,19,233,39,37,46,047,44,3*72,1763494384857
NMEA,$GBGSV,2,1,06,19,57,310,33,20,68,161,38,22,06,320,32,32,13,145,33,5*7B,1763494384857
NMEA,$GBGSV,2,2,06,36,19,233,38,37,46,047,40,5*71,1763494384857
NMEA,$GNGSA,A,3,03,04,07,08,09,16,20,21,27,30,,,0.6,0.4,0.5,1*37,1763494384871
NMEA,$PSSGR,GSA,A,3,03,04,08,09,21,27,30,,,,,,0.6,0.4,0.5,1,8*41,1763494384871
NMEA,$GNGSA,A,3,65,72,75,76,,,,,,,,,0.6,0.4,0.5,2*30,1763494384871
NMEA,$GNGSA,A,3,02,03,05,08,13,16,25,30,,,,,0.6,0.4,0.5,3*39,1763494384871
NMEA,$PSSGR,GSA,A,3,302,303,305,308,313,316,325,330,,,,,0.6,0.4,0.5,3,1*44,1763494384871
NMEA,$GNGSA,A,3,19,20,22,32,36,37,,,,,,,0.6,0.4,0.5,4*39,1763494384871
NMEA,$PSSGR,GSA,A,3,219,220,222,232,236,237,,,,,,,0.6,0.4,0.5,4,5*40,1763494384871
NMEA,$GNVTG,268.0,T,255.2,M,1.5,N,2.8,K,E*3B,1763494384871
NMEA,$GNDTM,W84,,0000.000000,N,00000.000000,E,0.000,W84*41,1763494384871
NMEA,$GNRMC,193305.00,A,3725.856224,N,12209.316712,W,1.5,268.0,181125,12.8,E,E,V*73,1763494384871
NMEA,$GNGNS,193305.00,3725.856224,N,12209.316712,W,EEEEEE,28,0.4,20.9,-32.6,,,V*26,1763494384871
NMEA,$GNGGA,193305.00,3725.856224,N,12209.316712,W,6,12,0.4,20.9,M,-32.6,M,,*78,1763494384871
NMEA,$PSMSG,magcal=PASS,bluesky=0*00,1763494384877
NMEA,$GPGSV,4,1,13,03,15,173,38,04,51,104,42,07,54,284,48,08,19,124,35,1*6C,1763494385860
NMEA,$GPGSV,4,2,13,09,78,007,46,11,03,292,30,16,32,048,40,20,15,317,45,1*66,1763494385860
NMEA,$GPGSV,4,3,13,21,16,318,43,27,20,091,40,30,27,266,42,46,00,000,44,1*63,1763494385860
NMEA,$GPGSV,4,4,13,48,00,000,43,1*5D,1763494385860
NMEA,$GPGSV,2,1,08,03,15,173,35,04,51,104,37,08,19,124,37,09,78,007,38,8*6A,1763494385860
NMEA,$GPGSV,2,2,08,11,03,292,24,21,16,318,30,27,20,091,38,30,27,266,37,8*60,1763494385860
NMEA,$GLGSV,1,1,04,12,65,234,41,11,50,029,38,01,75,114,39,08,20,137,39,1*71,1763494385860
NMEA,$GAGSV,3,1,11,02,53,173,41,03,66,078,39,05,18,110,41,07,02,300,23,7*7D,1763494385860
NMEA,$GAGSV,3,2,11,08,50,317,45,13,11,275,37,15,04,226,22,16,33,048,40,7*74,1763494385860
NMEA,$GAGSV,3,3,11,25,53,068,44,26,03,322,38,30,07,203,25,7*41,1763494385860
NMEA,$GAGSV,2,1,08,02,53,173,38,03,66,078,38,05,18,110,32,08,50,317,31,1*74,1763494385860
NMEA,$GAGSV,2,2,08,13,11,275,31,16,33,048,31,25,53,068,34,30,07,203,29,1*72,1763494385860
NMEA,$GQGSV,1,1,01,03,01,296,18,8*5B,1763494385860
NMEA,$GBGSV,2,1,07,37,46,047,44,36,19,233,38,32,13,145,40,22,06,320,40,1*77,1763494385860
NMEA,$GBGSV,2,2,07,20,68,161,45,19,57,310,41,04,03,265,33,1*41,1763494385860
NMEA,$GBGSV,2,1,06,19,57,310,44,20,68,161,43,22,06,320,38,32,13,145,38,3*70,1763494385860
NMEA,$GBGSV,2,2,06,36,19,233,38,37,46,047,43,3*74,1763494385860
NMEA,$GBGSV,2,1,06,19,57,310,33,20,68,161,36,22,06,320,33,32,13,145,30,5*77,1763494385860
NMEA,$GBGSV,2,2,06,36,19,233,36,37,46,047,40,5*7F,1763494385860
NMEA,$GNGSA,A,3,03,04,07,08,09,16,20,21,27,30,,,0.6,0.4,0.4,1*36,1763494385883
NMEA,$PSSGR,GSA,A,3,03,04,08,09,21,27,30,,,,,,0.6,0.4,0.4,1,8*40,1763494385883
NMEA,$GNGSA,A,3,65,72,75,76,,,,,,,,,0.6,0.4,0.4,2*31,1763494385883
NMEA,$GNGSA,A,3,02,03,05,08,13,16,25,30,,,,,0.6,0.4,0.4,3*38,1763494385883
NMEA,$PSSGR,GSA,A,3,302,303,305,308,313,316,325,330,,,,,0.6,0.4,0.4,3,1*45,1763494385883
NMEA,$GNGSA,A,3,19,20,22,32,36,37,,,,,,,0.6,0.4,0.4,4*38,1763494385883
NMEA,$PSSGR,GSA,A,3,219,220,222,232,236,237,,,,,,,0.6,0.4,0.4,4,5*41,1763494385883
NMEA,$GNVTG,268.3,T,255.5,M,0.7,N,1.4,K,E*33,1763494385883
NMEA,$GNDTM,W84,,0000.000000,N,00000.000000,E,0.000,W84*41,1763494385883
NMEA,$GNRMC,193306.00,A,3725.856278,N,12209.316961,W,0.7,268.3,181125,12.8,E,E,V*73,1763494385883
NMEA,$GNGNS,193306.00,3725.856278,N,12209.316961,W,EEEEEE,28,0.4,21.1,-32.6,,,V*2F,1763494385883
NMEA,$GNGGA,193306.00,3725.856278,N,12209.316961,W,6,12,0.4,21.1,M,-32.6,M,,*71,1763494385883
NMEA,$PSMSG,magcal=PASS,bluesky=0*00,1763494385889
NMEA,$GPGSV,3,1,12,03,15,173,42,04,51,104,41,07,54,284,46,08,19,124,33,1*6C,1763494386857
NMEA,$GPGSV,3,2,12,09,78,007,47,16,32,048,36,20,15,317,47,21,16,318,43,1*62,1763494386857
NMEA,$GPGSV,3,3,12,27,20,091,41,30,27,266,44,46,00,000,43,48,00,000,41,1*65,1763494386857
NMEA,$GPGSV,2,1,08,03,15,173,36,04,51,104,40,08,19,124,37,09,78,007,38,8*69,1763494386857
NMEA,$GPGSV,2,2,08,11,03,292,18,21,16,318,35,27,20,091,37,30,27,266,39,8*6B,1763494386857
NMEA,$GLGSV,1,1,04,12,65,234,42,11,50,029,35,01,74,117,39,08,19,137,41,1*78,1763494386857
NMEA,$GAGSV,3,1,11,02,53,173,40,03,66,078,40,05,18,110,41,07,02,300,24,7*75,1763494386857
NMEA,$GAGSV,3,2,11,08,50,317,44,13,11,275,30,15,04,226,27,16,33,048,40,7*77,1763494386857
NMEA,$GAGSV,3,3,11,25,53,068,43,26,03,322,40,30,07,203,25,7*49,1763494386857
NMEA,$GAGSV,2,1,08,02,53,173,36,03,66,078,38,05,18,110,33,08,50,317,34,1*7E,1763494386857
NMEA,$GAGSV,2,2,08,13,11,275,31,16,33,048,32,25,53,068,35,30,07,203,29,1*70,1763494386857
NMEA,$GQGSV,1,1,01,03,01,296,18,8*5B,1763494386857
NMEA,$GBGSV,2,1,07,37,46,047,44,36,19,233,40,32,13,145,42,22,06,320,39,1*74,1763494386857
NMEA,$GBGSV,2,2,07,20,68,161,45,19,57,310,41,04,03,265,30,1*42,1763494386857
NMEA,$GBGSV,2,1,06,19,57,310,47,20,68,161,42,22,06,320,36,32,13,145,40,3*73,1763494386857
NMEA,$GBGSV,2,2,06,36,19,233,39,37,46,047,39,3*78,1763494386857
NMEA,$GBGSV,2,1,06,19,57,310,36,20,68,161,31,22,06,320,30,32,13,145,30,5*76,1763494386857
NMEA,$GBGSV,2,2,06,36,19,233,37,37,46,047,40,5*7E,1763494386857
NMEA,$GNGSA,A,3,03,04,07,08,09,16,20,21,27,30,,,0.6,0.4,0.4,1*36,1763494386874
NMEA,$PSSGR,GSA,A,3,03,04,08,09,21,27,30,,,,,,0.6,0.4,0.4,1,8*40,1763494386874
NMEA,$GNGSA,A,3,65,72,75,76,,,,,,,,,0.6,0.4,0.4,2*31,1763494386874
NMEA,$GNGSA,A,3,02,03,05,08,13,16,25,30,,,,,0.6,0.4,0.4,3*38,1763494386874
NMEA,$PSSGR,GSA,A,3,302,303,305,308,313,316,325,330,,,,,0.6,0.4,0.4,3,1*45,1763494386874
NMEA,$GNGSA,A,3,19,20,22,32,36,37,,,,,,,0.6,0.4,0.4,4*38,1763494386874
NMEA,$PSSGR,GSA,A,3,219,220,222,232,236,237,,,,,,,0.6,0.4,0.4,4,5*41,1763494386874
NMEA,$GNVTG,,T,,M,0.0,N,0.0,K,E*39,1763494386874
NMEA,$GNDTM,W84,,0000.000000,N,00000.000000,E,0.000,W84*41,1763494386874
NMEA,$GNRMC,193307.00,A,3725.856371,N,12209.316943,W,0.0,,181125,12.8,E,E,V*5C,1763494386874
NMEA,$GNGNS,193307.00,3725.856371,N,12209.316943,W,EEEEEE,28,0.4,21.1,-32.6,,,V*26,1763494386874
NMEA,$GNGGA,193307.00,3725.856371,N,12209.316943,W,6,12,0.4,21.1,M,-32.6,M,,*78,1763494386874
NMEA,$PSMSG,magcal=PASS,bluesky=0*00,1763494386878
NMEA,$GPGSV,3,1,12,03,15,173,44,04,51,104,40,07,54,284,45,08,19,124,28,1*62,1763494387857
NMEA,$GPGSV,3,2,12,09,78,007,48,16,32,048,39,20,15,317,46,21,16,318,44,1*64,1763494387857
NMEA,$GPGSV,3,3,12,27,20,091,41,30,27,266,42,46,00,000,44,48,00,000,41,1*64,1763494387857
NMEA,$GPGSV,2,1,08,03,15,173,36,04,51,104,40,08,19,124,37,09,78,007,36,8*67,1763494387857
NMEA,$GPGSV,2,2,08,11,03,292,18,21,16,318,39,27,20,091,33,30,27,266,39,8*63,1763494387857
NMEA,$GLGSV,1,1,04,12,65,234,42,11,50,029,39,01,74,117,40,08,19,137,39,1*75,1763494387857
NMEA,$GAGSV,3,1,11,02,53,173,41,03,66,078,38,05,18,110,40,07,02,300,24,7*7A,1763494387857
NMEA,$GAGSV,3,2,11,08,50,317,45,13,11,275,30,15,04,226,25,16,33,048,39,7*7A,1763494387857
NMEA,$GAGSV,3,3,11,25,53,068,45,26,03,322,42,30,07,203,29,7*41,1763494387857
NMEA,$GAGSV,2,1,08,02,53,173,37,03,66,078,38,05,18,110,32,08,50,317,33,1*79,1763494387857
NMEA,$GAGSV,2,2,08,13,11,275,33,16,33,048,35,25,53,068,37,30,07,203,27,1*79,1763494387857
NMEA,$GQGSV,1,1,01,03,01,296,18,8*5B,1763494387857
NMEA,$GBGSV,2,1,07,37,46,047,44,36,19,233,39,32,13,145,42,22,06,320,40,1*74,1763494387857
NMEA,$GBGSV,2,2,07,20,68,161,44,19,57,310,41,04,03,265,30,1*43,1763494387857
NMEA,$GBGSV,2,1,06,19,57,310,45,20,68,161,43,22,06,320,36,32,13,145,40,3*70,1763494387857
NMEA,$GBGSV,2,2,06,36,19,233,39,37,46,047,42,3*74,1763494387857
NMEA,$GBGSV,2,1,06,19,57,310,38,20,68,161,35,22,06,320,26,32,13,145,29,5*73,1763494387857
NMEA,$GBGSV,2,2,06,36,19,233,35,37,46,047,38,5*73,1763494387857
NMEA,$GNGSA,A,3,03,04,07,08,09,16,20,21,27,30,,,0.6,0.4,0.4,1*36,1763494387877
NMEA,$PSSGR,GSA,A,3,03,04,08,09,21,27,30,,,,,,0.6,0.4,0.4,1,8*40,1763494387877
NMEA,$GNGSA,A,3,65,72,75,76,,,,,,,,,0.6,0.4,0.4,2*31,1763494387877
NMEA,$GNGSA,A,3,02,03,05,08,13,16,25,30,,,,,0.6,0.4,0.4,3*38,1763494387877
NMEA,$PSSGR,GSA,A,3,302,303,305,308,313,316,325,330,,,,,0.6,0.4,0.4,3,1*45,1763494387877
NMEA,$GNGSA,A,3,19,20,22,32,36,37,,,,,,,0.6,0.4,0.4,4*38,1763494387877
NMEA,$PSSGR,GSA,A,3,219,220,222,232,236,237,,,,,,,0.6,0.4,0.4,4,5*41,1763494387877
NMEA,$GNVTG,268.3,T,255.5,M,0.6,N,1.1,K,E*37,1763494387877
NMEA,$GNDTM,W84,,0000.000000,N,00000.000000,E,0.000,W84*41,1763494387877
NMEA,$GNRMC,193308.00,A,3725.856455,N,12209.317095,W,0.6,268.3,181125,12.8,E,E,V*76,1763494387877
NMEA,$GNGNS,193308.00,3725.856455,N,12209.317095,W,EEEEEE,28,0.4,21.2,-32.6,,,V*28,1763494387877
NMEA,$GNGGA,193308.00,3725.856455,N,12209.317095,W,6,12,0.4,21.2,M,-32.6,M,,*76,1763494387877
NMEA,$PSMSG,magcal=PASS,bluesky=0*00,1763494387883
NMEA,$GPGSV,3,1,12,03,15,173,45,04,51,104,41,07,54,284,46,08,19,124,35,1*6D,1763494388863
NMEA,$GPGSV,3,2,12,09,78,007,43,16,32,048,42,20,15,317,44,21,16,318,45,1*60,1763494388863
NMEA,$GPGSV,3,3,12,27,20,091,39,30,27,266,40,46,00,000,42,48,00,000,42,1*6C,1763494388863
NMEA,$GPGSV,2,1,08,03,15,173,34,04,51,104,38,08,19,124,35,09,78,007,35,8*6B,1763494388863
NMEA,$GPGSV,2,2,08,11,03,292,18,21,16,318,41,27,20,091,29,30,27,266,36,8*68,1763494388863
NMEA,$GLGSV,1,1,04,12,65,234,42,11,50,029,41,01,74,117,40,08,19,137,36,1*75,1763494388863
NMEA,$GAGSV,3,1,11,02,53,173,41,03,66,078,40,05,18,110,41,07,02,300,24,7*74,1763494388863
NMEA,$GAGSV,3,2,11,08,50,317,46,13,11,275,32,15,04,226,25,16,33,048,36,7*74,1763494388863
NMEA,$GAGSV,3,3,11,25,53,068,44,26,03,322,41,30,07,203,31,7*4A,1763494388863
NMEA,$GAGSV,2,1,08,02,53,173,37,03,66,078,35,05,18,110,33,08,50,317,25,1*72,1763494388863
NMEA,$GAGSV,2,2,08,13,11,275,32,16,33,048,37,25,53,068,38,30,07,203,27,1*75,1763494388863
NMEA,$GQGSV,1,1,01,03,01,296,18,8*5B,1763494388863
NMEA,$GBGSV,2,1,07,37,46,047,45,36,19,233,37,32,13,145,42,22,06,320,40,1*7B,1763494388863
NMEA,$GBGSV,2,2,07,20,68,161,43,19,57,310,44,04,03,265,30,1*41,1763494388863
NMEA,$GBGSV,2,1,06,19,57,310,41,20,68,161,43,22,06,320,35,32,13,145,40,3*77,1763494388863
NMEA,$GBGSV,2,2,06,36,19,233,36,37,46,047,44,3*7D,1763494388863
NMEA,$GBGSV,2,1,06,19,57,310,32,20,68,161,35,22,06,320,31,32,13,145,29,5*7F,1763494388863
NMEA,$GBGSV,2,2,06,36,19,233,35,37,46,047,34,5*7F,1763494388863
NMEA,$GNGSA,A,3,03,04,07,08,09,16,20,21,27,30,,,0.6,0.4,0.4,1*36,1763494388883
NMEA,$PSSGR,GSA,A,3,03,04,08,09,21,27,30,,,,,,0.6,0.4,0.4,1,8*40,1763494388883
NMEA,$GNGSA,A,3,65,72,75,76,,,,,,,,,0.6,0.4,0.4,2*31,1763494388883
NMEA,$GNGSA,A,3,02,03,05,08,13,16,25,30,,,,,0.6,0.4,0.4,3*38,1763494388883
NMEA,$PSSGR,GSA,A,3,302,303,305,308,313,316,325,330,,,,,0.6,0.4,0.4,3,1*45,1763494388883
NMEA,$GNGSA,A,3,19,20,22,32,36,37,,,,,,,0.6,0.4,0.4,4*38,1763494388883
NMEA,$PSSGR,GSA,A,3,219,220,222,232,236,237,,,,,,,0.6,0.4,0.4,4,5*41,1763494388883
NMEA,$GNVTG,317.3,T,304.5,M,1.5,N,2.7,K,E*3C,1763494388883
NMEA,$GNDTM,W84,,0000.000000,N,00000.000000,E,0.000,W84*41,1763494388883
NMEA,$GNRMC,193309.00,A,3725.856797,N,12209.317427,W,1.5,317.3,181125,12.8,E,E,V*7C,1763494388883
NMEA,$GNGNS,193309.00,3725.856797,N,12209.317427,W,EEEEEE,28,0.4,21.0,-32.6,,,V*2B,1763494388883
NMEA,$GNGGA,193309.00,3725.856797,N,12209.317427,W,6,12,0.4,21.0,M,-32.6,M,,*75,1763494388883
NMEA,$PSMSG,magcal=PASS,bluesky=0*00,1763494388890
NMEA,$GPGSV,3,1,12,03,15,173,45,04,51,104,39,07,54,284,46,08,19,124,38,1*6F,1763494389862
NMEA,$GPGSV,3,2,12,09,78,007,43,16,32,048,42,20,15,317,46,21,16,318,45,1*62,1763494389862
NMEA,$GPGSV,3,3,12,27,20,091,39,30,27,266,40,46,00,000,41,48,00,000,41,1*6C,1763494389862
NMEA,$GPGSV,2,1,08,03,15,173,34,04,51,104,39,08,19,124,34,09,78,007,36,8*68,1763494389862
NMEA,$GPGSV,2,2,08,11,03,292,22,21,16,318,40,27,20,091,30,30,27,266,37,8*69,1763494389862
NMEA,$GLGSV,1,1,04,12,65,234,41,11,50,029,41,01,74,117,40,08,19,137,36,1*76,1763494389862
NMEA,$GAGSV,3,1,11,02,53,173,42,03,66,078,40,05,18,110,41,07,02,300,24,7*77,1763494389862
NMEA,$GAGSV,3,2,11,08,50,317,46,13,11,275,33,15,04,226,28,16,33,048,33,7*7D,1763494389862
NMEA,$GAGSV,3,3,11,25,53,068,45,26,03,322,42,30,07,203,31,7*48,1763494389862
NMEA,$GAGSV,2,1,08,02,53,173,36,03,66,078,35,05,18,110,32,08,50,317,27,1*70,1763494389862
NMEA,$GAGSV,2,2,08,13,11,275,35,16,33,048,37,25,53,068,39,30,07,203,21,1*75,1763494389862
NMEA,$GQGSV,1,1,01,03,01,296,18,8*5B,1763494389862
NMEA,$GBGSV,2,1,07,37,46,047,46,36,19,233,38,32,13,145,43,22,06,320,40,1*76,1763494389862
NMEA,$GBGSV,2,2,07,20,68,161,43,19,57,310,45,04,03,265,30,1*40,1763494389862
NMEA,$GBGSV,2,1,06,19,57,310,41,20,68,161,43,22,06,320,36,32,13,145,42,3*76,1763494389862
NMEA,$GBGSV,2,2,06,36,19,233,37,37,46,047,45,3*7D,1763494389862
NMEA,$GBGSV,2,1,06,19,57,310,34,20,68,161,34,22,06,320,26,32,13,145,29,5*7E,1763494389862
NMEA,$GBGSV,2,2,06,36,19,233,35,37,46,047,35,5*7E,1763494389862
NMEA,$GNGSA,A,3,03,04,07,08,09,16,20,21,27,30,,,0.6,0.4,0.4,1*36,1763494389881
NMEA,$PSSGR,GSA,A,3,03,04,08,09,21,27,30,,,,,,0.6,0.4,0.4,1,8*40,1763494389881
NMEA,$GNGSA,A,3,65,72,75,76,,,,,,,,,0.6,0.4,0.4,2*31,1763494389881
NMEA,$GNGSA,A,3,02,03,05,08,13,16,25,30,,,,,0.6,0.4,0.4,3*38,1763494389881
NMEA,$PSSGR,GSA,A,3,302,303,305,308,313,316,325,330,,,,,0.6,0.4,0.4,3,1*45,1763494389881
NMEA,$GNGSA,A,3,19,20,22,32,36,37,,,,,,,0.6,0.4,0.4,4*38,1763494389881
NMEA,$PSSGR,GSA,A,3,219,220,222,232,236,237,,,,,,,0.6,0.4,0.4,4,5*41,1763494389881
NMEA,$GNVTG,317.5,T,304.7,M,1.6,N,2.9,K,E*35,1763494389881
NMEA,$GNDTM,W84,,0000.000000,N,00000.000000,E,0.000,W84*41,1763494389881
NMEA,$GNRMC,193310.00,A,3725.857181,N,12209.317794,W,1.6,317.5,181125,12.8,E,E,V*7A,1763494389881
NMEA,$GNGNS,193310.00,3725.857181,N,12209.317794,W,EEEEEE,28,0.4,21.0,-32.6,,,V*28,1763494389881
NMEA,$GNGGA,193310.00,3725.857181,N,12209.317794,W,6,12,0.4,21.0,M,-32.6,M,,*76,1763494389881
NMEA,$PSMSG,magcal=PASS,bluesky=0*00,1763494389886
NMEA,$GPGSV,3,1,12,03,15,173,45,04,51,104,40,07,54,284,46,08,19,124,39,1*60,1763494390863
NMEA,$GPGSV,3,2,12,09,78,007,45,16,32,048,38,20,15,317,47,21,16,318,46,1*6B,1763494390863
NMEA,$GPGSV,3,3,12,27,20,091,40,30,27,266,39,46,00,000,41,48,00,000,41,1*6C,1763494390863
NMEA,$GPGSV,2,1,08,03,15,173,37,04,51,104,39,08,19,124,34,09,78,007,36,8*6B,1763494390863
NMEA,$GPGSV,2,2,08,11,03,292,29,21,16,318,40,27,20,091,33,30,27,266,38,8*6E,1763494390863
NMEA,$GLGSV,1,1,04,12,65,234,42,11,50,029,41,01,74,117,41,08,19,137,38,1*7A,1763494390863
NMEA,$GAGSV,3,1,11,02,53,173,42,03,66,078,38,05,18,110,42,07,02,300,24,7*7B,1763494390863
NMEA,$GAGSV,3,2,11,08,50,317,46,13,11,275,30,15,04,226,27,16,33,048,36,7*74,1763494390863
NMEA,$GAGSV,3,3,11,25,53,068,44,26,03,322,42,30,07,203,30,7*48,1763494390863
NMEA,$GAGSV,2,1,08,02,53,173,37,03,66,078,38,05,18,110,29,08,50,317,28,1*79,1763494390863
NMEA,$GAGSV,2,2,08,13,11,275,32,16,33,048,37,25,53,068,38,30,07,203,26,1*74,1763494390863
NMEA,$GQGSV,1,1,01,03,01,296,18,8*5B,1763494390863
NMEA,$GBGSV,2,1,07,37,46,047,46,36,19,233,37,32,13,145,42,22,06,320,41,1*79,1763494390863
NMEA,$GBGSV,2,2,07,20,68,161,44,19,57,310,43,04,03,265,30,1*41,1763494390863
NMEA,$GBGSV,2,1,06,19,57,310,42,20,68,161,43,22,06,320,38,32,13,145,42,3*7B,1763494390863
NMEA,$GBGSV,2,2,06,36,19,233,38,37,46,047,44,3*73,1763494390863
NMEA,$GBGSV,2,1,06,19,57,310,36,20,68,161,34,22,06,320,31,32,13,145,29,5*7A,1763494390863
NMEA,$GBGSV,2,2,06,36,19,233,36,37,46,047,37,5*7F,1763494390863
NMEA,$GNGSA,A,3,03,04,07,08,09,16,20,21,27,30,,,0.6,0.4,0.4,1*36,1763494390876
NMEA,$PSSGR,GSA,A,3,03,04,08,09,21,27,30,,,,,,0.6,0.4,0.4,1,8*40,1763494390876
NMEA,$GNGSA,A,3,65,72,75,76,,,,,,,,,0.6,0.4,0.4,2*31,1763494390876
NMEA,$GNGSA,A,3,02,03,05,08,13,16,25,30,,,,,0.6,0.4,0.4,3*38,1763494390876
NMEA,$PSSGR,GSA,A,3,302,303,305,308,313,316,325,330,,,,,0.6,0.4,0.4,3,1*45,1763494390876
NMEA,$GNGSA,A,3,19,20,22,32,36,37,,,,,,,0.6,0.4,0.4,4*38,1763494390876
NMEA,$PSSGR,GSA,A,3,219,220,222,232,236,237,,,,,,,0.6,0.4,0.4,4,5*41,1763494390876
NMEA,$GNVTG,317.0,T,304.2,M,1.2,N,2.3,K,E*3B,1763494390876
NMEA,$GNDTM,W84,,0000.000000,N,00000.000000,E,0.000,W84*41,1763494390876
NMEA,$GNRMC,193311.00,A,3725.857475,N,12209.318063,W,1.2,317.0,181125,12.8,E,E,V*74,1763494390876
NMEA,$GNGNS,193311.00,3725.857475,N,12209.318063,W,EEEEEE,28,0.4,21.0,-32.6,,,V*27,1763494390876
NMEA,$GNGGA,193311.00,3725.857475,N,12209.318063,W,6,12,0.4,21.0,M,-32.6,M,,*79,1763494390876
NMEA,$PSMSG,magcal=PASS,bluesky=0*00,1763494390882
NMEA,$GPGSV,3,1,12,03,15,173,46,04,51,104,45,07,54,284,43,08,19,124,37,1*6D,1763494391869
NMEA,$GPGSV,3,2,12,09,78,007,47,16,32,048,44,20,15,317,38,21,16,318,38,1*63,1763494391869
NMEA,$GPGSV,3,3,12,27,20,091,42,30,27,266,41,46,00,000,39,48,00,000,40,1*6F,1763494391869
NMEA,$GPGSV,2,1,08,03,15,173,30,04,51,104,38,08,19,124,30,09,78,007,36,8*69,1763494391869
NMEA,$GPGSV,2,2,08,11,03,292,26,21,16,318,36,27,20,091,33,30,27,266,37,8*6F,1763494391869
NMEA,$GLGSV,1,1,04,12,65,234,41,11,50,029,47,01,74,117,41,08,19,137,40,1*70,1763494391869
NMEA,$GAGSV,3,1,11,02,53,173,41,03,66,078,43,05,18,110,40,07,02,300,24,7*76,1763494391869
NMEA,$GAGSV,3,2,11,08,50,317,41,13,11,275,35,15,04,226,30,16,33,048,45,7*74,1763494391869
NMEA,$GAGSV,3,3,11,25,53,068,39,26,03,322,33,30,07,203,32,7*46,1763494391869
NMEA,$GAGSV,2,1,08,02,53,173,33,03,66,078,34,05,18,110,26,08,50,317,38,1*7F,1763494391869
NMEA,$GAGSV,2,2,08,13,11,275,31,16,33,048,34,25,53,068,33,30,07,203,22,1*7B,1763494391869
NMEA,$GQGSV,1,1,01,03,01,296,18,8*5B,1763494391869
NMEA,$GBGSV,2,1,07,37,46,047,41,36,19,233,39,32,13,145,39,22,06,320,31,1*7B,1763494391869
NMEA,$GBGSV,2,2,07,20,68,161,47,19,57,310,44,04,03,265,30,1*45,1763494391869
NMEA,$GBGSV,2,1,06,19,57,310,44,20,68,161,45,22,06,320,31,32,13,145,38,3*7F,1763494391869
NMEA,$GBGSV,2,2,06,36,19,233,36,37,46,047,43,3*7A,1763494391869
NMEA,$GBGSV,2,1,06,19,57,310,40,20,68,161,31,22,06,320,35,32,13,145,27,5*74,1763494391869
NMEA,$GBGSV,2,2,06,36,19,233,36,37,46,047,31,5*79,1763494391869
NMEA,$GNGSA,A,3,03,04,07,08,09,16,20,21,27,30,,,0.6,0.4,0.4,1*36,1763494391885
NMEA,$PSSGR,GSA,A,3,03,04,08,09,21,27,30,,,,,,0.6,0.4,0.4,1,8*40,1763494391885
NMEA,$GNGSA,A,3,65,72,75,76,,,,,,,,,0.6,0.4,0.4,2*31,1763494391885
NMEA,$GNGSA,A,3,02,03,05,08,13,16,25,30,,,,,0.6,0.4,0.4,3*38,1763494391885
NMEA,$PSSGR,GSA,A,3,302,303,305,308,313,316,325,330,,,,,0.6,0.4,0.4,3,1*45,1763494391885
NMEA,$GNGSA,A,3,19,20,22,32,36,37,,,,,,,0.6,0.4,0.4,4*38,1763494391885
NMEA,$PSSGR,GSA,A,3,219,220,222,232,236,237,,,,,,,0.6,0.4,0.4,4,5*41,1763494391885
NMEA,$GNVTG,317.0,T,304.2,M,0.4,N,0.8,K,E*35,1763494391885
NMEA,$GNDTM,W84,,0000.000000,N,00000.000000,E,0.000,W84*41,1763494391885
NMEA,$GNRMC,193312.00,A,3725.857601,N,12209.318197,W,0.4,317.0,181125,12.8,E,E,V*7B,1763494391885
NMEA,$GNGNS,193312.00,3725.857601,N,12209.318197,W,EEEEEE,28,0.4,21.0,-32.6,,,V*2F,1763494391885
NMEA,$GNGGA,193312.00,3725.857601,N,12209.318197,W,6,12,0.4,21.0,M,-32.6,M,,*71,1763494391885
NMEA,$PSMSG,magcal=PASS,bluesky=0*00,1763494391895
NMEA,$GPGSV,3,1,12,03,15,173,43,04,51,104,44,07,54,284,41,08,19,124,38,1*64,1763494392866
NMEA,$GPGSV,3,2,12,09,78,007,46,16,32,048,40,20,15,317,38,21,16,318,37,1*69,1763494392866
NMEA,$GPGSV,3,3,12,27,20,091,44,30,27,266,44,46,00,000,40,48,00,000,40,1*62,1763494392866
NMEA,$GPGSV,2,1,08,03,15,173,28,04,51,104,35,08,19,124,33,09,78,007,38,8*60,1763494392866
NMEA,$GPGSV,2,2,08,11,03,292,25,21,16,318,37,27,20,091,34,30,27,266,35,8*68,1763494392866
NMEA,$GLGSV,1,1,04,12,65,234,41,11,50,029,44,01,74,117,44,08,19,137,38,1*79,1763494392866
NMEA,$GAGSV,3,1,11,02,53,173,45,03,66,078,42,05,18,110,43,07,02,300,18,7*7F,1763494392866
NMEA,$GAGSV,3,2,11,08,50,317,41,13,11,275,34,15,04,226,28,16,33,048,46,7*7F,1763494392866
NMEA,$GAGSV,3,3,11,25,53,068,43,26,03,322,28,30,07,203,33,7*40,1763494392866
NMEA,$GAGSV,2,1,08,02,53,173,39,03,66,078,29,05,18,110,28,08,50,317,36,1*79,1763494392866
NMEA,$GAGSV,2,2,08,13,11,275,28,16,33,048,29,25,53,068,34,30,07,203,22,1*78,1763494392866
NMEA,$GQGSV,1,1,01,03,01,296,18,8*5B,1763494392866
NMEA,$GBGSV,2,1,07,37,46,047,41,36,19,233,41,32,13,145,39,22,06,320,34,1*71,1763494392866
NMEA,$GBGSV,2,2,07,20,68,161,46,19,57,310,43,04,03,265,30,1*43,1763494392866
NMEA,$GBGSV,2,1,06,19,57,310,42,20,68,161,48,22,06,320,30,32,13,145,37,3*7A,1763494392866
NMEA,$GBGSV,2,2,06,36,19,233,38,37,46,047,40,3*77,1763494392866
NMEA,$GBGSV,2,1,06,19,57,310,38,20,68,161,35,22,06,320,35,32,13,145,25,5*7D,1763494392866
NMEA,$GBGSV,2,2,06,36,19,233,34,37,46,047,37,5*7D,1763494392866
NMEA,$GNGSA,A,3,03,04,07,08,09,16,20,21,27,30,,,0.6,0.4,0.4,1*36,1763494392882
NMEA,$PSSGR,GSA,A,3,03,04,08,09,21,27,30,,,,,,0.6,0.4,0.4,1,8*40,1763494392882
NMEA,$GNGSA,A,3,65,72,75,76,,,,,,,,,0.6,0.4,0.4,2*31,1763494392882
NMEA,$GNGSA,A,3,02,03,05,08,13,16,25,30,,,,,0.6,0.4,0.4,3*38,1763494392882
NMEA,$PSSGR,GSA,A,3,302,303,305,308,313,316,325,330,,,,,0.6,0.4,0.4,3,1*45,1763494392882
NMEA,$GNGSA,A,3,19,20,22,32,36,37,,,,,,,0.6,0.4,0.4,4*38,1763494392882
NMEA,$PSSGR,GSA,A,3,219,220,222,232,236,237,,,,,,,0.6,0.4,0.4,4,5*41,1763494392882
NMEA,$GNVTG,317.0,T,304.2,M,0.3,N,0.6,K,E*3C,1763494392882
NMEA,$GNDTM,W84,,0000.000000,N,00000.000000,E,0.000,W84*41,1763494392882
NMEA,$GNRMC,193313.00,A,3725.857617,N,12209.318176,W,0.3,317.0,181125,12.8,E,E,V*75,1763494392882
NMEA,$GNGNS,193313.00,3725.857617,N,12209.318176,W,EEEEEE,28,0.4,21.3,-32.6,,,V*25,1763494392882
NMEA,$GNGGA,193313.00,3725.857617,N,12209.318176,W,6,12,0.4,21.3,M,-32.6,M,,*7B,1763494392882
NMEA,$PSMSG,magcal=PASS,bluesky=0*00,1763494392888
NMEA,$GPGSV,4,1,13,03,15,173,43,04,51,104,43,07,54,284,42,08,19,124,41,1*68,1763494393855
NMEA,$GPGSV,4,2,13,09,78,007,45,11,03,292,29,16,32,048,35,20,15,317,37,1*6A,1763494393855
NMEA,$GPGSV,4,3,13,21,16,318,38,27,20,091,44,30,27,266,43,46,00,000,43,1*6D,1763494393855
NMEA,$GPGSV,4,4,13,48,00,000,39,1*50,1763494393855
NMEA,$GPGSV,2,1,08,03,15,173,26,04,51,104,28,08,19,124,33,09,78,007,39,8*63,1763494393855
NMEA,$GPGSV,2,2,08,11,03,292,25,21,16,318,38,27,20,091,32,30,27,266,35,8*61,1763494393855
NMEA,$GLGSV,1,1,04,12,65,234,40,11,50,029,39,01,74,117,42,08,19,137,33,1*7F,1763494393855
NMEA,$GAGSV,3,1,11,02,53,173,46,03,66,078,41,05,18,110,42,07,02,300,24,7*71,1763494393855
NMEA,$GAGSV,3,2,11,08,50,317,40,13,11,275,32,15,04,226,29,16,33,048,42,7*7D,1763494393855
NMEA,$GAGSV,3,3,11,25,53,068,47,26,03,322,34,30,07,203,30,7*4A,1763494393855
NMEA,$GAGSV,2,1,08,02,53,173,40,03,66,078,31,05,18,110,31,08,50,317,33,1*73,1763494393855
NMEA,$GAGSV,2,2,08,13,11,275,27,16,33,048,33,25,53,068,26,30,07,203,22,1*7F,1763494393855
NMEA,$GQGSV,1,1,01,03,01,296,18,8*5B,1763494393855
NMEA,$GBGSV,2,1,07,37,46,047,45,36,19,233,42,32,13,145,40,22,06,320,36,1*7A,1763494393855
NMEA,$GBGSV,2,2,07,20,68,161,42,19,57,310,42,04,03,265,24,1*43,1763494393855
NMEA,$GBGSV,2,1,06,19,57,310,43,20,68,161,45,22,06,320,32,32,13,145,39,3*7A,1763494393855
NMEA,$GBGSV,2,2,06,36,19,233,41,37,46,047,42,3*7B,1763494393855
NMEA,$GBGSV,2,1,06,19,57,310,36,20,68,161,38,22,06,320,33,32,13,145,25,5*78,1763494393855
NMEA,$GBGSV,2,2,06,36,19,233,33,37,46,047,39,5*74,1763494393855
NMEA,$GNGSA,A,3,03,04,07,08,09,16,20,21,27,30,,,0.6,0.4,0.4,1*36,1763494393871
NMEA,$PSSGR,GSA,A,3,03,04,08,09,21,27,30,,,,,,0.6,0.4,0.4,1,8*40,1763494393871
NMEA,$GNGSA,A,3,65,72,75,76,,,,,,,,,0.6,0.4,0.4,2*31,1763494393871
NMEA,$GNGSA,A,3,02,03,05,08,13,16,25,30,,,,,0.6,0.4,0.4,3*38,1763494393871
NMEA,$PSSGR,GSA,A,3,302,303,305,308,313,316,325,330,,,,,0.6,0.4,0.4,3,1*45,1763494393871
NMEA,$GNGSA,A,3,19,20,22,32,36,37,,,,,,,0.6,0.4,0.4,4*38,1763494393871
NMEA,$PSSGR,GSA,A,3,219,220,222,232,236,237,,,,,,,0.6,0.4,0.4,4,5*41,1763494393871
NMEA,$GNVTG,317.0,T,304.2,M,1.1,N,2.0,K,E*3B,1763494393871
NMEA,$GNDTM,W84,,0000.000000,N,00000.000000,E,0.000,W84*41,1763494393871
NMEA,$GNRMC,193314.00,A,3725.857734,N,12209.317905,W,1.1,317.0,181125,12.8,E,E,V*72,1763494393871
NMEA,$GNGNS,193314.00,3725.857734,N,12209.317905,W,EEEEEE,28,0.4,21.3,-32.6,,,V*21,1763494393871
NMEA,$GNGGA,193314.00,3725.857734,N,12209.317905,W,6,12,0.4,21.3,M,-32.6,M,,*7F,1763494393871
NMEA,$PSMSG,magcal=PASS,bluesky=0*00,1763494393876
NMEA,$GPGSV,4,1,13,03,15,173,43,04,51,104,44,07,54,284,43,08,19,124,38,1*60,1763494394856
NMEA,$GPGSV,4,2,13,09,78,007,46,11,03,292,28,16,32,048,37,20,15,317,36,1*6B,1763494394856
NMEA,$GPGSV,4,3,13,21,16,318,38,27,20,091,45,30,27,266,44,46,00,000,40,1*68,1763494394856
NMEA,$GPGSV,4,4,13,48,00,000,32,1*5B,1763494394856
NMEA,$GPGSV,2,1,08,03,15,173,25,04,51,104,30,08,19,124,33,09,78,007,38,8*68,1763494394856
NMEA,$GPGSV,2,2,08,11,03,292,21,21,16,318,37,27,20,091,33,30,27,266,34,8*6A,1763494394856
NMEA,$GLGSV,1,1,04,12,65,234,41,11,50,029,39,01,74,117,44,08,19,137,35,1*7E,1763494394856
NMEA,$GAGSV,3,1,11,02,53,173,46,03,66,078,38,05,18,110,42,07,02,300,23,7*78,1763494394856
NMEA,$GAGSV,3,2,11,08,50,317,41,13,11,275,34,15,04,226,28,16,33,048,44,7*7D,1763494394856
NMEA,$GAGSV,3,3,11,25,53,068,45,26,03,322,38,30,07,203,31,7*45,1763494394856
NMEA,$GAGSV,2,1,08,02,53,173,39,03,66,078,30,05,18,110,31,08,50,317,34,1*7B,1763494394856
NMEA,$GAGSV,2,2,08,13,11,275,28,16,33,048,28,25,53,068,26,30,07,203,22,1*7A,1763494394856
NMEA,$GQGSV,1,1,01,03,01,296,18,8*5B,1763494394856
NMEA,$GBGSV,2,1,07,37,46,047,43,36,19,233,42,32,13,145,39,22,06,320,33,1*77,1763494394856
NMEA,$GBGSV,2,2,07,20,68,161,45,19,57,310,43,04,03,265,32,1*42,1763494394856
NMEA,$GBGSV,2,1,06,19,57,310,42,20,68,161,46,22,06,320,35,32,13,145,38,3*7E,1763494394856
NMEA,$GBGSV,2,2,06,36,19,233,40,37,46,047,38,3*77,1763494394856
NMEA,$GBGSV,2,1,06,19,57,310,38,20,68,161,37,22,06,320,34,32,13,145,23,5*78,1763494394856
NMEA,$GBGSV,2,2,06,36,19,233,34,37,46,047,38,5*72,1763494394856
NMEA,$GNGSA,A,3,03,04,07,08,09,16,20,21,27,30,,,0.6,0.4,0.4,1*36,1763494394871
NMEA,$PSSGR,GSA,A,3,03,04,08,09,21,27,30,,,,,,0.6,0.4,0.4,1,8*40,1763494394871
NMEA,$GNGSA,A,3,65,72,75,76,,,,,,,,,0.6,0.4,0.4,2*31,1763494394871
NMEA,$GNGSA,A,3,02,03,05,08,13,16,25,30,,,,,0.6,0.4,0.4,3*38,1763494394871
NMEA,$PSSGR,GSA,A,3,302,303,305,308,313,316,325,330,,,,,0.6,0.4,0.4,3,1*45,1763494394871
NMEA,$GNGSA,A,3,19,20,22,32,36,37,,,,,,,0.6,0.4,0.4,4*38,1763494394871
NMEA,$PSSGR,GSA,A,3,219,220,222,232,236,237,,,,,,,0.6,0.4,0.4,4,5*41,1763494394871
NMEA,$GNVTG,317.0,T,304.2,M,1.4,N,2.7,K,E*39,1763494394871
NMEA,$GNDTM,W84,,0000.000000,N,00000.000000,E,0.000,W84*41,1763494394871
NMEA,$GNRMC,193315.00,A,3725.857989,N,12209.317550,W,1.4,317.0,181125,12.8,E,E,V*72,1763494394871
NMEA,$GNGNS,193315.00,3725.857989,N,12209.317550,W,EEEEEE,28,0.4,21.4,-32.6,,,V*23,1763494394871
NMEA,$GNGGA,193315.00,3725.857989,N,12209.317550,W,6,12,0.4,21.4,M,-32.6,M,,*7D,1763494394871
NMEA,$PSMSG,magcal=PASS,bluesky=0*00,1763494394876
NMEA,$GPGSV,4,1,13,03,15,173,43,04,51,104,42,07,54,284,42,08,19,124,42,1*6A,1763494395858
NMEA,$GPGSV,4,2,13,09,78,007,45,11,03,292,32,16,32,048,36,20,15,317,38,1*6C,1763494395858
NMEA,$GPGSV,4,3,13,21,16,318,37,27,20,091,43,30,27,266,44,46,00,000,45,1*64,1763494395858
NMEA,$GPGSV,4,4,13,48,00,000,40,1*5E,1763494395858
NMEA,$GPGSV,2,1,08,03,15,173,25,04,51,104,28,08,19,124,32,09,78,007,39,8*61,1763494395858
NMEA,$GPGSV,2,2,08,11,03,292,21,21,16,318,37,27,20,091,30,30,27,266,34,8*69,1763494395858
NMEA,$GLGSV,1,1,04,12,65,234,41,11,50,029,41,01,74,117,41,08,19,137,35,1*74,1763494395858
NMEA,$GAGSV,3,1,11,02,53,173,44,03,66,078,42,05,18,110,43,07,02,300,23,7*76,1763494395858
NMEA,$GAGSV,3,2,11,08,50,317,39,13,11,275,33,15,04,226,28,16,33,048,42,7*73,1763494395858
NMEA,$GAGSV,3,3,11,25,53,068,47,26,03,322,34,30,07,203,33,7*49,1763494395858
NMEA,$GAGSV,2,1,08,02,53,173,40,03,66,078,35,05,18,110,31,08,50,317,30,1*74,1763494395858
NMEA,$GAGSV,2,2,08,13,11,275,29,16,33,048,31,25,53,068,26,30,07,203,20,1*71,1763494395858
NMEA,$GQGSV,1,1,01,03,01,296,18,8*5B,1763494395858
NMEA,$GBGSV,2,1,07,37,46,047,47,36,19,233,45,32,13,145,41,22,06,320,35,1*7D,1763494395858
NMEA,$GBGSV,2,2,07,20,68,161,42,19,57,310,44,04,03,265,32,1*42,1763494395858
NMEA,$GBGSV,2,1,06,19,57,310,42,20,68,161,45,22,06,320,33,32,13,145,39,3*7A,1763494395858
NMEA,$GBGSV,2,2,06,36,19,233,43,37,46,047,45,3*7E,1763494395858
NMEA,$GBGSV,2,1,06,19,57,310,36,20,68,161,38,22,06,320,34,32,13,145,28,5*72,1763494395858
NMEA,$GBGSV,2,2,06,36,19,233,32,37,46,047,40,5*7B,1763494395858
NMEA,$GNGSA,A,3,03,04,07,08,09,16,20,21,27,30,,,0.6,0.4,0.4,1*36,1763494395880
NMEA,$PSSGR,GSA,A,3,03,04,08,09,21,27,30,,,,,,0.6,0.4,0.4,1,8*40,1763494395880
NMEA,$GNGSA,A,3,65,72,75,76,,,,,,,,,0.6,0.4,0.4,2*31,1763494395880
NMEA,$GNGSA,A,3,02,03,05,08,13,16,25,30,,,,,0.6,0.4,0.4,3*38,1763494395880
NMEA,$PSSGR,GSA,A,3,302,303,305,308,313,316,325,330,,,,,0.6,0.4,0.4,3,1*45,1763494395880
NMEA,$GNGSA,A,3,19,20,22,32,36,37,,,,,,,0.6,0.4,0.4,4*38,1763494395880
NMEA,$PSSGR,GSA,A,3,219,220,222,232,236,237,,,,,,,0.6,0.4,0.4,4,5*41,1763494395880
NMEA,$GNVTG,317.0,T,304.2,M,1.4,N,2.5,K,E*3B,1763494395880
NMEA,$GNDTM,W84,,0000.000000,N,00000.000000,E,0.000,W84*41,1763494395880
NMEA,$GNRMC,193316.00,A,3725.858278,N,12209.317209,W,1.4,317.0,181125,12.8,E,E,V*70,1763494395880
NMEA,$GNGNS,193316.00,3725.858278,N,12209.317209,W,EEEEEE,28,0.4,21.2,-32.6,,,V*27,1763494395880
NMEA,$GNGGA,193316.00,3725.858278,N,12209.317209,W,6,12,0.4,21.2,M,-32.6,M,,*79,1763494395880
NMEA,$PSMSG,magcal=PASS,bluesky=0*00,1763494395890
NMEA,$GPGSV,4,1,13,03,15,173,44,04,51,104,40,07,54,284,42,08,19,124,40,1*6D,1763494396857
NMEA,$GPGSV,4,2,13,09,78,007,45,11,03,292,30,16,32,048,40,20,15,317,30,1*67,1763494396857
NMEA,$GPGSV,4,3,13,21,16,318,35,27,20,091,42,30,27,266,42,46,00,000,43,1*67,1763494396857
NMEA,$GPGSV,4,4,13,48,00,000,38,1*51,1763494396857
NMEA,$GPGSV,2,1,08,03,15,173,28,04,51,104,36,08,19,124,30,09,78,007,38,8*60,1763494396857
NMEA,$GPGSV,2,2,08,11,03,292,21,21,16,318,40,27,20,091,33,30,27,266,34,8*6A,1763494396857
NMEA,$GLGSV,1,1,04,12,65,234,41,11,50,029,38,01,74,117,40,08,19,137,30,1*7E,1763494396857
NMEA,$GAGSV,3,1,11,02,53,173,45,03,66,078,41,05,18,110,43,07,02,300,23,7*74,1763494396857
NMEA,$GAGSV,3,2,11,08,50,317,41,13,11,275,33,15,04,226,30,16,33,048,43,7*74,1763494396857
NMEA,$GAGSV,3,3,11,25,53,068,46,26,03,322,32,30,07,203,30,7*4D,1763494396857
NMEA,$GAGSV,2,1,08,02,53,173,38,03,66,078,31,05,18,110,28,08,50,317,26,1*70,1763494396857
NMEA,$GAGSV,2,2,08,13,11,275,30,16,33,048,29,25,53,068,33,30,07,203,23,1*77,1763494396857
NMEA,$GQGSV,1,1,01,03,01,296,18,8*5B,1763494396857
NMEA,$GBGSV,2,1,07,37,46,047,46,36,19,233,42,32,13,145,42,22,06,320,34,1*79,1763494396857
NMEA,$GBGSV,2,2,07,20,68,161,44,19,57,310,45,04,03,265,31,1*46,1763494396857
NMEA,$GBGSV,2,1,06,19,57,310,43,20,68,161,44,22,06,320,33,32,13,145,40,3*74,1763494396857
NMEA,$GBGSV,2,2,06,36,19,233,40,37,46,047,45,3*7D,1763494396857
NMEA,$GBGSV,2,1,06,19,57,310,34,20,68,161,38,22,06,320,34,32,13,145,34,5*7D,1763494396857
NMEA,$GBGSV,2,2,06,36,19,233,32,37,46,047,36,5*7A,1763494396857
NMEA,$GNGSA,A,3,03,04,07,08,09,16,20,21,27,30,,,0.6,0.4,0.5,1*37,1763494396883
NMEA,$PSSGR,GSA,A,3,03,04,08,09,21,27,30,,,,,,0.6,0.4,0.5,1,8*41,1763494396883
NMEA,$GNGSA,A,3,65,72,75,76,,,,,,,,,0.6,0.4,0.5,2*30,1763494396883
NMEA,$GNGSA,A,3,02,03,05,08,13,16,25,30,,,,,0.6,0.4,0.5,3*39,1763494396883
NMEA,$PSSGR,GSA,A,3,302,303,305,308,313,316,325,,,,,,0.6,0.4,0.5,3,1*74,1763494396883
NMEA,$GNGSA,A,3,19,20,22,32,36,37,,,,,,,0.6,0.4,0.5,4*39,1763494396883
NMEA,$PSSGR,GSA,A,3,219,220,222,232,236,237,,,,,,,0.6,0.4,0.5,4,5*40,1763494396883
NMEA,$GNVTG,317.0,T,304.2,M,0.8,N,1.4,K,E*34,1763494396883
NMEA,$GNDTM,W84,,0000.000000,N,00000.000000,E,0.000,W84*41,1763494396883
NMEA,$GNRMC,193317.00,A,3725.858490,N,12209.317061,W,0.8,317.0,181125,12.8,E,E,V*70,1763494396883
NMEA,$GNGNS,193317.00,3725.858490,N,12209.317061,W,EEEEEE,28,0.4,21.2,-32.6,,,V*2A,1763494396883
NMEA,$GNGGA,193317.00,3725.858490,N,12209.317061,W,6,12,0.4,21.2,M,-32.6,M,,*74,1763494396883
NMEA,$PSMSG,magcal=PASS,bluesky=0*00,1763494396888
NMEA,$GPGSV,4,1,13,03,15,173,43,04,51,104,42,07,54,284,41,08,19,124,42,1*69,1763494397860
NMEA,$GPGSV,4,2,13,09,78,007,44,11,03,292,27,16,32,048,41,20,15,317,34,1*65,1763494397860
NMEA,$GPGSV,4,3,13,21,16,318,34,27,20,091,37,30,27,266,41,46,00,000,44,1*60,1763494397860
NMEA,$GPGSV,4,4,13,48,00,000,41,1*5F,1763494397860
NMEA,$GPGSV,2,1,08,03,15,173,26,04,51,104,35,08,19,124,26,09,78,007,36,8*64,1763494397860
NMEA,$GPGSV,2,2,08,11,03,292,21,21,16,318,41,27,20,091,31,30,27,266,34,8*69,1763494397860
NMEA,$GLGSV,1,1,04,12,65,234,40,11,50,029,44,01,74,117,39,08,19,137,37,1*7D,1763494397860
NMEA,$GAGSV,3,1,11,02,53,173,40,03,66,078,45,05,18,110,42,07,02,300,23,7*74,1763494397860
NMEA,$GAGSV,3,2,11,08,50,317,42,13,11,275,32,15,04,226,33,16,33,048,42,7*74,1763494397860
NMEA,$GAGSV,3,3,11,25,53,068,45,26,03,322,34,30,07,203,31,7*49,1763494397860
NMEA,$GAGSV,2,1,08,02,53,173,38,03,66,078,27,05,18,110,26,08,50,317,28,1*77,1763494397860
NMEA,$GAGSV,2,2,08,13,11,275,29,16,33,048,31,25,53,068,32,30,07,203,23,1*77,1763494397860
NMEA,$GQGSV,1,1,01,03,01,296,18,8*5B,1763494397860
NMEA,$GBGSV,2,1,07,37,46,047,46,36,19,233,41,32,13,145,43,22,06,320,35,1*7A,1763494397860
NMEA,$GBGSV,2,2,07,20,68,161,44,19,57,310,44,04,03,265,31,1*47,1763494397860
NMEA,$GBGSV,2,1,06,19,57,310,43,20,68,161,42,22,06,320,28,32,13,145,41,3*79,1763494397860
NMEA,$GBGSV,2,2,06,36,19,233,39,37,46,047,44,3*72,1763494397860
NMEA,$GBGSV,2,1,06,19,57,310,28,20,68,161,38,22,06,320,33,32,13,145,36,5*75,1763494397860
NMEA,$GBGSV,2,2,06,36,19,233,30,37,46,047,35,5*7B,1763494397860
NMEA,$GNGSA,A,3,03,04,07,08,09,16,20,21,27,30,,,0.6,0.4,0.5,1*37,1763494397876
NMEA,$PSSGR,GSA,A,3,03,04,08,09,21,27,30,,,,,,0.6,0.4,0.5,1,8*41,1763494397876
NMEA,$GNGSA,A,3,65,72,75,76,,,,,,,,,0.6,0.4,0.5,2*30,1763494397876
NMEA,$GNGSA,A,3,02,03,05,08,13,16,25,30,,,,,0.6,0.4,0.5,3*39,1763494397876
NMEA,$PSSGR,GSA,A,3,302,303,305,308,313,316,325,,,,,,0.6,0.4,0.5,3,1*74,1763494397876
NMEA,$GNGSA,A,3,19,20,22,32,36,37,,,,,,,0.6,0.4,0.5,4*39,1763494397876
NMEA,$PSSGR,GSA,A,3,219,220,222,232,236,237,,,,,,,0.6,0.4,0.5,4,5*40,1763494397876
NMEA,$GNVTG,,T,,M,0.0,N,0.0,K,E*39,1763494397876
NMEA,$GNDTM,W84,,0000.000000,N,00000.000000,E,0.000,W84*41,1763494397876
NMEA,$GNRMC,193318.00,A,3725.858556,N,12209.317160,W,0.0,,181125,12.8,E,E,V*57,1763494397876
NMEA,$GNGNS,193318.00,3725.858556,N,12209.317160,W,EEEEEE,28,0.4,21.2,-32.6,,,V*2E,1763494397876
NMEA,$GNGGA,193318.00,3725.858556,N,12209.317160,W,6,12,0.4,21.2,M,-32.6,M,,*70,1763494397876
NMEA,$PSMSG,magcal=PASS,bluesky=0*00,1763494397885
NMEA,$GPGSV,4,1,13,03,15,173,42,04,51,104,43,07,54,284,41,08,19,124,42,1*69,1763494398856
NMEA,$GPGSV,4,2,13,09,78,007,44,11,03,292,28,16,32,048,40,20,15,317,41,1*69,1763494398856
NMEA,$GPGSV,4,3,13,21,16,318,41,27,20,091,38,30,27,266,39,46,00,000,46,1*60,1763494398856
NMEA,$GPGSV,4,4,13,48,00,000,45,1*5B,1763494398856
NMEA,$GPGSV,2,1,08,03,15,173,26,04,51,104,33,08,19,124,30,09,78,007,37,8*64,1763494398856
NMEA,$GPGSV,2,2,08,11,03,292,17,21,16,318,38,27,20,091,30,30,27,266,33,8*64,1763494398856
NMEA,$GLGSV,1,1,04,12,65,234,42,11,50,029,46,01,74,117,36,08,19,137,38,1*7D,1763494398856
NMEA,$GAGSV,3,1,11,02,53,173,40,03,66,078,45,05,18,110,44,07,02,300,20,7*71,1763494398856
NMEA,$GAGSV,3,2,11,08,50,317,41,13,11,275,35,15,04,226,35,16,33,048,39,7*7A,1763494398856
NMEA,$GAGSV,3,3,11,25,53,068,45,26,03,322,32,30,07,203,30,7*4E,1763494398856
NMEA,$GAGSV,2,1,08,02,53,173,40,03,66,078,35,05,18,110,33,08,50,317,32,1*74,1763494398856
NMEA,$GAGSV,2,2,08,13,11,275,32,16,33,048,37,25,53,068,35,30,07,203,21,1*7E,1763494398856
NMEA,$GQGSV,1,1,01,03,01,296,18,8*5B,1763494398856
NMEA,$GBGSV,2,1,07,37,46,047,45,36,19,233,43,32,13,145,41,22,06,320,41,1*7A,1763494398856
NMEA,$GBGSV,2,2,07,20,68,161,46,19,57,310,44,04,03,265,33,1*47,1763494398856
NMEA,$GBGSV,2,1,06,19,57,310,43,20,68,161,41,22,06,320,40,32,13,145,39,3*7B,1763494398856
NMEA,$GBGSV,2,2,06,36,19,233,42,37,46,047,46,3*7C,1763494398856
NMEA,$GBGSV,2,1,06,19,57,310,31,20,68,161,37,22,06,320,34,32,13,145,29,5*7B,1763494398856
NMEA,$GBGSV,2,2,06,36,19,233,30,37,46,047,39,5*77,1763494398856
NMEA,$GNGSA,A,3,03,04,07,08,09,16,20,21,27,30,,,0.6,0.4,0.5,1*37,1763494398877
NMEA,$PSSGR,GSA,A,3,03,04,08,09,21,27,30,,,,,,0.6,0.4,0.5,1,8*41,1763494398877
NMEA,$GNGSA,A,3,65,72,75,76,,,,,,,,,0.6,0.4,0.5,2*30,1763494398877
NMEA,$GNGSA,A,3,02,03,05,08,13,16,25,30,,,,,0.6,0.4,0.5,3*39,1763494398877
NMEA,$PSSGR,GSA,A,3,302,303,305,308,313,316,325,,,,,,0.6,0.4,0.5,3,1*74,1763494398877
NMEA,$GNGSA,A,3,19,20,22,32,36,37,,,,,,,0.6,0.4,0.5,4*39,1763494398877
NMEA,$PSSGR,GSA,A,3,219,220,222,232,236,237,,,,,,,0.6,0.4,0.5,4,5*40,1763494398877
NMEA,$GNVTG,317.0,T,304.2,M,0.4,N,0.8,K,E*35,1763494398877
NMEA,$GNDTM,W84,,0000.000000,N,00000.000000,E,0.000,W84*41,1763494398877
NMEA,$GNRMC,193319.00,A,3725.858726,N,12209.317104,W,0.4,317.0,181125,12.8,E,E,V*7E,1763494398877
NMEA,$GNGNS,193319.00,3725.858726,N,12209.317104,W,EEEEEE,28,0.4,21.3,-32.6,,,V*29,1763494398877
NMEA,$GNGGA,193319.00,3725.858726,N,12209.317104,W,6,12,0.4,21.3,M,-32.6,M,,*77,1763494398877
NMEA,$PSMSG,magcal=PASS,bluesky=0*00,1763494398882
NMEA,$GPGSV,4,1,13,03,15,173,42,04,51,104,41,07,54,284,41,08,19,124,41,1*68,1763494399859
NMEA,$GPGSV,4,2,13,09,78,007,43,11,03,292,26,16,32,048,38,20,15,317,41,1*6F,1763494399859
NMEA,$GPGSV,4,3,13,21,16,318,41,27,20,091,39,30,27,266,43,46,00,000,46,1*6C,1763494399859
NMEA,$GPGSV,4,4,13,48,00,000,44,1*5A,1763494399859
NMEA,$GPGSV,2,1,08,03,15,173,25,04,51,104,33,08,19,124,31,09,78,007,39,8*68,1763494399859
NMEA,$GPGSV,2,2,08,11,03,292,23,21,16,318,35,27,20,091,32,30,27,266,35,8*6A,1763494399859
NMEA,$GLGSV,1,1,04,12,65,234,40,11,50,029,45,01,74,117,36,08,19,137,40,1*73,1763494399859
NMEA,$GAGSV,3,1,11,02,53,173,40,03,66,078,45,05,18,110,43,07,02,300,20,7*76,1763494399859
NMEA,$GAGSV,3,2,11,08,50,317,41,13,11,275,34,15,04,226,35,16,33,048,42,7*77,1763494399859
NMEA,$GAGSV,3,3,11,25,53,068,46,26,03,322,33,30,07,203,29,7*44,1763494399859
NMEA,$GAGSV,2,1,08,02,53,173,40,03,66,078,36,05,18,110,34,08,50,317,30,1*72,1763494399859
NMEA,$GAGSV,2,2,08,13,11,275,33,16,33,048,37,25,53,068,35,30,07,203,21,1*7F,1763494399859
NMEA,$GQGSV,1,1,01,03,01,296,18,8*5B,1763494399859
NMEA,$GBGSV,2,1,07,37,46,047,47,36,19,233,42,32,13,145,41,22,06,320,36,1*79,1763494399859
NMEA,$GBGSV,2,2,07,20,68,161,45,19,57,310,44,04,03,265,34,1*43,1763494399859
NMEA,$GBGSV,2,1,06,19,57,310,41,20,68,161,40,22,06,320,41,32,13,145,40,3*77,1763494399859
NMEA,$GBGSV,2,2,06,36,19,233,42,37,46,047,44,3*7E,1763494399859
NMEA,$GBGSV,2,1,06,19,57,310,35,20,68,161,37,22,06,320,35,32,13,145,32,5*74,1763494399859
NMEA,$GBGSV,2,2,06,36,19,233,31,37,46,047,40,5*78,1763494399859
NMEA,$GNGSA,A,3,03,04,07,08,09,16,20,21,27,30,,,0.6,0.4,0.5,1*37,1763494399878
NMEA,$PSSGR,GSA,A,3,03,04,08,09,21,27,30,,,,,,0.6,0.4,0.5,1,8*41,1763494399878
NMEA,$GNGSA,A,3,65,72,75,76,,,,,,,,,0.6,0.4,0.5,2*30,1763494399878
NMEA,$GNGSA,A,3,02,03,05,08,13,16,25,30,,,,,0.6,0.4,0.5,3*39,1763494399878
NMEA,$PSSGR,GSA,A,3,302,303,305,308,313,316,325,,,,,,0.6,0.4,0.5,3,1*74,1763494399878
NMEA,$GNGSA,A,3,19,20,22,32,36,37,,,,,,,0.6,0.4,0.5,4*39,1763494399878
NMEA,$PSSGR,GSA,A,3,219,220,222,232,236,237,,,,,,,0.6,0.4,0.5,4,5*40,1763494399878
NMEA,$GNVTG,317.0,T,304.2,M,0.5,N,0.9,K,E*35,1763494399878
NMEA,$GNDTM,W84,,0000.000000,N,00000.000000,E,0.000,W84*41,1763494399878
NMEA,$GNRMC,193320.00,A,3725.858867,N,12209.316981,W,0.5,317.0,181125,12.8,E,E,V*7B,1763494399878
NMEA,$GNGNS,193320.00,3725.858867,N,12209.316981,W,EEEEEE,28,0.4,21.2,-32.6,,,V*2C,1763494399878
NMEA,$GNGGA,193320.00,3725.858867,N,12209.316981,W,6,12,0.4,21.2,M,-32.6,M,,*72,1763494399878
NMEA,$PSMSG,magcal=PASS,bluesky=0*00,1763494399883
NMEA,$GPGSV,4,1,13,03,15,173,43,04,51,104,40,07,54,284,43,08,19,124,38,1*64,1763494400859
NMEA,$GPGSV,4,2,13,09,78,007,43,11,03,292,27,16,32,048,37,20,15,317,40,1*60,1763494400859
NMEA,$GPGSV,4,3,13,21,16,318,41,27,20,091,36,30,27,266,42,46,00,000,44,1*60,1763494400859
NMEA,$GPGSV,4,4,13,48,00,000,40,1*5E,1763494400859
NMEA,$GPGSV,2,1,08,03,15,173,29,04,51,104,35,08,19,124,31,09,78,007,39,8*62,1763494400859
NMEA,$GPGSV,2,2,08,11,03,292,23,21,16,318,39,27,20,091,30,30,27,266,37,8*66,1763494400859
NMEA,$GLGSV,1,1,04,12,65,234,41,11,50,029,42,01,74,117,38,08,19,137,35,1*79,1763494400859
NMEA,$GAGSV,3,1,11,02,53,173,42,03,66,078,44,05,18,110,42,07,02,300,21,7*75,1763494400859
NMEA,$GAGSV,3,2,11,08,50,317,43,13,11,275,35,15,04,226,36,16,33,048,43,7*76,1763494400859
NMEA,$GAGSV,3,3,11,25,53,068,44,26,03,322,27,30,07,203,29,7*43,1763494400859
NMEA,$GAGSV,2,1,08,02,53,173,40,03,66,078,34,05,18,110,29,08,50,317,29,1*74,1763494400859
NMEA,$GAGSV,2,2,08,13,11,275,32,16,33,048,30,25,53,068,32,30,07,203,21,1*7E,1763494400859
NMEA,$GQGSV,1,1,01,03,01,296,18,8*5B,1763494400859
NMEA,$GBGSV,2,1,07,37,46,047,46,36,19,233,40,32,13,145,40,22,06,320,34,1*79,1763494400859
NMEA,$GBGSV,2,2,07,20,68,161,43,19,57,310,44,04,03,265,34,1*45,1763494400859
NMEA,$GBGSV,2,1,06,19,57,310,41,20,68,161,41,22,06,320,29,32,13,145,39,3*76,1763494400859
NMEA,$GBGSV,2,2,06,36,19,233,39,37,46,047,43,3*75,1763494400859
NMEA,$GBGSV,2,1,06,19,57,310,36,20,68,161,39,22,06,320,32,32,13,145,32,5*7E,1763494400859
NMEA,$GBGSV,2,2,06,36,19,233,33,37,46,047,37,5*7A,1763494400859
NMEA,$GNGSA,A,3,03,04,07,08,09,16,20,21,27,30,,,0.6,0.4,0.5,1*37,1763494400876
NMEA,$PSSGR,GSA,A,3,03,04,08,09,21,27,30,,,,,,0.6,0.4,0.5,1,8*41,1763494400876
NMEA,$GNGSA,A,3,65,72,75,76,,,,,,,,,0.6,0.4,0.5,2*30,1763494400876
NMEA,$GNGSA,A,3,02,03,05,08,13,16,25,30,,,,,0.6,0.4,0.5,3*39,1763494400876
NMEA,$PSSGR,GSA,A,3,302,303,305,308,313,316,325,,,,,,0.6,0.4,0.5,3,1*74,1763494400876
NMEA,$GNGSA,A,3,19,20,22,32,36,37,,,,,,,0.6,0.4,0.5,4*39,1763494400876
NMEA,$PSSGR,GSA,A,3,219,220,222,232,236,237,,,,,,,0.6,0.4,0.5,4,5*40,1763494400876
NMEA,$GNVTG,317.0,T,304.2,M,0.8,N,1.5,K,E*35,1763494400876
NMEA,$GNDTM,W84,,0000.000000,N,00000.000000,E,0.000,W84*41,1763494400876
NMEA,$GNRMC,193321.00,A,3725.859077,N,12209.316852,W,0.8,317.0,181125,12.8,E,E,V*70,1763494400876
NMEA,$GNGNS,193321.00,3725.859077,N,12209.316852,W,EEEEEE,28,0.4,21.3,-32.6,,,V*2B,1763494400876
NMEA,$GNGGA,193321.00,3725.859077,N,12209.316852,W,6,12,0.4,21.3,M,-32.6,M,,*75,1763494400876
NMEA,$PSMSG,magcal=PASS,bluesky=0*00,1763494400881
NMEA,$GPGSV,4,1,13,03,15,173,42,04,51,104,37,07,54,284,47,08,19,124,36,1*6F,1763494401859
NMEA,$GPGSV,4,2,13,09,78,007,45,11,03,292,32,16,32,048,33,20,15,317,47,1*61,1763494401859
NMEA,$GPGSV,4,3,13,21,16,318,47,27,20,091,40,30,27,266,39,46,00,000,42,1*6D,1763494401859
NMEA,$GPGSV,4,4,13,48,00,000,42,1*5C,1763494401859
NMEA,$GPGSV,2,1,08,03,15,173,29,04,51,104,35,08,19,124,37,09,78,007,36,8*6B,1763494401859
NMEA,$GPGSV,2,2,08,11,03,292,23,21,16,318,32,27,20,091,38,30,27,266,34,8*66,1763494401859
NMEA,$GLGSV,1,1,04,12,65,234,42,11,50,029,40,01,74,117,39,08,19,137,31,1*7D,1763494401859
NMEA,$GAGSV,3,1,11,02,53,173,42,03,66,078,41,05,18,110,42,07,02,300,24,7*75,1763494401859
NMEA,$GAGSV,3,2,11,08,50,317,45,13,11,275,37,15,04,226,25,16,33,048,43,7*70,1763494401859
NMEA,$GAGSV,3,3,11,25,53,068,42,26,03,322,41,30,07,203,26,7*4A,1763494401859
NMEA,$GAGSV,2,1,08,02,53,173,38,03,66,078,37,05,18,110,33,08,50,317,34,1*7F,1763494401859
NMEA,$GAGSV,2,2,08,13,11,275,30,16,33,048,31,25,53,068,36,30,07,203,27,1*7F,1763494401859
NMEA,$GQGSV,1,1,01,03,01,296,18,8*5B,1763494401859
NMEA,$GBGSV,2,1,07,37,46,047,45,36,19,233,33,32,13,145,41,22,06,320,41,1*7D,1763494401859
NMEA,$GBGSV,2,2,07,20,68,161,44,19,57,310,41,04,03,265,32,1*41,1763494401859
NMEA,$GBGSV,2,1,06,19,57,310,40,20,68,161,43,22,06,320,37,32,13,145,40,3*74,1763494401859
NMEA,$GBGSV,2,2,06,36,19,233,34,37,46,047,42,3*79,1763494401859
NMEA,$GBGSV,2,1,06,19,57,310,33,20,68,161,36,22,06,320,28,32,13,145,36,5*7B,1763494401859
NMEA,$GBGSV,2,2,06,36,19,233,38,37,46,047,38,5*7E,1763494401859
NMEA,$GNGSA,A,3,03,04,07,08,09,16,20,21,27,30,,,0.6,0.4,0.4,1*36,1763494401885
NMEA,$PSSGR,GSA,A,3,03,04,08,09,21,27,30,,,,,,0.6,0.4,0.4,1,8*40,1763494401885
NMEA,$GNGSA,A,3,65,72,75,76,,,,,,,,,0.6,0.4,0.4,2*31,1763494401885
NMEA,$GNGSA,A,3,02,03,05,08,13,16,25,30,,,,,0.6,0.4,0.4,3*38,1763494401885
NMEA,$PSSGR,GSA,A,3,302,303,305,308,313,316,325,330,,,,,0.6,0.4,0.4,3,1*45,1763494401885
NMEA,$GNGSA,A,3,19,20,22,32,36,37,,,,,,,0.6,0.4,0.4,4*38,1763494401885
NMEA,$PSSGR,GSA,A,3,219,220,222,232,236,237,,,,,,,0.6,0.4,0.4,4,5*41,1763494401885
NMEA,$GNVTG,317.0,T,304.2,M,0.3,N,0.6,K,E*3C,1763494401885
NMEA,$GNDTM,W84,,0000.000000,N,00000.000000,E,0.000,W84*41,1763494401885
NMEA,$GNRMC,193322.00,A,3725.859207,N,12209.316825,W,0.3,317.0,181125,12.8,E,E,V*7D,1763494401885
NMEA,$GNGNS,193322.00,3725.859207,N,12209.316825,W,EEEEEE,28,0.4,21.1,-32.6,,,V*2F,1763494401885
NMEA,$GNGGA,193322.00,3725.859207,N,12209.316825,W,6,12,0.4,21.1,M,-32.6,M,,*71,1763494401885
NMEA,$PSMSG,magcal=PASS,bluesky=0*00,1763494401892
NMEA,$GPGSV,4,1,13,03,15,173,42,04,51,104,42,07,54,284,45,08,19,124,41,1*6F,1763494402863
NMEA,$GPGSV,4,2,13,09,78,007,46,11,03,292,31,16,32,048,41,20,15,317,45,1*66,1763494402863
NMEA,$GPGSV,4,3,13,21,16,318,47,27,20,091,35,30,27,266,34,46,00,000,42,1*62,1763494402863
NMEA,$GPGSV,4,4,13,48,00,000,41,1*5F,1763494402863
NMEA,$GPGSV,2,1,08,03,15,173,30,04,51,104,32,08,19,124,33,09,78,007,31,8*67,1763494402863
NMEA,$GPGSV,2,2,08,11,03,292,20,21,16,318,27,27,20,091,36,30,27,266,24,8*6E,1763494402863
NMEA,$GLGSV,1,1,04,12,65,234,43,11,50,029,41,01,74,117,38,08,19,137,40,1*7A,1763494402863
NMEA,$GAGSV,3,1,11,02,53,173,42,03,66,078,42,05,18,110,42,07,02,300,24,7*76,1763494402863
NMEA,$GAGSV,3,2,11,08,50,317,43,13,11,275,41,15,04,226,25,16,33,048,36,7*75,1763494402863
NMEA,$GAGSV,3,3,11,25,53,068,40,26,03,322,38,30,07,203,27,7*47,1763494402863
NMEA,$GAGSV,2,1,08,02,53,173,37,03,66,078,32,05,18,110,33,08,50,317,29,1*79,1763494402863
NMEA,$GAGSV,2,2,08,13,11,275,27,16,33,048,34,25,53,068,35,30,07,203,27,1*7F,1763494402863
NMEA,$GBGSV,2,1,07,37,46,047,45,36,19,233,33,32,13,145,42,22,06,320,42,1*7D,1763494402863
NMEA,$GBGSV,2,2,07,20,68,161,44,19,57,310,48,04,03,265,35,1*4F,1763494402863
NMEA,$GBGSV,2,1,06,19,57,310,45,20,68,161,42,22,06,320,40,32,13,145,41,3*71,1763494402863
NMEA,$GBGSV,2,2,06,36,19,233,29,37,46,047,44,3*73,1763494402863
NMEA,$GBGSV,2,1,06,19,57,310,27,20,68,161,37,22,06,320,27,32,13,145,36,5*70,1763494402863
NMEA,$GBGSV,2,2,06,36,19,233,28,37,46,047,32,5*75,1763494402863
NMEA,$GNGSA,A,3,03,04,07,08,09,16,20,21,27,30,,,0.6,0.4,0.4,1*36,1763494402891
NMEA,$PSSGR,GSA,A,3,03,04,08,09,21,27,30,,,,,,0.6,0.4,0.4,1,8*40,1763494402891
NMEA,$GNGSA,A,3,65,72,75,76,,,,,,,,,0.6,0.4,0.4,2*31,1763494402891
NMEA,$GNGSA,A,3,02,03,05,08,13,16,25,30,,,,,0.6,0.4,0.4,3*38,1763494402891
NMEA,$PSSGR,GSA,A,3,302,303,305,308,313,316,325,330,,,,,0.6,0.4,0.4,3,1*45,1763494402891
NMEA,$GNGSA,A,3,19,20,22,32,36,37,,,,,,,0.6,0.4,0.4,4*38,1763494402891
NMEA,$PSSGR,GSA,A,3,219,220,222,232,236,237,,,,,,,0.6,0.4,0.4,4,5*41,1763494402891
NMEA,$GNVTG,317.0,T,304.2,M,0.6,N,1.2,K,E*3C,1763494402891
NMEA,$GNDTM,W84,,0000.000000,N,00000.000000,E,0.000,W84*41,1763494402891
NMEA,$GNRMC,193323.00,A,3725.859208,N,12209.316974,W,0.6,317.0,181125,12.8,E,E,V*73,1763494402891
NMEA,$GNGNS,193323.00,3725.859208,N,12209.316974,W,EEEEEE,28,0.4,21.3,-32.6,,,V*26,1763494402891
NMEA,$GNGGA,193323.00,3725.859208,N,12209.316974,W,6,12,0.4,21.3,M,-32.6,M,,*78,1763494402891
NMEA,$PSMSG,magcal=PASS,bluesky=0*00,1763494402903
NMEA,$GPGSV,3,1,12,03,15,173,37,04,51,104,42,07,54,284,44,08,19,124,43,1*68,1763494403864
NMEA,$GPGSV,3,2,12,09,78,007,46,16,32,048,41,20,15,317,43,21,16,318,45,1*61,1763494403864
NMEA,$GPGSV,3,3,12,27,20,091,37,30,27,266,36,46,00,000,40,48,00,000,38,1*6C,1763494403864
NMEA,$GPGSV,2,1,08,03,15,173,29,04,51,104,32,08,19,124,29,09,78,007,30,8*65,1763494403864
NMEA,$GPGSV,2,2,08,11,03,292,20,21,16,318,28,27,20,091,36,30,27,266,23,8*66,1763494403864
NMEA,$GLGSV,1,1,04,12,65,234,44,11,50,029,47,01,74,117,38,08,19,137,40,1*7B,1763494403864
NMEA,$GAGSV,3,1,11,02,53,173,42,03,66,078,42,05,18,110,41,07,02,300,22,7*73,1763494403864
NMEA,$GAGSV,3,2,11,08,50,317,41,13,11,275,41,15,04,226,23,16,33,048,39,7*7E,1763494403864
NMEA,$GAGSV,3,3,11,25,53,068,37,26,03,322,36,30,07,203,24,7*4A,1763494403864
NMEA,$GAGSV,2,1,08,02,53,173,34,03,66,078,31,05,18,110,33,08,50,317,35,1*74,1763494403864
NMEA,$GAGSV,2,2,08,13,11,275,27,16,33,048,35,25,53,068,31,30,07,203,27,1*7A,1763494403864
NMEA,$GBGSV,2,1,07,37,46,047,45,36,19,233,43,32,13,145,41,22,06,320,40,1*7B,1763494403864
NMEA,$GBGSV,2,2,07,20,68,161,45,19,57,310,47,04,03,265,36,1*42,1763494403864
NMEA,$GBGSV,2,1,06,19,57,310,44,20,68,161,42,22,06,320,39,32,13,145,39,3*71,1763494403864
NMEA,$GBGSV,2,2,06,36,19,233,41,37,46,047,44,3*7D,1763494403864
NMEA,$GBGSV,2,1,06,19,57,310,33,20,68,161,36,22,06,320,33,32,13,145,38,5*7F,1763494403864
NMEA,$GBGSV,2,2,06,36,19,233,28,37,46,047,35,5*72,1763494403864
NMEA,$GNGSA,A,3,03,04,07,08,09,16,20,21,27,30,,,0.6,0.4,0.4,1*36,1763494403877
NMEA,$PSSGR,GSA,A,3,03,04,08,09,21,27,30,,,,,,0.6,0.4,0.4,1,8*40,1763494403877
NMEA,$GNGSA,A,3,65,72,75,76,,,,,,,,,0.6,0.4,0.4,2*31,1763494403877
NMEA,$GNGSA,A,3,02,03,05,08,13,16,25,30,,,,,0.6,0.4,0.4,3*38,1763494403877
NMEA,$PSSGR,GSA,A,3,302,303,305,308,313,316,325,330,,,,,0.6,0.4,0.4,3,1*45,1763494403877
NMEA,$GNGSA,A,3,19,20,22,32,36,37,,,,,,,0.6,0.4,0.4,4*38,1763494403877
NMEA,$PSSGR,GSA,A,3,219,220,222,232,236,237,,,,,,,0.6,0.4,0.4,4,5*41,1763494403877
NMEA,$GNVTG,317.0,T,304.2,M,1.1,N,2.1,K,E*3A,1763494403877
NMEA,$GNDTM,W84,,0000.000000,N,00000.000000,E,0.000,W84*41,1763494403877
NMEA,$GNRMC,193324.00,A,3725.859035,N,12209.317216,W,1.1,317.0,181125,12.8,E,E,V*70,1763494403877
NMEA,$GNGNS,193324.00,3725.859035,N,12209.317216,W,EEEEEE,28,0.4,21.3,-32.6,,,V*23,1763494403877
NMEA,$GNGGA,193324.00,3725.859035,N,12209.317216,W,6,12,0.4,21.3,M,-32.6,M,,*7D,1763494403877
NMEA,$PSMSG,magcal=PASS,bluesky=0*00,1763494403883
NMEA,$GPGSV,3,1,12,03,15,173,29,04,51,104,40,07,54,284,45,08,19,124,40,1*67,1763494404856
NMEA,$GPGSV,3,2,12,09,78,007,45,16,32,048,42,20,15,317,39,21,16,318,43,1*6A,1763494404856
NMEA,$GPGSV,3,3,12,27,20,091,37,30,27,266,38,46,00,000,39,48,00,000,41,1*62,1763494404856
NMEA,$GPGSV,2,1,08,03,15,173,34,04,51,104,32,08,19,124,33,09,78,007,33,8*61,1763494404856
NMEA,$GPGSV,2,2,08,11,03,292,20,21,16,318,29,27,20,091,35,30,27,266,32,8*64,1763494404856
NMEA,$GLGSV,1,1,04,12,65,234,46,11,50,029,46,01,74,117,38,08,19,137,33,1*7C,1763494404856
NMEA,$GAGSV,3,1,11,02,53,173,43,03,66,078,42,05,18,110,40,07,02,300,22,7*73,1763494404856
NMEA,$GAGSV,3,2,11,08,50,317,40,13,11,275,41,15,04,226,30,16,33,048,35,7*71,1763494404856
NMEA,$GAGSV,3,3,11,25,53,068,40,26,03,322,36,30,07,203,26,7*48,1763494404856
NMEA,$GAGSV,2,1,08,02,53,173,36,03,66,078,33,05,18,110,34,08,50,317,38,1*7E,1763494404856
NMEA,$GAGSV,2,2,08,13,11,275,31,16,33,048,35,25,53,068,33,30,07,203,29,1*71,1763494404856
NMEA,$GBGSV,2,1,07,37,46,047,42,36,19,233,48,32,13,145,36,22,06,320,38,1*78,1763494404856
NMEA,$GBGSV,2,2,07,20,68,161,46,19,57,310,47,04,03,265,38,1*4F,1763494404856
NMEA,$GBGSV,2,1,06,19,57,310,45,20,68,161,44,22,06,320,34,32,13,145,34,3*76,1763494404856
NMEA,$GBGSV,2,2,06,36,19,233,47,37,46,047,44,3*7B,1763494404856
NMEA,$GBGSV,2,1,06,19,57,310,36,20,68,161,34,22,06,320,32,32,13,145,37,5*76,1763494404856
NMEA,$GBGSV,2,2,06,36,19,233,22,37,46,047,32,5*7F,1763494404856
NMEA,$GNGSA,A,3,03,04,07,08,09,16,20,21,27,30,,,0.6,0.4,0.4,1*36,1763494404870
NMEA,$PSSGR,GSA,A,3,03,04,08,09,21,27,30,,,,,,0.6,0.4,0.4,1,8*40,1763494404870
NMEA,$GNGSA,A,3,65,72,75,76,,,,,,,,,0.6,0.4,0.4,2*31,1763494404870
NMEA,$GNGSA,A,3,02,03,05,08,13,16,25,30,,,,,0.6,0.4,0.4,3*38,1763494404870
NMEA,$PSSGR,GSA,A,3,302,303,305,308,313,316,325,330,,,,,0.6,0.4,0.4,3,1*45,1763494404870
NMEA,$GNGSA,A,3,19,20,22,32,36,37,,,,,,,0.6,0.4,0.4,4*38,1763494404870
NMEA,$PSSGR,GSA,A,3,219,220,222,232,236,237,,,,,,,0.6,0.4,0.4,4,5*41,1763494404870
NMEA,$GNVTG,317.0,T,304.2,M,1.2,N,2.2,K,E*3A,1763494404870
NMEA,$GNDTM,W84,,0000.000000,N,00000.000000,E,0.000,W84*41,1763494404870
NMEA,$GNRMC,193325.00,A,3725.858798,N,12209.317470,W,1.2,317.0,181125,12.8,E,E,V*75,1763494404870
NMEA,$GNGNS,193325.00,3725.858798,N,12209.317470,W,EEEEEE,28,0.4,21.4,-32.6,,,V*22,1763494404870
NMEA,$GNGGA,193325.00,3725.858798,N,12209.317470,W,6,12,0.4,21.4,M,-32.6,M,,*7C,1763494404870
NMEA,$PSMSG,magcal=PASS,bluesky=0*00,1763494404875
NMEA,$GPGSV,4,1,13,03,15,173,35,04,51,104,40,07,54,284,46,08,19,124,40,1*6F,1763494405858
NMEA,$GPGSV,4,2,13,09,78,007,44,11,03,292,29,16,32,048,43,20,15,317,42,1*68,1763494405858
NMEA,$GPGSV,4,3,13,21,16,318,44,27,20,091,37,30,27,266,33,46,00,000,41,1*67,1763494405858
NMEA,$GPGSV,4,4,13,48,00,000,42,1*5C,1763494405858
NMEA,$GPGSV,2,1,08,03,15,173,33,04,51,104,31,08,19,124,34,09,78,007,32,8*63,1763494405858
NMEA,$GPGSV,2,2,08,11,03,292,20,21,16,318,26,27,20,091,38,30,27,266,31,8*65,1763494405858
NMEA,$GLGSV,1,1,04,12,65,234,44,11,50,029,46,01,74,117,39,08,19,137,34,1*78,1763494405858
NMEA,$GAGSV,3,1,11,02,53,173,43,03,66,078,42,05,18,110,41,07,02,300,22,7*72,1763494405858
NMEA,$GAGSV,3,2,11,08,50,317,42,13,11,275,43,15,04,226,27,16,33,048,36,7*74,1763494405858
NMEA,$GAGSV,3,3,11,25,53,068,41,26,03,322,35,30,07,203,27,7*4B,1763494405858
NMEA,$GAGSV,2,1,08,02,53,173,38,03,66,078,33,05,18,110,32,08,50,317,35,1*7B,1763494405858
NMEA,$GAGSV,2,2,08,13,11,275,31,16,33,048,35,25,53,068,35,30,07,203,28,1*76,1763494405858
NMEA,$GBGSV,2,1,07,37,46,047,46,36,19,233,45,32,13,145,37,22,06,320,38,1*70,1763494405858
NMEA,$GBGSV,2,2,07,20,68,161,45,19,57,310,47,04,03,265,39,1*4D,1763494405858
NMEA,$GBGSV,2,1,06,19,57,310,43,20,68,161,44,22,06,320,35,32,13,145,35,3*70,1763494405858
NMEA,$GBGSV,2,2,06,36,19,233,45,37,46,047,46,3*7B,1763494405858
NMEA,$GBGSV,2,1,06,19,57,310,33,20,68,161,38,22,06,320,34,32,13,145,36,5*78,1763494405858
NMEA,$GBGSV,2,2,06,36,19,233,24,37,46,047,33,5*78,1763494405858
NMEA,$GNGSA,A,3,03,04,07,08,09,16,20,21,27,30,,,0.6,0.4,0.4,1*36,1763494405882
NMEA,$PSSGR,GSA,A,3,03,04,08,09,21,27,30,,,,,,0.6,0.4,0.4,1,8*40,1763494405882
NMEA,$GNGSA,A,3,65,72,75,76,,,,,,,,,0.6,0.4,0.4,2*31,1763494405882
NMEA,$GNGSA,A,3,02,03,05,08,13,16,25,30,,,,,0.6,0.4,0.4,3*38,1763494405882
NMEA,$PSSGR,GSA,A,3,302,303,305,308,313,316,325,330,,,,,0.6,0.4,0.4,3,1*45,1763494405882
NMEA,$GNGSA,A,3,19,20,22,32,36,37,,,,,,,0.6,0.4,0.4,4*38,1763494405882
NMEA,$PSSGR,GSA,A,3,219,220,222,232,236,237,,,,,,,0.6,0.4,0.4,4,5*41,1763494405882
NMEA,$GNVTG,317.0,T,304.2,M,0.6,N,1.2,K,E*3C,1763494405882
NMEA,$GNDTM,W84,,0000.000000,N,00000.000000,E,0.000,W84*41,1763494405882
NMEA,$GNRMC,193326.00,A,3725.858681,N,12209.317585,W,0.6,317.0,181125,12.8,E,E,V*71,1763494405882
NMEA,$GNGNS,193326.00,3725.858681,N,12209.317585,W,EEEEEE,28,0.4,21.2,-32.6,,,V*25,1763494405882
NMEA,$GNGGA,193326.00,3725.858681,N,12209.317585,W,6,12,0.4,21.2,M,-32.6,M,,*7B,1763494405882
NMEA,$PSMSG,magcal=PASS,bluesky=0*00,1763494405888
NMEA,$GPGSV,4,1,13,03,15,173,41,04,51,104,40,07,54,284,48,08,19,124,39,1*6C,1763494406854
NMEA,$GPGSV,4,2,13,09,78,007,42,11,03,292,33,16,32,048,43,20,15,317,46,1*61,1763494406854
NMEA,$GPGSV,4,3,13,21,16,318,46,27,20,091,39,30,27,266,38,46,00,000,41,1*60,1763494406854
NMEA,$GPGSV,4,4,13,48,00,000,42,1*5C,1763494406854
NMEA,$GPGSV,2,1,08,03,15,173,32,04,51,104,33,08,19,124,36,09,78,007,34,8*64,1763494406854
NMEA,$GPGSV,2,2,08,11,03,292,20,21,16,318,29,27,20,091,38,30,27,266,34,8*6F,1763494406854
NMEA,$GLGSV,1,1,04,12,65,234,43,11,50,029,45,01,74,117,39,08,19,137,30,1*78,1763494406854
NMEA,$GAGSV,3,1,11,02,53,173,42,03,66,078,42,05,18,110,42,07,02,300,25,7*77,1763494406854
NMEA,$GAGSV,3,2,11,08,50,317,45,13,11,275,42,15,04,226,27,16,33,048,36,7*72,1763494406854
NMEA,$GAGSV,3,3,11,25,53,068,41,26,03,322,40,30,07,203,26,7*48,1763494406854
NMEA,$GAGSV,2,1,08,02,53,173,38,03,66,078,36,05,18,110,32,08,50,317,32,1*79,1763494406854
NMEA,$GAGSV,2,2,08,13,11,275,30,16,33,048,32,25,53,068,37,30,07,203,29,1*73,1763494406854
NMEA,$GBGSV,2,1,07,37,46,047,47,36,19,233,36,32,13,145,38,22,06,320,40,1*75,1763494406854
NMEA,$GBGSV,2,2,07,20,68,161,44,19,57,310,46,04,03,265,36,1*42,1763494406854
NMEA,$GBGSV,2,1,06,19,57,310,42,20,68,161,43,22,06,320,40,32,13,145,37,3*76,1763494406854
NMEA,$GBGSV,2,2,06,36,19,233,32,37,46,047,46,3*7B,1763494406854
NMEA,$GBGSV,2,1,06,19,57,310,33,20,68,161,37,22,06,320,31,32,13,145,34,5*70,1763494406854
NMEA,$GBGSV,2,2,06,36,19,233,36,37,46,047,38,5*70,1763494406854
NMEA,$GNGSA,A,3,03,04,07,08,09,16,20,21,27,30,,,0.6,0.4,0.4,1*36,1763494406870
NMEA,$PSSGR,GSA,A,3,03,04,08,09,21,27,30,,,,,,0.6,0.4,0.4,1,8*40,1763494406870
NMEA,$GNGSA,A,3,65,72,75,76,,,,,,,,,0.6,0.4,0.4,2*31,1763494406870
NMEA,$GNGSA,A,3,02,03,05,08,13,16,25,30,,,,,0.6,0.4,0.4,3*38,1763494406870
NMEA,$PSSGR,GSA,A,3,302,303,305,308,313,316,325,330,,,,,0.6,0.4,0.4,3,1*45,1763494406870
NMEA,$GNGSA,A,3,19,20,22,32,36,37,,,,,,,0.6,0.4,0.4,4*38,1763494406870
NMEA,$PSSGR,GSA,A,3,219,220,222,232,236,237,,,,,,,0.6,0.4,0.4,4,5*41,1763494406870
NMEA,$GNVTG,317.0,T,304.2,M,0.7,N,1.3,K,E*3C,1763494406870
NMEA,$GNDTM,W84,,0000.000000,N,00000.000000,E,0.000,W84*41,1763494406870
NMEA,$GNRMC,193327.00,A,3725.858644,N,12209.317731,W,0.7,317.0,181125,12.8,E,E,V*75,1763494406870
NMEA,$GNGNS,193327.00,3725.858644,N,12209.317731,W,EEEEEE,28,0.4,21.4,-32.6,,,V*26,1763494406870
NMEA,$GNGGA,193327.00,3725.858644,N,12209.317731,W,6,12,0.4,21.4,M,-32.6,M,,*78,1763494406870
NMEA,$PSMSG,magcal=PASS,bluesky=0*00,1763494406876
NMEA,$GPGSV,3,1,12,03,15,173,41,04,51,104,39,07,54,284,49,08,19,124,37,1*6B,1763494407860
NMEA,$GPGSV,3,2,12,09,78,007,43,16,32,048,41,20,15,317,46,21,16,318,45,1*61,1763494407860
NMEA,$GPGSV,3,3,12,27,20,091,41,30,27,266,40,46,00,000,40,48,00,000,42,1*61,1763494407860
NMEA,$GPGSV,2,1,08,03,15,173,31,04,51,104,34,08,19,124,37,09,78,007,36,8*63,1763494407860
NMEA,$GPGSV,2,2,08,11,03,292,20,21,16,318,24,27,20,091,41,30,27,266,36,8*6E,1763494407860
NMEA,$GLGSV,1,1,04,12,65,234,42,11,50,029,44,01,74,117,39,08,19,137,35,1*7D,1763494407860
NMEA,$GAGSV,3,1,11,02,53,173,42,03,66,078,42,05,18,110,42,07,02,300,25,7*77,1763494407860
NMEA,$GAGSV,3,2,11,08,50,317,45,13,11,275,40,15,04,226,25,16,33,048,38,7*7C,1763494407860
NMEA,$GAGSV,3,3,11,25,53,068,44,26,03,322,40,30,07,203,24,7*4F,1763494407860
NMEA,$GAGSV,2,1,08,02,53,173,39,03,66,078,37,05,18,110,32,08,50,317,33,1*78,1763494407860
NMEA,$GAGSV,2,2,08,13,11,275,26,16,33,048,32,25,53,068,36,30,07,203,31,1*7C,1763494407860
NMEA,$GBGSV,2,1,07,37,46,047,46,36,19,233,31,32,13,145,39,22,06,320,40,1*72,1763494407860
NMEA,$GBGSV,2,2,07,20,68,161,44,19,57,310,43,04,03,265,37,1*46,1763494407860
NMEA,$GBGSV,2,1,06,19,57,310,39,20,68,161,44,22,06,320,37,32,13,145,37,3*7D,1763494407860
NMEA,$GBGSV,2,2,06,36,19,233,31,37,46,047,46,3*78,1763494407860
NMEA,$GBGSV,2,1,06,19,57,310,34,20,68,161,37,22,06,320,30,32,13,145,33,5*71,1763494407860
NMEA,$GBGSV,2,2,06,36,19,233,38,37,46,047,39,5*7F,1763494407860
NMEA,$GNGSA,A,3,03,04,07,08,09,16,20,21,27,30,,,0.6,0.4,0.4,1*36,1763494407877
NMEA,$PSSGR,GSA,A,3,03,04,08,09,21,27,30,,,,,,0.6,0.4,0.4,1,8*40,1763494407877
NMEA,$GNGSA,A,3,65,72,75,76,,,,,,,,,0.6,0.4,0.4,2*31,1763494407877
NMEA,$GNGSA,A,3,02,03,05,08,13,16,25,30,,,,,0.6,0.4,0.4,3*38,1763494407877
NMEA,$PSSGR,GSA,A,3,302,303,305,308,313,316,325,330,,,,,0.6,0.4,0.4,3,1*45,1763494407877
NMEA,$GNGSA,A,3,19,20,22,32,36,37,,,,,,,0.6,0.4,0.4,4*38,1763494407877
NMEA,$PSSGR,GSA,A,3,219,220,222,232,236,237,,,,,,,0.6,0.4,0.4,4,5*41,1763494407877
NMEA,$GNVTG,317.0,T,304.2,M,1.2,N,2.2,K,E*3A,1763494407877
NMEA,$GNDTM,W84,,0000.000000,N,00000.000000,E,0.000,W84*41,1763494407877
NMEA,$GNRMC,193328.00,A,3725.858624,N,12209.318128,W,1.2,317.0,181125,12.8,E,E,V*79,1763494407877
NMEA,$GNGNS,193328.00,3725.858624,N,12209.318128,W,EEEEEE,28,0.4,21.4,-32.6,,,V*2E,1763494407877
NMEA,$GNGGA,193328.00,3725.858624,N,12209.318128,W,6,12,0.4,21.4,M,-32.6,M,,*70,1763494407877
NMEA,$PSMSG,magcal=PASS,bluesky=0*00,1763494407886
NMEA,$GPGSV,3,1,12,03,15,173,43,04,51,104,42,07,54,284,48,08,19,124,37,1*64,1763494408859
NMEA,$GPGSV,3,2,12,09,78,007,43,16,32,048,44,20,15,317,46,21,16,318,46,1*67,1763494408859
NMEA,$GPGSV,3,3,12,27,20,091,37,30,27,266,33,46,00,000,42,48,00,000,41,1*65,1763494408859
NMEA,$GPGSV,2,1,08,03,15,173,32,04,51,104,31,08,19,124,34,09,78,007,34,8*64,1763494408859
NMEA,$GPGSV,2,2,08,11,03,292,15,21,16,318,31,27,20,091,40,30,27,266,34,8*6F,1763494408859
NMEA,$GLGSV,1,1,04,12,65,234,43,11,50,029,46,01,74,117,38,08,19,137,34,1*7E,1763494408859
NMEA,$GAGSV,3,1,11,02,53,173,42,03,66,078,43,05,18,110,41,07,02,300,25,7*75,1763494408859
NMEA,$GAGSV,3,2,11,08,50,317,46,13,11,275,38,15,04,226,24,16,33,048,37,7*7E,1763494408859
NMEA,$GAGSV,3,3,11,25,53,068,43,26,03,322,42,30,07,203,29,7*47,1763494408859
NMEA,$GAGSV,2,1,08,02,53,173,37,03,66,078,35,05,18,110,31,08,50,317,25,1*70,1763494408859
NMEA,$GAGSV,2,2,08,13,11,275,26,16,33,048,32,25,53,068,36,30,07,203,32,1*7F,1763494408859
NMEA,$GBGSV,2,1,07,37,46,047,45,36,19,233,32,32,13,145,41,22,06,320,40,1*7D,1763494408859
NMEA,$GBGSV,2,2,07,20,68,161,44,19,57,310,47,04,03,265,33,1*46,1763494408859
NMEA,$GBGSV,2,1,06,19,57,310,42,20,68,161,43,22,06,320,40,32,13,145,40,3*76,1763494408859
NMEA,$GBGSV,2,2,06,36,19,233,33,37,46,047,45,3*79,1763494408859
NMEA,$GBGSV,2,1,06,19,57,310,29,20,68,161,38,22,06,320,28,32,13,145,31,5*79,1763494408859
NMEA,$GBGSV,2,2,06,36,19,233,38,37,46,047,37,5*71,1763494408859
NMEA,$GNGSA,A,3,03,04,07,08,09,16,20,21,27,30,,,0.6,0.4,0.4,1*36,1763494408875
NMEA,$PSSGR,GSA,A,3,03,04,08,09,21,27,30,,,,,,0.6,0.4,0.4,1,8*40,1763494408875
NMEA,$GNGSA,A,3,65,72,75,76,,,,,,,,,0.6,0.4,0.4,2*31,1763494408875
NMEA,$GNGSA,A,3,02,03,05,08,13,16,25,30,,,,,0.6,0.4,0.4,3*38,1763494408875
NMEA,$PSSGR,GSA,A,3,302,303,305,308,313,316,325,330,,,,,0.6,0.4,0.4,3,1*45,1763494408875
NMEA,$GNGSA,A,3,19,20,22,32,36,37,,,,,,,0.6,0.4,0.4,4*38,1763494408875
NMEA,$PSSGR,GSA,A,3,219,220,222,232,236,237,,,,,,,0.6,0.4,0.4,4,5*41,1763494408875
NMEA,$GNVTG,271.7,T,258.9,M,1.5,N,2.7,K,E*3D,1763494408875
NMEA,$GNDTM,W84,,0000.000000,N,00000.000000,E,0.000,W84*41,1763494408875
NMEA,$GNRMC,193329.00,A,3725.858625,N,12209.318637,W,1.5,271.7,181125,12.8,E,E,V*71,1763494408875
NMEA,$GNGNS,193329.00,3725.858625,N,12209.318637,W,EEEEEE,28,0.4,21.6,-32.6,,,V*25,1763494408875
NMEA,$GNGGA,193329.00,3725.858625,N,12209.318637,W,6,12,0.4,21.6,M,-32.6,M,,*7B,1763494408875
NMEA,$PSMSG,magcal=PASS,bluesky=0*00,1763494408879
NMEA,$GPGSV,3,1,12,03,15,173,43,04,51,104,41,07,54,284,47,08,19,124,37,1*68,1763494409862
NMEA,$GPGSV,3,2,12,09,78,007,44,16,32,048,44,20,15,317,45,21,16,318,46,1*63,1763494409862
NMEA,$GPGSV,3,3,12,27,20,091,39,30,27,266,34,46,00,000,43,48,00,000,41,1*6D,1763494409862
NMEA,$GPGSV,2,1,08,03,15,173,29,04,51,104,34,08,19,124,35,09,78,007,33,8*6D,1763494409862
NMEA,$GPGSV,2,2,08,11,03,292,24,21,16,318,35,27,20,091,38,30,27,266,29,8*6A,1763494409862
NMEA,$GLGSV,1,1,04,12,65,234,43,11,50,029,47,01,74,117,39,08,19,137,31,1*7B,1763494409862
NMEA,$GAGSV,3,1,11,02,53,173,42,03,66,078,43,05,18,110,42,07,02,300,25,7*76,1763494409862
NMEA,$GAGSV,3,2,11,08,50,317,46,13,11,275,35,15,04,226,26,16,33,048,34,7*72,1763494409862
NMEA,$GAGSV,3,3,11,25,53,068,43,26,03,322,41,30,07,203,31,7*4D,1763494409862
NMEA,$GAGSV,2,1,08,02,53,173,37,03,66,078,35,05,18,110,34,08,50,317,23,1*73,1763494409862
NMEA,$GAGSV,2,2,08,13,11,275,20,16,33,048,33,25,53,068,38,30,07,203,29,1*7C,1763494409862
NMEA,$GBGSV,2,1,07,37,46,047,45,36,19,233,32,32,13,145,40,22,06,320,39,1*72,1763494409862
NMEA,$GBGSV,2,2,07,20,68,161,44,19,57,310,46,04,03,265,33,1*47,1763494409862
NMEA,$GBGSV,2,1,06,19,57,310,41,20,68,161,43,22,06,320,36,32,13,145,40,3*74,1763494409862
NMEA,$GBGSV,2,2,06,36,19,233,34,37,46,047,47,3*7C,1763494409862
NMEA,$GBGSV,2,1,06,19,57,310,32,20,68,161,37,22,06,320,29,32,13,145,33,5*7F,1763494409862
NMEA,$GBGSV,2,2,06,36,19,233,37,37,46,047,36,5*7F,1763494409862
NMEA,$GNGSA,A,3,03,04,07,08,09,16,20,21,27,30,,,0.6,0.4,0.4,1*36,1763494409882
NMEA,$PSSGR,GSA,A,3,03,04,08,09,21,27,30,,,,,,0.6,0.4,0.4,1,8*40,1763494409882
NMEA,$GNGSA,A,3,65,72,75,76,,,,,,,,,0.6,0.4,0.4,2*31,1763494409882
NMEA,$GNGSA,A,3,02,03,05,08,13,16,25,30,,,,,0.6,0.4,0.4,3*38,1763494409882
NMEA,$PSSGR,GSA,A,3,302,303,305,308,313,316,325,330,,,,,0.6,0.4,0.4,3,1*45,1763494409882
NMEA,$GNGSA,A,3,19,20,22,32,36,37,,,,,,,0.6,0.4,0.4,4*38,1763494409882
NMEA,$PSSGR,GSA,A,3,219,220,222,232,236,237,,,,,,,0.6,0.4,0.4,4,5*41,1763494409882
NMEA,$GNVTG,273.6,T,260.8,M,0.5,N,1.0,K,E*31,1763494409882
NMEA,$GNDTM,W84,,0000.000000,N,00000.000000,E,0.000,W84*41,1763494409882
NMEA,$GNRMC,193330.00,A,3725.858679,N,12209.318859,W,0.5,273.6,181125,12.8,E,E,V*74,1763494409882
NMEA,$GNGNS,193330.00,3725.858679,N,12209.318859,W,EEEEEE,28,0.4,21.6,-32.6,,,V*22,1763494409882
NMEA,$GNGGA,193330.00,3725.858679,N,12209.318859,W,6,12,0.4,21.6,M,-32.6,M,,*7C,1763494409882
NMEA,$PSMSG,magcal=PASS,bluesky=0*00,1763494409896
NMEA,$GPGSV,3,1,12,03,15,173,45,04,51,104,42,07,54,284,45,08,19,124,40,1*6F,1763494410858
NMEA,$GPGSV,3,2,12,09,78,007,43,16,32,048,44,20,15,317,41,21,16,318,41,1*67,1763494410858
NMEA,$GPGSV,3,3,12,27,20,091,38,30,27,266,40,46,00,000,42,48,00,000,41,1*6E,1763494410858
NMEA,$GPGSV,2,1,08,03,15,173,32,04,51,104,37,08,19,124,32,09,78,007,36,8*66,1763494410858
NMEA,$GPGSV,2,2,08,11,03,292,25,21,16,318,40,27,20,091,31,30,27,266,35,8*6D,1763494410858
NMEA,$GLGSV,1,1,04,12,65,234,41,11,50,029,45,01,74,117,36,08,19,137,36,1*73,1763494410858
NMEA,$GAGSV,3,1,11,02,53,173,42,03,66,078,44,05,18,110,41,07,02,300,25,7*72,1763494410858
NMEA,$GAGSV,3,2,11,08,50,317,47,13,11,275,33,15,04,226,27,16,33,048,39,7*79,1763494410858
NMEA,$GAGSV,3,3,11,25,53,068,43,26,03,322,39,30,07,203,34,7*47,1763494410858
NMEA,$GAGSV,2,1,08,02,53,173,37,03,66,078,33,05,18,110,31,08,50,317,28,1*7B,1763494410858
NMEA,$GAGSV,2,2,08,13,11,275,31,16,33,048,36,25,53,068,38,30,07,203,29,1*79,1763494410858
NMEA,$GBGSV,2,1,07,37,46,047,44,36,19,233,36,32,13,145,40,22,06,320,34,1*7A,1763494410858
NMEA,$GBGSV,2,2,07,20,68,161,42,19,57,310,46,04,03,265,33,1*41,1763494410858
NMEA,$GBGSV,2,1,06,19,57,310,43,20,68,161,41,22,06,320,35,32,13,145,38,3*78,1763494410858
NMEA,$GBGSV,2,2,06,36,19,233,35,37,46,047,45,3*7F,1763494410858
NMEA,$GBGSV,2,1,06,19,57,310,34,20,68,161,37,22,06,320,33,32,13,145,33,5*72,1763494410858
NMEA,$GBGSV,2,2,06,36,19,233,35,37,46,047,28,5*72,1763494410858
NMEA,$GNGSA,A,3,03,04,07,08,09,16,20,21,27,30,,,0.6,0.4,0.4,1*36,1763494410871
NMEA,$PSSGR,GSA,A,3,03,04,08,09,21,27,30,,,,,,0.6,0.4,0.4,1,8*40,1763494410871
NMEA,$GNGSA,A,3,65,72,75,76,,,,,,,,,0.6,0.4,0.4,2*31,1763494410871
NMEA,$GNGSA,A,3,02,03,05,08,13,16,25,30,,,,,0.6,0.4,0.4,3*38,1763494410871
NMEA,$PSSGR,GSA,A,3,302,303,305,308,313,316,325,330,,,,,0.6,0.4,0.4,3,1*45,1763494410871
NMEA,$GNGSA,A,3,19,20,22,32,36,37,,,,,,,0.6,0.4,0.4,4*38,1763494410871
NMEA,$PSSGR,GSA,A,3,219,220,222,232,236,237,,,,,,,0.6,0.4,0.4,4,5*41,1763494410871
NMEA,$GNVTG,273.6,T,260.8,M,0.4,N,0.8,K,E*39,1763494410871
NMEA,$GNDTM,W84,,0000.000000,N,00000.000000,E,0.000,W84*41,1763494410871
NMEA,$GNRMC,193331.00,A,3725.858772,N,12209.318996,W,0.4,273.6,181125,12.8,E,E,V*7C,1763494410871
NMEA,$GNGNS,193331.00,3725.858772,N,12209.318996,W,EEEEEE,28,0.4,21.7,-32.6,,,V*2A,1763494410871
NMEA,$GNGGA,193331.00,3725.858772,N,12209.318996,W,6,12,0.4,21.7,M,-32.6,M,,*74,1763494410871
NMEA,$PSMSG,magcal=PASS,bluesky=0*00,1763494410877
NMEA,$GPGSV,3,1,12,03,15,173,44,04,51,104,41,07,54,284,44,08,19,124,39,1*62,1763494411858
NMEA,$GPGSV,3,2,12,09,78,007,43,16,32,048,45,20,15,317,40,21,16,318,41,1*67,1763494411858
NMEA,$GPGSV,3,3,12,27,20,091,36,30,27,266,39,46,00,000,43,48,00,000,40,1*6E,1763494411858
NMEA,$GPGSV,2,1,08,03,15,173,32,04,51,104,38,08,19,124,33,09,78,007,36,8*68,1763494411858
NMEA,$GPGSV,2,2,08,11,03,292,25,21,16,318,41,27,20,091,28,30,27,266,34,8*65,1763494411858
NMEA,$GLGSV,1,1,04,12,65,234,41,11,50,029,44,01,74,117,38,08,19,137,33,1*79,1763494411858
NMEA,$GAGSV,3,1,11,02,53,173,42,03,66,078,43,05,18,110,42,07,02,300,25,7*76,1763494411858
NMEA,$GAGSV,3,2,11,08,50,317,46,13,11,275,31,15,04,226,26,16,33,048,37,7*75,1763494411858
NMEA,$GAGSV,3,3,11,25,53,068,44,26,03,322,39,30,07,203,33,7*47,1763494411858
NMEA,$GAGSV,2,1,08,02,53,173,37,03,66,078,34,05,18,110,30,08,50,317,27,1*72,1763494411858
NMEA,$GAGSV,2,2,08,13,11,275,31,16,33,048,36,25,53,068,38,30,07,203,29,1*79,1763494411858
NMEA,$GBGSV,2,1,07,37,46,047,44,36,19,233,38,32,13,145,40,22,06,320,35,1*75,1763494411858
NMEA,$GBGSV,2,2,07,20,68,161,43,19,57,310,45,04,03,265,25,1*44,1763494411858
NMEA,$GBGSV,2,1,06,19,57,310,41,20,68,161,42,22,06,320,33,32,13,145,38,3*7F,1763494411858
NMEA,$GBGSV,2,2,06,36,19,233,37,37,46,047,44,3*7C,1763494411858
NMEA,$GBGSV,2,1,06,19,57,310,31,20,68,161,37,22,06,320,36,32,13,145,35,5*74,1763494411858
NMEA,$GBGSV,2,2,06,36,19,233,34,37,46,047,30,5*7A,1763494411858
NMEA,$GNGSA,A,3,03,04,07,08,09,16,20,21,27,30,,,0.6,0.4,0.4,1*36,1763494411876
NMEA,$PSSGR,GSA,A,3,03,04,08,09,21,27,30,,,,,,0.6,0.4,0.4,1,8*40,1763494411876
NMEA,$GNGSA,A,3,65,72,75,76,,,,,,,,,0.6,0.4,0.4,2*31,1763494411876
NMEA,$GNGSA,A,3,02,03,05,08,13,16,25,30,,,,,0.6,0.4,0.4,3*38,1763494411876
NMEA,$PSSGR,GSA,A,3,302,303,305,308,313,316,325,330,,,,,0.6,0.4,0.4,3,1*45,1763494411876
NMEA,$GNGSA,A,3,19,20,22,32,36,37,,,,,,,0.6,0.4,0.4,4*38,1763494411876
NMEA,$PSSGR,GSA,A,3,219,220,222,232,236,237,,,,,,,0.6,0.4,0.4,4,5*41,1763494411876
NMEA,$GNVTG,273.6,T,260.8,M,1.1,N,2.1,K,E*36,1763494411876
NMEA,$GNDTM,W84,,0000.000000,N,00000.000000,E,0.000,W84*41,1763494411876
NMEA,$GNRMC,193332.00,A,3725.859002,N,12209.319288,W,1.1,273.6,181125,12.8,E,E,V*7F,1763494411876
NMEA,$GNGNS,193332.00,3725.859002,N,12209.319288,W,EEEEEE,28,0.4,21.6,-32.6,,,V*2C,1763494411876
NMEA,$GNGGA,193332.00,3725.859002,N,12209.319288,W,6,12,0.4,21.6,M,-32.6,M,,*72,1763494411876
NMEA,$PSMSG,magcal=PASS,bluesky=0*00,1763494411882
NMEA,$GPGSV,3,1,12,03,15,173,45,04,51,104,40,07,54,284,46,08,19,124,37,1*6E,1763494412857
NMEA,$GPGSV,3,2,12,09,78,007,46,16,32,048,44,20,15,317,42,21,16,318,40,1*60,1763494412857
NMEA,$GPGSV,3,3,12,27,20,091,40,30,27,266,38,46,00,000,42,48,00,000,40,1*6F,1763494412857
NMEA,$GPGSV,2,1,08,03,15,173,34,04,51,104,39,08,19,124,35,09,78,007,37,8*68,1763494412857
NMEA,$GPGSV,2,2,08,11,03,292,25,21,16,318,41,27,20,091,30,30,27,266,37,8*6F,1763494412857
NMEA,$GLGSV,1,1,04,12,65,234,42,11,50,029,42,01,74,117,41,08,19,137,32,1*73,1763494412857
NMEA,$GAGSV,3,1,11,02,53,173,41,03,66,078,41,05,18,110,41,07,02,300,16,7*74,1763494412857
NMEA,$GAGSV,3,2,11,08,50,317,45,13,11,275,30,15,04,226,25,16,33,048,34,7*77,1763494412857
NMEA,$GAGSV,3,3,11,25,53,068,45,26,03,322,40,30,07,203,35,7*4E,1763494412857
NMEA,$GAGSV,2,1,08,02,53,173,37,03,66,078,35,05,18,110,32,08,50,317,26,1*70,1763494412857
NMEA,$GAGSV,2,2,08,13,11,275,33,16,33,048,36,25,53,068,38,30,07,203,28,1*7A,1763494412857
NMEA,$GBGSV,2,1,07,37,46,047,46,36,19,233,38,32,13,145,40,22,06,320,33,1*71,1763494412857
NMEA,$GBGSV,2,2,07,20,68,161,43,19,57,310,41,04,03,265,25,1*40,1763494412857
NMEA,$GBGSV,2,1,06,19,57,310,42,20,68,161,42,22,06,320,28,32,13,145,38,3*76,1763494412857
NMEA,$GBGSV,2,2,06,36,19,233,36,37,46,047,44,3*7D,1763494412857
NMEA,$GBGSV,2,1,06,19,57,310,34,20,68,161,36,22,06,320,34,32,13,145,35,5*72,1763494412857
NMEA,$GBGSV,2,2,06,36,19,233,35,37,46,047,33,5*78,1763494412857
NMEA,$GNGSA,A,3,03,04,07,08,09,16,20,21,27,30,,,0.6,0.4,0.4,1*36,1763494412876
NMEA,$PSSGR,GSA,A,3,03,04,08,09,21,27,30,,,,,,0.6,0.4,0.4,1,8*40,1763494412876
NMEA,$GNGSA,A,3,65,72,75,76,,,,,,,,,0.6,0.4,0.4,2*31,1763494412876
NMEA,$GNGSA,A,3,02,03,05,08,13,16,25,30,,,,,0.6,0.4,0.4,3*38,1763494412876
NMEA,$PSSGR,GSA,A,3,302,303,305,308,313,316,325,330,,,,,0.6,0.4,0.4,3,1*45,1763494412876
NMEA,$GNGSA,A,3,19,20,22,32,36,37,,,,,,,0.6,0.4,0.4,4*38,1763494412876
NMEA,$PSSGR,GSA,A,3,219,220,222,232,236,237,,,,,,,0.6,0.4,0.4,4,5*41,1763494412876
NMEA,$GNVTG,316.5,T,303.7,M,1.5,N,2.8,K,E*31,1763494412876
NMEA,$GNDTM,W84,,0000.000000,N,00000.000000,E,0.000,W84*41,1763494412876
NMEA,$GNRMC,193333.00,A,3725.859330,N,12209.319684,W,1.5,316.5,181125,12.8,E,E,V*71,1763494412876
NMEA,$GNGNS,193333.00,3725.859330,N,12209.319684,W,EEEEEE,28,0.4,21.5,-32.6,,,V*24,1763494412876
NMEA,$GNGGA,193333.00,3725.859330,N,12209.319684,W,6,12,0.4,21.5,M,-32.6,M,,*7A,1763494412876
NMEA,$PSMSG,magcal=PASS,bluesky=0*00,1763494412882
NMEA,$GPGSV,3,1,12,03,15,173,44,04,51,104,41,07,54,284,45,08,19,124,37,1*6D,1763494413858
NMEA,$GPGSV,3,2,12,09,78,007,45,16,32,048,44,20,15,317,44,21,16,318,42,1*67,1763494413858
NMEA,$GPGSV,3,3,12,27,20,091,39,30,27,266,38,46,00,000,41,48,00,000,41,1*63,1763494413858
NMEA,$GPGSV,2,1,08,03,15,173,34,04,51,104,39,08,19,124,36,09,78,007,36,8*6A,1763494413858
NMEA,$GPGSV,2,2,08,11,03,292,19,21,16,318,42,27,20,091,35,30,27,266,37,8*66,1763494413858
NMEA,$GLGSV,1,1,04,12,65,234,41,11,50,029,44,01,74,117,39,08,19,137,30,1*7B,1763494413858
NMEA,$GAGSV,3,1,11,02,53,173,42,03,66,078,42,05,18,110,41,07,02,300,16,7*74,1763494413858
NMEA,$GAGSV,3,2,11,08,50,317,46,13,11,275,22,15,04,226,25,16,33,048,34,7*77,1763494413858
NMEA,$GAGSV,3,3,11,25,53,068,45,26,03,322,40,30,07,203,33,7*48,1763494413858
NMEA,$GAGSV,2,1,08,02,53,173,37,03,66,078,37,05,18,110,33,08,50,317,26,1*73,1763494413858
NMEA,$GAGSV,2,2,08,13,11,275,32,16,33,048,35,25,53,068,39,30,07,203,29,1*78,1763494413858
NMEA,$GBGSV,2,1,07,37,46,047,46,36,19,233,37,32,13,145,40,22,06,320,33,1*7E,1763494413858
NMEA,$GBGSV,2,2,07,20,68,161,43,19,57,310,42,04,03,265,25,1*43,1763494413858
NMEA,$GBGSV,2,1,06,19,57,310,42,20,68,161,43,22,06,320,28,32,13,145,39,3*76,1763494413858
NMEA,$GBGSV,2,2,06,36,19,233,37,37,46,047,45,3*7D,1763494413858
NMEA,$GBGSV,2,1,06,19,57,310,34,20,68,161,36,22,06,320,32,32,13,145,35,5*74,1763494413858
NMEA,$GBGSV,2,2,06,36,19,233,35,37,46,047,35,5*7E,1763494413858
NMEA,$GNGSA,A,3,03,04,07,08,09,16,20,21,27,30,,,0.6,0.4,0.4,1*36,1763494413884
NMEA,$PSSGR,GSA,A,3,03,04,08,09,21,27,30,,,,,,0.6,0.4,0.4,1,8*40,1763494413884
NMEA,$GNGSA,A,3,65,72,75,76,,,,,,,,,0.6,0.4,0.4,2*31,1763494413884
NMEA,$GNGSA,A,3,02,03,05,08,13,16,25,30,,,,,0.6,0.4,0.4,3*38,1763494413884
NMEA,$PSSGR,GSA,A,3,302,303,305,308,313,316,325,330,,,,,0.6,0.4,0.4,3,1*45,1763494413884
NMEA,$GNGSA,A,3,19,20,22,32,36,37,,,,,,,0.6,0.4,0.4,4*38,1763494413884
NMEA,$PSSGR,GSA,A,3,219,220,222,232,236,237,,,,,,,0.6,0.4,0.4,4,5*41,1763494413884
NMEA,$GNVTG,316.5,T,303.7,M,1.7,N,3.1,K,E*3B,1763494413884
NMEA,$GNDTM,W84,,0000.000000,N,00000.000000,E,0.000,W84*41,1763494413884
NMEA,$GNRMC,193334.00,A,3725.859689,N,12209.320124,W,1.7,316.5,181125,12.8,E,E,V*74,1763494413884
NMEA,$GNGNS,193334.00,3725.859689,N,12209.320124,W,EEEEEE,28,0.4,21.4,-32.6,,,V*22,1763494413884
NMEA,$GNGGA,193334.00,3725.859689,N,12209.320124,W,6,12,0.4,21.4,M,-32.6,M,,*7C,1763494413884
NMEA,$PSMSG,magcal=PASS,bluesky=0*00,1763494413891
NMEA,$GPGSV,3,1,12,03,15,173,45,04,51,104,40,07,54,284,45,08,19,124,38,1*62,1763494414857
NMEA,$GPGSV,3,2,12,09,78,007,43,16,32,048,44,20,15,317,43,21,16,318,42,1*66,1763494414857
NMEA,$GPGSV,3,3,12,27,20,091,39,30,27,266,41,46,00,000,41,48,00,000,40,1*6C,1763494414857
NMEA,$GPGSV,2,1,08,03,15,173,34,04,51,104,39,08,19,124,36,09,78,007,37,8*6B,1763494414857
NMEA,$GPGSV,2,2,08,11,03,292,19,21,16,318,42,27,20,091,29,30,27,266,37,8*6B,1763494414857
NMEA,$GLGSV,1,1,04,12,65,234,41,11,50,029,43,01,74,117,39,08,19,137,28,1*75,1763494414857
NMEA,$GAGSV,3,1,11,02,53,173,42,03,66,078,41,05,18,110,42,07,02,300,16,7*74,1763494414857
NMEA,$GAGSV,3,2,11,08,50,317,47,13,11,275,29,15,04,226,29,16,33,048,35,7*70,1763494414857
NMEA,$GAGSV,3,3,11,25,53,068,45,26,03,322,40,30,07,203,37,7*4C,1763494414857
NMEA,$GAGSV,2,1,08,02,53,173,37,03,66,078,35,05,18,110,30,08,50,317,25,1*71,1763494414857
NMEA,$GAGSV,2,2,08,13,11,275,26,16,33,048,37,25,53,068,39,30,07,203,29,1*7F,1763494414857
NMEA,$GBGSV,2,1,07,37,46,047,45,36,19,233,39,32,13,145,41,22,06,320,29,1*79,1763494414857
NMEA,$GBGSV,2,2,07,20,68,161,43,19,57,310,44,04,03,265,25,1*45,1763494414857
NMEA,$GBGSV,2,1,06,19,57,310,41,20,68,161,43,22,06,320,24,32,13,145,41,3*76,1763494414857
NMEA,$GBGSV,2,2,06,36,19,233,39,37,46,047,46,3*70,1763494414857
NMEA,$GBGSV,2,1,06,19,57,310,33,20,68,161,36,22,06,320,32,32,13,145,34,5*72,1763494414857
NMEA,$GBGSV,2,2,06,36,19,233,36,37,46,047,33,5*7B,1763494414857
NMEA,$GNGSA,A,3,03,04,07,08,09,16,20,21,27,30,,,0.6,0.4,0.4,1*36,1763494414882
NMEA,$PSSGR,GSA,A,3,03,04,08,09,21,27,30,,,,,,0.6,0.4,0.4,1,8*40,1763494414882
NMEA,$GNGSA,A,3,65,72,75,76,,,,,,,,,0.6,0.4,0.4,2*31,1763494414882
NMEA,$GNGSA,A,3,02,03,05,08,13,16,25,30,,,,,0.6,0.4,0.4,3*38,1763494414882
NMEA,$PSSGR,GSA,A,3,302,303,305,308,313,316,325,330,,,,,0.6,0.4,0.4,3,1*45,1763494414882
NMEA,$GNGSA,A,3,19,20,22,32,36,37,,,,,,,0.6,0.4,0.4,4*38,1763494414882
NMEA,$PSSGR,GSA,A,3,219,220,222,232,236,237,,,,,,,0.6,0.4,0.4,4,5*41,1763494414882
NMEA,$GNVTG,314.8,T,302.0,M,1.7,N,3.1,K,E*32,1763494414882
NMEA,$GNDTM,W84,,0000.000000,N,00000.000000,E,0.000,W84*41,1763494414882
NMEA,$GNRMC,193335.00,A,3725.860018,N,12209.320594,W,1.7,314.8,181125,12.8,E,E,V*71,1763494414882
NMEA,$GNGNS,193335.00,3725.860018,N,12209.320594,W,EEEEEE,28,0.4,21.4,-32.6,,,V*28,1763494414882
NMEA,$GNGGA,193335.00,3725.860018,N,12209.320594,W,6,12,0.4,21.4,M,-32.6,M,,*76,1763494414882
NMEA,$PSMSG,magcal=PASS,bluesky=0*00,1763494414888
NMEA,$GPGSV,3,1,12,03,15,173,44,04,51,104,42,07,54,284,45,08,19,124,41,1*6F,1763494415857
NMEA,$GPGSV,3,2,12,09,78,007,44,16,32,048,44,20,15,317,43,21,16,318,41,1*62,1763494415857
NMEA,$GPGSV,3,3,12,27,20,091,38,30,27,266,41,46,00,000,43,48,00,000,40,1*6F,1763494415857
NMEA,$GPGSV,2,1,08,03,15,173,33,04,51,104,36,08,19,124,34,09,78,007,35,8*63,1763494415857
NMEA,$GPGSV,2,2,08,11,03,292,19,21,16,318,41,27,20,091,25,30,27,266,35,8*66,1763494415857
NMEA,$GLGSV,1,1,04,12,65,234,41,11,50,029,44,01,74,117,38,08,19,137,36,1*7C,1763494415857
NMEA,$GAGSV,3,1,11,02,53,173,42,03,66,078,43,05,18,110,39,07,02,300,16,7*7A,1763494415857
NMEA,$GAGSV,3,2,11,08,50,317,44,13,11,275,35,15,04,226,29,16,33,048,38,7*73,1763494415857
NMEA,$GAGSV,3,3,11,25,53,068,42,26,03,322,40,30,07,203,35,7*49,1763494415857
NMEA,$GAGSV,2,1,08,02,53,173,36,03,66,078,32,05,18,110,29,08,50,317,32,1*79,1763494415857
NMEA,$GAGSV,2,2,08,13,11,275,30,16,33,048,35,25,53,068,38,30,07,203,30,1*73,1763494415857
NMEA,$GBGSV,2,1,07,37,46,047,45,36,19,233,39,32,13,145,41,22,06,320,29,1*79,1763494415857
NMEA,$GBGSV,2,2,07,20,68,161,43,19,57,310,44,04,03,265,25,1*45,1763494415857
NMEA,$GBGSV,2,1,06,19,57,310,45,20,68,161,42,22,06,320,25,32,13,145,41,3*72,1763494415857
NMEA,$GBGSV,2,2,06,36,19,233,39,37,46,047,44,3*72,1763494415857
NMEA,$GBGSV,2,1,06,19,57,310,26,20,68,161,36,22,06,320,34,32,13,145,32,5*76,1763494415857
NMEA,$GBGSV,2,2,06,36,19,233,34,37,46,047,31,5*7B,1763494415857
NMEA,$GNGSA,A,3,03,04,07,08,09,16,20,21,27,30,,,0.6,0.4,0.4,1*36,1763494415876
NMEA,$PSSGR,GSA,A,3,03,04,08,09,21,27,30,,,,,,0.6,0.4,0.4,1,8*40,1763494415876
NMEA,$GNGSA,A,3,65,72,75,76,,,,,,,,,0.6,0.4,0.4,2*31,1763494415876
NMEA,$GNGSA,A,3,02,03,05,08,13,16,25,30,,,,,0.6,0.4,0.4,3*38,1763494415876
NMEA,$PSSGR,GSA,A,3,302,303,305,308,313,316,325,330,,,,,0.6,0.4,0.4,3,1*45,1763494415876
NMEA,$GNGSA,A,3,19,20,22,32,36,37,,,,,,,0.6,0.4,0.4,4*38,1763494415876
NMEA,$PSSGR,GSA,A,3,219,220,222,232,236,237,,,,,,,0.6,0.4,0.4,4,5*41,1763494415876
NMEA,$GNVTG,317.3,T,304.5,M,1.7,N,3.2,K,E*3A,1763494415876
NMEA,$GNDTM,W84,,0000.000000,N,00000.000000,E,0.000,W84*41,1763494415876
NMEA,$GNRMC,193336.00,A,3725.860328,N,12209.321043,W,1.7,317.3,181125,12.8,E,E,V*74,1763494415876
NMEA,$GNGNS,193336.00,3725.860328,N,12209.321043,W,EEEEEE,28,0.4,21.5,-32.6,,,V*24,1763494415876
NMEA,$GNGGA,193336.00,3725.860328,N,12209.321043,W,6,12,0.4,21.5,M,-32.6,M,,*7A,1763494415876
NMEA,$PSMSG,magcal=PASS,bluesky=0*00,1763494415882
NMEA,$GPGSV,3,1,12,03,15,173,42,04,51,104,43,07,54,284,44,08,19,124,41,1*69,1763494416862
NMEA,$GPGSV,3,2,12,09,78,007,45,16,32,048,42,20,15,317,40,21,16,318,39,1*69,1763494416862
NMEA,$GPGSV,3,3,12,27,20,091,37,30,27,266,41,46,00,000,44,48,00,000,41,1*66,1763494416862
NMEA,$GPGSV,2,1,08,03,15,173,32,04,51,104,31,08,19,124,31,09,78,007,34,8*61,1763494416862
NMEA,$GPGSV,2,2,08,11,03,292,19,21,16,318,41,27,20,091,30,30,27,266,34,8*63,1763494416862
NMEA,$GLGSV,1,1,04,12,65,234,40,11,50,029,45,01,74,117,37,08,19,137,35,1*70,1763494416862
NMEA,$GAGSV,3,1,11,02,53,173,42,03,66,078,44,05,18,110,40,07,02,300,16,7*73,1763494416862
NMEA,$GAGSV,3,2,11,08,50,317,43,13,11,275,36,15,04,226,29,16,33,048,40,7*78,1763494416862
NMEA,$GAGSV,3,3,11,25,53,068,42,26,03,322,40,30,07,203,35,7*49,1763494416862
NMEA,$GAGSV,2,1,08,02,53,173,36,03,66,078,29,05,18,110,31,08,50,317,33,1*7B,1763494416862
NMEA,$GAGSV,2,2,08,13,11,275,31,16,33,048,31,25,53,068,35,30,07,203,30,1*7B,1763494416862
NMEA,$GBGSV,2,1,07,37,46,047,45,36,19,233,39,32,13,145,41,22,06,320,29,1*79,1763494416862
NMEA,$GBGSV,2,2,07,20,68,161,43,19,57,310,44,04,03,265,25,1*45,1763494416862
NMEA,$GBGSV,2,1,06,19,57,310,45,20,68,161,42,22,06,320,26,32,13,145,42,3*72,1763494416862
NMEA,$GBGSV,2,2,06,36,19,233,38,37,46,047,44,3*73,1763494416862
NMEA,$GBGSV,2,1,06,19,57,310,23,20,68,161,37,22,06,320,34,32,13,145,31,5*71,1763494416862
NMEA,$GBGSV,2,2,06,36,19,233,33,37,46,047,34,5*79,1763494416862
NMEA,$GNGSA,A,3,03,04,07,08,09,16,20,21,27,30,,,0.6,0.4,0.5,1*37,1763494416889
NMEA,$PSSGR,GSA,A,3,03,04,08,09,21,27,30,,,,,,0.6,0.4,0.5,1,8*41,1763494416889
NMEA,$GNGSA,A,3,65,72,75,76,,,,,,,,,0.6,0.4,0.5,2*30,1763494416889
NMEA,$GNGSA,A,3,02,03,05,08,13,16,25,30,,,,,0.6,0.4,0.5,3*39,1763494416889
NMEA,$PSSGR,GSA,A,3,302,303,305,308,313,316,325,330,,,,,0.6,0.4,0.5,3,1*44,1763494416889
NMEA,$GNGSA,A,3,19,20,22,32,36,37,,,,,,,0.6,0.4,0.5,4*39,1763494416889
NMEA,$PSSGR,GSA,A,3,219,220,222,232,236,237,,,,,,,0.6,0.4,0.5,4,5*40,1763494416889
NMEA,$GNVTG,317.3,T,304.5,M,0.8,N,1.4,K,E*30,1763494416889
NMEA,$GNDTM,W84,,0000.000000,N,00000.000000,E,0.000,W84*41,1763494416889
NMEA,$GNRMC,193337.00,A,3725.860473,N,12209.321274,W,0.8,317.3,181125,12.8,E,E,V*74,1763494416889
NMEA,$GNGNS,193337.00,3725.860473,N,12209.321274,W,EEEEEE,28,0.4,21.6,-32.6,,,V*29,1763494416889
NMEA,$GNGGA,193337.00,3725.860473,N,12209.321274,W,6,12,0.4,21.6,M,-32.6,M,,*77,1763494416889
NMEA,$PSMSG,magcal=PASS,bluesky=0*00,1763494416895
NMEA,$GPGSV,3,1,12,03,15,173,40,04,51,104,43,07,54,284,42,08,19,124,41,1*6D,1763494417864
NMEA,$GPGSV,3,2,12,09,78,007,46,16,32,048,44,20,15,317,31,21,16,318,35,1*66,1763494417864
NMEA,$GPGSV,3,3,12,27,20,091,41,30,27,266,40,46,00,000,45,48,00,000,44,1*62,1763494417864
NMEA,$GPGSV,2,1,08,03,15,173,26,04,51,104,32,08,19,124,32,09,78,007,35,8*65,1763494417864
NMEA,$GPGSV,2,2,08,11,03,292,19,21,16,318,39,27,20,091,31,30,27,266,35,8*6C,1763494417864
NMEA,$GLGSV,1,1,04,12,65,234,40,11,50,029,46,01,74,117,40,08,19,137,36,1*70,1763494417864
NMEA,$GAGSV,3,1,11,02,53,173,40,03,66,078,43,05,18,110,35,07,02,300,16,7*74,1763494417864
NMEA,$GAGSV,3,2,11,08,50,317,41,13,11,275,33,15,04,226,29,16,33,048,38,7*70,1763494417864
NMEA,$GAGSV,3,3,11,25,53,068,42,26,03,322,40,30,07,203,28,7*45,1763494417864
NMEA,$GAGSV,2,1,08,02,53,173,36,03,66,078,31,05,18,110,28,08,50,317,36,1*7F,1763494417864
NMEA,$GAGSV,2,2,08,13,11,275,31,16,33,048,30,25,53,068,27,30,07,203,30,1*79,1763494417864
NMEA,$GBGSV,2,1,07,37,46,047,45,36,19,233,39,32,13,145,41,22,06,320,29,1*79,1763494417864
NMEA,$GBGSV,2,2,07,20,68,161,43,19,57,310,44,04,03,265,25,1*45,1763494417864
NMEA,$GBGSV,2,1,06,19,57,310,43,20,68,161,43,22,06,320,26,32,13,145,38,3*78,1763494417864
NMEA,$GBGSV,2,2,06,36,19,233,41,37,46,047,46,3*7F,1763494417864
NMEA,$GBGSV,2,1,05,19,57,310,33,20,68,161,38,32,13,145,29,36,19,233,31,5*78,1763494417864
NMEA,$GBGSV,2,2,05,37,46,047,37,5*46,1763494417864
NMEA,$GNGSA,A,3,03,04,07,08,09,16,20,21,27,30,,,0.6,0.4,0.5,1*37,1763494417880
NMEA,$PSSGR,GSA,A,3,03,04,08,09,21,27,30,,,,,,0.6,0.4,0.5,1,8*41,1763494417880
NMEA,$GNGSA,A,3,65,72,75,76,,,,,,,,,0.6,0.4,0.5,2*30,1763494417880
NMEA,$GNGSA,A,3,02,03,05,08,13,16,25,30,,,,,0.6,0.4,0.5,3*39,1763494417880
NMEA,$PSSGR,GSA,A,3,302,303,305,308,313,316,325,330,,,,,0.6,0.4,0.5,3,1*44,1763494417880
NMEA,$GNGSA,A,3,19,20,22,32,36,37,,,,,,,0.6,0.4,0.5,4*39,1763494417880
NMEA,$PSSGR,GSA,A,3,219,220,222,232,236,237,,,,,,,0.6,0.4,0.5,4,5*40,1763494417880
NMEA,$GNVTG,317.3,T,304.5,M,0.4,N,0.7,K,E*3E,1763494417880
NMEA,$GNDTM,W84,,0000.000000,N,00000.000000,E,0.000,W84*41,1763494417880
NMEA,$GNRMC,193338.00,A,3725.860591,N,12209.321409,W,0.4,317.3,181125,12.8,E,E,V*76,1763494417880
NMEA,$GNGNS,193338.00,3725.860591,N,12209.321409,W,EEEEEE,28,0.4,21.3,-32.6,,,V*22,1763494417880
NMEA,$GNGGA,193338.00,3725.860591,N,12209.321409,W,6,12,0.4,21.3,M,-32.6,M,,*7C,1763494417880
NMEA,$PSMSG,magcal=PASS,bluesky=0*00,1763494417888
NMEA,$GPGSV,4,1,13,03,15,173,41,04,51,104,44,07,54,284,41,08,19,124,39,1*61,1763494418860
NMEA,$GPGSV,4,2,13,09,78,007,45,11,03,292,25,16,32,048,44,20,15,317,29,1*6F,1763494418860
NMEA,$GPGSV,4,3,13,21,16,318,34,27,20,091,38,30,27,266,41,46,00,000,45,1*6E,1763494418860
NMEA,$GPGSV,4,4,13,48,00,000,43,1*5D,1763494418860
NMEA,$GPGSV,2,1,08,03,15,173,27,04,51,104,29,08,19,124,25,09,78,007,35,8*68,1763494418860
NMEA,$GPGSV,2,2,08,11,03,292,19,21,16,318,40,27,20,091,31,30,27,266,35,8*62,1763494418860
NMEA,$GLGSV,1,1,04,12,65,234,40,11,50,029,46,01,74,117,38,08,19,137,35,1*7C,1763494418860
NMEA,$GAGSV,3,1,11,02,53,173,38,03,66,078,45,05,18,110,37,07,02,300,16,7*7F,1763494418860
NMEA,$GAGSV,3,2,11,08,50,317,40,13,11,275,35,15,04,226,29,16,33,048,38,7*77,1763494418860
NMEA,$GAGSV,3,3,11,25,53,068,41,26,03,322,40,30,07,203,30,7*4F,1763494418860
NMEA,$GAGSV,2,1,08,02,53,173,36,03,66,078,28,05,18,110,24,08,50,317,35,1*78,1763494418860
NMEA,$GAGSV,2,2,08,13,11,275,33,16,33,048,29,25,53,068,20,30,07,203,30,1*74,1763494418860
NMEA,$GBGSV,2,1,07,37,46,047,45,36,19,233,39,32,13,145,41,22,06,320,29,1*79,1763494418860
NMEA,$GBGSV,2,2,07,20,68,161,43,19,57,310,44,04,03,265,25,1*45,1763494418860
NMEA,$GBGSV,2,1,06,19,57,310,43,20,68,161,42,22,06,320,26,32,13,145,36,3*77,1763494418860
NMEA,$GBGSV,2,2,06,36,19,233,39,37,46,047,44,3*72,1763494418860
NMEA,$GBGSV,2,1,05,19,57,310,25,20,68,161,38,32,13,145,31,36,19,233,32,5*75,1763494418860
NMEA,$GBGSV,2,2,05,37,46,047,37,5*46,1763494418860
NMEA,$GNGSA,A,3,03,04,07,08,09,16,20,21,27,30,,,0.6,0.4,0.5,1*37,1763494418869
NMEA,$PSSGR,GSA,A,3,03,04,08,09,21,27,30,,,,,,0.6,0.4,0.5,1,8*41,1763494418869
NMEA,$GNGSA,A,3,65,72,75,76,,,,,,,,,0.6,0.4,0.5,2*30,1763494418869
NMEA,$GNGSA,A,3,02,03,05,08,13,16,25,30,,,,,0.6,0.4,0.5,3*39,1763494418869
NMEA,$PSSGR,GSA,A,3,302,303,305,308,313,316,325,330,,,,,0.6,0.4,0.5,3,1*44,1763494418869
NMEA,$GNGSA,A,3,19,20,22,32,36,37,,,,,,,0.6,0.4,0.5,4*39,1763494418869
NMEA,$PSSGR,GSA,A,3,219,220,222,232,236,237,,,,,,,0.6,0.4,0.5,4,5*40,1763494418869
NMEA,$GNVTG,317.3,T,304.5,M,1.3,N,2.5,K,E*38,1763494418869
NMEA,$GNDTM,W84,,0000.000000,N,00000.000000,E,0.000,W84*41,1763494418869
NMEA,$GNRMC,193339.00,A,3725.860941,N,12209.321367,W,1.3,317.3,181125,12.8,E,E,V*7F,1763494418869
NMEA,$GNGNS,193339.00,3725.860941,N,12209.321367,W,EEEEEE,28,0.4,21.3,-32.6,,,V*2D,1763494418869
NMEA,$GNGGA,193339.00,3725.860941,N,12209.321367,W,6,12,0.4,21.3,M,-32.6,M,,*73,1763494418869
NMEA,$PSMSG,magcal=PASS,bluesky=0*00,1763494418873
NMEA,$GPGSV,4,1,13,03,15,173,40,04,51,104,43,07,54,284,42,08,19,124,35,1*68,1763494419859
NMEA,$GPGSV,4,2,13,09,78,007,45,11,03,292,25,16,32,048,44,20,15,317,29,1*6F,1763494419859
NMEA,$GPGSV,4,3,13,21,16,318,34,27,20,091,40,30,27,266,41,46,00,000,45,1*61,1763494419859
NMEA,$GPGSV,4,4,13,48,00,000,44,1*5A,1763494419859
NMEA,$GPGSV,2,1,08,03,15,173,22,04,51,104,30,08,19,124,30,09,78,007,32,8*66,1763494419859
NMEA,$GPGSV,2,2,08,11,03,292,25,21,16,318,40,27,20,091,32,30,27,266,31,8*6A,1763494419859
NMEA,$GLGSV,1,1,04,12,65,234,40,11,50,029,46,01,74,117,39,08,19,137,37,1*7F,1763494419859
NMEA,$GAGSV,3,1,11,02,53,173,40,03,66,078,43,05,18,110,36,07,02,300,16,7*77,1763494419859
NMEA,$GAGSV,3,2,11,08,50,317,39,13,11,275,32,15,04,226,29,16,33,048,38,7*7E,1763494419859
NMEA,$GAGSV,3,3,11,25,53,068,41,26,03,322,40,30,07,203,33,7*4C,1763494419859
NMEA,$GAGSV,2,1,08,02,53,173,35,03,66,078,28,05,18,110,26,08,50,317,38,1*74,1763494419859
NMEA,$GAGSV,2,2,08,13,11,275,31,16,33,048,30,25,53,068,23,30,07,203,30,1*7D,1763494419859
NMEA,$GBGSV,2,1,07,37,46,047,45,36,19,233,39,32,13,145,41,22,06,320,29,1*79,1763494419859
NMEA,$GBGSV,2,2,07,20,68,161,43,19,57,310,44,04,03,265,25,1*45,1763494419859
NMEA,$GBGSV,2,1,06,19,57,310,42,20,68,161,43,22,06,320,26,32,13,145,37,3*76,1763494419859
NMEA,$GBGSV,2,2,06,36,19,233,41,37,46,047,44,3*7D,1763494419859
NMEA,$GBGSV,2,1,05,19,57,310,33,20,68,161,37,32,13,145,30,36,19,233,30,5*7E,1763494419859
NMEA,$GBGSV,2,2,05,37,46,047,35,5*44,1763494419859
NMEA,$GNGSA,A,3,03,04,07,08,09,16,20,21,27,30,,,0.6,0.4,0.5,1*37,1763494419880
NMEA,$PSSGR,GSA,A,3,03,04,08,09,21,27,30,,,,,,0.6,0.4,0.5,1,8*41,1763494419880
NMEA,$GNGSA,A,3,65,72,75,76,,,,,,,,,0.6,0.4,0.5,2*30,1763494419880
NMEA,$GNGSA,A,3,02,03,05,08,13,16,25,30,,,,,0.6,0.4,0.5,3*39,1763494419880
NMEA,$PSSGR,GSA,A,3,302,303,305,308,313,316,325,330,,,,,0.6,0.4,0.5,3,1*44,1763494419880
NMEA,$GNGSA,A,3,19,20,22,32,36,37,,,,,,,0.6,0.4,0.5,4*39,1763494419880
NMEA,$PSSGR,GSA,A,3,219,220,222,232,236,237,,,,,,,0.6,0.4,0.5,4,5*40,1763494419880
NMEA,$GNVTG,4.6,T,351.8,M,1.7,N,3.1,K,E*30,1763494419880
NMEA,$GNDTM,W84,,0000.000000,N,00000.000000,E,0.000,W84*41,1763494419880
NMEA,$GNRMC,193340.00,A,3725.861402,N,12209.321345,W,1.7,4.6,181125,12.8,E,E,V*7A,1763494419880
NMEA,$GNGNS,193340.00,3725.861402,N,12209.321345,W,EEEEEE,28,0.4,21.3,-32.6,,,V*28,1763494419880
NMEA,$GNGGA,193340.00,3725.861402,N,12209.321345,W,6,12,0.4,21.3,M,-32.6,M,,*76,1763494419880
NMEA,$PSMSG,magcal=PASS,bluesky=0*00,1763494419885
NMEA,$GPGSV,4,1,13,03,15,173,41,04,51,104,42,07,54,284,42,08,19,124,38,1*65,1763494420858
NMEA,$GPGSV,4,2,13,09,78,007,45,11,03,292,24,16,32,048,44,20,15,317,33,1*65,1763494420858
NMEA,$GPGSV,4,3,13,21,16,318,33,27,20,091,40,30,27,266,42,46,00,000,43,1*63,1763494420858
NMEA,$GPGSV,4,4,13,48,00,000,43,1*5D,1763494420858
NMEA,$GPGSV,2,1,08,03,15,173,26,04,51,104,31,08,19,124,29,09,78,007,32,8*6B,1763494420858
NMEA,$GPGSV,2,2,08,11,03,292,22,21,16,318,39,27,20,091,28,30,27,266,32,8*6B,1763494420858
NMEA,$GLGSV,1,1,04,12,65,234,39,11,50,029,46,01,74,117,39,08,19,137,38,1*7E,1763494420858
NMEA,$GAGSV,3,1,11,02,53,173,39,03,66,078,43,05,18,110,33,07,02,300,16,7*7C,1763494420858
NMEA,$GAGSV,3,2,11,08,50,317,40,13,11,275,35,15,04,226,29,16,33,048,37,7*78,1763494420858
NMEA,$GAGSV,3,3,11,25,53,068,42,26,03,322,40,30,07,203,36,7*4A,1763494420858
NMEA,$GAGSV,2,1,08,02,53,173,35,03,66,078,27,05,18,110,27,08,50,317,36,1*74,1763494420858
NMEA,$GAGSV,2,2,08,13,11,275,33,16,33,048,29,25,53,068,24,30,07,203,30,1*70,1763494420858
NMEA,$GBGSV,2,1,07,37,46,047,45,36,19,233,39,32,13,145,41,22,06,320,29,1*79,1763494420858
NMEA,$GBGSV,2,2,07,20,68,161,43,19,57,310,44,04,03,265,25,1*45,1763494420858
NMEA,$GBGSV,2,1,06,19,57,310,43,20,68,161,44,22,06,320,29,32,13,145,39,3*71,1763494420858
NMEA,$GBGSV,2,2,06,36,19,233,41,37,46,047,44,3*7D,1763494420858
NMEA,$GBGSV,2,1,05,19,57,310,30,20,68,161,37,32,13,145,27,36,19,233,31,5*7A,1763494420858
NMEA,$GBGSV,2,2,05,37,46,047,36,5*47,1763494420858
NMEA,$GNGSA,A,3,03,04,07,08,09,16,20,21,27,30,,,0.6,0.4,0.5,1*37,1763494420870
NMEA,$PSSGR,GSA,A,3,03,04,08,09,21,27,30,,,,,,0.6,0.4,0.5,1,8*41,1763494420870
NMEA,$GNGSA,A,3,65,72,75,76,,,,,,,,,0.6,0.4,0.5,2*30,1763494420870
NMEA,$GNGSA,A,3,02,03,05,08,13,16,25,30,,,,,0.6,0.4,0.5,3*39,1763494420870
NMEA,$PSSGR,GSA,A,3,302,303,305,308,313,316,325,330,,,,,0.6,0.4,0.5,3,1*44,1763494420870
NMEA,$GNGSA,A,3,19,20,22,32,36,37,,,,,,,0.6,0.4,0.5,4*39,1763494420870
NMEA,$PSSGR,GSA,A,3,219,220,222,232,236,237,,,,,,,0.6,0.4,0.5,4,5*40,1763494420870
NMEA,$GNVTG,4.6,T,351.8,M,1.2,N,2.3,K,E*36,1763494420870
NMEA,$GNDTM,W84,,0000.000000,N,00000.000000,E,0.000,W84*41,1763494420870
NMEA,$GNRMC,193341.00,A,3725.861755,N,12209.321358,W,1.2,4.6,181125,12.8,E,E,V*73,1763494420870
NMEA,$GNGNS,193341.00,3725.861755,N,12209.321358,W,EEEEEE,28,0.4,21.4,-32.6,,,V*23,1763494420870
NMEA,$GNGGA,193341.00,3725.861755,N,12209.321358,W,6,12,0.4,21.4,M,-32.6,M,,*7D,1763494420870
NMEA,$PSMSG,magcal=PASS,bluesky=0*00,1763494420874
NMEA,$GPGSV,4,1,13,03,15,173,43,04,51,104,44,07,54,284,42,08,19,124,41,1*6F,1763494421862
NMEA,$GPGSV,4,2,13,09,78,007,45,11,03,292,30,16,32,048,40,20,15,317,37,1*60,1763494421862
NMEA,$GPGSV,4,3,13,21,16,318,40,27,20,091,46,30,27,266,43,46,00,000,43,1*60,1763494421862
NMEA,$GPGSV,4,4,13,48,00,000,42,1*5C,1763494421862
NMEA,$GPGSV,2,1,08,03,15,173,22,04,51,104,26,08,19,124,29,09,78,007,36,8*6D,1763494421862
NMEA,$GPGSV,2,2,08,11,03,292,22,21,16,318,37,27,20,091,24,30,27,266,32,8*69,1763494421862
NMEA,$GLGSV,1,1,04,12,65,234,40,11,50,029,44,01,74,117,40,08,19,137,37,1*73,1763494421862
NMEA,$GAGSV,3,1,11,02,53,173,42,03,66,078,40,05,18,110,40,07,02,300,16,7*77,1763494421862
NMEA,$GAGSV,3,2,11,08,50,317,38,13,11,275,24,15,04,226,29,16,33,048,41,7*76,1763494421862
NMEA,$GAGSV,3,3,11,25,53,068,43,26,03,322,40,30,07,203,33,7*4E,1763494421862
NMEA,$GAGSV,2,1,08,02,53,173,38,03,66,078,31,05,18,110,34,08,50,317,33,1*79,1763494421862
NMEA,$GAGSV,2,2,08,13,11,275,31,16,33,048,33,25,53,068,29,30,07,203,28,1*7D,1763494421862
NMEA,$GBGSV,2,1,07,37,46,047,45,36,19,233,39,32,13,145,41,22,06,320,29,1*79,1763494421862
NMEA,$GBGSV,2,2,07,20,68,161,43,19,57,310,44,04,03,265,25,1*45,1763494421862
NMEA,$GBGSV,2,1,06,19,57,310,39,20,68,161,41,22,06,320,33,32,13,145,39,3*72,1763494421862
NMEA,$GBGSV,2,2,06,36,19,233,36,37,46,047,44,3*7D,1763494421862
NMEA,$GBGSV,2,1,05,19,57,310,36,20,68,161,35,32,13,145,22,36,19,233,31,5*7B,1763494421862
NMEA,$GBGSV,2,2,05,37,46,047,39,5*48,1763494421862
NMEA,$GNGSA,A,3,03,04,07,08,09,16,20,21,27,30,,,0.6,0.4,0.5,1*37,1763494421873
NMEA,$PSSGR,GSA,A,3,03,04,08,09,21,27,30,,,,,,0.6,0.4,0.5,1,8*41,1763494421873
NMEA,$GNGSA,A,3,65,72,75,76,,,,,,,,,0.6,0.4,0.5,2*30,1763494421873
NMEA,$GNGSA,A,3,02,03,05,08,13,16,25,30,,,,,0.6,0.4,0.5,3*39,1763494421873
NMEA,$PSSGR,GSA,A,3,302,303,305,308,313,316,325,330,,,,,0.6,0.4,0.5,3,1*44,1763494421873
NMEA,$GNGSA,A,3,19,20,22,32,36,37,,,,,,,0.6,0.4,0.5,4*39,1763494421873
NMEA,$PSSGR,GSA,A,3,219,220,222,232,236,237,,,,,,,0.6,0.4,0.5,4,5*40,1763494421873
NMEA,$GNVTG,4.6,T,351.8,M,0.5,N,0.9,K,E*38,1763494421873
NMEA,$GNDTM,W84,,0000.000000,N,00000.000000,E,0.000,W84*41,1763494421873
NMEA,$GNRMC,193342.00,A,3725.861916,N,12209.321361,W,0.5,4.6,181125,12.8,E,E,V*75,1763494421873
NMEA,$GNGNS,193342.00,3725.861916,N,12209.321361,W,EEEEEE,28,0.4,21.3,-32.6,,,V*24,1763494421873
NMEA,$GNGGA,193342.00,3725.861916,N,12209.321361,W,6,12,0.4,21.3,M,-32.6,M,,*7A,1763494421873
NMEA,$PSMSG,magcal=PASS,bluesky=0*00,1763494421877
NMEA,$GPGSV,4,1,13,03,15,173,43,04,51,104,44,07,54,284,39,08,19,124,41,1*63,1763494422865
NMEA,$GPGSV,4,2,13,09,78,007,45,11,03,292,30,16,32,048,35,20,15,317,39,1*6C,1763494422865
NMEA,$GPGSV,4,3,13,21,16,318,39,27,20,091,46,30,27,266,43,46,00,000,42,1*6F,1763494422865
NMEA,$GPGSV,4,4,13,48,00,000,41,1*5F,1763494422865
NMEA,$GPGSV,2,1,08,03,15,173,22,04,51,104,28,08,19,124,33,09,78,007,38,8*66,1763494422865
NMEA,$GPGSV,2,2,08,11,03,292,23,21,16,318,37,27,20,091,23,30,27,266,33,8*6E,1763494422865
NMEA,$GLGSV,1,1,04,12,65,234,39,11,50,029,42,01,74,117,40,08,19,137,37,1*7B,1763494422865
NMEA,$GAGSV,3,1,11,02,53,173,44,03,66,078,43,05,18,110,42,07,02,300,16,7*70,1763494422865
NMEA,$GAGSV,3,2,11,08,50,317,40,13,11,275,25,15,04,226,29,16,33,048,43,7*7A,1763494422865
NMEA,$GAGSV,3,3,11,25,53,068,46,26,03,322,40,30,07,203,37,7*4F,1763494422865
NMEA,$GAGSV,2,1,08,02,53,173,41,03,66,078,32,05,18,110,35,08,50,317,32,1*74,1763494422865
NMEA,$GAGSV,2,2,08,13,11,275,33,16,33,048,32,25,53,068,24,30,07,203,25,1*7E,1763494422865
NMEA,$GBGSV,2,1,07,37,46,047,45,36,19,233,39,32,13,145,41,22,06,320,29,1*79,1763494422865
NMEA,$GBGSV,2,2,07,20,68,161,43,19,57,310,44,04,03,265,25,1*45,1763494422865
NMEA,$GBGSV,2,1,06,19,57,310,41,20,68,161,42,22,06,320,35,32,13,145,42,3*74,1763494422865
NMEA,$GBGSV,2,2,06,36,19,233,38,37,46,047,46,3*71,1763494422865
NMEA,$GBGSV,2,1,05,19,57,310,37,20,68,161,38,32,13,145,26,36,19,233,33,5*71,1763494422865
NMEA,$GBGSV,2,2,05,37,46,047,42,5*44,1763494422865
NMEA,$GNGSA,A,3,03,04,07,08,09,16,20,21,27,30,,,0.6,0.4,0.5,1*37,1763494422886
NMEA,$PSSGR,GSA,A,3,03,04,08,09,21,27,30,,,,,,0.6,0.4,0.5,1,8*41,1763494422886
NMEA,$GNGSA,A,3,65,72,75,76,,,,,,,,,0.6,0.4,0.5,2*30,1763494422886
NMEA,$GNGSA,A,3,02,03,05,08,13,16,25,30,,,,,0.6,0.4,0.5,3*39,1763494422886
NMEA,$PSSGR,GSA,A,3,302,303,305,308,313,316,325,330,,,,,0.6,0.4,0.5,3,1*44,1763494422886
NMEA,$GNGSA,A,3,19,20,22,32,36,37,,,,,,,0.6,0.4,0.5,4*39,1763494422886
NMEA,$PSSGR,GSA,A,3,219,220,232,236,237,,,,,,,,0.6,0.4,0.5,4,5*72,1763494422886
NMEA,$GNVTG,4.6,T,351.8,M,0.4,N,0.8,K,E*38,1763494422886
NMEA,$GNDTM,W84,,0000.000000,N,00000.000000,E,0.000,W84*41,1763494422886
NMEA,$GNRMC,193343.00,A,3725.862067,N,12209.321322,W,0.4,4.6,181125,12.8,E,E,V*7E,1763494422886
NMEA,$GNGNS,193343.00,3725.862067,N,12209.321322,W,EEEEEE,28,0.4,21.2,-32.6,,,V*2F,1763494422886
NMEA,$GNGGA,193343.00,3725.862067,N,12209.321322,W,6,12,0.4,21.2,M,-32.6,M,,*71,1763494422886
NMEA,$PSMSG,magcal=PASS,bluesky=0*00,1763494422892
NMEA,$GPGSV,4,1,13,03,15,173,42,04,51,104,42,07,54,284,42,08,19,124,40,1*69,1763494423866
NMEA,$GPGSV,4,2,13,09,78,007,45,11,03,292,30,16,32,048,36,20,15,317,38,1*6E,1763494423866
NMEA,$GPGSV,4,3,13,21,16,318,40,27,20,091,45,30,27,266,42,46,00,000,45,1*64,1763494423866
NMEA,$GPGSV,4,4,13,48,00,000,43,1*5D,1763494423866
NMEA,$GPGSV,2,1,08,03,15,173,23,04,51,104,28,08,19,124,30,09,78,007,38,8*64,1763494423866
NMEA,$GPGSV,2,2,08,11,03,292,21,21,16,318,37,27,20,091,25,30,27,266,34,8*6D,1763494423866
NMEA,$GLGSV,1,1,04,12,65,234,40,11,50,029,44,01,74,117,38,08,19,137,39,1*72,1763494423866
NMEA,$GAGSV,3,1,11,02,53,173,43,03,66,078,42,05,18,110,44,07,02,300,16,7*70,1763494423866
NMEA,$GAGSV,3,2,11,08,50,317,41,13,11,275,29,15,04,226,31,16,33,048,43,7*7E,1763494423866
NMEA,$GAGSV,3,3,11,25,53,068,46,26,03,322,36,30,07,203,37,7*4E,1763494423866
NMEA,$GAGSV,2,1,08,02,53,173,41,03,66,078,34,05,18,110,34,08,50,317,29,1*79,1763494423866
NMEA,$GAGSV,2,2,08,13,11,275,31,16,33,048,35,25,53,068,31,30,07,203,27,1*7D,1763494423866
NMEA,$GBGSV,2,1,07,37,46,047,44,36,19,233,40,32,13,145,39,22,06,320,37,1*76,1763494423866
NMEA,$GBGSV,2,2,07,20,68,161,44,19,57,310,43,04,03,265,25,1*45,1763494423866
NMEA,$GBGSV,2,1,06,19,57,310,42,20,68,161,43,22,06,320,36,32,13,145,39,3*79,1763494423866
NMEA,$GBGSV,2,2,06,36,19,233,38,37,46,047,42,3*75,1763494423866
NMEA,$GBGSV,2,1,06,19,57,310,35,20,68,161,38,22,06,320,33,32,13,145,26,5*78,1763494423866
NMEA,$GBGSV,2,2,06,36,19,233,34,37,46,047,39,5*73,1763494423866
NMEA,$GNGSA,A,3,03,04,07,08,09,16,20,21,27,30,,,0.6,0.4,0.5,1*37,1763494423880
NMEA,$PSSGR,GSA,A,3,03,04,08,09,21,27,30,,,,,,0.6,0.4,0.5,1,8*41,1763494423880
NMEA,$GNGSA,A,3,65,72,75,76,,,,,,,,,0.6,0.4,0.5,2*30,1763494423880
NMEA,$GNGSA,A,3,02,03,05,08,13,16,25,30,,,,,0.6,0.4,0.5,3*39,1763494423880
NMEA,$PSSGR,GSA,A,3,302,303,305,308,313,316,325,330,,,,,0.6,0.4,0.5,3,1*44,1763494423880
NMEA,$GNGSA,A,3,19,20,22,32,36,37,,,,,,,0.6,0.4,0.5,4*39,1763494423880
NMEA,$PSSGR,GSA,A,3,219,220,222,232,236,237,,,,,,,0.6,0.4,0.5,4,5*40,1763494423880
NMEA,$GNVTG,44.8,T,32.0,M,1.6,N,2.9,K,E*3C,1763494423880
NMEA,$GNDTM,W84,,0000.000000,N,00000.000000,E,0.000,W84*41,1763494423880
NMEA,$GNRMC,193344.00,A,3725.862390,N,12209.320969,W,1.6,44.8,181125,12.8,E,E,V*4F,1763494423880
NMEA,$GNGNS,193344.00,3725.862390,N,12209.320969,W,EEEEEE,28,0.4,21.1,-32.6,,,V*24,1763494423880
NMEA,$GNGGA,193344.00,3725.862390,N,12209.320969,W,6,12,0.4,21.1,M,-32.6,M,,*7A,1763494423880
NMEA,$PSMSG,magcal=PASS,bluesky=0*00,1763494423891
NMEA,$GPGSV,4,1,13,03,15,173,40,04,51,104,42,07,54,284,43,08,19,124,40,1*6A,1763494424866
NMEA,$GPGSV,4,2,13,09,78,007,45,11,03,292,32,16,32,048,33,20,15,317,39,1*68,1763494424866
NMEA,$GPGSV,4,3,13,21,16,318,39,27,20,091,41,30,27,266,43,46,00,000,44,1*6E,1763494424866
NMEA,$GPGSV,4,4,13,48,00,000,42,1*5C,1763494424866
NMEA,$GPGSV,2,1,08,03,15,173,25,04,51,104,31,08,19,124,30,09,78,007,38,8*6A,1763494424866
NMEA,$GPGSV,2,2,08,11,03,292,23,21,16,318,37,27,20,091,24,30,27,266,34,8*6E,1763494424866
NMEA,$GLGSV,1,1,04,12,65,234,39,11,50,029,41,01,74,117,38,08,19,137,42,1*75,1763494424866
NMEA,$GAGSV,3,1,11,02,53,173,42,03,66,078,46,05,18,110,43,07,02,300,22,7*75,1763494424866
NMEA,$GAGSV,3,2,11,08,50,317,40,13,11,275,35,15,04,226,32,16,33,048,42,7*70,1763494424866
NMEA,$GAGSV,3,3,11,25,53,068,45,26,03,322,36,30,07,203,37,7*4D,1763494424866
NMEA,$GAGSV,2,1,08,02,53,173,41,03,66,078,35,05,18,110,36,08,50,317,27,1*74,1763494424866
NMEA,$GAGSV,2,2,08,13,11,275,30,16,33,048,35,25,53,068,35,30,07,203,25,1*7A,1763494424866
NMEA,$GBGSV,2,1,07,37,46,047,44,36,19,233,42,32,13,145,42,22,06,320,37,1*78,1763494424866
NMEA,$GBGSV,2,2,07,20,68,161,45,19,57,310,42,04,03,265,31,1*40,1763494424866
NMEA,$GBGSV,2,1,06,19,57,310,41,20,68,161,43,22,06,320,36,32,13,145,41,3*75,1763494424866
NMEA,$GBGSV,2,2,06,36,19,233,38,37,46,047,41,3*76,1763494424866
NMEA,$GBGSV,2,1,06,19,57,310,35,20,68,161,38,22,06,320,32,32,13,145,25,5*7A,1763494424866
NMEA,$GBGSV,2,2,06,36,19,233,34,37,46,047,40,5*7D,1763494424866
NMEA,$GNGSA,A,3,03,04,07,08,09,16,20,21,27,30,,,0.6,0.4,0.5,1*37,1763494424888
NMEA,$PSSGR,GSA,A,3,03,04,08,09,21,27,30,,,,,,0.6,0.4,0.5,1,8*41,1763494424888
NMEA,$GNGSA,A,3,65,72,75,76,,,,,,,,,0.6,0.4,0.5,2*30,1763494424888
NMEA,$GNGSA,A,3,02,03,05,08,13,16,25,30,,,,,0.6,0.4,0.5,3*39,1763494424888
NMEA,$PSSGR,GSA,A,3,302,303,305,308,313,316,325,330,,,,,0.6,0.4,0.5,3,1*44,1763494424888
NMEA,$GNGSA,A,3,19,20,22,32,36,37,,,,,,,0.6,0.4,0.5,4*39,1763494424888
NMEA,$PSSGR,GSA,A,3,219,220,222,232,236,237,,,,,,,0.6,0.4,0.5,4,5*40,1763494424888
NMEA,$GNVTG,47.0,T,34.2,M,1.8,N,3.3,K,E*36,1763494424888
NMEA,$GNDTM,W84,,0000.000000,N,00000.000000,E,0.000,W84*41,1763494424888
NMEA,$GNRMC,193345.00,A,3725.862775,N,12209.320513,W,1.8,47.0,181125,12.8,E,E,V*45,1763494424888
NMEA,$GNGNS,193345.00,3725.862775,N,12209.320513,W,EEEEEE,28,0.4,21.0,-32.6,,,V*2A,1763494424888
NMEA,$GNGGA,193345.00,3725.862775,N,12209.320513,W,6,12,0.4,21.0,M,-32.6,M,,*74,1763494424888
NMEA,$PSMSG,magcal=PASS,bluesky=0*00,1763494424892
NMEA,$GPGSV,4,1,13,03,15,173,42,04,51,104,45,07,54,284,43,08,19,124,40,1*6F,1763494425869
NMEA,$GPGSV,4,2,13,09,78,007,46,11,03,292,30,16,32,048,33,20,15,317,39,1*69,1763494425869
NMEA,$GPGSV,4,3,13,21,16,318,40,27,20,091,44,30,27,266,43,46,00,000,43,1*62,1763494425869
NMEA,$GPGSV,4,4,13,48,00,000,42,1*5C,1763494425869
NMEA,$GPGSV,2,1,08,03,15,173,24,04,51,104,30,08,19,124,32,09,78,007,38,8*68,1763494425869
NMEA,$GPGSV,2,2,08,11,03,292,23,21,16,318,37,27,20,091,27,30,27,266,35,8*6C,1763494425869
NMEA,$GLGSV,1,1,04,12,65,234,40,11,50,029,44,01,74,117,41,08,19,137,40,1*72,1763494425869
NMEA,$GAGSV,3,1,11,02,53,173,44,03,66,078,41,05,18,110,43,07,02,300,25,7*73,1763494425869
NMEA,$GAGSV,3,2,11,08,50,317,40,13,11,275,36,15,04,226,32,16,33,048,42,7*73,1763494425869
NMEA,$GAGSV,3,3,11,25,53,068,42,26,03,322,35,30,07,203,38,7*46,1763494425869
NMEA,$GAGSV,2,1,08,02,53,173,40,03,66,078,34,05,18,110,34,08,50,317,29,1*78,1763494425869
NMEA,$GAGSV,2,2,08,13,11,275,27,16,33,048,33,25,53,068,33,30,07,203,24,1*7D,1763494425869
NMEA,$GBGSV,2,1,07,37,46,047,43,36,19,233,42,32,13,145,44,22,06,320,38,1*76,1763494425869
NMEA,$GBGSV,2,2,07,20,68,161,43,19,57,310,42,04,03,265,31,1*46,1763494425869
NMEA,$GBGSV,2,1,06,19,57,310,42,20,68,161,42,22,06,320,37,32,13,145,43,3*74,1763494425869
NMEA,$GBGSV,2,2,06,36,19,233,41,37,46,047,40,3*79,1763494425869
NMEA,$GBGSV,2,1,06,19,57,310,36,20,68,161,37,22,06,320,31,32,13,145,30,5*71,1763494425869
NMEA,$GBGSV,2,2,06,36,19,233,34,37,46,047,39,5*73,1763494425869
NMEA,$GNGSA,A,3,03,04,07,08,09,16,20,21,27,30,,,0.6,0.4,0.5,1*37,1763494425888
NMEA,$PSSGR,GSA,A,3,03,04,08,09,21,27,30,,,,,,0.6,0.4,0.5,1,8*41,1763494425888
NMEA,$GNGSA,A,3,65,72,75,76,,,,,,,,,0.6,0.4,0.5,2*30,1763494425888
NMEA,$GNGSA,A,3,02,03,05,08,13,16,25,30,,,,,0.6,0.4,0.5,3*39,1763494425888
NMEA,$PSSGR,GSA,A,3,302,303,305,308,313,316,325,330,,,,,0.6,0.4,0.5,3,1*44,1763494425888
NMEA,$GNGSA,A,3,19,20,22,32,36,37,,,,,,,0.6,0.4,0.5,4*39,1763494425888
NMEA,$PSSGR,GSA,A,3,219,220,222,232,236,237,,,,,,,0.6,0.4,0.5,4,5*40,1763494425888
NMEA,$GNVTG,50.2,T,37.4,M,1.7,N,3.1,K,E*3A,1763494425888
NMEA,$GNDTM,W84,,0000.000000,N,00000.000000,E,0.000,W84*41,1763494425888
NMEA,$GNRMC,193346.00,A,3725.863116,N,12209.320024,W,1.7,50.2,181125,12.8,E,E,V*4E,1763494425888
NMEA,$GNGNS,193346.00,3725.863116,N,12209.320024,W,EEEEEE,28,0.4,21.0,-32.6,,,V*2A,1763494425888
NMEA,$GNGGA,193346.00,3725.863116,N,12209.320024,W,6,12,0.4,21.0,M,-32.6,M,,*74,1763494425888
NMEA,$PSMSG,magcal=PASS,bluesky=0*00,1763494425894
NMEA,$GPGSV,4,1,13,03,15,173,42,04,51,104,47,07,54,284,42,08,19,124,37,1*6C,1763494426870
NMEA,$GPGSV,4,2,13,09,78,007,46,11,03,292,28,16,32,048,35,20,15,317,39,1*66,1763494426870
NMEA,$GPGSV,4,3,13,21,16,318,41,27,20,091,44,30,27,266,42,46,00,000,44,1*65,1763494426870
NMEA,$GPGSV,4,4,13,48,00,000,38,1*51,1763494426870
NMEA,$GPGSV,2,1,08,03,15,173,26,04,51,104,26,08,19,124,32,09,78,007,38,8*6D,1763494426870
NMEA,$GPGSV,2,2,08,11,03,292,18,21,16,318,37,27,20,091,24,30,27,266,33,8*61,1763494426870
NMEA,$GLGSV,1,1,04,12,65,234,40,11,50,029,44,01,74,117,41,08,19,137,37,1*72,1763494426870
NMEA,$GAGSV,3,1,11,02,53,173,45,03,66,078,44,05,18,110,44,07,02,300,24,7*71,1763494426870
NMEA,$GAGSV,3,2,11,08,50,317,41,13,11,275,35,15,04,226,31,16,33,048,45,7*75,1763494426870
NMEA,$GAGSV,3,3,11,25,53,068,42,26,03,322,37,30,07,203,37,7*4B,1763494426870
NMEA,$GAGSV,2,1,08,02,53,173,40,03,66,078,35,05,18,110,35,08,50,317,32,1*72,1763494426870
NMEA,$GAGSV,2,2,08,13,11,275,27,16,33,048,37,25,53,068,31,30,07,203,27,1*78,1763494426870
NMEA,$GBGSV,2,1,07,37,46,047,42,36,19,233,41,32,13,145,43,22,06,320,37,1*7C,1763494426870
NMEA,$GBGSV,2,2,07,20,68,161,46,19,57,310,43,04,03,265,32,1*41,1763494426870
NMEA,$GBGSV,2,1,06,19,57,310,41,20,68,161,47,22,06,320,37,32,13,145,42,3*73,1763494426870
NMEA,$GBGSV,2,2,06,36,19,233,39,37,46,047,34,3*75,1763494426870
NMEA,$GBGSV,2,1,06,19,57,310,37,20,68,161,38,22,06,320,30,32,13,145,32,5*7C,1763494426870
NMEA,$GBGSV,2,2,06,36,19,233,34,37,46,047,40,5*7D,1763494426870
NMEA,$GNGSA,A,3,03,04,07,08,09,16,20,21,27,30,,,0.6,0.4,0.4,1*36,1763494426891
NMEA,$PSSGR,GSA,A,3,03,04,08,09,21,27,30,,,,,,0.6,0.4,0.4,1,8*40,1763494426891
NMEA,$GNGSA,A,3,65,72,75,76,,,,,,,,,0.6,0.4,0.4,2*31,1763494426891
NMEA,$GNGSA,A,3,02,03,05,08,13,16,25,30,,,,,0.6,0.4,0.4,3*38,1763494426891
NMEA,$PSSGR,GSA,A,3,302,303,305,308,313,316,325,330,,,,,0.6,0.4,0.4,3,1*45,1763494426891
NMEA,$GNGSA,A,3,19,20,22,32,36,37,,,,,,,0.6,0.4,0.4,4*38,1763494426891
NMEA,$PSSGR,GSA,A,3,219,220,222,232,236,237,,,,,,,0.6,0.4,0.4,4,5*41,1763494426891
NMEA,$GNVTG,49.2,T,36.4,M,1.5,N,2.8,K,E*39,1763494426891
NMEA,$GNDTM,W84,,0000.000000,N,00000.000000,E,0.000,W84*41,1763494426891
NMEA,$GNRMC,193347.00,A,3725.863382,N,12209.319598,W,1.5,49.2,181125,12.8,E,E,V*42,1763494426891
NMEA,$GNGNS,193347.00,3725.863382,N,12209.319598,W,EEEEEE,28,0.4,20.8,-32.6,,,V*25,1763494426891
NMEA,$GNGGA,193347.00,3725.863382,N,12209.319598,W,6,12,0.4,20.8,M,-32.6,M,,*7B,1763494426891
NMEA,$PSMSG,magcal=PASS,bluesky=0*00,1763494426897
NMEA,$GPGSV,4,1,13,03,15,173,42,04,51,104,47,07,54,284,42,08,19,124,38,1*63,1763494427861
NMEA,$GPGSV,4,2,13,09,78,007,46,11,03,292,28,16,32,048,38,20,15,317,39,1*6B,1763494427861
NMEA,$GPGSV,4,3,13,21,16,318,40,27,20,091,44,30,27,266,43,46,00,000,42,1*63,1763494427861
NMEA,$GPGSV,4,4,13,48,00,000,40,1*5E,1763494427861
NMEA,$GPGSV,2,1,08,03,15,173,25,04,51,104,29,08,19,124,31,09,78,007,36,8*6C,1763494427861
NMEA,$GPGSV,2,2,08,11,03,292,18,21,16,318,37,27,20,091,27,30,27,266,34,8*65,1763494427861
NMEA,$GLGSV,1,1,04,12,65,234,41,11,50,029,43,01,74,117,42,08,19,137,37,1*77,1763494427861
NMEA,$GAGSV,3,1,11,02,53,173,44,03,66,078,44,05,18,110,43,07,02,300,24,7*77,1763494427861
NMEA,$GAGSV,3,2,11,08,50,317,40,13,11,275,34,15,04,226,31,16,33,048,43,7*73,1763494427861
NMEA,$GAGSV,3,3,11,25,53,068,44,26,03,322,37,30,07,203,39,7*43,1763494427861
NMEA,$GAGSV,2,1,08,02,53,173,40,03,66,078,34,05,18,110,34,08,50,317,34,1*74,1763494427861
NMEA,$GAGSV,2,2,08,13,11,275,25,16,33,048,37,25,53,068,31,30,07,203,26,1*7B,1763494427861
NMEA,$GBGSV,2,1,07,37,46,047,44,36,19,233,41,32,13,145,44,22,06,320,37,1*7D,1763494427861
NMEA,$GBGSV,2,2,07,20,68,161,46,19,57,310,43,04,03,265,32,1*41,1763494427861
NMEA,$GBGSV,2,1,06,19,57,310,41,20,68,161,46,22,06,320,38,32,13,145,43,3*7C,1763494427861
NMEA,$GBGSV,2,2,06,36,19,233,38,37,46,047,38,3*78,1763494427861
NMEA,$GBGSV,2,1,06,19,57,310,39,20,68,161,37,22,06,320,31,32,13,145,30,5*7E,1763494427861
NMEA,$GBGSV,2,2,06,36,19,233,34,37,46,047,40,5*7D,1763494427861
NMEA,$GNGSA,A,3,03,04,07,08,09,16,20,21,27,30,,,0.6,0.4,0.4,1*36,1763494427881
NMEA,$PSSGR,GSA,A,3,03,04,08,09,21,27,30,,,,,,0.6,0.4,0.4,1,8*40,1763494427881
NMEA,$GNGSA,A,3,65,72,75,76,,,,,,,,,0.6,0.4,0.4,2*31,1763494427881
NMEA,$GNGSA,A,3,02,03,05,08,13,16,25,30,,,,,0.6,0.4,0.4,3*38,1763494427881
NMEA,$PSSGR,GSA,A,3,302,303,305,308,313,316,325,330,,,,,0.6,0.4,0.4,3,1*45,1763494427881
NMEA,$GNGSA,A,3,19,20,22,32,36,37,,,,,,,0.6,0.4,0.4,4*38,1763494427881
NMEA,$PSSGR,GSA,A,3,219,220,222,232,236,237,,,,,,,0.6,0.4,0.4,4,5*41,1763494427881
NMEA,$GNVTG,49.2,T,36.4,M,0.7,N,1.3,K,E*32,1763494427881
NMEA,$GNDTM,W84,,0000.000000,N,00000.000000,E,0.000,W84*41,1763494427881
NMEA,$GNRMC,193348.00,A,3725.863539,N,12209.319356,W,0.7,49.2,181125,12.8,E,E,V*4C,1763494427881
NMEA,$GNGNS,193348.00,3725.863539,N,12209.319356,W,EEEEEE,28,0.4,20.7,-32.6,,,V*27,1763494427881
NMEA,$GNGGA,193348.00,3725.863539,N,12209.319356,W,6,12,0.4,20.7,M,-32.6,M,,*79,1763494427881
NMEA,$PSMSG,magcal=PASS,bluesky=0*00,1763494427886
NMEA,$GPGSV,4,1,13,03,15,173,43,04,51,104,43,07,54,284,41,08,19,124,44,1*6E,1763494428861
NMEA,$GPGSV,4,2,13,09,78,007,45,11,03,292,30,16,32,048,47,20,15,317,36,1*66,1763494428861
NMEA,$GPGSV,4,3,13,21,16,318,40,27,20,091,46,30,27,266,38,46,00,000,44,1*6B,1763494428861
NMEA,$GPGSV,4,4,13,48,00,000,42,1*5C,1763494428861
NMEA,$GPGSV,2,1,08,03,15,173,30,04,51,104,39,08,19,124,36,09,78,007,36,8*6E,1763494428861
NMEA,$GPGSV,2,2,08,11,03,292,22,21,16,318,35,27,20,091,37,30,27,266,34,8*6F,1763494428861
NMEA,$GLGSV,1,1,04,12,65,234,41,11,50,029,43,01,74,117,42,08,19,137,41,1*76,1763494428861
NMEA,$GAGSV,3,1,11,02,53,173,44,03,66,078,43,05,18,110,40,07,02,300,24,7*73,1763494428861
NMEA,$GAGSV,3,2,11,08,50,317,40,13,11,275,36,15,04,226,32,16,33,048,40,7*71,1763494428861
NMEA,$GAGSV,3,3,11,25,53,068,46,26,03,322,36,30,07,203,39,7*40,1763494428861
NMEA,$GAGSV,2,1,08,02,53,173,38,03,66,078,35,05,18,110,28,08,50,317,34,1*77,1763494428861
NMEA,$GAGSV,2,2,08,13,11,275,26,16,33,048,36,25,53,068,35,30,07,203,30,1*7A,1763494428861
NMEA,$GBGSV,2,1,07,37,46,047,47,36,19,233,39,32,13,145,40,22,06,320,27,1*74,1763494428861
NMEA,$GBGSV,2,2,07,20,68,161,45,19,57,310,42,04,03,265,32,1*43,1763494428861
NMEA,$GBGSV,2,1,06,19,57,310,41,20,68,161,44,22,06,320,32,32,13,145,39,3*79,1763494428861
NMEA,$GBGSV,2,2,06,36,19,233,38,37,46,047,44,3*73,1763494428861
NMEA,$GBGSV,2,1,06,19,57,310,34,20,68,161,37,22,06,320,33,32,13,145,30,5*71,1763494428861
NMEA,$GBGSV,2,2,06,36,19,233,35,37,46,047,36,5*7D,1763494428861
NMEA,$GNGSA,A,3,03,04,07,08,09,16,20,21,27,30,,,0.6,0.4,0.4,1*36,1763494428876
NMEA,$PSSGR,GSA,A,3,03,04,08,09,21,27,30,,,,,,0.6,0.4,0.4,1,8*40,1763494428876
NMEA,$GNGSA,A,3,65,72,75,76,,,,,,,,,0.6,0.4,0.4,2*31,1763494428876
NMEA,$GNGSA,A,3,02,03,05,08,13,16,25,30,,,,,0.6,0.4,0.4,3*38,1763494428876
NMEA,$PSSGR,GSA,A,3,302,303,305,308,313,316,325,330,,,,,0.6,0.4,0.4,3,1*45,1763494428876
NMEA,$GNGSA,A,3,19,20,22,32,36,37,,,,,,,0.6,0.4,0.4,4*38,1763494428876
NMEA,$PSSGR,GSA,A,3,219,220,222,232,236,237,,,,,,,0.6,0.4,0.4,4,5*41,1763494428876
NMEA,$GNVTG,,T,,M,0.0,N,0.0,K,E*39,1763494428876
NMEA,$GNDTM,W84,,0000.000000,N,00000.000000,E,0.000,W84*41,1763494428876
NMEA,$GNRMC,193349.00,A,3725.863581,N,12209.319280,W,0.0,,181125,12.8,E,E,V*52,1763494428876
NMEA,$GNGNS,193349.00,3725.863581,N,12209.319280,W,EEEEEE,28,0.4,20.5,-32.6,,,V*2D,1763494428876
NMEA,$GNGGA,193349.00,3725.863581,N,12209.319280,W,6,12,0.4,20.5,M,-32.6,M,,*73,1763494428876
NMEA,$PSMSG,magcal=PASS,bluesky=0*00,1763494428883
NMEA,$GPGSV,4,1,13,03,15,173,40,04,51,104,43,07,54,284,39,08,19,124,40,1*66,1763494429862
NMEA,$GPGSV,4,2,13,09,78,007,43,11,03,292,29,16,32,048,43,20,15,317,34,1*6E,1763494429862
NMEA,$GPGSV,4,3,13,21,16,318,35,27,20,091,42,30,27,266,36,46,00,000,40,1*67,1763494429862
NMEA,$GPGSV,4,4,13,48,00,000,40,1*5E,1763494429862
NMEA,$GPGSV,2,1,08,03,15,173,36,04,51,104,35,08,19,124,31,09,78,007,35,8*60,1763494429862
NMEA,$GPGSV,2,2,08,11,03,292,24,21,16,318,35,27,20,091,36,30,27,266,36,8*6A,1763494429862
NMEA,$GLGSV,1,1,04,12,65,234,37,11,50,029,43,01,74,117,37,08,19,137,40,1*74,1763494429862
NMEA,$GAGSV,3,1,11,02,53,173,40,03,66,078,41,05,18,110,38,07,02,300,24,7*7A,1763494429862
NMEA,$GAGSV,3,2,11,08,50,317,39,13,11,275,33,15,04,226,23,16,33,048,42,7*78,1763494429862
NMEA,$GAGSV,3,3,11,25,53,068,42,26,03,322,36,30,07,203,36,7*4B,1763494429862
NMEA,$GAGSV,2,1,08,02,53,173,31,03,66,078,35,05,18,110,31,08,50,317,36,1*74,1763494429862
NMEA,$GAGSV,2,2,08,13,11,275,31,16,33,048,34,25,53,068,35,30,07,203,29,1*76,1763494429862
NMEA,$GBGSV,2,1,07,37,46,047,45,36,19,233,37,32,13,145,36,22,06,320,36,1*79,1763494429862
NMEA,$GBGSV,2,2,07,20,68,161,42,19,57,310,41,04,03,265,29,1*4D,1763494429862
NMEA,$GBGSV,2,1,06,19,57,310,40,20,68,161,41,22,06,320,32,32,13,145,36,3*72,1763494429862
NMEA,$GBGSV,2,2,06,36,19,233,36,37,46,047,44,3*7D,1763494429862
NMEA,$GBGSV,2,1,06,19,57,310,34,20,68,161,34,22,06,320,27,32,13,145,29,5*7F,1763494429862
NMEA,$GBGSV,2,2,06,36,19,233,31,37,46,047,36,5*79,1763494429862
NMEA,$GNGSA,A,3,03,04,07,08,09,16,20,21,27,30,,,0.6,0.4,0.4,1*36,1763494429881
NMEA,$PSSGR,GSA,A,3,03,04,08,09,21,27,30,,,,,,0.6,0.4,0.4,1,8*40,1763494429881
NMEA,$GNGSA,A,3,65,72,75,76,,,,,,,,,0.6,0.4,0.4,2*31,1763494429881
NMEA,$GNGSA,A,3,02,03,05,08,13,16,25,30,,,,,0.6,0.4,0.4,3*38,1763494429881
NMEA,$PSSGR,GSA,A,3,302,303,305,308,313,316,325,330,,,,,0.6,0.4,0.4,3,1*45,1763494429881
NMEA,$GNGSA,A,3,19,20,22,32,36,37,,,,,,,0.6,0.4,0.4,4*38,1763494429881
NMEA,$PSSGR,GSA,A,3,219,220,222,232,236,237,,,,,,,0.6,0.4,0.4,4,5*41,1763494429881
NMEA,$GNVTG,49.2,T,36.4,M,0.5,N,1.0,K,E*33,1763494429881
NMEA,$GNDTM,W84,,0000.000000,N,00000.000000,E,0.000,W84*41,1763494429881
NMEA,$GNRMC,193350.00,A,3725.863701,N,12209.319284,W,0.5,49.2,181125,12.8,E,E,V*40,1763494429881
NMEA,$GNGNS,193350.00,3725.863701,N,12209.319284,W,EEEEEE,28,0.4,19.9,-32.6,,,V*2D,1763494429881
NMEA,$GNGGA,193350.00,3725.863701,N,12209.319284,W,6,12,0.4,19.9,M,-32.6,M,,*73,1763494429881
NMEA,$PSMSG,magcal=PASS,bluesky=0*00,1763494429889
NMEA,$GPGSV,4,1,13,03,15,173,30,04,51,104,45,07,54,284,41,08,19,124,39,1*66,1763494430864
NMEA,$GPGSV,4,2,13,09,78,007,44,11,03,292,26,16,32,048,45,20,15,317,36,1*62,1763494430864
NMEA,$GPGSV,4,3,13,21,16,318,41,27,20,091,40,30,27,266,34,46,00,000,40,1*64,1763494430864
NMEA,$GPGSV,4,4,13,48,00,000,40,1*5E,1763494430864
NMEA,$GPGSV,2,1,08,03,15,173,35,04,51,104,33,08,19,124,32,09,78,007,38,8*6B,1763494430864
NMEA,$GPGSV,2,2,08,11,03,292,24,21,16,318,39,27,20,091,31,30,27,266,24,8*62,1763494430864
NMEA,$GLGSV,1,1,04,12,65,234,38,11,50,029,47,01,74,117,37,08,19,137,35,1*7D,1763494430864
NMEA,$GAGSV,3,1,11,02,53,173,29,03,66,078,38,05,18,110,39,07,02,300,24,7*7A,1763494430864
NMEA,$GAGSV,3,2,11,08,50,317,34,13,11,275,33,15,04,226,23,16,33,048,44,7*73,1763494430864
NMEA,$GAGSV,3,3,11,25,53,068,48,26,03,322,33,30,07,203,34,7*46,1763494430864
NMEA,$GAGSV,2,1,08,02,53,173,28,03,66,078,26,05,18,110,33,08,50,317,36,1*7C,1763494430864
NMEA,$GAGSV,2,2,08,13,11,275,25,16,33,048,36,25,53,068,26,30,07,203,24,1*7E,1763494430864
NMEA,$GBGSV,2,1,07,37,46,047,49,36,19,233,25,32,13,145,41,22,06,320,30,1*70,1763494430864
NMEA,$GBGSV,2,2,07,20,68,161,35,19,57,310,40,04,03,265,29,1*4C,1763494430864
NMEA,$GBGSV,2,1,06,19,57,310,39,20,68,161,36,22,06,320,30,32,13,145,40,3*7F,1763494430864
NMEA,$GBGSV,2,2,06,36,19,233,26,37,46,047,49,3*71,1763494430864
NMEA,$GBGSV,2,1,06,19,57,310,38,20,68,161,28,22,06,320,30,32,13,145,29,5*78,1763494430864
NMEA,$GBGSV,2,2,06,36,19,233,30,37,46,047,37,5*79,1763494430864
NMEA,$GNGSA,A,3,03,04,07,08,09,16,20,21,27,30,,,0.6,0.4,0.4,1*36,1763494430875
NMEA,$PSSGR,GSA,A,3,03,04,08,09,21,27,30,,,,,,0.6,0.4,0.4,1,8*40,1763494430875
NMEA,$GNGSA,A,3,65,72,75,76,,,,,,,,,0.6,0.4,0.4,2*31,1763494430875
NMEA,$GNGSA,A,3,02,03,05,08,13,16,25,30,,,,,0.6,0.4,0.4,3*38,1763494430875
NMEA,$PSSGR,GSA,A,3,302,303,305,308,313,316,325,330,,,,,0.6,0.4,0.4,3,1*45,1763494430875
NMEA,$GNGSA,A,3,19,20,22,32,36,37,,,,,,,0.6,0.4,0.4,4*38,1763494430875
NMEA,$PSSGR,GSA,A,3,219,220,222,232,236,237,,,,,,,0.6,0.4,0.4,4,5*41,1763494430875
NMEA,$GNVTG,,T,,M,0.0,N,0.0,K,E*39,1763494430875
NMEA,$GNDTM,W84,,0000.000000,N,00000.000000,E,0.000,W84*41,1763494430875
NMEA,$GNRMC,193351.00,A,3725.863708,N,12209.319366,W,0.0,,181125,12.8,E,E,V*51,1763494430875
NMEA,$GNGNS,193351.00,3725.863708,N,12209.319366,W,EEEEEE,28,0.4,19.8,-32.6,,,V*29,1763494430875
NMEA,$GNGGA,193351.00,3725.863708,N,12209.319366,W,6,12,0.4,19.8,M,-32.6,M,,*77,1763494430875
NMEA,$PSMSG,magcal=PASS,bluesky=0*00,1763494430880
NMEA,$GPGSV,3,1,12,04,51,104,45,07,54,284,40,08,19,124,41,09,78,007,42,1*68,1763494431867
NMEA,$GPGSV,3,2,12,11,03,292,29,16,32,048,47,20,15,317,40,21,16,318,42,1*61,1763494431867
NMEA,$GPGSV,3,3,12,27,20,091,44,30,27,266,35,46,00,000,33,48,00,000,34,1*63,1763494431867
NMEA,$GPGSV,2,1,08,03,15,173,32,04,51,104,28,08,19,124,32,09,78,007,39,8*67,1763494431867
NMEA,$GPGSV,2,2,08,11,03,292,24,21,16,318,40,27,20,091,36,30,27,266,26,8*69,1763494431867
NMEA,$GLGSV,1,1,04,12,65,234,40,11,50,029,48,01,74,117,33,08,19,137,38,1*74,1763494431867
NMEA,$GAGSV,3,1,11,02,53,173,26,03,66,078,44,05,18,110,31,07,02,300,18,7*79,1763494431867
NMEA,$GAGSV,3,2,11,08,50,317,42,13,11,275,20,15,04,226,22,16,33,048,44,7*71,1763494431867
NMEA,$GAGSV,3,3,11,25,53,068,40,26,03,322,32,30,07,203,34,7*4F,1763494431867
NMEA,$GAGSV,2,1,08,02,53,173,35,03,66,078,33,05,18,110,30,08,50,317,32,1*73,1763494431867
NMEA,$GAGSV,2,2,08,13,11,275,22,16,33,048,35,25,53,068,35,30,07,203,24,1*78,1763494431867
NMEA,$GBGSV,2,1,07,37,46,047,46,36,19,233,28,32,13,145,39,22,06,320,30,1*7D,1763494431867
NMEA,$GBGSV,2,2,07,20,68,161,41,19,57,310,43,04,03,265,29,1*4C,1763494431867
NMEA,$GBGSV,2,1,06,19,57,310,42,20,68,161,42,22,06,320,31,32,13,145,39,3*7F,1763494431867
NMEA,$GBGSV,2,2,06,36,19,233,28,37,46,047,43,3*75,1763494431867
NMEA,$GBGSV,2,1,06,19,57,310,37,20,68,161,30,22,06,320,32,32,13,145,25,5*70,1763494431867
NMEA,$GBGSV,2,2,06,36,19,233,30,37,46,047,37,5*79,1763494431867
NMEA,$GNGSA,A,3,03,04,07,08,09,16,20,21,27,30,,,0.6,0.4,0.4,1*36,1763494431884
NMEA,$PSSGR,GSA,A,3,03,04,08,09,21,27,30,,,,,,0.6,0.4,0.4,1,8*40,1763494431884
NMEA,$GNGSA,A,3,65,72,75,76,,,,,,,,,0.6,0.4,0.4,2*31,1763494431884
NMEA,$GNGSA,A,3,02,03,05,08,13,16,25,30,,,,,0.6,0.4,0.4,3*38,1763494431884
NMEA,$PSSGR,GSA,A,3,302,303,305,308,313,316,325,330,,,,,0.6,0.4,0.4,3,1*45,1763494431884
NMEA,$GNGSA,A,3,19,20,22,32,36,37,,,,,,,0.6,0.4,0.4,4*38,1763494431884
NMEA,$PSSGR,GSA,A,3,219,220,222,232,236,237,,,,,,,0.6,0.4,0.4,4,5*41,1763494431884
NMEA,$GNVTG,,T,,M,0.0,N,0.0,K,E*39,1763494431884
NMEA,$GNDTM,W84,,0000.000000,N,00000.000000,E,0.000,W84*41,1763494431884
NMEA,$GNRMC,193352.00,A,3725.863713,N,12209.319376,W,0.0,,181125,12.8,E,E,V*59,1763494431884
NMEA,$GNGNS,193352.00,3725.863713,N,12209.319376,W,EEEEEE,28,0.4,19.8,-32.6,,,V*21,1763494431884
NMEA,$GNGGA,193352.00,3725.863713,N,12209.319376,W,6,12,0.4,19.8,M,-32.6,M,,*7F,1763494431884
NMEA,$PSMSG,magcal=PASS,bluesky=0*00,1763494431890
NMEA,$GPGSV,3,1,11,04,51,104,43,07,54,284,39,08,19,124,39,09,78,007,37,1*6E,1763494432863
NMEA,$GPGSV,3,2,11,16,32,048,44,20,15,317,38,21,16,318,41,27,20,091,43,1*64,1763494432863
NMEA,$GPGSV,3,3,11,30,27,266,29,46,00,000,33,48,00,000,34,1*52,1763494432863
NMEA,$GPGSV,2,1,08,03,15,173,33,04,51,104,35,08,19,124,36,09,78,007,38,8*6F,1763494432863
NMEA,$GPGSV,2,2,08,11,03,292,24,21,16,318,36,27,20,091,34,30,27,266,31,8*6C,1763494432863
NMEA,$GLGSV,1,1,04,12,65,234,36,11,50,029,46,01,74,117,32,08,19,137,39,1*7B,1763494432863
NMEA,$GAGSV,3,1,11,02,53,173,28,03,66,078,42,05,18,110,35,07,02,300,18,7*75,1763494432863
NMEA,$GAGSV,3,2,11,08,50,317,40,13,11,275,26,15,04,226,22,16,33,048,42,7*73,1763494432863
NMEA,$GAGSV,3,3,11,25,53,068,43,26,03,322,37,30,07,203,33,7*4E,1763494432863
NMEA,$GAGSV,2,1,08,02,53,173,33,03,66,078,32,05,18,110,37,08,50,317,34,1*75,1763494432863
NMEA,$GAGSV,2,2,08,13,11,275,32,16,33,048,33,25,53,068,28,30,07,203,23,1*74,1763494432863
NMEA,$GBGSV,2,1,06,37,46,047,45,36,19,233,29,32,13,145,38,22,06,320,33,1*7C,1763494432863
NMEA,$GBGSV,2,2,06,20,68,161,39,19,57,310,40,1*7C,1763494432863
NMEA,$GBGSV,2,1,06,19,57,310,40,20,68,161,39,22,06,320,30,32,13,145,38,3*71,1763494432863
NMEA,$GBGSV,2,2,06,36,19,233,28,37,46,047,43,3*75,1763494432863
NMEA,$GBGSV,2,1,06,19,57,310,34,20,68,161,32,22,06,320,29,32,13,145,31,5*7E,1763494432863
NMEA,$GBGSV,2,2,06,36,19,233,35,37,46,047,40,5*7C,1763494432863
NMEA,$GNGSA,A,3,03,04,07,08,09,16,20,21,27,30,,,0.6,0.4,0.5,1*37,1763494432869
NMEA,$PSSGR,GSA,A,3,03,04,08,09,21,27,30,,,,,,0.6,0.4,0.5,1,8*41,1763494432869
NMEA,$GNGSA,A,3,65,72,75,76,,,,,,,,,0.6,0.4,0.5,2*30,1763494432869
NMEA,$GNGSA,A,3,02,03,05,08,13,16,25,30,,,,,0.6,0.4,0.5,3*39,1763494432869
NMEA,$PSSGR,GSA,A,3,302,303,305,308,313,316,325,330,,,,,0.6,0.4,0.5,3,1*44,1763494432869
NMEA,$GNGSA,A,3,19,20,22,32,36,37,,,,,,,0.6,0.4,0.5,4*39,1763494432869
NMEA,$PSSGR,GSA,A,3,219,220,222,232,236,237,,,,,,,0.6,0.4,0.5,4,5*40,1763494432869
NMEA,$GNVTG,,T,,M,0.0,N,0.0,K,E*39,1763494432869
NMEA,$GNDTM,W84,,0000.000000,N,00000.000000,E,0.000,W84*41,1763494432869
NMEA,$GNRMC,193353.00,A,3725.863726,N,12209.319380,W,0.0,,181125,12.8,E,E,V*57,1763494432869
NMEA,$GNGNS,193353.00,3725.863726,N,12209.319380,W,EEEEEE,28,0.4,19.8,-32.6,,,V*2F,1763494432869
NMEA,$GNGGA,193353.00,3725.863726,N,12209.319380,W,6,12,0.4,19.8,M,-32.6,M,,*71,1763494432869
NMEA,$PSMSG,magcal=PASS,bluesky=0*00,1763494432874
NMEA,$GPGSV,3,1,12,03,15,173,29,04,51,104,31,07,54,284,34,08,19,124,37,1*67,1763494433860
NMEA,$GPGSV,3,2,12,09,78,007,34,16,32,048,39,20,15,317,35,21,16,318,38,1*60,1763494433860
NMEA,$GPGSV,3,3,12,27,20,091,38,30,27,266,25,46,00,000,33,48,00,000,34,1*69,1763494433860
NMEA,$GPGSV,2,1,08,03,15,173,33,04,51,104,32,08,19,124,34,09,78,007,33,8*61,1763494433860
NMEA,$GPGSV,2,2,08,11,03,292,24,21,16,318,36,27,20,091,31,30,27,266,23,8*6A,1763494433860
NMEA,$GLGSV,1,1,04,12,65,234,27,11,50,029,40,01,74,117,31,08,19,137,38,1*7F,1763494433860
NMEA,$GAGSV,3,1,11,02,53,173,28,03,66,078,39,05,18,110,35,07,02,300,18,7*79,1763494433860
NMEA,$GAGSV,3,2,11,08,50,317,36,13,11,275,26,15,04,226,22,16,33,048,36,7*71,1763494433860
NMEA,$GAGSV,3,3,11,25,53,068,36,26,03,322,36,30,07,203,26,7*49,1763494433860
NMEA,$GAGSV,2,1,08,02,53,173,29,03,66,078,27,05,18,110,32,08,50,317,28,1*72,1763494433860
NMEA,$GAGSV,2,2,08,13,11,275,30,16,33,048,29,25,53,068,27,30,07,203,21,1*70,1763494433860
NMEA,$GBGSV,2,1,06,37,46,047,38,36,19,233,25,32,13,145,29,22,06,320,29,1*71,1763494433860
NMEA,$GBGSV,2,2,06,20,68,161,36,19,57,310,39,1*7D,1763494433860
NMEA,$GBGSV,2,1,06,19,57,310,38,20,68,161,35,22,06,320,28,32,13,145,28,3*7A,1763494433860
NMEA,$GBGSV,2,2,06,36,19,233,25,37,46,047,35,3*79,1763494433860
NMEA,$GBGSV,2,1,06,19,57,310,21,20,68,161,26,22,06,320,21,32,13,145,30,5*76,1763494433860
NMEA,$GBGSV,2,2,06,36,19,233,33,37,46,047,35,5*78,1763494433860
NMEA,$GNGSA,A,3,03,04,07,08,09,16,20,21,27,30,,,0.6,0.4,0.5,1*37,1763494433868
NMEA,$PSSGR,GSA,A,3,03,04,08,09,21,27,30,,,,,,0.6,0.4,0.5,1,8*41,1763494433868
NMEA,$GNGSA,A,3,65,72,75,76,,,,,,,,,0.6,0.4,0.5,2*30,1763494433868
NMEA,$GNGSA,A,3,02,03,05,08,13,16,25,30,,,,,0.6,0.4,0.5,3*39,1763494433868
NMEA,$PSSGR,GSA,A,3,302,303,305,308,313,316,325,330,,,,,0.6,0.4,0.5,3,1*44,1763494433868
NMEA,$GNGSA,A,3,19,20,22,32,36,37,,,,,,,0.6,0.4,0.5,4*39,1763494433868
NMEA,$PSSGR,GSA,A,3,219,220,222,232,236,237,,,,,,,0.6,0.4,0.5,4,5*40,1763494433868
NMEA,$GNVTG,,T,,M,0.0,N,0.0,K,E*39,1763494433868
NMEA,$GNDTM,W84,,0000.000000,N,00000.000000,E,0.000,W84*41,1763494433868
NMEA,$GNRMC,193354.00,A,3725.863727,N,12209.319393,W,0.0,,181125,12.8,E,E,V*53,1763494433868
NMEA,$GNGNS,193354.00,3725.863727,N,12209.319393,W,EEEEEE,28,0.4,19.8,-32.6,,,V*2B,1763494433868
NMEA,$GNGGA,193354.00,3725.863727,N,12209.319393,W,6,12,0.4,19.8,M,-32.6,M,,*75,1763494433868
NMEA,$PSMSG,magcal=PASS,bluesky=0*00,1763494433873
