NMEA,$GPGSV,4,1,13,03,21,173,34,04,55,097,43,06,05,259,21,07,51,277,43,1*64,1763493706856
NMEA,$GPGSV,4,2,13,08,16,128,39,09,74,350,43,11,04,297,24,16,36,052,42,1*68,1763493706856
NMEA,$GPGSV,4,3,13,20,12,321,37,21,12,321,36,26,04,041,42,27,18,097,44,1*60,1763493706856
NMEA,$GPGSV,4,4,13,30,23,262,42,1*54,1763493706856
NMEA,$GPGSV,3,1,09,03,21,173,23,04,55,097,38,06,05,259,11,08,16,128,34,8*6D,1763493706856
NMEA,$GPGSV,3,2,09,09,74,350,35,21,12,321,35,26,04,041,29,27,18,097,33,8*65,1763493706856
NMEA,$GPGSV,3,3,09,30,23,262,27,8*55,1763493706856
NMEA,$GLGSV,2,1,05,,00,000,29,12,60,224,43,11,56,029,38,01,78,089,38,1*74,1763493706856
NMEA,$GLGSV,2,2,05,08,25,133,42,1*45,1763493706856
NMEA,$GAGSV,3,1,10,02,48,173,40,03,68,067,40,05,21,106,41,08,46,314,39,7*75,1763493706856
NMEA,$GAGSV,3,2,10,13,14,279,35,15,08,229,29,16,36,052,41,25,55,075,42,7*73,1763493706856
NMEA,$GAGSV,3,3,10,26,03,326,23,30,03,202,16,7*74,1763493706856
NMEA,$GAGSV,2,1,08,02,48,173,32,03,68,067,34,05,21,106,30,08,46,314,30,1*72,1763493706856
NMEA,$GAGSV,2,2,08,13,14,279,30,15,08,229,18,16,36,052,35,25,55,075,36,1*7A,1763493706856
NMEA,$GBGSV,2,1,06,37,51,047,42,36,15,230,31,32,17,142,37,23,03,049,34,1*78,1763493706856
NMEA,$GBGSV,2,2,06,20,74,158,43,19,52,313,40,1*70,1763493706856
NMEA,$GBGSV,2,1,05,19,52,313,40,20,74,158,42,32,17,142,35,36,15,230,32,3*74,1763493706856
NMEA,$GBGSV,2,2,05,37,51,047,41,3*47,1763493706856
NMEA,$GBGSV,2,1,06,19,52,313,31,20,74,158,34,23,03,049,24,32,17,142,29,5*73,1763493706856
NMEA,$GBGSV,2,2,06,36,15,230,19,37,51,047,37,5*7B,1763493706856
NMEA,$GNGSA,A,3,03,04,07,08,09,16,20,21,27,30,,,0.7,0.4,0.5,1*36,1763493706866
NMEA,$PSSGR,GSA,A,3,03,04,08,09,21,27,30,,,,,,0.7,0.4,0.5,1,8*40,1763493706866
NMEA,$GNGSA,A,3,65,72,75,76,,,,,,,,,0.7,0.4,0.5,2*31,1763493706866
NMEA,$GNGSA,A,3,02,03,05,08,13,16,25,,,,,,0.7,0.4,0.5,3*3B,1763493706866
NMEA,$PSSGR,GSA,A,3,302,303,305,308,313,316,325,,,,,,0.7,0.4,0.5,3,1*75,1763493706866
NMEA,$GNGSA,A,3,19,20,32,36,37,,,,,,,,0.7,0.4,0.5,4*38,1763493706866
NMEA,$PSSGR,GSA,A,3,219,220,232,237,,,,,,,,,0.7,0.4,0.5,4,5*44,1763493706866
NMEA,$GNVTG,26.7,T,13.9,M,0.4,N,0.7,K,E*32,1763493706866
NMEA,$GNDTM,W84,,0000.000000,N,00000.000000,E,0.000,W84*41,1763493706866
NMEA,$GNRMC,192147.00,A,3725.855165,N,12209.359393,W,0.4,26.7,181125,12.8,E,E,V*4A,1763493706866
NMEA,$GNGNS,192147.00,3725.855165,N,12209.359393,W,EEEEEE,26,0.4,21.2,-32.6,,,V*24,1763493706866
NMEA,$GNGGA,192147.00,3725.855165,N,12209.359393,W,6,12,0.4,21.2,M,-32.6,M,,*74,1763493706866
NMEA,$PSMSG,magcal=PASS,bluesky=0*00,1763493706871
NMEA,$GPGSV,4,1,13,03,21,173,38,04,55,097,43,06,05,259,24,07,51,277,43,1*6D,1763493707858
NMEA,$GPGSV,4,2,13,08,16,128,40,09,74,350,40,11,04,297,24,16,36,052,42,1*65,1763493707858
NMEA,$GPGSV,4,3,13,20,12,321,39,21,12,321,38,26,04,041,43,27,18,097,45,1*60,1763493707858
NMEA,$GPGSV,4,4,13,30,23,262,41,1*57,1763493707858
NMEA,$GPGSV,3,1,09,03,21,173,23,04,55,097,40,06,05,259,11,08,16,128,36,8*60,1763493707858
NMEA,$GPGSV,3,2,09,09,74,350,38,21,12,321,34,26,04,041,33,27,18,097,35,8*64,1763493707858
NMEA,$GPGSV,3,3,09,30,23,262,26,8*54,1763493707858
NMEA,$GLGSV,2,1,05,,00,000,29,12,60,224,44,11,56,029,38,01,78,089,37,1*7C,1763493707858
NMEA,$GLGSV,2,2,05,08,25,133,43,1*44,1763493707858
NMEA,$GAGSV,3,1,10,02,48,173,41,03,68,067,39,05,21,106,43,08,46,314,36,7*77,1763493707858
NMEA,$GAGSV,3,2,10,13,14,279,36,15,08,229,30,16,36,052,41,25,55,075,42,7*78,1763493707858
NMEA,$GAGSV,3,3,10,26,03,326,23,30,03,202,16,7*74,1763493707858
NMEA,$GAGSV,2,1,08,02,48,173,35,03,68,067,34,05,21,106,31,08,46,314,26,1*73,1763493707858
NMEA,$GAGSV,2,2,08,13,14,279,28,15,08,229,18,16,36,052,32,25,55,075,38,1*7A,1763493707858
NMEA,$GBGSV,2,1,07,37,51,047,41,36,15,230,32,32,17,142,35,23,03,049,29,1*77,1763493707858
NMEA,$GBGSV,2,2,07,22,01,319,18,20,74,158,42,19,52,313,38,1*4C,1763493707858
NMEA,$GBGSV,2,1,05,19,52,313,40,20,74,158,43,32,17,142,32,36,15,230,32,3*72,1763493707858
NMEA,$GBGSV,2,2,05,37,51,047,38,3*49,1763493707858
NMEA,$GBGSV,2,1,06,19,52,313,26,20,74,158,35,23,03,049,24,32,17,142,31,5*7D,1763493707858
NMEA,$GBGSV,2,2,06,36,15,230,19,37,51,047,38,5*74,1763493707858
NMEA,$GNGSA,A,3,03,04,07,08,09,16,20,21,27,30,,,0.6,0.4,0.5,1*37,1763493707867
NMEA,$PSSGR,GSA,A,3,03,04,08,09,21,27,30,,,,,,0.6,0.4,0.5,1,8*41,1763493707867
NMEA,$GNGSA,A,3,65,72,75,76,,,,,,,,,0.6,0.4,0.5,2*30,1763493707867
NMEA,$GNGSA,A,3,02,03,05,08,13,15,16,25,,,,,0.6,0.4,0.5,3*3E,1763493707867
NMEA,$PSSGR,GSA,A,3,302,303,305,308,313,316,325,,,,,,0.6,0.4,0.5,3,1*74,1763493707867
NMEA,$GNGSA,A,3,19,20,32,36,37,,,,,,,,0.6,0.4,0.5,4*39,1763493707867
NMEA,$PSSGR,GSA,A,3,219,220,232,237,,,,,,,,,0.6,0.4,0.5,4,5*45,1763493707867
NMEA,$GNVTG,,T,,M,0.0,N,0.0,K,E*39,1763493707867
NMEA,$GNDTM,W84,,0000.000000,N,00000.000000,E,0.000,W84*41,1763493707867
NMEA,$GNRMC,192148.00,A,3725.855125,N,12209.359406,W,0.0,,181125,12.8,E,E,V*53,1763493707867
NMEA,$GNGNS,192148.00,3725.855125,N,12209.359406,W,EEEEEE,27,0.4,21.1,-32.6,,,V*26,1763493707867
NMEA,$GNGGA,192148.00,3725.855125,N,12209.359406,W,6,12,0.4,21.1,M,-32.6,M,,*77,1763493707867
NMEA,$PSMSG,magcal=PASS,bluesky=0*00,1763493707870
NMEA,$GPGSV,4,1,13,03,21,173,39,04,55,097,43,06,05,259,25,07,51,277,42,1*6C,1763493708857
NMEA,$GPGSV,4,2,13,08,16,128,41,09,74,350,38,11,04,297,24,16,36,052,42,1*6B,1763493708857
NMEA,$GPGSV,4,3,13,20,12,321,39,21,12,321,38,26,04,041,43,27,18,097,45,1*60,1763493708857
NMEA,$GPGSV,4,4,13,30,23,262,40,1*56,1763493708857
NMEA,$GPGSV,3,1,09,03,21,173,23,04,55,097,37,06,05,259,11,08,16,128,34,8*62,1763493708857
NMEA,$GPGSV,3,2,09,09,74,350,34,21,12,321,33,26,04,041,32,27,18,097,30,8*6B,1763493708857
NMEA,$GPGSV,3,3,09,30,23,262,28,8*5A,1763493708857
NMEA,$GLGSV,2,1,05,,00,000,29,12,60,224,43,11,56,029,35,01,78,089,35,1*74,1763493708857
NMEA,$GLGSV,2,2,05,08,25,133,43,1*44,1763493708857
NMEA,$GAGSV,3,1,10,02,48,173,38,03,68,067,35,05,21,106,39,08,46,314,34,7*7A,1763493708857
NMEA,$GAGSV,3,2,10,13,14,279,33,15,08,229,25,16,36,052,39,25,55,075,37,7*74,1763493708857
NMEA,$GAGSV,3,3,10,26,03,326,23,30,03,202,16,7*74,1763493708857
NMEA,$GAGSV,2,1,08,02,48,173,33,03,68,067,34,05,21,106,30,08,46,314,23,1*71,1763493708857
NMEA,$GAGSV,2,2,08,13,14,279,26,15,08,229,18,16,36,052,32,25,55,075,35,1*79,1763493708857
NMEA,$GBGSV,2,1,07,37,51,047,40,36,15,230,31,32,17,142,36,23,03,049,32,1*7C,1763493708857
NMEA,$GBGSV,2,2,07,22,01,319,18,20,74,158,41,19,52,313,39,1*4E,1763493708857
NMEA,$GBGSV,2,1,05,19,52,313,37,20,74,158,39,32,17,142,30,36,15,230,28,3*76,1763493708857
NMEA,$GBGSV,2,2,05,37,51,047,36,3*47,1763493708857
NMEA,$GBGSV,2,1,06,19,52,313,25,20,74,158,33,23,03,049,23,32,17,142,26,5*79,1763493708857
NMEA,$GBGSV,2,2,06,36,15,230,19,37,51,047,35,5*79,1763493708857
NMEA,$GNGSA,A,3,03,04,07,08,09,16,20,21,27,30,,,0.6,0.4,0.5,1*37,1763493708868
NMEA,$PSSGR,GSA,A,3,03,04,08,09,21,27,30,,,,,,0.6,0.4,0.5,1,8*41,1763493708868
NMEA,$GNGSA,A,3,65,72,75,76,,,,,,,,,0.6,0.4,0.5,2*30,1763493708868
NMEA,$GNGSA,A,3,02,03,05,08,13,15,16,25,,,,,0.6,0.4,0.5,3*3E,1763493708868
NMEA,$PSSGR,GSA,A,3,302,303,305,308,313,316,325,,,,,,0.6,0.4,0.5,3,1*74,1763493708868
NMEA,$GNGSA,A,3,19,20,32,36,37,,,,,,,,0.6,0.4,0.5,4*39,1763493708868
NMEA,$PSSGR,GSA,A,3,219,220,232,237,,,,,,,,,0.6,0.4,0.5,4,5*45,1763493708868
NMEA,$GNVTG,,T,,M,0.0,N,0.0,K,E*39,1763493708868
NMEA,$GNDTM,W84,,0000.000000,N,00000.000000,E,0.000,W84*41,1763493708868
NMEA,$GNRMC,192149.00,A,3725.855103,N,12209.359337,W,0.0,,181125,12.8,E,E,V*53,1763493708868
NMEA,$GNGNS,192149.00,3725.855103,N,12209.359337,W,EEEEEE,27,0.4,21.3,-32.6,,,V*24,1763493708868
NMEA,$GNGGA,192149.00,3725.855103,N,12209.359337,W,6,12,0.4,21.3,M,-32.6,M,,*75,1763493708868
NMEA,$PSMSG,magcal=PASS,bluesky=0*00,1763493708871
NMEA,$GPGSV,4,1,13,03,21,173,37,04,55,097,41,06,05,259,27,07,51,277,44,1*64,1763493709857
NMEA,$GPGSV,4,2,13,08,16,128,42,09,74,350,40,11,04,297,23,16,36,052,43,1*61,1763493709857
NMEA,$GPGSV,4,3,13,20,12,321,39,21,12,321,40,26,04,041,41,27,18,097,44,1*6C,1763493709857
NMEA,$GPGSV,4,4,13,30,23,262,43,1*55,1763493709857
NMEA,$GPGSV,3,1,10,03,21,173,23,04,55,097,34,06,05,259,11,08,16,128,38,8*65,1763493709857
NMEA,$GPGSV,3,2,10,09,74,350,34,11,04,297,14,21,12,321,35,26,04,041,31,8*6A,1763493709857
NMEA,$GPGSV,3,3,10,27,18,097,35,30,23,262,30,8*6F,1763493709857
NMEA,$GLGSV,2,1,05,,00,000,29,12,60,224,42,11,56,029,38,01,78,089,34,1*79,1763493709857
NMEA,$GLGSV,2,2,05,08,25,133,38,1*48,1763493709857
NMEA,$GAGSV,3,1,10,02,48,173,39,03,68,067,38,05,21,106,42,08,46,314,40,7*79,1763493709857
NMEA,$GAGSV,3,2,10,13,14,279,35,15,08,229,28,16,36,052,43,25,55,075,33,7*76,1763493709857
NMEA,$GAGSV,3,3,10,26,03,326,23,30,03,202,17,7*75,1763493709857
NMEA,$GAGSV,2,1,08,02,48,173,28,03,68,067,36,05,21,106,29,08,46,314,21,1*73,1763493709857
NMEA,$GAGSV,2,2,08,13,14,279,31,15,08,229,19,16,36,052,34,25,55,075,36,1*7B,1763493709857
NMEA,$GBGSV,2,1,07,37,51,047,40,36,15,230,31,32,17,142,37,23,03,049,36,1*79,1763493709857
NMEA,$GBGSV,2,2,07,22,01,319,18,20,74,158,42,19,52,313,44,1*47,1763493709857
NMEA,$GBGSV,2,1,05,19,52,313,41,20,74,158,40,32,17,142,35,36,15,230,32,3*77,1763493709857
NMEA,$GBGSV,2,2,05,37,51,047,38,3*49,1763493709857
NMEA,$GBGSV,2,1,06,19,52,313,25,20,74,158,28,23,03,049,25,32,17,142,27,5*74,1763493709857
NMEA,$GBGSV,2,2,06,36,15,230,19,37,51,047,36,5*7A,1763493709857
NMEA,$GNGSA,A,3,03,04,07,08,09,16,20,21,27,30,,,0.6,0.4,0.5,1*37,1763493709869
NMEA,$PSSGR,GSA,A,3,03,04,08,09,21,27,30,,,,,,0.6,0.4,0.5,1,8*41,1763493709869
NMEA,$GNGSA,A,3,65,72,75,76,,,,,,,,,0.6,0.4,0.5,2*30,1763493709869
NMEA,$GNGSA,A,3,02,03,05,08,13,15,16,25,,,,,0.6,0.4,0.5,3*3E,1763493709869
NMEA,$PSSGR,GSA,A,3,302,303,305,308,313,316,325,,,,,,0.6,0.4,0.5,3,1*74,1763493709869
NMEA,$GNGSA,A,3,19,20,32,36,37,,,,,,,,0.6,0.4,0.5,4*39,1763493709869
NMEA,$PSSGR,GSA,A,3,219,220,232,237,,,,,,,,,0.6,0.4,0.5,4,5*45,1763493709869
NMEA,$GNVTG,,T,,M,0.0,N,0.0,K,E*39,1763493709869
NMEA,$GNDTM,W84,,0000.000000,N,00000.000000,E,0.000,W84*41,1763493709869
NMEA,$GNRMC,192150.00,A,3725.855104,N,12209.359227,W,0.0,,181125,12.8,E,E,V*5C,1763493709869
NMEA,$GNGNS,192150.00,3725.855104,N,12209.359227,W,EEEEEE,27,0.4,21.4,-32.6,,,V*2C,1763493709869
NMEA,$GNGGA,192150.00,3725.855104,N,12209.359227,W,6,12,0.4,21.4,M,-32.6,M,,*7D,1763493709869
NMEA,$PSMSG,magcal=PASS,bluesky=0*00,1763493709873
NMEA,$GPGSV,4,1,13,03,21,173,38,04,55,097,40,06,05,259,26,07,51,277,44,1*6B,1763493710857
NMEA,$GPGSV,4,2,13,08,16,128,38,09,74,350,36,11,04,297,26,16,36,052,42,1*69,1763493710857
NMEA,$GPGSV,4,3,13,20,12,321,38,21,12,321,36,26,04,041,41,27,18,097,46,1*6E,1763493710857
NMEA,$GPGSV,4,4,13,30,23,262,43,1*55,1763493710857
NMEA,$GPGSV,3,1,10,03,21,173,23,04,55,097,35,06,05,259,11,08,16,128,37,8*6B,1763493710857
NMEA,$GPGSV,3,2,10,09,74,350,38,11,04,297,21,21,12,321,35,26,04,041,32,8*63,1763493710857
NMEA,$GPGSV,3,3,10,27,18,097,36,30,23,262,32,8*6E,1763493710857
NMEA,$GLGSV,2,1,05,,00,000,29,12,60,224,42,11,56,029,42,01,78,089,34,1*74,1763493710857
NMEA,$GLGSV,2,2,05,08,25,133,40,1*47,1763493710857
NMEA,$GAGSV,3,1,10,02,48,173,40,03,68,067,39,05,21,106,43,08,46,314,40,7*77,1763493710857
NMEA,$GAGSV,3,2,10,13,14,279,37,15,08,229,30,16,36,052,42,25,55,075,39,7*76,1763493710857
NMEA,$GAGSV,3,3,10,26,03,326,22,30,03,202,17,7*74,1763493710857
NMEA,$GAGSV,2,1,08,02,48,173,28,03,68,067,37,05,21,106,35,08,46,314,30,1*7F,1763493710857
NMEA,$GAGSV,2,2,08,13,14,279,32,15,08,229,24,16,36,052,37,25,55,075,37,1*74,1763493710857
NMEA,$GBGSV,2,1,07,37,51,047,40,36,15,230,35,32,17,142,37,23,03,049,33,1*78,1763493710857
NMEA,$GBGSV,2,2,07,22,01,319,18,20,74,158,40,19,52,313,42,1*43,1763493710857
NMEA,$GBGSV,2,1,05,19,52,313,43,20,74,158,40,32,17,142,38,36,15,230,33,3*79,1763493710857
NMEA,$GBGSV,2,2,05,37,51,047,36,3*47,1763493710857
NMEA,$GBGSV,2,1,06,19,52,313,29,20,74,158,31,23,03,049,29,32,17,142,30,5*7A,1763493710857
NMEA,$GBGSV,2,2,06,36,15,230,19,37,51,047,36,5*7A,1763493710857
NMEA,$GNGSA,A,3,03,04,07,08,09,16,20,21,27,30,,,0.6,0.4,0.5,1*37,1763493710870
NMEA,$PSSGR,GSA,A,3,03,04,08,09,21,27,30,,,,,,0.6,0.4,0.5,1,8*41,1763493710870
NMEA,$GNGSA,A,3,65,72,75,76,,,,,,,,,0.6,0.4,0.5,2*30,1763493710870
NMEA,$GNGSA,A,3,02,03,05,08,13,15,16,25,,,,,0.6,0.4,0.5,3*3E,1763493710870
NMEA,$PSSGR,GSA,A,3,302,303,305,308,313,316,325,,,,,,0.6,0.4,0.5,3,1*74,1763493710870
NMEA,$GNGSA,A,3,19,20,32,36,37,,,,,,,,0.6,0.4,0.5,4*39,1763493710870
NMEA,$PSSGR,GSA,A,3,219,220,232,237,,,,,,,,,0.6,0.4,0.5,4,5*45,1763493710870
NMEA,$GNVTG,26.7,T,13.9,M,0.8,N,1.4,K,E*3C,1763493710870
NMEA,$GNDTM,W84,,0000.000000,N,00000.000000,E,0.000,W84*41,1763493710870
NMEA,$GNRMC,192151.00,A,3725.855152,N,12209.358945,W,0.8,26.7,181125,12.8,E,E,V*45,1763493710870
NMEA,$GNGNS,192151.00,3725.855152,N,12209.358945,W,EEEEEE,27,0.4,21.4,-32.6,,,V*20,1763493710870
NMEA,$GNGGA,192151.00,3725.855152,N,12209.358945,W,6,12,0.4,21.4,M,-32.6,M,,*71,1763493710870
NMEA,$PSMSG,magcal=PASS,bluesky=0*00,1763493710873
NMEA,$GPGSV,4,1,13,03,21,173,34,04,55,097,38,06,05,259,28,07,51,277,42,1*60,1763493711857
NMEA,$GPGSV,4,2,13,08,16,128,38,09,74,350,42,11,04,297,23,16,36,052,42,1*6F,1763493711857
NMEA,$GPGSV,4,3,13,20,12,321,33,21,12,321,32,26,04,041,37,27,18,097,46,1*60,1763493711857
NMEA,$GPGSV,4,4,13,30,23,262,44,1*52,1763493711857
NMEA,$GPGSV,3,1,10,03,21,173,24,04,55,097,32,06,05,259,11,08,16,128,38,8*64,1763493711857
NMEA,$GPGSV,3,2,10,09,74,350,30,11,04,297,21,21,12,321,33,26,04,041,34,8*6B,1763493711857
NMEA,$GPGSV,3,3,10,27,18,097,35,30,23,262,32,8*6D,1763493711857
NMEA,$GLGSV,2,1,05,,00,000,29,12,60,224,41,11,56,029,38,01,78,089,37,1*79,1763493711857
NMEA,$GLGSV,2,2,05,08,25,133,38,1*48,1763493711857
NMEA,$GAGSV,3,1,10,02,48,173,37,03,68,067,40,05,21,106,42,08,46,314,39,7*76,1763493711857
NMEA,$GAGSV,3,2,10,13,14,279,38,15,08,229,28,16,36,052,41,25,55,075,41,7*7C,1763493711857
NMEA,$GAGSV,3,3,10,26,03,326,26,30,03,202,19,7*7E,1763493711857
NMEA,$GAGSV,2,1,08,02,48,173,31,03,68,067,35,05,21,106,32,08,46,314,30,1*72,1763493711857
NMEA,$GAGSV,2,2,08,13,14,279,32,15,08,229,24,16,36,052,29,25,55,075,33,1*7F,1763493711857
NMEA,$GBGSV,2,1,07,37,51,047,41,36,15,230,38,32,17,142,42,23,03,049,34,1*71,1763493711857
NMEA,$GBGSV,2,2,07,22,01,319,20,20,74,158,43,19,52,313,43,1*4A,1763493711857
NMEA,$GBGSV,2,1,05,19,52,313,43,20,74,158,42,32,17,142,42,36,15,230,35,3*70,1763493711857
NMEA,$GBGSV,2,2,05,37,51,047,41,3*47,1763493711857
NMEA,$GBGSV,2,1,06,19,52,313,34,20,74,158,33,23,03,049,28,32,17,142,28,5*7C,1763493711857
NMEA,$GBGSV,2,2,06,36,15,230,18,37,51,047,28,5*74,1763493711857
NMEA,$GNGSA,A,3,03,04,07,08,09,16,20,21,27,30,,,0.7,0.4,0.5,1*36,1763493711868
NMEA,$PSSGR,GSA,A,3,04,08,09,21,27,30,,,,,,,0.7,0.4,0.5,1,8*43,1763493711868
NMEA,$GNGSA,A,3,65,72,75,76,,,,,,,,,0.7,0.4,0.5,2*31,1763493711868
NMEA,$GNGSA,A,3,02,03,05,08,13,15,16,25,,,,,0.7,0.4,0.5,3*3F,1763493711868
NMEA,$PSSGR,GSA,A,3,302,303,305,308,313,316,325,,,,,,0.7,0.4,0.5,3,1*75,1763493711868
NMEA,$GNGSA,A,3,19,20,32,36,37,,,,,,,,0.7,0.4,0.5,4*38,1763493711868
NMEA,$PSSGR,GSA,A,3,219,220,232,237,,,,,,,,,0.7,0.4,0.5,4,5*44,1763493711868
NMEA,$GNVTG,26.7,T,13.9,M,1.4,N,2.5,K,E*33,1763493711868
NMEA,$GNDTM,W84,,0000.000000,N,00000.000000,E,0.000,W84*41,1763493711868
NMEA,$GNRMC,192152.00,A,3725.855378,N,12209.358574,W,1.4,26.7,181125,12.8,E,E,V*4F,1763493711868
NMEA,$GNGNS,192152.00,3725.855378,N,12209.358574,W,EEEEEE,27,0.4,21.6,-32.6,,,V*25,1763493711868
NMEA,$GNGGA,192152.00,3725.855378,N,12209.358574,W,6,12,0.4,21.6,M,-32.6,M,,*74,1763493711868
NMEA,$PSMSG,magcal=PASS,bluesky=0*00,1763493711872
NMEA,$GPGSV,4,1,13,03,21,173,35,04,55,097,40,06,05,259,29,07,51,277,43,1*6E,1763493712858
NMEA,$GPGSV,4,2,13,08,16,128,37,09,74,350,42,11,04,297,27,16,36,052,42,1*64,1763493712858
NMEA,$GPGSV,4,3,13,20,12,321,31,21,12,321,32,26,04,041,38,27,18,097,44,1*6F,1763493712858
NMEA,$GPGSV,4,4,13,30,23,262,43,1*55,1763493712858
NMEA,$GPGSV,3,1,10,03,21,173,28,04,55,097,25,06,05,259,20,08,16,128,40,8*63,1763493712858
NMEA,$GPGSV,3,2,10,09,74,350,30,11,04,297,21,21,12,321,28,26,04,041,32,8*67,1763493712858
NMEA,$GPGSV,3,3,10,27,18,097,37,30,23,262,33,8*6E,1763493712858
NMEA,$GLGSV,2,1,05,,00,000,29,12,60,224,40,11,56,029,37,01,78,089,38,1*78,1763493712858
NMEA,$GLGSV,2,2,05,08,25,133,39,1*49,1763493712858
NMEA,$GAGSV,3,1,10,02,48,173,40,03,68,067,38,05,21,106,43,08,46,314,41,7*77,1763493712858
NMEA,$GAGSV,3,2,10,13,14,279,39,15,08,229,30,16,36,052,39,25,55,075,41,7*7B,1763493712858
NMEA,$GAGSV,3,3,10,26,03,326,29,30,03,202,22,7*79,1763493712858
NMEA,$GAGSV,2,1,08,02,48,173,33,03,68,067,36,05,21,106,34,08,46,314,32,1*77,1763493712858
NMEA,$GAGSV,2,2,08,13,14,279,31,15,08,229,20,16,36,052,29,25,55,075,27,1*7D,1763493712858
NMEA,$GBGSV,2,1,07,37,51,047,44,36,15,230,40,32,17,142,44,23,03,049,35,1*7C,1763493712858
NMEA,$GBGSV,2,2,07,22,01,319,20,20,74,158,44,19,52,313,42,1*4C,1763493712858
NMEA,$GBGSV,2,1,05,19,52,313,42,20,74,158,43,32,17,142,43,36,15,230,38,3*7C,1763493712858
NMEA,$GBGSV,2,2,05,37,51,047,42,3*44,1763493712858
NMEA,$GBGSV,2,1,06,19,52,313,35,20,74,158,36,23,03,049,27,32,17,142,30,5*7E,1763493712858
NMEA,$GBGSV,2,2,06,36,15,230,25,37,51,047,25,5*77,1763493712858
NMEA,$GNGSA,A,3,03,04,07,08,09,16,20,21,27,30,,,0.6,0.4,0.5,1*37,1763493712869
NMEA,$PSSGR,GSA,A,3,03,04,08,09,21,27,30,,,,,,0.6,0.4,0.5,1,8*41,1763493712869
NMEA,$GNGSA,A,3,65,72,75,76,,,,,,,,,0.6,0.4,0.5,2*30,1763493712869
NMEA,$GNGSA,A,3,02,03,05,08,13,15,16,25,,,,,0.6,0.4,0.5,3*3E,1763493712869
NMEA,$PSSGR,GSA,A,3,302,303,305,308,313,316,325,,,,,,0.6,0.4,0.5,3,1*74,1763493712869
NMEA,$GNGSA,A,3,19,20,32,36,37,,,,,,,,0.6,0.4,0.5,4*39,1763493712869
NMEA,$PSSGR,GSA,A,3,219,220,232,236,237,,,,,,,,0.6,0.4,0.5,4,5*72,1763493712869
NMEA,$GNVTG,45.2,T,32.4,M,1.8,N,3.4,K,E*31,1763493712869
NMEA,$GNDTM,W84,,0000.000000,N,00000.000000,E,0.000,W84*41,1763493712869
NMEA,$GNRMC,192153.00,A,3725.855765,N,12209.358144,W,1.8,45.2,181125,12.8,E,E,V*4D,1763493712869
NMEA,$GNGNS,192153.00,3725.855765,N,12209.358144,W,EEEEEE,27,0.4,21.6,-32.6,,,V*2B,1763493712869
NMEA,$GNGGA,192153.00,3725.855765,N,12209.358144,W,6,12,0.4,21.6,M,-32.6,M,,*7A,1763493712869
NMEA,$PSMSG,magcal=PASS,bluesky=0*00,1763493712875
NMEA,$GPGSV,4,1,13,03,21,173,38,04,55,097,40,06,05,259,30,07,51,277,41,1*69,1763493713860
NMEA,$GPGSV,4,2,13,08,16,128,36,09,74,350,41,11,04,297,26,16,36,052,42,1*67,1763493713860
NMEA,$GPGSV,4,3,13,20,12,321,33,21,12,321,34,26,04,041,35,27,18,097,44,1*66,1763493713860
NMEA,$GPGSV,4,4,13,30,23,262,44,1*52,1763493713860
NMEA,$GPGSV,3,1,10,03,21,173,31,04,55,097,35,06,05,259,25,08,16,128,40,8*6F,1763493713860
NMEA,$GPGSV,3,2,10,09,74,350,33,11,04,297,21,21,12,321,31,26,04,041,32,8*6C,1763493713860
NMEA,$GPGSV,3,3,10,27,18,097,34,30,23,262,34,8*6A,1763493713860
NMEA,$GLGSV,2,1,05,,00,000,29,12,60,224,39,11,56,029,38,01,78,089,38,1*79,1763493713860
NMEA,$GLGSV,2,2,05,08,25,133,41,1*46,1763493713860
NMEA,$GAGSV,3,1,10,02,48,173,41,03,68,067,40,05,21,106,43,08,46,314,40,7*78,1763493713860
NMEA,$GAGSV,3,2,10,13,14,279,40,15,08,229,32,16,36,052,39,25,55,075,41,7*77,1763493713860
NMEA,$GAGSV,3,3,10,26,03,326,27,30,03,202,22,7*77,1763493713860
NMEA,$GAGSV,2,1,08,02,48,173,36,03,68,067,33,05,21,106,30,08,46,314,34,1*75,1763493713860
NMEA,$GAGSV,2,2,08,13,14,279,31,15,08,229,23,16,36,052,36,25,55,075,25,1*72,1763493713860
NMEA,$GBGSV,2,1,07,37,51,047,42,36,15,230,42,32,17,142,43,23,03,049,33,1*79,1763493713860
NMEA,$GBGSV,2,2,07,22,01,319,20,20,74,158,43,19,52,313,43,1*4A,1763493713860
NMEA,$GBGSV,2,1,05,19,52,313,42,20,74,158,41,32,17,142,41,36,15,230,41,3*72,1763493713860
NMEA,$GBGSV,2,2,05,37,51,047,40,3*46,1763493713860
NMEA,$GBGSV,2,1,06,19,52,313,36,20,74,158,37,23,03,049,27,32,17,142,28,5*75,1763493713860
NMEA,$GBGSV,2,2,06,36,15,230,26,37,51,047,31,5*71,1763493713860
NMEA,$GNGSA,A,3,03,04,07,08,09,16,20,21,27,30,,,0.6,0.4,0.5,1*37,1763493713875
NMEA,$PSSGR,GSA,A,3,03,04,08,09,21,27,30,,,,,,0.6,0.4,0.5,1,8*41,1763493713875
NMEA,$GNGSA,A,3,65,72,75,76,,,,,,,,,0.6,0.4,0.5,2*30,1763493713875
NMEA,$GNGSA,A,3,02,03,05,08,13,15,16,25,,,,,0.6,0.4,0.5,3*3E,1763493713875
NMEA,$PSSGR,GSA,A,3,302,303,305,308,313,316,325,,,,,,0.6,0.4,0.5,3,1*74,1763493713875
NMEA,$GNGSA,A,3,19,20,32,36,37,,,,,,,,0.6,0.4,0.5,4*39,1763493713875
NMEA,$PSSGR,GSA,A,3,219,220,232,236,237,,,,,,,,0.6,0.4,0.5,4,5*72,1763493713875
NMEA,$GNVTG,46.8,T,34.0,M,1.8,N,3.4,K,E*3A,1763493713875
NMEA,$GNDTM,W84,,0000.000000,N,00000.000000,E,0.000,W84*41,1763493713875
NMEA,$GNRMC,192154.00,A,3725.856158,N,12209.357716,W,1.8,46.8,181125,12.8,E,E,V*46,1763493713875
NMEA,$GNGNS,192154.00,3725.856158,N,12209.357716,W,EEEEEE,27,0.4,21.7,-32.6,,,V*28,1763493713875
NMEA,$GNGGA,192154.00,3725.856158,N,12209.357716,W,6,12,0.4,21.7,M,-32.6,M,,*79,1763493713875
NMEA,$PSMSG,magcal=PASS,bluesky=0*00,1763493713881
NMEA,$GPGSV,4,1,13,03,21,173,36,04,55,097,40,06,05,259,32,07,51,277,42,1*66,1763493714856
NMEA,$GPGSV,4,2,13,08,16,128,40,09,74,350,42,11,04,297,26,16,36,052,42,1*65,1763493714856
NMEA,$GPGSV,4,3,13,20,12,321,31,21,12,321,32,26,04,041,36,27,18,097,44,1*61,1763493714856
NMEA,$GPGSV,4,4,13,30,23,262,41,1*57,1763493714856
NMEA,$GPGSV,3,1,10,03,21,173,27,04,55,097,34,06,05,259,24,08,16,128,34,8*6B,1763493714856
NMEA,$GPGSV,3,2,10,09,74,350,30,11,04,297,18,21,12,321,33,26,04,041,33,8*66,1763493714856
NMEA,$GPGSV,3,3,10,27,18,097,28,30,23,262,29,8*6B,1763493714856
NMEA,$GLGSV,2,1,05,,00,000,29,12,60,224,42,11,56,029,40,01,78,089,37,1*75,1763493714856
NMEA,$GLGSV,2,2,05,08,25,133,38,1*48,1763493714856
NMEA,$GAGSV,3,1,10,02,48,173,39,03,68,067,39,05,21,106,43,08,46,314,41,7*78,1763493714856
NMEA,$GAGSV,3,2,10,13,14,279,39,15,08,229,30,16,36,052,37,25,55,075,40,7*74,1763493714856
NMEA,$GAGSV,3,3,10,26,03,326,27,30,03,202,22,7*77,1763493714856
NMEA,$GAGSV,2,1,08,02,48,173,37,03,68,067,36,05,21,106,32,08,46,314,33,1*74,1763493714856
NMEA,$GAGSV,2,2,08,13,14,279,31,15,08,229,24,16,36,052,34,25,55,075,22,1*70,1763493714856
NMEA,$GBGSV,2,1,07,37,51,047,43,36,15,230,43,32,17,142,41,23,03,049,32,1*7A,1763493714856
NMEA,$GBGSV,2,2,07,22,01,319,20,20,74,158,44,19,52,313,42,1*4C,1763493714856
NMEA,$GBGSV,2,1,05,19,52,313,41,20,74,158,42,32,17,142,43,36,15,230,41,3*70,1763493714856
NMEA,$GBGSV,2,2,05,37,51,047,43,3*45,1763493714856
NMEA,$GBGSV,2,1,06,19,52,313,35,20,74,158,37,23,03,049,27,32,17,142,32,5*7D,1763493714856
NMEA,$GBGSV,2,2,06,36,15,230,25,37,51,047,29,5*7B,1763493714856
NMEA,$GNGSA,A,3,03,04,07,08,09,16,20,21,27,30,,,0.6,0.4,0.5,1*37,1763493714876
NMEA,$PSSGR,GSA,A,3,03,04,08,09,21,27,30,,,,,,0.6,0.4,0.5,1,8*41,1763493714876
NMEA,$GNGSA,A,3,65,72,75,76,,,,,,,,,0.6,0.4,0.5,2*30,1763493714876
NMEA,$GNGSA,A,3,02,03,05,08,13,15,16,25,,,,,0.6,0.4,0.5,3*3E,1763493714876
NMEA,$PSSGR,GSA,A,3,302,303,305,308,313,316,325,,,,,,0.6,0.4,0.5,3,1*74,1763493714876
NMEA,$GNGSA,A,3,19,20,32,36,37,,,,,,,,0.6,0.4,0.5,4*39,1763493714876
NMEA,$PSSGR,GSA,A,3,219,220,232,236,237,,,,,,,,0.6,0.4,0.5,4,5*72,1763493714876
NMEA,$GNVTG,48.5,T,35.7,M,2.0,N,3.7,K,E*37,1763493714876
NMEA,$GNDTM,W84,,0000.000000,N,00000.000000,E,0.000,W84*41,1763493714876
NMEA,$GNRMC,192155.00,A,3725.856560,N,12209.357256,W,2.0,48.5,181125,12.8,E,E,V*41,1763493714876
NMEA,$GNGNS,192155.00,3725.856560,N,12209.357256,W,EEEEEE,27,0.4,21.8,-32.6,,,V*28,1763493714876
NMEA,$GNGGA,192155.00,3725.856560,N,12209.357256,W,6,12,0.4,21.8,M,-32.6,M,,*79,1763493714876
NMEA,$PSMSG,magcal=PASS,bluesky=0*00,1763493714880
NMEA,$GPGSV,4,1,13,03,21,173,39,04,55,097,40,06,05,259,32,07,51,277,43,1*68,1763493715859
NMEA,$GPGSV,4,2,13,08,16,128,36,09,74,350,42,11,04,297,24,16,36,052,39,1*6A,1763493715859
NMEA,$GPGSV,4,3,13,20,12,321,30,21,12,321,32,26,04,041,37,27,18,097,44,1*61,1763493715859
NMEA,$GPGSV,4,4,13,30,23,262,42,1*54,1763493715859
NMEA,$GPGSV,3,1,10,03,21,173,32,04,55,097,22,06,05,259,24,08,16,128,39,8*65,1763493715859
NMEA,$GPGSV,3,2,10,09,74,350,27,11,04,297,25,21,12,321,36,26,04,041,32,8*6A,1763493715859
NMEA,$GPGSV,3,3,10,27,18,097,36,30,23,262,32,8*6E,1763493715859
NMEA,$GLGSV,2,1,05,,00,000,29,12,60,224,42,11,56,029,41,01,78,089,37,1*74,1763493715859
NMEA,$GLGSV,2,2,05,08,25,133,39,1*49,1763493715859
NMEA,$GAGSV,3,1,10,02,48,173,38,03,68,067,40,05,21,106,44,08,46,314,41,7*70,1763493715859
NMEA,$GAGSV,3,2,10,13,14,279,38,15,08,229,31,16,36,052,38,25,55,075,40,7*7B,1763493715859
NMEA,$GAGSV,3,3,10,26,03,326,34,30,03,202,22,7*75,1763493715859
NMEA,$GAGSV,2,1,08,02,48,173,32,03,68,067,36,05,21,106,36,08,46,314,32,1*74,1763493715859
NMEA,$GAGSV,2,2,08,13,14,279,33,15,08,229,24,16,36,052,31,25,55,075,27,1*72,1763493715859
NMEA,$GBGSV,2,1,07,37,51,047,44,36,15,230,43,32,17,142,41,23,03,049,33,1*7C,1763493715859
NMEA,$GBGSV,2,2,07,22,01,319,20,20,74,158,43,19,52,313,42,1*4B,1763493715859
NMEA,$GBGSV,2,1,05,19,52,313,41,20,74,158,41,32,17,142,42,36,15,230,40,3*73,1763493715859
NMEA,$GBGSV,2,2,05,37,51,047,41,3*47,1763493715859
NMEA,$GBGSV,2,1,06,19,52,313,34,20,74,158,36,23,03,049,28,32,17,142,31,5*71,1763493715859
NMEA,$GBGSV,2,2,06,36,15,230,25,37,51,047,25,5*77,1763493715859
NMEA,$GNGSA,A,3,03,04,07,08,09,16,20,21,27,30,,,0.6,0.4,0.5,1*37,1763493715869
NMEA,$PSSGR,GSA,A,3,03,04,08,09,21,27,30,,,,,,0.6,0.4,0.5,1,8*41,1763493715869
NMEA,$GNGSA,A,3,65,72,75,76,,,,,,,,,0.6,0.4,0.5,2*30,1763493715869
NMEA,$GNGSA,A,3,02,03,05,08,13,15,16,25,,,,,0.6,0.4,0.5,3*3E,1763493715869
NMEA,$PSSGR,GSA,A,3,302,303,305,308,313,316,325,,,,,,0.6,0.4,0.5,3,1*74,1763493715869
NMEA,$GNGSA,A,3,19,20,32,36,37,,,,,,,,0.6,0.4,0.5,4*39,1763493715869
NMEA,$PSSGR,GSA,A,3,219,220,232,236,237,,,,,,,,0.6,0.4,0.5,4,5*72,1763493715869
NMEA,$GNVTG,49.2,T,36.4,M,1.8,N,3.4,K,E*39,1763493715869
NMEA,$GNDTM,W84,,0000.000000,N,00000.000000,E,0.000,W84*41,1763493715869
NMEA,$GNRMC,192156.00,A,3725.856877,N,12209.356768,W,1.8,49.2,181125,12.8,E,E,V*4D,1763493715869
NMEA,$GNGNS,192156.00,3725.856877,N,12209.356768,W,EEEEEE,27,0.4,22.0,-32.6,,,V*22,1763493715869
NMEA,$GNGGA,192156.00,3725.856877,N,12209.356768,W,6,12,0.4,22.0,M,-32.6,M,,*73,1763493715869
NMEA,$PSMSG,magcal=PASS,bluesky=0*00,1763493715873
NMEA,$GPGSV,4,1,13,03,21,173,39,04,55,097,39,06,05,259,30,07,51,277,43,1*64,1763493716859
NMEA,$GPGSV,4,2,13,08,16,128,36,09,74,350,42,11,04,297,24,16,36,052,40,1*64,1763493716859
NMEA,$GPGSV,4,3,13,20,12,321,31,21,12,321,34,26,04,041,39,27,18,097,44,1*68,1763493716859
NMEA,$GPGSV,4,4,13,30,23,262,43,1*55,1763493716859
NMEA,$GPGSV,3,1,10,03,21,173,31,04,55,097,30,06,05,259,21,08,16,128,39,8*60,1763493716859
NMEA,$GPGSV,3,2,10,09,74,350,29,11,04,297,29,21,12,321,33,26,04,041,33,8*6C,1763493716859
NMEA,$GPGSV,3,3,10,27,18,097,35,30,23,262,33,8*6C,1763493716859
NMEA,$GLGSV,2,1,05,,00,000,29,12,60,224,42,11,56,029,41,01,78,089,37,1*74,1763493716859
NMEA,$GLGSV,2,2,05,08,25,133,38,1*48,1763493716859
NMEA,$GAGSV,3,1,10,02,48,173,39,03,68,067,40,05,21,106,43,08,46,314,41,7*76,1763493716859
NMEA,$GAGSV,3,2,10,13,14,279,37,15,08,229,34,16,36,052,38,25,55,075,39,7*7F,1763493716859
NMEA,$GAGSV,3,3,10,26,03,326,35,30,03,202,18,7*7D,1763493716859
NMEA,$GAGSV,2,1,08,02,48,173,33,03,68,067,35,05,21,106,34,08,46,314,33,1*75,1763493716859
NMEA,$GAGSV,2,2,08,13,14,279,32,15,08,229,24,16,36,052,33,25,55,075,24,1*72,1763493716859
NMEA,$GQGSV,1,1,01,03,02,297,19,1*51,1763493716859
NMEA,$GBGSV,2,1,07,37,51,047,44,36,15,230,43,32,17,142,42,23,03,049,35,1*79,1763493716859
NMEA,$GBGSV,2,2,07,22,01,319,20,20,74,158,42,19,52,313,43,1*4B,1763493716859
NMEA,$GBGSV,2,1,05,19,52,313,42,20,74,158,41,32,17,142,42,36,15,230,41,3*71,1763493716859
NMEA,$GBGSV,2,2,05,37,51,047,41,3*47,1763493716859
NMEA,$GBGSV,2,1,06,19,52,313,34,20,74,158,36,23,03,049,29,32,17,142,31,5*70,1763493716859
NMEA,$GBGSV,2,2,06,36,15,230,23,37,51,047,27,5*73,1763493716859
NMEA,$GNGSA,A,3,03,04,07,08,09,16,20,21,27,30,,,0.6,0.4,0.5,1*37,1763493716871
NMEA,$PSSGR,GSA,A,3,03,04,08,09,21,27,30,,,,,,0.6,0.4,0.5,1,8*41,1763493716871
NMEA,$GNGSA,A,3,65,72,75,76,,,,,,,,,0.6,0.4,0.5,2*30,1763493716871
NMEA,$GNGSA,A,3,02,03,05,08,13,15,16,25,,,,,0.6,0.4,0.5,3*3E,1763493716871
NMEA,$PSSGR,GSA,A,3,302,303,305,308,313,316,325,,,,,,0.6,0.4,0.5,3,1*74,1763493716871
NMEA,$GNGSA,A,3,19,20,32,36,37,,,,,,,,0.6,0.4,0.5,4*39,1763493716871
NMEA,$PSSGR,GSA,A,3,219,220,232,236,237,,,,,,,,0.6,0.4,0.5,4,5*72,1763493716871
NMEA,$GNVTG,50.0,T,37.2,M,1.9,N,3.6,K,E*37,1763493716871
NMEA,$GNDTM,W84,,0000.000000,N,00000.000000,E,0.000,W84*41,1763493716871
NMEA,$GNRMC,192157.00,A,3725.857202,N,12209.356287,W,1.9,50.0,181125,12.8,E,E,V*4A,1763493716871
NMEA,$GNGNS,192157.00,3725.857202,N,12209.356287,W,EEEEEE,27,0.4,21.9,-32.6,,,V*24,1763493716871
NMEA,$GNGGA,192157.00,3725.857202,N,12209.356287,W,6,12,0.4,21.9,M,-32.6,M,,*75,1763493716871
NMEA,$PSMSG,magcal=PASS,bluesky=0*00,1763493716875
NMEA,$GPGSV,4,1,13,03,21,173,37,04,55,097,40,06,05,259,32,07,51,277,43,1*66,1763493717859
NMEA,$GPGSV,4,2,13,08,16,128,35,09,74,350,40,11,04,297,23,16,36,052,44,1*66,1763493717859
NMEA,$GPGSV,4,3,13,20,12,321,32,21,12,321,35,26,04,041,38,27,18,097,44,1*6B,1763493717859
NMEA,$GPGSV,4,4,13,30,23,262,42,1*54,1763493717859
NMEA,$GPGSV,3,1,10,03,21,173,34,04,55,097,35,06,05,259,22,08,16,128,38,8*62,1763493717859
NMEA,$GPGSV,3,2,10,09,74,350,31,11,04,297,28,21,12,321,35,26,04,041,29,8*69,1763493717859
NMEA,$GPGSV,3,3,10,27,18,097,33,30,23,262,32,8*6B,1763493717859
NMEA,$GLGSV,2,1,05,,00,000,29,12,60,224,41,11,56,029,42,01,78,089,36,1*75,1763493717859
NMEA,$GLGSV,2,2,05,08,25,133,41,1*46,1763493717859
NMEA,$GAGSV,3,1,10,02,48,173,41,03,68,067,42,05,21,106,43,08,46,314,41,7*7B,1763493717859
NMEA,$GAGSV,3,2,10,13,14,279,38,15,08,229,36,16,36,052,39,25,55,075,39,7*73,1763493717859
NMEA,$GAGSV,3,3,10,26,03,326,33,30,03,202,22,7*72,1763493717859
NMEA,$GAGSV,2,1,08,02,48,173,38,03,68,067,32,05,21,106,32,08,46,314,34,1*78,1763493717859
NMEA,$GAGSV,2,2,08,13,14,279,34,15,08,229,24,16,36,052,35,25,55,075,31,1*76,1763493717859
NMEA,$GQGSV,1,1,01,03,02,297,23,1*58,1763493717859
NMEA,$GBGSV,2,1,07,37,51,047,42,36,15,230,42,32,17,142,42,23,03,049,35,1*7E,1763493717859
NMEA,$GBGSV,2,2,07,22,01,319,20,20,74,158,42,19,52,313,43,1*4B,1763493717859
NMEA,$GBGSV,2,1,05,19,52,313,42,20,74,158,41,32,17,142,42,36,15,230,40,3*70,1763493717859
NMEA,$GBGSV,2,2,05,37,51,047,41,3*47,1763493717859
NMEA,$GBGSV,2,1,06,19,52,313,35,20,74,158,35,23,03,049,28,32,17,142,26,5*75,1763493717859
NMEA,$GBGSV,2,2,06,36,15,230,24,37,51,047,33,5*71,1763493717859
NMEA,$GNGSA,A,3,03,04,07,08,09,16,20,21,27,30,,,0.6,0.4,0.5,1*37,1763493717869
NMEA,$PSSGR,GSA,A,3,03,04,08,09,21,27,30,,,,,,0.6,0.4,0.5,1,8*41,1763493717869
NMEA,$GNGSA,A,3,65,72,75,76,,,,,,,,,0.6,0.4,0.5,2*30,1763493717869
NMEA,$GNGSA,A,3,02,03,05,08,13,15,16,25,,,,,0.6,0.4,0.5,3*3E,1763493717869
NMEA,$PSSGR,GSA,A,3,302,303,305,308,313,316,325,,,,,,0.6,0.4,0.5,3,1*74,1763493717869
NMEA,$GNGSA,A,3,19,20,32,36,37,,,,,,,,0.6,0.4,0.5,4*39,1763493717869
NMEA,$PSSGR,GSA,A,3,219,220,232,236,237,,,,,,,,0.6,0.4,0.5,4,5*72,1763493717869
NMEA,$GNVTG,46.4,T,33.6,M,1.8,N,3.4,K,E*37,1763493717869
NMEA,$GNDTM,W84,,0000.000000,N,00000.000000,E,0.000,W84*41,1763493717869
NMEA,$GNRMC,192158.00,A,3725.857525,N,12209.355862,W,1.8,46.4,181125,12.8,E,E,V*47,1763493717869
NMEA,$GNGNS,192158.00,3725.857525,N,12209.355862,W,EEEEEE,27,0.4,22.1,-32.6,,,V*20,1763493717869
NMEA,$GNGGA,192158.00,3725.857525,N,12209.355862,W,6,12,0.4,22.1,M,-32.6,M,,*71,1763493717869
NMEA,$PSMSG,magcal=PASS,bluesky=0*00,1763493717873
NMEA,$GPGSV,4,1,13,03,21,173,40,04,55,097,40,06,05,259,28,07,51,277,43,1*6D,1763493718862
NMEA,$GPGSV,4,2,13,08,16,128,37,09,74,350,41,11,04,297,26,16,36,052,45,1*61,1763493718862
NMEA,$GPGSV,4,3,13,20,12,321,31,21,12,321,36,26,04,041,36,27,18,097,41,1*60,1763493718862
NMEA,$GPGSV,4,4,13,30,23,262,43,1*55,1763493718862
NMEA,$GPGSV,3,1,10,03,21,173,36,04,55,097,38,06,05,259,24,08,16,128,36,8*65,1763493718862
NMEA,$GPGSV,3,2,10,09,74,350,32,11,04,297,30,21,12,321,37,26,04,041,31,8*68,1763493718862
NMEA,$GPGSV,3,3,10,27,18,097,33,30,23,262,34,8*6D,1763493718862
NMEA,$GLGSV,2,1,05,,00,000,29,12,60,224,42,11,56,029,40,01,78,089,35,1*77,1763493718862
NMEA,$GLGSV,2,2,05,08,25,133,43,1*44,1763493718862
NMEA,$GAGSV,3,1,10,02,48,173,44,03,68,067,40,05,21,106,41,08,46,314,40,7*7F,1763493718862
NMEA,$GAGSV,3,2,10,13,14,279,37,15,08,229,34,16,36,052,41,25,55,075,42,7*7D,1763493718862
NMEA,$GAGSV,3,3,10,26,03,326,33,30,03,202,22,7*72,1763493718862
NMEA,$GAGSV,2,1,08,02,48,173,38,03,68,067,29,05,21,106,30,08,46,314,35,1*71,1763493718862
NMEA,$GAGSV,2,2,08,13,14,279,35,15,08,229,24,16,36,052,37,25,55,075,36,1*72,1763493718862
NMEA,$GQGSV,1,1,01,03,02,297,23,1*58,1763493718862
NMEA,$GQGSV,1,1,01,03,02,297,14,8*55,1763493718862
NMEA,$GBGSV,2,1,07,37,51,047,42,36,15,230,42,32,17,142,42,23,03,049,35,1*7E,1763493718862
NMEA,$GBGSV,2,2,07,22,01,319,20,20,74,158,42,19,52,313,43,1*4B,1763493718862
NMEA,$GBGSV,2,1,05,19,52,313,42,20,74,158,42,32,17,142,44,36,15,230,40,3*75,1763493718862
NMEA,$GBGSV,2,2,05,37,51,047,41,3*47,1763493718862
NMEA,$GBGSV,2,1,06,19,52,313,36,20,74,158,33,23,03,049,25,32,17,142,32,5*78,1763493718862
NMEA,$GBGSV,2,2,06,36,15,230,28,37,51,047,39,5*77,1763493718862
NMEA,$GNGSA,A,3,03,04,07,08,09,16,20,21,27,30,,,0.6,0.4,0.5,1*37,1763493718875
NMEA,$PSSGR,GSA,A,3,03,04,08,09,21,27,30,,,,,,0.6,0.4,0.5,1,8*41,1763493718875
NMEA,$GNGSA,A,3,65,72,75,76,,,,,,,,,0.6,0.4,0.5,2*30,1763493718875
NMEA,$GNGSA,A,3,02,03,05,08,13,15,16,25,,,,,0.6,0.4,0.5,3*3E,1763493718875
NMEA,$PSSGR,GSA,A,3,302,303,305,308,313,316,325,,,,,,0.6,0.4,0.5,3,1*74,1763493718875
NMEA,$GNGSA,A,3,19,20,32,36,37,,,,,,,,0.6,0.4,0.5,4*39,1763493718875
NMEA,$PSSGR,GSA,A,3,219,220,232,236,237,,,,,,,,0.6,0.4,0.5,4,5*72,1763493718875
NMEA,$GNVTG,44.9,T,32.1,M,1.8,N,3.4,K,E*3E,1763493718875
NMEA,$GNDTM,W84,,0000.000000,N,00000.000000,E,0.000,W84*41,1763493718875
NMEA,$GNRMC,192159.00,A,3725.857871,N,12209.355435,W,1.8,44.9,181125,12.8,E,E,V*4B,1763493718875
NMEA,$GNGNS,192159.00,3725.857871,N,12209.355435,W,EEEEEE,27,0.4,22.1,-32.6,,,V*23,1763493718875
NMEA,$GNGGA,192159.00,3725.857871,N,12209.355435,W,6,12,0.4,22.1,M,-32.6,M,,*72,1763493718875
NMEA,$PSMSG,magcal=PASS,bluesky=0*00,1763493718880
NMEA,$GPGSV,4,1,13,03,21,173,42,04,55,097,41,06,05,259,28,07,51,277,43,1*6E,1763493719860
NMEA,$GPGSV,4,2,13,08,16,128,37,09,74,350,40,11,04,297,27,16,36,052,46,1*62,1763493719860
NMEA,$GPGSV,4,3,13,20,12,321,34,21,12,321,35,26,04,041,37,27,18,097,41,1*67,1763493719860
NMEA,$GPGSV,4,4,13,30,23,262,43,1*55,1763493719860
NMEA,$GPGSV,3,1,10,03,21,173,37,04,55,097,39,06,05,259,23,08,16,128,35,8*61,1763493719860
NMEA,$GPGSV,3,2,10,09,74,350,30,11,04,297,30,21,12,321,39,26,04,041,27,8*63,1763493719860
NMEA,$GPGSV,3,3,10,27,18,097,37,30,23,262,35,8*68,1763493719860
NMEA,$GLGSV,2,1,05,,00,000,29,12,60,224,40,11,56,029,42,01,78,089,36,1*74,1763493719860
NMEA,$GLGSV,2,2,05,08,25,133,45,1*42,1763493719860
NMEA,$GAGSV,3,1,10,02,48,173,42,03,68,067,38,05,21,106,38,08,46,314,39,7*76,1763493719860
NMEA,$GAGSV,3,2,10,13,14,279,37,15,08,229,34,16,36,052,43,25,55,075,42,7*7F,1763493719860
NMEA,$GAGSV,3,3,10,26,03,326,33,30,03,202,22,7*72,1763493719860
NMEA,$GAGSV,2,1,08,02,48,173,39,03,68,067,29,05,21,106,29,08,46,314,36,1*7B,1763493719860
NMEA,$GAGSV,2,2,08,13,14,279,36,15,08,229,21,16,36,052,39,25,55,075,37,1*7B,1763493719860
NMEA,$GQGSV,1,1,01,03,02,297,23,1*58,1763493719860
NMEA,$GQGSV,1,1,01,03,02,297,14,8*55,1763493719860
NMEA,$GBGSV,2,1,07,37,51,047,42,36,15,230,42,32,17,142,42,23,03,049,35,1*7E,1763493719860
NMEA,$GBGSV,2,2,07,22,01,319,20,20,74,158,42,19,52,313,43,1*4B,1763493719860
NMEA,$GBGSV,2,1,05,19,52,313,42,20,74,158,43,32,17,142,44,36,15,230,39,3*7A,1763493719860
NMEA,$GBGSV,2,2,05,37,51,047,42,3*44,1763493719860
NMEA,$GBGSV,2,1,07,19,52,313,36,20,74,158,31,22,01,319,26,23,03,049,24,5*75,1763493719860
NMEA,$GBGSV,2,2,07,32,17,142,33,36,15,230,31,37,51,047,40,5*40,1763493719860
NMEA,$GNGSA,A,3,03,04,07,08,09,16,20,21,27,30,,,0.6,0.4,0.5,1*37,1763493719874
NMEA,$PSSGR,GSA,A,3,03,04,08,09,21,27,30,,,,,,0.6,0.4,0.5,1,8*41,1763493719874
NMEA,$GNGSA,A,3,65,72,75,76,,,,,,,,,0.6,0.4,0.5,2*30,1763493719874
NMEA,$GNGSA,A,3,02,03,05,08,13,15,16,25,,,,,0.6,0.4,0.5,3*3E,1763493719874
NMEA,$PSSGR,GSA,A,3,302,303,305,308,313,316,325,,,,,,0.6,0.4,0.5,3,1*74,1763493719874
NMEA,$GNGSA,A,3,19,20,32,36,37,,,,,,,,0.6,0.4,0.5,4*39,1763493719874
NMEA,$PSSGR,GSA,A,3,219,220,232,236,237,,,,,,,,0.6,0.4,0.5,4,5*72,1763493719874
NMEA,$GNVTG,48.1,T,35.3,M,1.8,N,3.3,K,E*38,1763493719874
NMEA,$GNDTM,W84,,0000.000000,N,00000.000000,E,0.000,W84*41,1763493719874
NMEA,$GNRMC,192200.00,A,3725.858179,N,12209.355005,W,1.8,48.1,181125,12.8,E,E,V*49,1763493719874
NMEA,$GNGNS,192200.00,3725.858179,N,12209.355005,W,EEEEEE,27,0.4,22.4,-32.6,,,V*20,1763493719874
NMEA,$GNGGA,192200.00,3725.858179,N,12209.355005,W,6,12,0.4,22.4,M,-32.6,M,,*71,1763493719874
NMEA,$PSMSG,magcal=PASS,bluesky=0*00,1763493719878
NMEA,$GPGSV,4,1,13,03,20,173,42,04,55,097,40,06,05,259,30,07,51,277,41,1*65,1763493720861
NMEA,$GPGSV,4,2,13,08,16,128,35,09,74,350,37,11,04,297,26,16,36,052,42,1*65,1763493720861
NMEA,$GPGSV,4,3,13,20,12,321,33,21,12,321,34,26,04,041,36,27,18,097,41,1*60,1763493720861
NMEA,$GPGSV,4,4,13,30,23,262,43,1*55,1763493720861
NMEA,$GPGSV,3,1,10,03,20,173,34,04,55,097,37,06,05,259,23,08,16,128,31,8*69,1763493720861
NMEA,$GPGSV,3,2,10,09,74,350,27,11,04,297,28,21,12,321,36,26,04,041,29,8*6D,1763493720861
NMEA,$GPGSV,3,3,10,27,18,097,32,30,23,262,32,8*6A,1763493720861
NMEA,$GLGSV,2,1,05,,00,000,29,12,60,224,42,11,56,029,41,01,78,089,35,1*76,1763493720861
NMEA,$GLGSV,2,2,05,08,25,133,40,1*47,1763493720861
NMEA,$GAGSV,3,1,10,02,48,173,43,03,68,067,38,05,21,106,39,08,46,314,38,7*77,1763493720861
NMEA,$GAGSV,3,2,10,13,14,279,35,15,08,229,30,16,36,052,36,25,55,075,38,7*76,1763493720861
NMEA,$GAGSV,3,3,10,26,03,326,33,30,03,202,22,7*72,1763493720861
NMEA,$GAGSV,2,1,08,02,48,173,39,03,68,067,30,05,21,106,29,08,46,314,33,1*76,1763493720861
NMEA,$GAGSV,2,2,08,13,14,279,34,15,08,229,21,16,36,052,33,25,55,075,34,1*70,1763493720861
NMEA,$GQGSV,1,1,01,03,02,297,23,1*58,1763493720861
NMEA,$GQGSV,1,1,01,03,02,297,14,8*55,1763493720861
NMEA,$GBGSV,2,1,07,37,51,047,42,36,15,230,42,32,17,142,42,23,03,049,35,1*7E,1763493720861
NMEA,$GBGSV,2,2,07,22,01,319,20,20,74,158,42,19,52,313,43,1*4B,1763493720861
NMEA,$GBGSV,2,1,05,19,52,313,38,20,74,158,39,32,17,142,41,36,15,230,38,3*7E,1763493720861
NMEA,$GBGSV,2,2,05,37,51,047,37,3*46,1763493720861
NMEA,$GBGSV,2,1,05,19,52,313,34,20,74,158,35,32,17,142,32,36,15,230,27,5*72,1763493720861
NMEA,$GBGSV,2,2,05,37,51,047,36,5*41,1763493720861
NMEA,$GNGSA,A,3,03,04,07,08,09,16,20,21,27,30,,,0.6,0.4,0.5,1*37,1763493720882
NMEA,$PSSGR,GSA,A,3,03,04,08,09,21,27,30,,,,,,0.6,0.4,0.5,1,8*41,1763493720882
NMEA,$GNGSA,A,3,65,72,75,76,,,,,,,,,0.6,0.4,0.5,2*30,1763493720882
NMEA,$GNGSA,A,3,02,03,05,08,13,15,16,25,,,,,0.6,0.4,0.5,3*3E,1763493720882
NMEA,$PSSGR,GSA,A,3,302,303,305,308,313,316,325,,,,,,0.6,0.4,0.5,3,1*74,1763493720882
NMEA,$GNGSA,A,3,19,20,32,36,37,,,,,,,,0.6,0.4,0.5,4*39,1763493720882
NMEA,$PSSGR,GSA,A,3,219,220,232,236,237,,,,,,,,0.6,0.4,0.5,4,5*72,1763493720882
NMEA,$GNVTG,50.3,T,37.5,M,1.7,N,3.2,K,E*39,1763493720882
NMEA,$GNDTM,W84,,0000.000000,N,00000.000000,E,0.000,W84*41,1763493720882
NMEA,$GNRMC,192201.00,A,3725.858446,N,12209.354557,W,1.7,50.3,181125,12.8,E,E,V*46,1763493720882
NMEA,$GNGNS,192201.00,3725.858446,N,12209.354557,W,EEEEEE,27,0.4,22.1,-32.6,,,V*2E,1763493720882
NMEA,$GNGGA,192201.00,3725.858446,N,12209.354557,W,6,12,0.4,22.1,M,-32.6,M,,*7F,1763493720882
NMEA,$PSMSG,magcal=PASS,bluesky=0*00,1763493720890
NMEA,$GPGSV,4,1,13,03,20,173,43,04,55,097,39,06,05,259,31,07,51,277,42,1*68,1763493721859
NMEA,$GPGSV,4,2,13,08,16,128,37,09,74,350,38,11,04,297,27,16,36,052,41,1*6A,1763493721859
NMEA,$GPGSV,4,3,13,20,12,321,34,21,12,321,35,26,04,041,36,27,18,097,42,1*65,1763493721859
NMEA,$GPGSV,4,4,13,30,23,262,43,1*55,1763493721859
NMEA,$GPGSV,3,1,10,03,20,173,34,04,55,097,34,06,05,259,21,08,16,128,36,8*6F,1763493721859
NMEA,$GPGSV,3,2,10,09,74,350,30,11,04,297,25,21,12,321,37,26,04,041,29,8*67,1763493721859
NMEA,$GPGSV,3,3,10,27,18,097,28,30,23,262,31,8*62,1763493721859
NMEA,$GLGSV,2,1,05,,00,000,29,12,60,224,40,11,56,029,40,01,78,089,36,1*76,1763493721859
NMEA,$GLGSV,2,2,05,08,25,133,40,1*47,1763493721859
NMEA,$GAGSV,3,1,10,02,48,173,40,03,68,067,37,05,21,106,40,08,46,314,37,7*7A,1763493721859
NMEA,$GAGSV,3,2,10,13,14,279,36,15,08,229,29,16,36,052,37,25,55,075,38,7*7C,1763493721859
NMEA,$GAGSV,3,3,10,26,03,326,33,30,03,202,22,7*72,1763493721859
NMEA,$GAGSV,2,1,08,02,48,173,35,03,68,067,29,05,21,106,30,08,46,314,33,1*7A,1763493721859
NMEA,$GAGSV,2,2,08,13,14,279,34,15,08,229,21,16,36,052,33,25,55,075,32,1*76,1763493721859
NMEA,$GQGSV,1,1,01,03,02,297,23,1*58,1763493721859
NMEA,$GQGSV,1,1,01,03,02,297,14,8*55,1763493721859
NMEA,$GBGSV,2,1,07,37,51,047,42,36,15,230,42,32,17,142,42,23,03,049,35,1*7E,1763493721859
NMEA,$GBGSV,2,2,07,22,01,319,20,20,74,158,42,19,52,313,43,1*4B,1763493721859
NMEA,$GBGSV,2,1,05,19,52,313,38,20,74,158,39,32,17,142,40,36,15,230,39,3*7E,1763493721859
NMEA,$GBGSV,2,2,05,37,51,047,37,3*46,1763493721859
NMEA,$GBGSV,2,1,05,19,52,313,33,20,74,158,35,32,17,142,28,36,15,230,29,5*70,1763493721859
NMEA,$GBGSV,2,2,05,37,51,047,35,5*42,1763493721859
NMEA,$GNGSA,A,3,03,04,07,08,09,16,20,21,27,30,,,0.6,0.4,0.5,1*37,1763493721883
NMEA,$PSSGR,GSA,A,3,03,04,08,09,21,27,30,,,,,,0.6,0.4,0.5,1,8*41,1763493721883
NMEA,$GNGSA,A,3,65,72,75,76,,,,,,,,,0.6,0.4,0.5,2*30,1763493721883
NMEA,$GNGSA,A,3,02,03,05,08,13,15,16,25,,,,,0.6,0.4,0.5,3*3E,1763493721883
NMEA,$PSSGR,GSA,A,3,302,303,305,308,313,316,325,,,,,,0.6,0.4,0.5,3,1*74,1763493721883
NMEA,$GNGSA,A,3,19,20,32,36,37,,,,,,,,0.6,0.4,0.5,4*39,1763493721883
NMEA,$PSSGR,GSA,A,3,219,220,232,236,237,,,,,,,,0.6,0.4,0.5,4,5*72,1763493721883
NMEA,$GNVTG,47.3,T,34.5,M,1.7,N,3.1,K,E*3F,1763493721883
NMEA,$GNDTM,W84,,0000.000000,N,00000.000000,E,0.000,W84*41,1763493721883
NMEA,$GNRMC,192202.00,A,3725.858695,N,12209.354110,W,1.7,47.3,181125,12.8,E,E,V*48,1763493721883
NMEA,$GNGNS,192202.00,3725.858695,N,12209.354110,W,EEEEEE,27,0.4,22.3,-32.6,,,V*24,1763493721883
NMEA,$GNGGA,192202.00,3725.858695,N,12209.354110,W,6,12,0.4,22.3,M,-32.6,M,,*75,1763493721883
NMEA,$PSMSG,magcal=PASS,bluesky=0*00,1763493721890
NMEA,$GPGSV,4,1,13,03,20,173,43,04,55,097,39,06,05,259,37,07,51,277,44,1*68,1763493722859
NMEA,$GPGSV,4,2,13,08,16,128,42,09,74,350,41,11,04,297,25,16,36,052,45,1*60,1763493722859
NMEA,$GPGSV,4,3,13,20,12,321,29,21,12,321,29,26,04,041,36,27,18,097,42,1*64,1763493722859
NMEA,$GPGSV,4,4,13,30,23,262,43,1*55,1763493722859
NMEA,$GPGSV,3,1,10,03,20,173,38,04,55,097,38,06,05,259,25,08,16,128,40,8*6A,1763493722859
NMEA,$GPGSV,3,2,10,09,74,350,35,11,04,297,23,21,12,321,33,26,04,041,31,8*69,1763493722859
NMEA,$GPGSV,3,3,10,27,18,097,30,30,23,262,35,8*6F,1763493722859
NMEA,$GLGSV,2,1,05,,00,000,29,12,60,224,41,11,56,029,40,01,78,089,35,1*74,1763493722859
NMEA,$GLGSV,2,2,05,08,25,133,44,1*43,1763493722859
NMEA,$GAGSV,3,1,10,02,48,173,40,03,68,067,39,05,21,106,40,08,46,314,40,7*74,1763493722859
NMEA,$GAGSV,3,2,10,13,14,279,37,15,08,229,31,16,36,052,42,25,55,075,42,7*7B,1763493722859
NMEA,$GAGSV,3,3,10,26,03,326,33,30,03,202,22,7*72,1763493722859
NMEA,$GAGSV,2,1,08,02,48,173,35,03,68,067,29,05,21,106,29,08,46,314,34,1*75,1763493722859
NMEA,$GAGSV,2,2,08,13,14,279,36,15,08,229,21,16,36,052,39,25,55,075,37,1*7B,1763493722859
NMEA,$GQGSV,1,1,01,03,02,297,23,1*58,1763493722859
NMEA,$GQGSV,1,1,01,03,02,297,14,8*55,1763493722859
NMEA,$GBGSV,2,1,07,37,51,047,42,36,15,230,42,32,17,142,42,23,03,049,35,1*7E,1763493722859
NMEA,$GBGSV,2,2,07,22,01,319,20,20,74,158,42,19,52,313,43,1*4B,1763493722859
NMEA,$GBGSV,2,1,05,19,52,313,42,20,74,158,43,32,17,142,42,36,15,230,43,3*71,1763493722859
NMEA,$GBGSV,2,2,05,37,51,047,43,3*45,1763493722859
NMEA,$GBGSV,2,1,05,19,52,313,32,20,74,158,33,32,17,142,29,36,15,230,30,5*7E,1763493722859
NMEA,$GBGSV,2,2,05,37,51,047,39,5*4E,1763493722859
NMEA,$GNGSA,A,3,03,04,07,08,09,16,20,21,27,30,,,0.6,0.4,0.5,1*37,1763493722875
NMEA,$PSSGR,GSA,A,3,03,04,08,09,21,27,30,,,,,,0.6,0.4,0.5,1,8*41,1763493722875
NMEA,$GNGSA,A,3,65,72,75,76,,,,,,,,,0.6,0.4,0.5,2*30,1763493722875
NMEA,$GNGSA,A,3,02,03,05,08,13,15,16,25,,,,,0.6,0.4,0.5,3*3E,1763493722875
NMEA,$PSSGR,GSA,A,3,302,303,305,308,313,316,325,,,,,,0.6,0.4,0.5,3,1*74,1763493722875
NMEA,$GNGSA,A,3,19,20,32,36,37,,,,,,,,0.6,0.4,0.5,4*39,1763493722875
NMEA,$PSSGR,GSA,A,3,219,220,232,236,237,,,,,,,,0.6,0.4,0.5,4,5*72,1763493722875
NMEA,$GNVTG,47.5,T,34.7,M,1.8,N,3.3,K,E*36,1763493722875
NMEA,$GNDTM,W84,,0000.000000,N,00000.000000,E,0.000,W84*41,1763493722875
NMEA,$GNRMC,192203.00,A,3725.859014,N,12209.353679,W,1.8,47.5,181125,12.8,E,E,V*41,1763493722875
NMEA,$GNGNS,192203.00,3725.859014,N,12209.353679,W,EEEEEE,27,0.4,22.5,-32.6,,,V*22,1763493722875
NMEA,$GNGGA,192203.00,3725.859014,N,12209.353679,W,6,12,0.4,22.5,M,-32.6,M,,*73,1763493722875
NMEA,$PSMSG,magcal=PASS,bluesky=0*00,1763493722879
NMEA,$GPGSV,4,1,13,03,20,173,45,04,55,097,40,06,05,259,37,07,51,277,45,1*61,1763493723857
NMEA,$GPGSV,4,2,13,08,16,128,41,09,74,350,41,11,04,297,24,16,36,052,45,1*62,1763493723857
NMEA,$GPGSV,4,3,13,20,12,321,34,21,12,321,36,26,04,041,37,27,18,097,43,1*66,1763493723857
NMEA,$GPGSV,4,4,13,30,23,262,43,1*55,1763493723857
NMEA,$GPGSV,3,1,10,03,20,173,36,04,55,097,38,06,05,259,25,08,16,128,37,8*64,1763493723857
NMEA,$GPGSV,3,2,10,09,74,350,33,11,04,297,26,21,12,321,32,26,04,041,30,8*6A,1763493723857
NMEA,$GPGSV,3,3,10,27,18,097,29,30,23,262,34,8*66,1763493723857
NMEA,$GLGSV,2,1,05,,00,000,29,12,60,224,41,11,56,029,40,01,78,089,36,1*77,1763493723857
NMEA,$GLGSV,2,2,05,08,25,133,43,1*44,1763493723857
NMEA,$GAGSV,3,1,10,02,48,173,43,03,68,067,38,05,21,106,38,08,46,314,37,7*79,1763493723857
NMEA,$GAGSV,3,2,10,13,14,279,39,15,08,229,33,16,36,052,43,25,55,075,41,7*75,1763493723857
NMEA,$GAGSV,3,3,10,26,03,326,33,30,03,202,22,7*72,1763493723857
NMEA,$GAGSV,2,1,08,02,48,173,35,03,68,067,29,05,21,106,25,08,46,314,33,1*7E,1763493723857
NMEA,$GAGSV,2,2,08,13,14,279,35,15,08,229,21,16,36,052,39,25,55,075,37,1*78,1763493723857
NMEA,$GQGSV,1,1,01,03,02,297,23,1*58,1763493723857
NMEA,$GQGSV,1,1,01,03,02,297,14,8*55,1763493723857
NMEA,$GBGSV,2,1,07,37,51,047,42,36,15,230,42,32,17,142,42,23,03,049,35,1*7E,1763493723857
NMEA,$GBGSV,2,2,07,22,01,319,20,20,74,158,42,19,52,313,43,1*4B,1763493723857
NMEA,$GBGSV,2,1,05,19,52,313,39,20,74,158,44,32,17,142,43,36,15,230,43,3*7B,1763493723857
NMEA,$GBGSV,2,2,05,37,51,047,42,3*44,1763493723857
NMEA,$GBGSV,2,1,05,19,52,313,31,20,74,158,31,32,17,142,30,36,15,230,29,5*7F,1763493723857
NMEA,$GBGSV,2,2,05,37,51,047,39,5*4E,1763493723857
NMEA,$GNGSA,A,3,03,04,07,08,09,16,20,21,27,30,,,0.7,0.4,0.5,1*36,1763493723866
NMEA,$PSSGR,GSA,A,3,03,04,08,09,21,27,30,,,,,,0.7,0.4,0.5,1,8*40,1763493723866
NMEA,$GNGSA,A,3,65,72,75,76,,,,,,,,,0.7,0.4,0.5,2*31,1763493723866
NMEA,$GNGSA,A,3,02,03,05,08,13,15,16,25,,,,,0.7,0.4,0.5,3*3F,1763493723866
NMEA,$PSSGR,GSA,A,3,302,303,305,308,313,316,325,,,,,,0.7,0.4,0.5,3,1*75,1763493723866
NMEA,$GNGSA,A,3,19,20,32,36,37,,,,,,,,0.7,0.4,0.5,4*38,1763493723866
NMEA,$PSSGR,GSA,A,3,219,220,232,236,237,,,,,,,,0.7,0.4,0.5,4,5*73,1763493723866
NMEA,$GNVTG,50.4,T,37.6,M,2.2,N,4.1,K,E*3F,1763493723866
NMEA,$GNDTM,W84,,0000.000000,N,00000.000000,E,0.000,W84*41,1763493723866
NMEA,$GNRMC,192204.00,A,3725.859399,N,12209.353089,W,2.2,50.4,181125,12.8,E,E,V*47,1763493723866
NMEA,$GNGNS,192204.00,3725.859399,N,12209.353089,W,EEEEEE,27,0.4,22.4,-32.6,,,V*2B,1763493723866
NMEA,$GNGGA,192204.00,3725.859399,N,12209.353089,W,6,12,0.4,22.4,M,-32.6,M,,*7A,1763493723866
NMEA,$PSMSG,magcal=PASS,bluesky=0*00,1763493723870
NMEA,$GPGSV,4,1,13,03,20,173,46,04,55,097,41,06,05,259,34,07,51,277,44,1*61,1763493724856
NMEA,$GPGSV,4,2,13,08,16,128,38,09,74,350,43,11,04,297,23,16,36,052,43,1*6F,1763493724856
NMEA,$GPGSV,4,3,13,20,12,321,36,21,12,321,36,26,04,041,37,27,18,097,44,1*63,1763493724856
NMEA,$GPGSV,4,4,13,30,23,262,43,1*55,1763493724856
NMEA,$GPGSV,3,1,10,03,20,173,34,04,55,097,38,06,05,259,26,08,16,128,37,8*65,1763493724856
NMEA,$GPGSV,3,2,10,09,74,350,34,11,04,297,26,21,12,321,38,26,04,041,28,8*6E,1763493724856
NMEA,$GPGSV,3,3,10,27,18,097,35,30,23,262,33,8*6C,1763493724856
NMEA,$GLGSV,2,1,05,,00,000,29,12,60,224,42,11,56,029,41,01,78,089,36,1*75,1763493724856
NMEA,$GLGSV,2,2,05,08,25,133,42,1*45,1763493724856
NMEA,$GAGSV,3,1,10,02,48,173,42,03,68,067,38,05,21,106,41,08,46,314,40,7*76,1763493724856
NMEA,$GAGSV,3,2,10,13,14,279,39,15,08,229,29,16,36,052,39,25,55,075,41,7*73,1763493724856
NMEA,$GAGSV,3,3,10,26,03,326,29,30,03,202,22,7*79,1763493724856
NMEA,$GAGSV,2,1,08,02,48,173,36,03,68,067,25,05,21,106,29,08,46,314,35,1*7B,1763493724856
NMEA,$GAGSV,2,2,08,13,14,279,36,15,08,229,20,16,36,052,38,25,55,075,34,1*78,1763493724856
NMEA,$GQGSV,1,1,01,03,02,297,23,1*58,1763493724856
NMEA,$GQGSV,1,1,01,03,02,297,14,8*55,1763493724856
NMEA,$GBGSV,2,1,07,37,51,047,41,36,15,230,42,32,17,142,44,23,03,049,34,1*7A,1763493724856
NMEA,$GBGSV,2,2,07,22,01,319,26,20,74,158,42,19,52,313,44,1*4A,1763493724856
NMEA,$GBGSV,2,1,05,19,52,313,42,20,74,158,42,32,17,142,43,36,15,230,40,3*72,1763493724856
NMEA,$GBGSV,2,2,05,37,51,047,41,3*47,1763493724856
NMEA,$GBGSV,2,1,07,19,52,313,34,20,74,158,35,22,01,319,31,23,03,049,25,5*74,1763493724856
NMEA,$GBGSV,2,2,07,32,17,142,31,36,15,230,28,37,51,047,37,5*4A,1763493724856
NMEA,$GNGSA,A,3,03,04,07,08,09,16,20,21,27,30,,,0.6,0.4,0.5,1*37,1763493724874
NMEA,$PSSGR,GSA,A,3,03,04,08,09,21,27,30,,,,,,0.6,0.4,0.5,1,8*41,1763493724874
NMEA,$GNGSA,A,3,65,72,75,76,,,,,,,,,0.6,0.4,0.5,2*30,1763493724874
NMEA,$GNGSA,A,3,02,03,05,08,13,15,16,25,,,,,0.6,0.4,0.5,3*3E,1763493724874
NMEA,$PSSGR,GSA,A,3,302,303,305,308,313,316,325,,,,,,0.6,0.4,0.5,3,1*74,1763493724874
NMEA,$GNGSA,A,3,19,20,32,36,37,,,,,,,,0.6,0.4,0.5,4*39,1763493724874
NMEA,$PSSGR,GSA,A,3,219,220,232,236,237,,,,,,,,0.6,0.4,0.5,4,5*72,1763493724874
NMEA,$GNVTG,46.8,T,34.0,M,2.1,N,3.9,K,E*3D,1763493724874
NMEA,$GNDTM,W84,,0000.000000,N,00000.000000,E,0.000,W84*41,1763493724874
NMEA,$GNRMC,192205.00,A,3725.859839,N,12209.352535,W,2.1,46.8,181125,12.8,E,E,V*4C,1763493724874
NMEA,$GNGNS,192205.00,3725.859839,N,12209.352535,W,EEEEEE,27,0.4,22.5,-32.6,,,V*29,1763493724874
NMEA,$GNGGA,192205.00,3725.859839,N,12209.352535,W,6,12,0.4,22.5,M,-32.6,M,,*78,1763493724874
NMEA,$PSMSG,magcal=PASS,bluesky=0*00,1763493724877
NMEA,$GPGSV,4,1,13,03,20,173,45,04,55,097,42,06,05,259,38,07,51,277,43,1*6A,1763493725857
NMEA,$GPGSV,4,2,13,08,16,128,41,09,74,350,43,11,04,297,25,16,36,052,43,1*67,1763493725857
NMEA,$GPGSV,4,3,13,20,12,321,34,21,12,321,34,26,04,041,38,27,18,097,43,1*6B,1763493725857
NMEA,$GPGSV,4,4,13,30,23,262,43,1*55,1763493725857
NMEA,$GPGSV,3,1,10,03,20,173,37,04,55,097,38,06,05,259,27,08,16,128,37,8*67,1763493725857
NMEA,$GPGSV,3,2,10,09,74,350,35,11,04,297,26,21,12,321,36,26,04,041,30,8*68,1763493725857
NMEA,$GPGSV,3,3,10,27,18,097,32,30,23,262,32,8*6A,1763493725857
NMEA,$GLGSV,2,1,05,,00,000,29,12,60,224,41,11,56,029,40,01,78,089,36,1*77,1763493725857
NMEA,$GLGSV,2,2,05,08,25,133,42,1*45,1763493725857
NMEA,$GAGSV,3,1,10,02,48,173,44,03,68,067,39,05,21,106,40,08,46,314,41,7*71,1763493725857
NMEA,$GAGSV,3,2,10,13,14,279,38,15,08,229,28,16,36,052,42,25,55,075,42,7*7C,1763493725857
NMEA,$GAGSV,3,3,10,26,03,326,29,30,03,202,22,7*79,1763493725857
NMEA,$GAGSV,2,1,08,02,48,173,37,03,68,067,28,05,21,106,29,08,46,314,35,1*77,1763493725857
NMEA,$GAGSV,2,2,08,13,14,279,34,15,08,229,24,16,36,052,37,25,55,075,34,1*71,1763493725857
NMEA,$GQGSV,1,1,01,03,02,297,23,1*58,1763493725857
NMEA,$GQGSV,1,1,01,03,02,297,14,8*55,1763493725857
NMEA,$GBGSV,2,1,07,37,51,047,41,36,15,230,40,32,17,142,44,23,03,049,34,1*78,1763493725857
NMEA,$GBGSV,2,2,07,22,01,319,26,20,74,158,43,19,52,313,42,1*4D,1763493725857
NMEA,$GBGSV,2,1,05,19,52,313,41,20,74,158,41,32,17,142,43,36,15,230,39,3*7C,1763493725857
NMEA,$GBGSV,2,2,05,37,51,047,42,3*44,1763493725857
NMEA,$GBGSV,2,1,07,19,52,313,34,20,74,158,33,22,01,319,32,23,03,049,26,5*72,1763493725857
NMEA,$GBGSV,2,2,07,32,17,142,28,36,15,230,29,37,51,047,39,5*4D,1763493725857
NMEA,$GNGSA,A,3,03,04,07,08,09,16,20,21,27,30,,,0.6,0.4,0.5,1*37,1763493725875
NMEA,$PSSGR,GSA,A,3,03,04,08,09,21,27,30,,,,,,0.6,0.4,0.5,1,8*41,1763493725875
NMEA,$GNGSA,A,3,65,72,75,76,,,,,,,,,0.6,0.4,0.5,2*30,1763493725875
NMEA,$GNGSA,A,3,02,03,05,08,13,15,16,25,,,,,0.6,0.4,0.5,3*3E,1763493725875
NMEA,$PSSGR,GSA,A,3,302,303,305,308,313,316,325,,,,,,0.6,0.4,0.5,3,1*74,1763493725875
NMEA,$GNGSA,A,3,19,20,32,36,37,,,,,,,,0.6,0.4,0.5,4*39,1763493725875
NMEA,$PSSGR,GSA,A,3,219,220,232,236,237,,,,,,,,0.6,0.4,0.5,4,5*72,1763493725875
NMEA,$GNVTG,47.4,T,34.6,M,2.1,N,3.9,K,E*36,1763493725875
NMEA,$GNDTM,W84,,0000.000000,N,00000.000000,E,0.000,W84*41,1763493725875
NMEA,$GNRMC,192206.00,A,3725.860268,N,12209.352006,W,2.1,47.4,181125,12.8,E,E,V*43,1763493725875
NMEA,$GNGNS,192206.00,3725.860268,N,12209.352006,W,EEEEEE,27,0.4,22.3,-32.6,,,V*2D,1763493725875
NMEA,$GNGGA,192206.00,3725.860268,N,12209.352006,W,6,12,0.4,22.3,M,-32.6,M,,*7C,1763493725875
NMEA,$PSMSG,magcal=PASS,bluesky=0*00,1763493725880
NMEA,$GPGSV,4,1,13,03,20,173,45,04,55,097,41,06,05,259,38,07,51,277,42,1*68,1763493726866
NMEA,$GPGSV,4,2,13,08,16,128,39,09,74,350,42,11,04,297,25,16,36,052,44,1*6E,1763493726866
NMEA,$GPGSV,4,3,13,20,12,321,32,21,12,321,33,26,04,041,37,27,18,097,42,1*64,1763493726866
NMEA,$GPGSV,4,4,13,30,23,262,44,1*52,1763493726866
NMEA,$GPGSV,3,1,10,03,20,173,36,04,55,097,38,06,05,259,31,08,16,128,37,8*61,1763493726866
NMEA,$GPGSV,3,2,10,09,74,350,35,11,04,297,26,21,12,321,38,26,04,041,29,8*6E,1763493726866
NMEA,$GPGSV,3,3,10,27,18,097,31,30,23,262,35,8*6E,1763493726866
NMEA,$GLGSV,2,1,05,,00,000,29,12,60,224,40,11,56,029,40,01,78,089,36,1*76,1763493726866
NMEA,$GLGSV,2,2,05,08,25,133,43,1*44,1763493726866
NMEA,$GAGSV,3,1,10,02,48,173,44,03,68,067,39,05,21,106,41,08,46,314,40,7*71,1763493726866
NMEA,$GAGSV,3,2,10,13,14,279,35,15,08,229,27,16,36,052,41,25,55,075,40,7*7F,1763493726866
NMEA,$GAGSV,3,3,10,26,03,326,29,30,03,202,20,7*7B,1763493726866
NMEA,$GAGSV,2,1,08,02,48,173,39,03,68,067,27,05,21,106,25,08,46,314,35,1*7A,1763493726866
NMEA,$GAGSV,2,2,08,13,14,279,31,15,08,229,21,16,36,052,37,25,55,075,36,1*73,1763493726866
NMEA,$GQGSV,1,1,01,03,02,297,23,1*58,1763493726866
NMEA,$GQGSV,1,1,01,03,02,297,14,8*55,1763493726866
NMEA,$GBGSV,2,1,07,37,51,047,42,36,15,230,39,32,17,142,44,23,03,049,35,1*74,1763493726866
NMEA,$GBGSV,2,2,07,22,01,319,26,20,74,158,42,19,52,313,43,1*4D,1763493726866
NMEA,$GBGSV,2,1,05,19,52,313,42,20,74,158,43,32,17,142,43,36,15,230,39,3*7D,1763493726866
NMEA,$GBGSV,2,2,05,37,51,047,42,3*44,1763493726866
NMEA,$GBGSV,2,1,07,19,52,313,35,20,74,158,31,22,01,319,31,23,03,049,25,5*71,1763493726866
NMEA,$GBGSV,2,2,07,32,17,142,29,36,15,230,31,37,51,047,38,5*44,1763493726866
NMEA,$GNGSA,A,3,03,04,07,08,09,16,20,21,27,30,,,0.6,0.4,0.5,1*37,1763493726885
NMEA,$PSSGR,GSA,A,3,03,04,08,09,21,27,30,,,,,,0.6,0.4,0.5,1,8*41,1763493726885
NMEA,$GNGSA,A,3,65,72,75,76,,,,,,,,,0.6,0.4,0.5,2*30,1763493726885
NMEA,$GNGSA,A,3,02,03,05,08,13,15,16,25,,,,,0.6,0.4,0.5,3*3E,1763493726885
NMEA,$PSSGR,GSA,A,3,302,303,305,308,313,316,325,,,,,,0.6,0.4,0.5,3,1*74,1763493726885
NMEA,$GNGSA,A,3,19,20,32,36,37,,,,,,,,0.6,0.4,0.5,4*39,1763493726885
NMEA,$PSSGR,GSA,A,3,219,220,232,236,237,,,,,,,,0.6,0.4,0.5,4,5*72,1763493726885
NMEA,$GNVTG,46.1,T,33.3,M,2.1,N,3.9,K,E*30,1763493726885
NMEA,$GNDTM,W84,,0000.000000,N,00000.000000,E,0.000,W84*41,1763493726885
NMEA,$GNRMC,192207.00,A,3725.860710,N,12209.351464,W,2.1,46.1,181125,12.8,E,E,V*4F,1763493726885
NMEA,$GNGNS,192207.00,3725.860710,N,12209.351464,W,EEEEEE,27,0.4,22.1,-32.6,,,V*27,1763493726885
NMEA,$GNGGA,192207.00,3725.860710,N,12209.351464,W,6,12,0.4,22.1,M,-32.6,M,,*76,1763493726885
NMEA,$PSMSG,magcal=PASS,bluesky=0*00,1763493726890
NMEA,$GPGSV,4,1,13,03,20,173,45,04,55,097,40,06,05,259,38,07,51,277,41,1*6A,1763493727861
NMEA,$GPGSV,4,2,13,08,16,128,42,09,74,350,43,11,04,297,21,16,36,052,44,1*67,1763493727861
NMEA,$GPGSV,4,3,13,20,12,321,32,21,12,321,33,26,04,041,36,27,18,097,43,1*64,1763493727861
NMEA,$GPGSV,4,4,13,30,23,262,42,1*54,1763493727861
NMEA,$GPGSV,3,1,10,03,20,173,38,04,55,097,39,06,05,259,31,08,16,128,37,8*6E,1763493727861
NMEA,$GPGSV,3,2,10,09,74,350,34,11,04,297,17,21,12,321,38,26,04,041,31,8*64,1763493727861
NMEA,$GPGSV,3,3,10,27,18,097,31,30,23,262,29,8*63,1763493727861
NMEA,$GLGSV,2,1,05,,00,000,29,12,60,224,41,11,56,029,42,01,78,089,35,1*76,1763493727861
NMEA,$GLGSV,2,2,05,08,25,133,42,1*45,1763493727861
NMEA,$GAGSV,3,1,10,02,48,173,45,03,68,067,39,05,21,106,40,08,46,314,40,7*71,1763493727861
NMEA,$GAGSV,3,2,10,13,14,279,36,15,08,229,32,16,36,052,40,25,55,075,40,7*79,1763493727861
NMEA,$GAGSV,3,3,10,26,03,326,31,30,03,202,20,7*72,1763493727861
NMEA,$GAGSV,2,1,08,02,48,173,38,03,68,067,27,05,21,106,27,08,46,314,35,1*79,1763493727861
NMEA,$GAGSV,2,2,08,13,14,279,32,15,08,229,21,16,36,052,38,25,55,075,35,1*7C,1763493727861
NMEA,$GQGSV,1,1,01,03,02,297,23,1*58,1763493727861
NMEA,$GQGSV,1,1,01,03,02,297,14,8*55,1763493727861
NMEA,$GBGSV,2,1,07,37,51,047,42,36,15,230,40,32,17,142,45,23,03,049,35,1*7B,1763493727861
NMEA,$GBGSV,2,2,07,22,01,319,23,20,74,158,43,19,52,313,43,1*49,1763493727861
NMEA,$GBGSV,2,1,05,19,52,313,42,20,74,158,43,32,17,142,42,36,15,230,41,3*73,1763493727861
NMEA,$GBGSV,2,2,05,37,51,047,42,3*44,1763493727861
NMEA,$GBGSV,2,1,07,19,52,313,34,20,74,158,32,22,01,319,30,23,03,049,24,5*73,1763493727861
NMEA,$GBGSV,2,2,07,32,17,142,26,36,15,230,32,37,51,047,38,5*48,1763493727861
NMEA,$GNGSA,A,3,03,04,07,08,09,16,20,21,27,30,,,0.6,0.4,0.5,1*37,1763493727876
NMEA,$PSSGR,GSA,A,3,03,04,08,09,21,27,30,,,,,,0.6,0.4,0.5,1,8*41,1763493727876
NMEA,$GNGSA,A,3,65,72,75,76,,,,,,,,,0.6,0.4,0.5,2*30,1763493727876
NMEA,$GNGSA,A,3,02,03,05,08,13,15,16,25,,,,,0.6,0.4,0.5,3*3E,1763493727876
NMEA,$PSSGR,GSA,A,3,302,303,305,308,313,316,325,,,,,,0.6,0.4,0.5,3,1*74,1763493727876
NMEA,$GNGSA,A,3,19,20,32,36,37,,,,,,,,0.6,0.4,0.5,4*39,1763493727876
NMEA,$PSSGR,GSA,A,3,219,220,232,236,237,,,,,,,,0.6,0.4,0.5,4,5*72,1763493727876
NMEA,$GNVTG,48.0,T,35.2,M,2.1,N,3.9,K,E*38,1763493727876
NMEA,$GNDTM,W84,,0000.000000,N,00000.000000,E,0.000,W84*41,1763493727876
NMEA,$GNRMC,192208.00,A,3725.861124,N,12209.350880,W,2.1,48.0,181125,12.8,E,E,V*48,1763493727876
NMEA,$GNGNS,192208.00,3725.861124,N,12209.350880,W,EEEEEE,27,0.4,22.1,-32.6,,,V*2F,1763493727876
NMEA,$GNGGA,192208.00,3725.861124,N,12209.350880,W,6,12,0.4,22.1,M,-32.6,M,,*7E,1763493727876
NMEA,$PSMSG,magcal=PASS,bluesky=0*00,1763493727879
NMEA,$GPGSV,4,1,13,03,20,173,44,04,55,097,40,06,05,259,35,07,51,277,46,1*61,1763493728859
NMEA,$GPGSV,4,2,13,08,16,128,41,09,74,350,42,11,04,297,21,16,36,052,44,1*65,1763493728859
NMEA,$GPGSV,4,3,13,20,12,321,32,21,12,321,32,26,04,041,35,27,18,097,42,1*67,1763493728859
NMEA,$GPGSV,4,4,13,30,23,262,40,1*56,1763493728859
NMEA,$GPGSV,3,1,10,03,20,173,37,04,55,097,37,06,05,259,26,08,16,128,34,8*6A,1763493728859
NMEA,$GPGSV,3,2,10,09,74,350,35,11,04,297,17,21,12,321,37,26,04,041,28,8*62,1763493728859
NMEA,$GPGSV,3,3,10,27,18,097,32,30,23,262,30,8*68,1763493728859
NMEA,$GLGSV,2,1,05,,00,000,29,12,60,224,40,11,56,029,41,01,78,089,36,1*77,1763493728859
NMEA,$GLGSV,2,2,05,08,25,133,42,1*45,1763493728859
NMEA,$GAGSV,3,1,10,02,48,173,44,03,68,067,40,05,21,106,38,08,46,314,40,7*71,1763493728859
NMEA,$GAGSV,3,2,10,13,14,279,35,15,08,229,32,16,36,052,41,25,55,075,41,7*7A,1763493728859
NMEA,$GAGSV,3,3,10,26,03,326,24,30,03,202,20,7*76,1763493728859
NMEA,$GAGSV,2,1,08,02,48,173,35,03,68,067,27,05,21,106,26,08,46,314,35,1*75,1763493728859
NMEA,$GAGSV,2,2,08,13,14,279,35,15,08,229,18,16,36,052,39,25,55,075,35,1*70,1763493728859
NMEA,$GQGSV,1,1,01,03,02,297,23,1*58,1763493728859
NMEA,$GQGSV,1,1,01,03,02,297,14,8*55,1763493728859
NMEA,$GBGSV,2,1,07,37,51,047,41,36,15,230,41,32,17,142,43,23,03,049,34,1*7E,1763493728859
NMEA,$GBGSV,2,2,07,22,01,319,23,20,74,158,44,19,52,313,43,1*4E,1763493728859
NMEA,$GBGSV,2,1,05,19,52,313,42,20,74,158,41,32,17,142,42,36,15,230,40,3*70,1763493728859
NMEA,$GBGSV,2,2,05,37,51,047,42,3*44,1763493728859
NMEA,$GBGSV,2,1,07,19,52,313,34,20,74,158,32,22,01,319,28,23,03,049,22,5*7C,1763493728859
NMEA,$GBGSV,2,2,07,32,17,142,29,36,15,230,31,37,51,047,37,5*4B,1763493728859
NMEA,$GNGSA,A,3,03,04,07,08,09,16,20,21,27,30,,,0.6,0.4,0.5,1*37,1763493728875
NMEA,$PSSGR,GSA,A,3,03,04,08,09,21,27,30,,,,,,0.6,0.4,0.5,1,8*41,1763493728875
NMEA,$GNGSA,A,3,65,72,75,76,,,,,,,,,0.6,0.4,0.5,2*30,1763493728875
NMEA,$GNGSA,A,3,02,03,05,08,13,15,16,25,,,,,0.6,0.4,0.5,3*3E,1763493728875
NMEA,$PSSGR,GSA,A,3,302,303,305,308,313,316,325,,,,,,0.6,0.4,0.5,3,1*74,1763493728875
NMEA,$GNGSA,A,3,19,20,32,36,37,,,,,,,,0.6,0.4,0.5,4*39,1763493728875
NMEA,$PSSGR,GSA,A,3,219,220,232,236,237,,,,,,,,0.6,0.4,0.5,4,5*72,1763493728875
NMEA,$GNVTG,50.1,T,37.3,M,2.2,N,4.1,K,E*3F,1763493728875
NMEA,$GNDTM,W84,,0000.000000,N,00000.000000,E,0.000,W84*41,1763493728875
NMEA,$GNRMC,192209.00,A,3725.861529,N,12209.350275,W,2.2,50.1,181125,12.8,E,E,V*4B,1763493728875
NMEA,$GNGNS,192209.00,3725.861529,N,12209.350275,W,EEEEEE,27,0.4,22.2,-32.6,,,V*24,1763493728875
NMEA,$GNGGA,192209.00,3725.861529,N,12209.350275,W,6,12,0.4,22.2,M,-32.6,M,,*75,1763493728875
NMEA,$PSMSG,magcal=PASS,bluesky=0*00,1763493728881
NMEA,$GPGSV,4,1,13,03,20,173,43,04,55,097,41,06,05,259,34,07,51,277,44,1*64,1763493729861
NMEA,$GPGSV,4,2,13,08,16,128,41,09,74,350,42,11,04,297,24,16,36,052,44,1*60,1763493729861
NMEA,$GPGSV,4,3,13,20,12,321,33,21,12,321,34,26,04,041,36,27,18,097,43,1*62,1763493729861
NMEA,$GPGSV,4,4,13,30,23,262,39,1*58,1763493729861
NMEA,$GPGSV,3,1,10,03,20,173,34,04,55,097,38,06,05,259,24,08,16,128,35,8*65,1763493729861
NMEA,$GPGSV,3,2,10,09,74,350,35,11,04,297,17,21,12,321,37,26,04,041,27,8*6D,1763493729861
NMEA,$GPGSV,3,3,10,27,18,097,34,30,23,262,33,8*6D,1763493729861
NMEA,$GLGSV,2,1,05,,00,000,29,12,60,224,40,11,56,029,42,01,78,089,36,1*74,1763493729861
NMEA,$GLGSV,2,2,05,08,25,133,42,1*45,1763493729861
NMEA,$GAGSV,3,1,10,02,48,173,43,03,68,067,40,05,21,106,40,08,46,314,41,7*78,1763493729861
NMEA,$GAGSV,3,2,10,13,14,279,38,15,08,229,32,16,36,052,40,25,55,075,41,7*76,1763493729861
NMEA,$GAGSV,3,3,10,26,03,326,27,30,03,202,19,7*7F,1763493729861
NMEA,$GAGSV,2,1,08,02,48,173,36,03,68,067,24,05,21,106,28,08,46,314,35,1*7B,1763493729861
NMEA,$GAGSV,2,2,08,13,14,279,36,15,08,229,18,16,36,052,39,25,55,075,35,1*73,1763493729861
NMEA,$GQGSV,1,1,01,03,02,297,23,1*58,1763493729861
NMEA,$GQGSV,1,1,01,03,02,297,14,8*55,1763493729861
NMEA,$GBGSV,2,1,07,37,51,047,41,36,15,230,40,32,17,142,42,23,03,049,34,1*7E,1763493729861
NMEA,$GBGSV,2,2,07,22,01,319,23,20,74,158,44,19,52,313,43,1*4E,1763493729861
NMEA,$GBGSV,2,1,05,19,52,313,42,20,74,158,42,32,17,142,42,36,15,230,37,3*73,1763493729861
NMEA,$GBGSV,2,2,05,37,51,047,43,3*45,1763493729861
NMEA,$GBGSV,2,1,07,19,52,313,34,20,74,158,33,22,01,319,31,23,03,049,23,5*74,1763493729861
NMEA,$GBGSV,2,2,07,32,17,142,32,36,15,230,30,37,51,047,37,5*40,1763493729861
NMEA,$GNGSA,A,3,03,04,07,08,09,16,20,21,27,30,,,0.6,0.4,0.5,1*37,1763493729877
NMEA,$PSSGR,GSA,A,3,03,04,08,09,21,27,30,,,,,,0.6,0.4,0.5,1,8*41,1763493729877
NMEA,$GNGSA,A,3,65,72,75,76,,,,,,,,,0.6,0.4,0.5,2*30,1763493729877
NMEA,$GNGSA,A,3,02,03,05,08,13,15,16,25,,,,,0.6,0.4,0.5,3*3E,1763493729877
NMEA,$PSSGR,GSA,A,3,302,303,305,308,313,316,325,,,,,,0.6,0.4,0.5,3,1*74,1763493729877
NMEA,$GNGSA,A,3,19,20,32,36,37,,,,,,,,0.6,0.4,0.5,4*39,1763493729877
NMEA,$PSSGR,GSA,A,3,219,220,232,236,237,,,,,,,,0.6,0.4,0.5,4,5*72,1763493729877
NMEA,$GNVTG,48.6,T,35.8,M,2.2,N,4.0,K,E*39,1763493729877
NMEA,$GNDTM,W84,,0000.000000,N,00000.000000,E,0.000,W84*41,1763493729877
NMEA,$GNRMC,192210.00,A,3725.861958,N,12209.349674,W,2.2,48.6,181125,12.8,E,E,V*4A,1763493729877
NMEA,$GNGNS,192210.00,3725.861958,N,12209.349674,W,EEEEEE,27,0.4,22.3,-32.6,,,V*2A,1763493729877
NMEA,$GNGGA,192210.00,3725.861958,N,12209.349674,W,6,12,0.4,22.3,M,-32.6,M,,*7B,1763493729877
NMEA,$PSMSG,magcal=PASS,bluesky=0*00,1763493729881
NMEA,$GPGSV,4,1,13,03,20,173,44,04,55,097,42,06,05,259,30,07,51,277,44,1*64,1763493730862
NMEA,$GPGSV,4,2,13,08,16,128,41,09,74,350,41,11,04,297,23,16,36,052,42,1*62,1763493730862
NMEA,$GPGSV,4,3,13,20,12,321,33,21,12,321,34,26,04,041,35,27,18,097,44,1*66,1763493730862
NMEA,$GPGSV,4,4,13,30,23,262,43,1*55,1763493730862
NMEA,$GPGSV,3,1,10,03,20,173,35,04,55,097,39,06,05,259,24,08,16,128,36,8*66,1763493730862
NMEA,$GPGSV,3,2,10,09,74,350,36,11,04,297,17,21,12,321,37,26,04,041,27,8*6E,1763493730862
NMEA,$GPGSV,3,3,10,27,18,097,33,30,23,262,32,8*6B,1763493730862
NMEA,$GLGSV,2,1,05,,00,000,29,12,60,224,40,11,56,029,43,01,78,089,36,1*75,1763493730862
NMEA,$GLGSV,2,2,05,08,25,133,40,1*47,1763493730862
NMEA,$GAGSV,3,1,10,02,48,173,43,03,68,067,38,05,21,106,38,08,46,314,41,7*78,1763493730862
NMEA,$GAGSV,3,2,10,13,14,279,41,15,08,229,32,16,36,052,39,25,55,075,42,7*75,1763493730862
NMEA,$GAGSV,3,3,10,26,03,326,29,30,03,202,19,7*71,1763493730862
NMEA,$GAGSV,2,1,08,02,48,173,36,03,68,067,26,05,21,106,32,08,46,314,34,1*73,1763493730862
NMEA,$GAGSV,2,2,08,13,14,279,32,15,08,229,18,16,36,052,38,25,55,075,33,1*70,1763493730862
NMEA,$GQGSV,1,1,01,03,02,297,23,1*58,1763493730862
NMEA,$GQGSV,1,1,01,03,02,297,14,8*55,1763493730862
NMEA,$GBGSV,2,1,07,37,51,047,41,36,15,230,36,32,17,142,43,23,03,049,34,1*7E,1763493730862
NMEA,$GBGSV,2,2,07,22,01,319,23,20,74,158,43,19,52,313,43,1*49,1763493730862
NMEA,$GBGSV,2,1,05,19,52,313,42,20,74,158,42,32,17,142,43,36,15,230,29,3*7D,1763493730862
NMEA,$GBGSV,2,2,05,37,51,047,42,3*44,1763493730862
NMEA,$GBGSV,2,1,07,19,52,313,34,20,74,158,34,22,01,319,28,23,03,049,23,5*7B,1763493730862
NMEA,$GBGSV,2,2,07,32,17,142,27,36,15,230,29,37,51,047,39,5*42,1763493730862
NMEA,$GNGSA,A,3,03,04,07,08,09,16,20,21,27,30,,,0.6,0.4,0.5,1*37,1763493730877
NMEA,$PSSGR,GSA,A,3,03,04,08,09,21,27,30,,,,,,0.6,0.4,0.5,1,8*41,1763493730877
NMEA,$GNGSA,A,3,65,72,75,76,,,,,,,,,0.6,0.4,0.5,2*30,1763493730877
NMEA,$GNGSA,A,3,02,03,05,08,13,15,16,25,,,,,0.6,0.4,0.5,3*3E,1763493730877
NMEA,$PSSGR,GSA,A,3,302,303,305,308,313,316,325,,,,,,0.6,0.4,0.5,3,1*74,1763493730877
NMEA,$GNGSA,A,3,19,20,32,36,37,,,,,,,,0.6,0.4,0.5,4*39,1763493730877
NMEA,$PSSGR,GSA,A,3,219,220,232,236,237,,,,,,,,0.6,0.4,0.5,4,5*72,1763493730877
NMEA,$GNVTG,47.3,T,34.5,M,2.0,N,3.8,K,E*32,1763493730877
NMEA,$GNDTM,W84,,0000.000000,N,00000.000000,E,0.000,W84*41,1763493730877
NMEA,$GNRMC,192211.00,A,3725.862369,N,12209.349147,W,2.0,47.3,181125,12.8,E,E,V*4F,1763493730877
NMEA,$GNGNS,192211.00,3725.862369,N,12209.349147,W,EEEEEE,27,0.4,22.4,-32.6,,,V*20,1763493730877
NMEA,$GNGGA,192211.00,3725.862369,N,12209.349147,W,6,12,0.4,22.4,M,-32.6,M,,*71,1763493730877
NMEA,$PSMSG,magcal=PASS,bluesky=0*00,1763493730881
NMEA,$GPGSV,4,1,13,03,20,173,44,04,55,097,42,06,05,259,35,07,51,277,44,1*61,1763493731864
NMEA,$GPGSV,4,2,13,08,16,128,43,09,74,350,40,11,04,297,23,16,36,052,43,1*60,1763493731864
NMEA,$GPGSV,4,3,13,20,12,321,32,21,12,321,33,26,04,041,34,27,18,097,43,1*66,1763493731864
NMEA,$GPGSV,4,4,13,30,23,262,44,1*52,1763493731864
NMEA,$GPGSV,3,1,10,03,20,173,36,04,55,097,39,06,05,259,25,08,16,128,38,8*6A,1763493731864
NMEA,$GPGSV,3,2,10,09,74,350,33,11,04,297,17,21,12,321,37,26,04,041,28,8*64,1763493731864
NMEA,$GPGSV,3,3,10,27,18,097,25,30,23,262,33,8*6D,1763493731864
NMEA,$GLGSV,2,1,05,,00,000,29,12,60,224,42,11,56,029,45,01,78,089,34,1*73,1763493731864
NMEA,$GLGSV,2,2,05,08,25,133,40,1*47,1763493731864
NMEA,$GAGSV,3,1,10,02,48,173,44,03,68,067,38,05,21,106,39,08,46,314,40,7*7F,1763493731864
NMEA,$GAGSV,3,2,10,13,14,279,37,15,08,229,34,16,36,052,41,25,55,075,43,7*7C,1763493731864
NMEA,$GAGSV,3,3,10,26,03,326,26,30,03,202,19,7*7E,1763493731864
NMEA,$GAGSV,2,1,08,02,48,173,36,03,68,067,29,05,21,106,36,08,46,314,34,1*78,1763493731864
NMEA,$GAGSV,2,2,08,13,14,279,30,15,08,229,18,16,36,052,39,25,55,075,36,1*76,1763493731864
NMEA,$GQGSV,1,1,01,03,02,297,23,1*58,1763493731864
NMEA,$GQGSV,1,1,01,03,02,297,14,8*55,1763493731864
NMEA,$GBGSV,2,1,07,37,51,047,43,36,15,230,34,32,17,142,43,23,03,049,32,1*78,1763493731864
NMEA,$GBGSV,2,2,07,22,01,319,25,20,74,158,43,19,52,313,43,1*4F,1763493731864
NMEA,$GBGSV,2,1,05,19,52,313,42,20,74,158,43,32,17,142,43,36,15,230,33,3*77,1763493731864
NMEA,$GBGSV,2,2,05,37,51,047,43,3*45,1763493731864
NMEA,$GBGSV,2,1,07,19,52,313,35,20,74,158,33,22,01,319,28,23,03,049,23,5*7D,1763493731864
NMEA,$GBGSV,2,2,07,32,17,142,31,36,15,230,30,37,51,047,39,5*4D,1763493731864
NMEA,$GNGSA,A,3,03,04,07,08,09,16,20,21,27,30,,,0.6,0.4,0.5,1*37,1763493731883
NMEA,$PSSGR,GSA,A,3,03,04,08,09,21,27,30,,,,,,0.6,0.4,0.5,1,8*41,1763493731883
NMEA,$GNGSA,A,3,65,72,75,76,,,,,,,,,0.6,0.4,0.5,2*30,1763493731883
NMEA,$GNGSA,A,3,02,03,05,08,13,15,16,25,,,,,0.6,0.4,0.5,3*3E,1763493731883
NMEA,$PSSGR,GSA,A,3,302,303,305,308,313,316,325,,,,,,0.6,0.4,0.5,3,1*74,1763493731883
NMEA,$GNGSA,A,3,19,20,32,36,37,,,,,,,,0.6,0.4,0.5,4*39,1763493731883
NMEA,$PSSGR,GSA,A,3,219,220,232,236,237,,,,,,,,0.6,0.4,0.5,4,5*72,1763493731883
NMEA,$GNVTG,47.9,T,35.1,M,2.1,N,3.8,K,E*3C,1763493731883
NMEA,$GNDTM,W84,,0000.000000,N,00000.000000,E,0.000,W84*41,1763493731883
NMEA,$GNRMC,192212.00,A,3725.862770,N,12209.348638,W,2.1,47.9,181125,12.8,E,E,V*45,1763493731883
NMEA,$GNGNS,192212.00,3725.862770,N,12209.348638,W,EEEEEE,27,0.4,22.3,-32.6,,,V*26,1763493731883
NMEA,$GNGGA,192212.00,3725.862770,N,12209.348638,W,6,12,0.4,22.3,M,-32.6,M,,*77,1763493731883
NMEA,$PSMSG,magcal=PASS,bluesky=0*00,1763493731892
NMEA,$GPGSV,4,1,13,03,20,173,45,04,55,097,42,06,05,259,36,07,51,277,44,1*63,1763493732861
NMEA,$GPGSV,4,2,13,08,16,128,42,09,74,350,40,11,04,297,23,16,36,052,44,1*66,1763493732861
NMEA,$GPGSV,4,3,13,20,12,321,31,21,12,321,32,26,04,041,34,27,18,097,44,1*63,1763493732861
NMEA,$GPGSV,4,4,13,30,23,262,42,1*54,1763493732861
NMEA,$GPGSV,3,1,10,03,20,173,35,04,55,097,39,06,05,259,28,08,16,128,39,8*65,1763493732861
NMEA,$GPGSV,3,2,10,09,74,350,32,11,04,297,17,21,12,321,37,26,04,041,26,8*6B,1763493732861
NMEA,$GPGSV,3,3,10,27,18,097,35,30,23,262,33,8*6C,1763493732861
NMEA,$GLGSV,2,1,05,,00,000,29,12,60,224,42,11,56,029,44,01,78,089,35,1*73,1763493732861
NMEA,$GLGSV,2,2,05,08,25,133,40,1*47,1763493732861
NMEA,$GAGSV,3,1,10,02,48,173,45,03,68,067,40,05,21,106,38,08,46,314,40,7*70,1763493732861
NMEA,$GAGSV,3,2,10,13,14,279,33,15,08,229,35,16,36,052,41,25,55,075,41,7*7B,1763493732861
NMEA,$GAGSV,3,3,10,26,03,326,28,30,03,202,19,7*70,1763493732861
NMEA,$GAGSV,2,1,08,02,48,173,34,03,68,067,31,05,21,106,32,08,46,314,34,1*77,1763493732861
NMEA,$GAGSV,2,2,08,13,14,279,33,15,08,229,19,16,36,052,39,25,55,075,35,1*77,1763493732861
NMEA,$GQGSV,1,1,01,03,02,297,23,1*58,1763493732861
NMEA,$GQGSV,1,1,01,03,02,297,14,8*55,1763493732861
NMEA,$GBGSV,2,1,07,37,51,047,43,36,15,230,34,32,17,142,44,23,03,049,32,1*7F,1763493732861
NMEA,$GBGSV,2,2,07,22,01,319,24,20,74,158,43,19,52,313,43,1*4E,1763493732861
NMEA,$GBGSV,2,1,05,19,52,313,43,20,74,158,43,32,17,142,43,36,15,230,37,3*72,1763493732861
NMEA,$GBGSV,2,2,05,37,51,047,43,3*45,1763493732861
NMEA,$GBGSV,2,1,07,19,52,313,34,20,74,158,29,22,01,319,28,23,03,049,23,5*77,1763493732861
NMEA,$GBGSV,2,2,07,32,17,142,32,36,15,230,30,37,51,047,39,5*4E,1763493732861
NMEA,$GNGSA,A,3,03,04,07,08,09,16,20,21,27,30,,,0.6,0.4,0.5,1*37,1763493732876
NMEA,$PSSGR,GSA,A,3,03,04,08,09,21,27,30,,,,,,0.6,0.4,0.5,1,8*41,1763493732876
NMEA,$GNGSA,A,3,65,72,75,76,,,,,,,,,0.6,0.4,0.5,2*30,1763493732876
NMEA,$GNGSA,A,3,02,03,05,08,13,15,16,25,,,,,0.6,0.4,0.5,3*3E,1763493732876
NMEA,$PSSGR,GSA,A,3,302,303,305,308,313,316,325,,,,,,0.6,0.4,0.5,3,1*74,1763493732876
NMEA,$GNGSA,A,3,19,20,32,36,37,,,,,,,,0.6,0.4,0.5,4*39,1763493732876
NMEA,$PSSGR,GSA,A,3,219,220,232,236,237,,,,,,,,0.6,0.4,0.5,4,5*72,1763493732876
NMEA,$GNVTG,48.6,T,35.8,M,2.1,N,4.0,K,E*3A,1763493732876
NMEA,$GNDTM,W84,,0000.000000,N,00000.000000,E,0.000,W84*41,1763493732876
NMEA,$GNRMC,192213.00,A,3725.863189,N,12209.348076,W,2.1,48.6,181125,12.8,E,E,V*49,1763493732876
NMEA,$GNGNS,192213.00,3725.863189,N,12209.348076,W,EEEEEE,27,0.4,22.1,-32.6,,,V*28,1763493732876
NMEA,$GNGGA,192213.00,3725.863189,N,12209.348076,W,6,12,0.4,22.1,M,-32.6,M,,*79,1763493732876
NMEA,$PSMSG,magcal=PASS,bluesky=0*00,1763493732880
NMEA,$GPGSV,4,1,13,03,20,173,43,04,55,097,42,06,05,259,37,07,51,277,44,1*64,1763493733858
NMEA,$GPGSV,4,2,13,08,16,128,39,09,74,350,41,11,04,297,24,16,36,052,42,1*6A,1763493733858
NMEA,$GPGSV,4,3,13,20,12,321,33,21,12,321,33,26,04,041,29,27,18,097,43,1*6B,1763493733858
NMEA,$GPGSV,4,4,13,30,23,262,44,1*52,1763493733858
NMEA,$GPGSV,3,1,10,03,20,173,35,04,55,097,37,06,05,259,29,08,16,128,28,8*6A,1763493733858
NMEA,$GPGSV,3,2,10,09,74,350,32,11,04,297,24,21,12,321,38,26,04,041,25,8*67,1763493733858
NMEA,$GPGSV,3,3,10,27,18,097,34,30,23,262,32,8*6C,1763493733858
NMEA,$GLGSV,2,1,05,,00,000,29,12,60,224,43,11,56,029,43,01,78,089,35,1*75,1763493733858
NMEA,$GLGSV,2,2,05,08,25,133,41,1*46,1763493733858
NMEA,$GAGSV,3,1,10,02,48,173,46,03,68,067,39,05,21,106,38,08,46,314,39,7*73,1763493733858
NMEA,$GAGSV,3,2,10,13,14,279,38,15,08,229,34,16,36,052,41,25,55,075,41,7*71,1763493733858
NMEA,$GAGSV,3,3,10,26,03,326,30,30,03,202,22,7*71,1763493733858
NMEA,$GAGSV,2,1,08,02,48,173,36,03,68,067,29,05,21,106,34,08,46,314,33,1*7D,1763493733858
NMEA,$GAGSV,2,2,08,13,14,279,34,15,08,229,24,16,36,052,39,25,55,075,34,1*7F,1763493733858
NMEA,$GQGSV,1,1,01,03,02,297,23,1*58,1763493733858
NMEA,$GQGSV,1,1,01,03,02,297,14,8*55,1763493733858
NMEA,$GBGSV,2,1,07,37,51,047,43,36,15,230,39,32,17,142,43,23,03,049,32,1*75,1763493733858
NMEA,$GBGSV,2,2,07,22,01,319,24,20,74,158,45,19,52,313,44,1*4F,1763493733858
NMEA,$GBGSV,2,1,05,19,52,313,43,20,74,158,41,32,17,142,43,36,15,230,37,3*70,1763493733858
NMEA,$GBGSV,2,2,05,37,51,047,43,3*45,1763493733858
NMEA,$GBGSV,2,1,07,19,52,313,35,20,74,158,31,22,01,319,30,23,03,049,23,5*76,1763493733858
NMEA,$GBGSV,2,2,07,32,17,142,35,36,15,230,30,37,51,047,38,5*48,1763493733858
NMEA,$GNGSA,A,3,03,04,07,08,09,16,20,21,27,30,,,0.6,0.4,0.5,1*37,1763493733880
NMEA,$PSSGR,GSA,A,3,03,04,08,09,21,27,30,,,,,,0.6,0.4,0.5,1,8*41,1763493733880
NMEA,$GNGSA,A,3,65,72,75,76,,,,,,,,,0.6,0.4,0.5,2*30,1763493733880
NMEA,$GNGSA,A,3,02,03,05,08,13,15,16,25,,,,,0.6,0.4,0.5,3*3E,1763493733880
NMEA,$PSSGR,GSA,A,3,302,303,305,308,313,316,325,,,,,,0.6,0.4,0.5,3,1*74,1763493733880
NMEA,$GNGSA,A,3,19,20,32,36,37,,,,,,,,0.6,0.4,0.5,4*39,1763493733880
NMEA,$PSSGR,GSA,A,3,219,220,232,236,237,,,,,,,,0.6,0.4,0.5,4,5*72,1763493733880
NMEA,$GNVTG,49.2,T,36.4,M,2.2,N,4.0,K,E*33,1763493733880
NMEA,$GNDTM,W84,,0000.000000,N,00000.000000,E,0.000,W84*41,1763493733880
NMEA,$GNRMC,192214.00,A,3725.863601,N,12209.347524,W,2.2,49.2,181125,12.8,E,E,V*42,1763493733880
NMEA,$GNGNS,192214.00,3725.863601,N,12209.347524,W,EEEEEE,27,0.4,22.2,-32.6,,,V*26,1763493733880
NMEA,$GNGGA,192214.00,3725.863601,N,12209.347524,W,6,12,0.4,22.2,M,-32.6,M,,*77,1763493733880
NMEA,$PSMSG,magcal=PASS,bluesky=0*00,1763493733889
NMEA,$GPGSV,4,1,13,03,20,173,43,04,55,097,41,06,05,259,38,07,51,277,44,1*68,1763493734860
NMEA,$GPGSV,4,2,13,08,16,128,41,09,74,350,41,11,04,297,24,16,36,052,41,1*66,1763493734860
NMEA,$GPGSV,4,3,13,20,12,321,33,21,12,321,33,26,04,041,33,27,18,097,43,1*60,1763493734860
NMEA,$GPGSV,4,4,13,30,23,262,43,1*55,1763493734860
NMEA,$GPGSV,3,1,10,03,20,173,36,04,55,097,38,06,05,259,28,08,16,128,36,8*68,1763493734860
NMEA,$GPGSV,3,2,10,09,74,350,32,11,04,297,24,21,12,321,37,26,04,041,29,8*64,1763493734860
NMEA,$GPGSV,3,3,10,27,18,097,33,30,23,262,34,8*6D,1763493734860
NMEA,$GLGSV,2,1,05,,00,000,29,12,60,224,42,11,56,029,42,01,78,089,36,1*76,1763493734860
NMEA,$GLGSV,2,2,05,08,25,133,41,1*46,1763493734860
NMEA,$GAGSV,3,1,10,02,48,173,42,03,68,067,40,05,21,106,40,08,46,314,40,7*78,1763493734860
NMEA,$GAGSV,3,2,10,13,14,279,39,15,08,229,34,16,36,052,41,25,55,075,41,7*70,1763493734860
NMEA,$GAGSV,3,3,10,26,03,326,28,30,03,202,22,7*78,1763493734860
NMEA,$GAGSV,2,1,08,02,48,173,36,03,68,067,30,05,21,106,30,08,46,314,33,1*71,1763493734860
NMEA,$GAGSV,2,2,08,13,14,279,33,15,08,229,24,16,36,052,38,25,55,075,34,1*79,1763493734860
NMEA,$GQGSV,1,1,01,03,02,297,17,1*5F,1763493734860
NMEA,$GQGSV,1,1,01,03,02,297,12,8*53,1763493734860
NMEA,$GBGSV,2,1,07,37,51,047,43,36,15,230,40,32,17,142,44,23,03,049,31,1*7F,1763493734860
NMEA,$GBGSV,2,2,07,22,01,319,23,20,74,158,44,19,52,313,44,1*49,1763493734860
NMEA,$GBGSV,2,1,05,19,52,313,43,20,74,158,41,32,17,142,43,36,15,230,36,3*71,1763493734860
NMEA,$GBGSV,2,2,05,37,51,047,42,3*44,1763493734860
NMEA,$GBGSV,2,1,07,19,52,313,34,20,74,158,30,22,01,319,29,23,03,049,23,5*7E,1763493734860
NMEA,$GBGSV,2,2,07,32,17,142,33,36,15,230,27,37,51,047,38,5*48,1763493734860
NMEA,$GNGSA,A,3,03,04,07,08,09,16,20,21,27,30,,,0.6,0.4,0.5,1*37,1763493734874
NMEA,$PSSGR,GSA,A,3,03,04,08,09,21,27,30,,,,,,0.6,0.4,0.5,1,8*41,1763493734874
NMEA,$GNGSA,A,3,65,72,75,76,,,,,,,,,0.6,0.4,0.5,2*30,1763493734874
NMEA,$GNGSA,A,3,02,03,05,08,13,15,16,25,,,,,0.6,0.4,0.5,3*3E,1763493734874
NMEA,$PSSGR,GSA,A,3,302,303,305,308,313,316,325,,,,,,0.6,0.4,0.5,3,1*74,1763493734874
NMEA,$GNGSA,A,3,19,20,32,36,37,,,,,,,,0.6,0.4,0.5,4*39,1763493734874
NMEA,$PSSGR,GSA,A,3,219,220,232,236,237,,,,,,,,0.6,0.4,0.5,4,5*72,1763493734874
NMEA,$GNVTG,45.7,T,32.9,M,2.1,N,3.9,K,E*3E,1763493734874
NMEA,$GNDTM,W84,,0000.000000,N,00000.000000,E,0.000,W84*41,1763493734874
NMEA,$GNRMC,192215.00,A,3725.864018,N,12209.346999,W,2.1,45.7,181125,12.8,E,E,V*4B,1763493734874
NMEA,$GNGNS,192215.00,3725.864018,N,12209.346999,W,EEEEEE,27,0.4,22.2,-32.6,,,V*25,1763493734874
NMEA,$GNGGA,192215.00,3725.864018,N,12209.346999,W,6,12,0.4,22.2,M,-32.6,M,,*74,1763493734874
NMEA,$PSMSG,magcal=PASS,bluesky=0*00,1763493734879
NMEA,$GPGSV,4,1,13,03,20,173,44,04,55,097,41,06,05,259,35,07,51,277,45,1*63,1763493735859
NMEA,$GPGSV,4,2,13,08,16,128,42,09,74,350,43,11,04,297,25,16,36,052,42,1*65,1763493735859
NMEA,$GPGSV,4,3,13,20,12,321,29,21,12,321,33,26,04,041,31,27,18,097,42,1*68,1763493735859
NMEA,$GPGSV,4,4,13,30,23,262,43,1*55,1763493735859
NMEA,$GPGSV,3,1,10,03,20,173,38,04,55,097,38,06,05,259,30,08,16,128,36,8*6F,1763493735859
NMEA,$GPGSV,3,2,10,09,74,350,33,11,04,297,24,21,12,321,37,26,04,041,29,8*65,1763493735859
NMEA,$GPGSV,3,3,10,27,18,097,35,30,23,262,33,8*6C,1763493735859
NMEA,$GLGSV,2,1,05,,00,000,29,12,60,224,41,11,56,029,42,01,78,089,35,1*76,1763493735859
NMEA,$GLGSV,2,2,05,08,25,133,41,1*46,1763493735859
NMEA,$GAGSV,3,1,10,02,48,173,44,03,68,067,40,05,21,106,36,08,46,314,40,7*7F,1763493735859
NMEA,$GAGSV,3,2,10,13,14,279,36,15,08,229,34,16,36,052,42,25,55,075,40,7*7D,1763493735859
NMEA,$GAGSV,3,3,10,26,03,326,29,30,03,202,19,7*71,1763493735859
NMEA,$GAGSV,2,1,08,02,48,173,35,03,68,067,33,05,21,106,29,08,46,314,34,1*7E,1763493735859
NMEA,$GAGSV,2,2,08,13,14,279,27,15,08,229,23,16,36,052,39,25,55,075,36,1*78,1763493735859
NMEA,$GQGSV,1,1,01,03,02,297,17,1*5F,1763493735859
NMEA,$GQGSV,1,1,01,03,02,297,12,8*53,1763493735859
NMEA,$GBGSV,2,1,07,37,51,047,43,36,15,230,39,32,17,142,43,23,03,049,33,1*74,1763493735859
NMEA,$GBGSV,2,2,07,22,01,319,23,20,74,158,44,19,52,313,43,1*4E,1763493735859
NMEA,$GBGSV,2,1,05,19,52,313,42,20,74,158,41,32,17,142,42,36,15,230,33,3*74,1763493735859
NMEA,$GBGSV,2,2,05,37,51,047,40,3*46,1763493735859
NMEA,$GBGSV,2,1,07,19,52,313,32,20,74,158,28,22,01,319,28,23,03,049,18,5*78,1763493735859
NMEA,$GBGSV,2,2,07,32,17,142,35,36,15,230,30,37,51,047,38,5*48,1763493735859
NMEA,$GNGSA,A,3,03,04,07,08,09,16,20,21,27,30,,,0.6,0.4,0.5,1*37,1763493735877
NMEA,$PSSGR,GSA,A,3,03,04,08,09,21,27,30,,,,,,0.6,0.4,0.5,1,8*41,1763493735877
NMEA,$GNGSA,A,3,65,72,75,76,,,,,,,,,0.6,0.4,0.5,2*30,1763493735877
NMEA,$GNGSA,A,3,02,03,05,08,13,15,16,25,,,,,0.6,0.4,0.5,3*3E,1763493735877
NMEA,$PSSGR,GSA,A,3,302,303,305,308,313,316,325,,,,,,0.6,0.4,0.5,3,1*74,1763493735877
NMEA,$GNGSA,A,3,19,20,32,36,37,,,,,,,,0.6,0.4,0.5,4*39,1763493735877
NMEA,$PSSGR,GSA,A,3,219,220,232,236,237,,,,,,,,0.6,0.4,0.5,4,5*72,1763493735877
NMEA,$GNVTG,47.7,T,34.9,M,2.2,N,4.1,K,E*36,1763493735877
NMEA,$GNDTM,W84,,0000.000000,N,00000.000000,E,0.000,W84*41,1763493735877
NMEA,$GNRMC,192216.00,A,3725.864439,N,12209.346436,W,2.2,47.7,181125,12.8,E,E,V*46,1763493735877
NMEA,$GNGNS,192216.00,3725.864439,N,12209.346436,W,EEEEEE,27,0.4,22.6,-32.6,,,V*2D,1763493735877
NMEA,$GNGGA,192216.00,3725.864439,N,12209.346436,W,6,12,0.4,22.6,M,-32.6,M,,*7C,1763493735877
NMEA,$PSMSG,magcal=PASS,bluesky=0*00,1763493735881
NMEA,$GPGSV,4,1,13,03,20,173,43,04,55,097,40,06,05,259,38,07,51,277,43,1*6E,1763493736863
NMEA,$GPGSV,4,2,13,08,16,128,39,09,74,350,41,11,04,297,27,16,36,052,43,1*68,1763493736863
NMEA,$GPGSV,4,3,13,20,12,321,33,21,12,321,33,26,04,041,36,27,18,097,43,1*65,1763493736863
NMEA,$GPGSV,4,4,13,30,23,262,43,1*55,1763493736863
NMEA,$GPGSV,3,1,10,03,20,173,36,04,55,097,37,06,05,259,29,08,16,128,31,8*61,1763493736863
NMEA,$GPGSV,3,2,10,09,74,350,35,11,04,297,24,21,12,321,37,26,04,041,31,8*6A,1763493736863
NMEA,$GPGSV,3,3,10,27,18,097,36,30,23,262,36,8*6A,1763493736863
NMEA,$GLGSV,2,1,05,,00,000,29,12,60,224,40,11,56,029,41,01,78,089,36,1*77,1763493736863
NMEA,$GLGSV,2,2,05,08,25,133,40,1*47,1763493736863
NMEA,$GAGSV,3,1,10,02,48,173,45,03,68,067,39,05,21,106,39,08,46,314,40,7*7F,1763493736863
NMEA,$GAGSV,3,2,10,13,14,279,22,15,08,229,34,16,36,052,41,25,55,075,39,7*75,1763493736863
NMEA,$GAGSV,3,3,10,26,03,326,27,30,03,202,19,7*7F,1763493736863
NMEA,$GAGSV,2,1,08,02,48,173,36,03,68,067,26,05,21,106,27,08,46,314,36,1*75,1763493736863
NMEA,$GAGSV,2,2,08,13,14,279,22,15,08,229,22,16,36,052,38,25,55,075,34,1*7F,1763493736863
NMEA,$GQGSV,1,1,01,03,02,297,17,1*5F,1763493736863
NMEA,$GQGSV,1,1,01,03,02,297,12,8*53,1763493736863
NMEA,$GBGSV,2,1,07,37,51,047,43,36,15,230,38,32,17,142,42,23,03,049,32,1*75,1763493736863
NMEA,$GBGSV,2,2,07,22,01,319,23,20,74,158,43,19,52,313,43,1*49,1763493736863
NMEA,$GBGSV,2,1,05,19,52,313,43,20,74,158,42,32,17,142,43,36,15,230,34,3*70,1763493736863
NMEA,$GBGSV,2,2,05,37,51,047,43,3*45,1763493736863
NMEA,$GBGSV,2,1,07,19,52,313,34,20,74,158,35,22,01,319,25,23,03,049,24,5*70,1763493736863
NMEA,$GBGSV,2,2,07,32,17,142,32,36,15,230,29,37,51,047,36,5*49,1763493736863
NMEA,$GNGSA,A,3,03,04,07,08,09,16,20,21,27,30,,,0.6,0.4,0.5,1*37,1763493736888
NMEA,$PSSGR,GSA,A,3,03,04,08,09,21,27,30,,,,,,0.6,0.4,0.5,1,8*41,1763493736888
NMEA,$GNGSA,A,3,65,72,75,76,,,,,,,,,0.6,0.4,0.5,2*30,1763493736888
NMEA,$GNGSA,A,3,02,03,05,08,13,15,16,25,,,,,0.6,0.4,0.5,3*3E,1763493736888
NMEA,$PSSGR,GSA,A,3,302,303,305,308,313,316,325,,,,,,0.6,0.4,0.5,3,1*74,1763493736888
NMEA,$GNGSA,A,3,19,20,32,36,37,,,,,,,,0.6,0.4,0.5,4*39,1763493736888
NMEA,$PSSGR,GSA,A,3,219,220,232,236,237,,,,,,,,0.6,0.4,0.5,4,5*72,1763493736888
NMEA,$GNVTG,46.7,T,33.9,M,2.3,N,4.3,K,E*33,1763493736888
NMEA,$GNDTM,W84,,0000.000000,N,00000.000000,E,0.000,W84*41,1763493736888
NMEA,$GNRMC,192217.00,A,3725.864871,N,12209.345847,W,2.3,46.7,181125,12.8,E,E,V*4E,1763493736888
NMEA,$GNGNS,192217.00,3725.864871,N,12209.345847,W,EEEEEE,27,0.4,22.7,-32.6,,,V*24,1763493736888
NMEA,$GNGGA,192217.00,3725.864871,N,12209.345847,W,6,12,0.4,22.7,M,-32.6,M,,*75,1763493736888
NMEA,$PSMSG,magcal=PASS,bluesky=0*00,1763493736907
NMEA,$GPGSV,4,1,13,03,20,173,43,04,55,097,41,06,05,259,36,07,51,277,43,1*61,1763493737860
NMEA,$GPGSV,4,2,13,08,16,128,40,09,74,350,42,11,04,297,27,16,36,052,43,1*65,1763493737860
NMEA,$GPGSV,4,3,13,20,12,321,31,21,12,321,34,26,04,041,34,27,18,097,43,1*62,1763493737860
NMEA,$GPGSV,4,4,13,30,23,262,44,1*52,1763493737860
NMEA,$GPGSV,3,1,10,03,20,173,36,04,55,097,38,06,05,259,25,08,16,128,34,8*67,1763493737860
NMEA,$GPGSV,3,2,10,09,74,350,34,11,04,297,26,21,12,321,37,26,04,041,32,8*6A,1763493737860
NMEA,$GPGSV,3,3,10,27,18,097,34,30,23,262,34,8*6A,1763493737860
NMEA,$GLGSV,2,1,05,,00,000,29,12,60,224,40,11,56,029,43,01,78,089,36,1*75,1763493737860
NMEA,$GLGSV,2,2,05,08,25,133,41,1*46,1763493737860
NMEA,$GAGSV,3,1,10,02,48,173,44,03,68,067,40,05,21,106,40,08,46,314,40,7*7E,1763493737860
NMEA,$GAGSV,3,2,10,13,14,279,37,15,08,229,35,16,36,052,42,25,55,075,41,7*7C,1763493737860
NMEA,$GAGSV,3,3,10,26,03,326,28,30,03,202,21,7*7B,1763493737860
NMEA,$GAGSV,2,1,08,02,48,173,36,03,68,067,30,05,21,106,29,08,46,314,35,1*7F,1763493737860
NMEA,$GAGSV,2,2,08,13,14,279,26,15,08,229,22,16,36,052,39,25,55,075,35,1*7B,1763493737860
NMEA,$GQGSV,1,1,01,03,02,297,17,1*5F,1763493737860
NMEA,$GQGSV,1,1,01,03,02,297,12,8*53,1763493737860
NMEA,$GBGSV,2,1,07,37,51,047,43,36,15,230,38,32,17,142,43,23,03,049,33,1*75,1763493737860
NMEA,$GBGSV,2,2,07,22,01,319,22,20,74,158,45,19,52,313,43,1*4E,1763493737860
NMEA,$GBGSV,2,1,05,19,52,313,42,20,74,158,41,32,17,142,42,36,15,230,34,3*73,1763493737860
NMEA,$GBGSV,2,2,05,37,51,047,43,3*45,1763493737860
NMEA,$GBGSV,2,1,07,19,52,313,34,20,74,158,33,22,01,319,28,23,03,049,25,5*7A,1763493737860
NMEA,$GBGSV,2,2,07,32,17,142,32,36,15,230,30,37,51,047,36,5*41,1763493737860
NMEA,$GNGSA,A,3,03,04,07,08,09,16,20,21,27,30,,,0.6,0.4,0.5,1*37,1763493737877
NMEA,$PSSGR,GSA,A,3,03,04,08,09,21,27,30,,,,,,0.6,0.4,0.5,1,8*41,1763493737877
NMEA,$GNGSA,A,3,65,72,75,76,,,,,,,,,0.6,0.4,0.5,2*30,1763493737877
NMEA,$GNGSA,A,3,02,03,05,08,13,15,16,25,,,,,0.6,0.4,0.5,3*3E,1763493737877
NMEA,$PSSGR,GSA,A,3,302,303,305,308,313,316,325,,,,,,0.6,0.4,0.5,3,1*74,1763493737877
NMEA,$GNGSA,A,3,19,20,32,36,37,,,,,,,,0.6,0.4,0.5,4*39,1763493737877
NMEA,$PSSGR,GSA,A,3,219,220,232,236,237,,,,,,,,0.6,0.4,0.5,4,5*72,1763493737877
NMEA,$GNVTG,49.2,T,36.4,M,2.1,N,3.9,K,E*3E,1763493737877
NMEA,$GNDTM,W84,,0000.000000,N,00000.000000,E,0.000,W84*41,1763493737877
NMEA,$GNRMC,192218.00,A,3725.865261,N,12209.345293,W,2.1,49.2,181125,12.8,E,E,V*40,1763493737877
NMEA,$GNGNS,192218.00,3725.865261,N,12209.345293,W,EEEEEE,27,0.4,22.9,-32.6,,,V*2C,1763493737877
NMEA,$GNGGA,192218.00,3725.865261,N,12209.345293,W,6,12,0.4,22.9,M,-32.6,M,,*7D,1763493737877
NMEA,$PSMSG,magcal=PASS,bluesky=0*00,1763493737881
NMEA,$GPGSV,4,1,13,03,20,173,42,04,55,097,40,06,05,259,36,07,51,277,44,1*66,1763493738861
NMEA,$GPGSV,4,2,13,08,16,128,39,09,74,350,43,11,04,297,24,16,36,052,42,1*68,1763493738861
NMEA,$GPGSV,4,3,13,20,12,321,32,21,12,321,35,26,04,041,33,27,18,097,40,1*64,1763493738861
NMEA,$GPGSV,4,4,13,30,23,262,42,1*54,1763493738861
NMEA,$GPGSV,3,1,10,03,20,173,34,04,55,097,39,06,05,259,31,08,16,128,33,8*66,1763493738861
NMEA,$GPGSV,3,2,10,09,74,350,34,11,04,297,27,21,12,321,36,26,04,041,35,8*6D,1763493738861
NMEA,$GPGSV,3,3,10,27,18,097,36,30,23,262,34,8*68,1763493738861
NMEA,$GLGSV,2,1,05,,00,000,29,12,60,224,42,11,56,029,43,01,78,089,36,1*77,1763493738861
NMEA,$GLGSV,2,2,05,08,25,133,43,1*44,1763493738861
NMEA,$GAGSV,3,1,10,02,48,173,42,03,68,067,37,05,21,106,39,08,46,314,40,7*76,1763493738861
NMEA,$GAGSV,3,2,10,13,14,279,36,15,08,229,32,16,36,052,41,25,55,075,41,7*79,1763493738861
NMEA,$GAGSV,3,3,10,26,03,326,27,30,03,202,24,7*71,1763493738861
NMEA,$GAGSV,2,1,08,02,48,173,36,03,68,067,32,05,21,106,27,08,46,314,36,1*70,1763493738861
NMEA,$GAGSV,2,2,08,13,14,279,28,15,08,229,19,16,36,052,39,25,55,075,36,1*7E,1763493738861
NMEA,$GQGSV,1,1,01,03,02,297,17,1*5F,1763493738861
NMEA,$GQGSV,1,1,01,03,02,297,12,8*53,1763493738861
NMEA,$GBGSV,2,1,07,37,51,047,43,36,15,230,39,32,17,142,42,23,03,049,34,1*72,1763493738861
NMEA,$GBGSV,2,2,07,22,01,319,25,20,74,158,43,19,52,313,43,1*4F,1763493738861
NMEA,$GBGSV,2,1,05,19,52,313,41,20,74,158,41,32,17,142,43,36,15,230,37,3*72,1763493738861
NMEA,$GBGSV,2,2,05,37,51,047,41,3*47,1763493738861
NMEA,$GBGSV,2,1,07,19,52,313,32,20,74,158,28,22,01,319,27,23,03,049,25,5*79,1763493738861
NMEA,$GBGSV,2,2,07,32,17,142,33,36,15,230,30,37,51,047,38,5*4E,1763493738861
NMEA,$GNGSA,A,3,03,04,07,08,09,16,20,21,27,30,,,0.6,0.4,0.5,1*37,1763493738881
NMEA,$PSSGR,GSA,A,3,03,04,08,09,21,27,30,,,,,,0.6,0.4,0.5,1,8*41,1763493738881
NMEA,$GNGSA,A,3,65,72,75,76,,,,,,,,,0.6,0.4,0.5,2*30,1763493738881
NMEA,$GNGSA,A,3,02,03,05,08,13,15,16,25,,,,,0.6,0.4,0.5,3*3E,1763493738881
NMEA,$PSSGR,GSA,A,3,302,303,305,308,313,316,325,,,,,,0.6,0.4,0.5,3,1*74,1763493738881
NMEA,$GNGSA,A,3,19,20,32,36,37,,,,,,,,0.6,0.4,0.5,4*39,1763493738881
NMEA,$PSSGR,GSA,A,3,219,220,232,236,237,,,,,,,,0.6,0.4,0.5,4,5*72,1763493738881
NMEA,$GNVTG,49.4,T,36.6,M,2.1,N,4.0,K,E*34,1763493738881
NMEA,$GNDTM,W84,,0000.000000,N,00000.000000,E,0.000,W84*41,1763493738881
NMEA,$GNRMC,192219.00,A,3725.865619,N,12209.344734,W,2.1,49.4,181125,12.8,E,E,V*45,1763493738881
NMEA,$GNGNS,192219.00,3725.865619,N,12209.344734,W,EEEEEE,27,0.4,22.9,-32.6,,,V*2F,1763493738881
NMEA,$GNGGA,192219.00,3725.865619,N,12209.344734,W,6,12,0.4,22.9,M,-32.6,M,,*7E,1763493738881
NMEA,$PSMSG,magcal=PASS,bluesky=0*00,1763493738885
NMEA,$GPGSV,4,1,13,03,20,173,42,04,55,097,40,06,05,259,35,07,51,277,44,1*65,1763493739856
NMEA,$GPGSV,4,2,13,08,16,128,40,09,74,350,43,11,04,297,24,16,36,052,43,1*67,1763493739856
NMEA,$GPGSV,4,3,13,20,12,321,32,21,12,321,35,26,04,041,34,27,18,097,41,1*62,1763493739856
NMEA,$GPGSV,4,4,13,30,23,262,42,1*54,1763493739856
NMEA,$GPGSV,3,1,10,03,20,173,34,04,55,097,39,06,05,259,29,08,16,128,29,8*64,1763493739856
NMEA,$GPGSV,3,2,10,09,74,350,33,11,04,297,28,21,12,321,37,26,04,041,35,8*64,1763493739856
NMEA,$GPGSV,3,3,10,27,18,097,37,30,23,262,34,8*69,1763493739856
NMEA,$GLGSV,2,1,05,,00,000,29,12,60,224,42,11,56,029,42,01,78,089,36,1*76,1763493739856
NMEA,$GLGSV,2,2,05,08,25,133,43,1*44,1763493739856
NMEA,$GAGSV,3,1,10,02,48,173,43,03,68,067,38,05,21,106,38,08,46,314,41,7*78,1763493739856
NMEA,$GAGSV,3,2,10,13,14,279,32,15,08,229,34,16,36,052,41,25,55,075,41,7*7B,1763493739856
NMEA,$GAGSV,3,3,10,26,03,326,23,30,03,202,24,7*75,1763493739856
NMEA,$GAGSV,2,1,08,02,48,173,34,03,68,067,34,05,21,106,27,08,46,314,36,1*74,1763493739856
NMEA,$GAGSV,2,2,08,13,14,279,29,15,08,229,22,16,36,052,39,25,55,075,37,1*76,1763493739856
NMEA,$GQGSV,1,1,01,03,02,297,20,1*5B,1763493739856
NMEA,$GQGSV,1,1,01,03,02,297,17,8*56,1763493739856
NMEA,$GBGSV,2,1,07,37,51,047,43,36,15,230,40,32,17,142,42,23,03,049,33,1*7B,1763493739856
NMEA,$GBGSV,2,2,07,22,01,319,26,20,74,158,44,19,52,313,42,1*4A,1763493739856
NMEA,$GBGSV,2,1,05,19,52,313,41,20,74,158,42,32,17,142,44,36,15,230,36,3*77,1763493739856
NMEA,$GBGSV,2,2,05,37,51,047,42,3*44,1763493739856
NMEA,$GBGSV,2,1,07,19,52,313,32,20,74,158,28,22,01,319,27,23,03,049,28,5*74,1763493739856
NMEA,$GBGSV,2,2,07,32,17,142,34,36,15,230,31,37,51,047,38,5*48,1763493739856
NMEA,$GNGSA,A,3,03,04,07,08,09,16,20,21,27,30,,,0.6,0.4,0.5,1*37,1763493739872
NMEA,$PSSGR,GSA,A,3,03,04,08,09,21,27,30,,,,,,0.6,0.4,0.5,1,8*41,1763493739872
NMEA,$GNGSA,A,3,65,72,75,76,,,,,,,,,0.6,0.4,0.5,2*30,1763493739872
NMEA,$GNGSA,A,3,02,03,05,08,13,15,16,25,,,,,0.6,0.4,0.5,3*3E,1763493739872
NMEA,$PSSGR,GSA,A,3,302,303,305,308,313,316,325,,,,,,0.6,0.4,0.5,3,1*74,1763493739872
NMEA,$GNGSA,A,3,19,20,32,36,37,,,,,,,,0.6,0.4,0.5,4*39,1763493739872
NMEA,$PSSGR,GSA,A,3,219,220,232,236,237,,,,,,,,0.6,0.4,0.5,4,5*72,1763493739872
NMEA,$GNVTG,46.9,T,34.1,M,2.1,N,3.9,K,E*3D,1763493739872
NMEA,$GNDTM,W84,,0000.000000,N,00000.000000,E,0.000,W84*41,1763493739872
NMEA,$GNRMC,192220.00,A,3725.865988,N,12209.344201,W,2.1,46.9,181125,12.8,E,E,V*49,1763493739872
NMEA,$GNGNS,192220.00,3725.865988,N,12209.344201,W,EEEEEE,27,0.4,23.0,-32.6,,,V*29,1763493739872
NMEA,$GNGGA,192220.00,3725.865988,N,12209.344201,W,6,12,0.4,23.0,M,-32.6,M,,*78,1763493739872
NMEA,$PSMSG,magcal=PASS,bluesky=0*00,1763493739878
NMEA,$GPGSV,4,1,13,03,20,173,44,04,55,097,41,06,05,259,37,07,51,277,44,1*60,1763493740861
NMEA,$GPGSV,4,2,13,08,16,128,42,09,74,350,43,11,04,297,26,16,36,052,44,1*60,1763493740861
NMEA,$GPGSV,4,3,13,20,12,321,33,21,12,321,36,26,04,041,34,27,18,097,43,1*62,1763493740861
NMEA,$GPGSV,4,4,13,30,23,262,42,1*54,1763493740861
NMEA,$GPGSV,3,1,10,03,20,173,34,04,55,097,38,06,05,259,29,08,16,128,35,8*68,1763493740861
NMEA,$GPGSV,3,2,10,09,74,350,33,11,04,297,28,21,12,321,36,26,04,041,34,8*64,1763493740861
NMEA,$GPGSV,3,3,10,27,18,097,33,30,23,262,33,8*6A,1763493740861
NMEA,$GLGSV,1,1,04,12,60,224,41,11,56,029,42,01,78,089,35,08,25,133,42,1*77,1763493740861
NMEA,$GAGSV,3,1,10,02,48,173,44,03,68,067,39,05,21,106,38,08,46,314,40,7*7F,1763493740861
NMEA,$GAGSV,3,2,10,13,14,279,35,15,08,229,33,16,36,052,41,25,55,075,41,7*7B,1763493740861
NMEA,$GAGSV,3,3,10,26,03,326,28,30,03,202,22,7*78,1763493740861
NMEA,$GAGSV,2,1,08,02,48,173,34,03,68,067,33,05,21,106,27,08,46,314,35,1*70,1763493740861
NMEA,$GAGSV,2,2,08,13,14,279,21,15,08,229,23,16,36,052,37,25,55,075,36,1*70,1763493740861
NMEA,$GQGSV,1,1,01,03,02,297,20,1*5B,1763493740861
NMEA,$GQGSV,1,1,01,03,02,297,17,8*56,1763493740861
NMEA,$GBGSV,2,1,07,37,51,047,43,36,15,230,38,32,17,142,44,23,03,049,33,1*72,1763493740861
NMEA,$GBGSV,2,2,07,22,01,319,24,20,74,158,44,19,52,313,43,1*49,1763493740861
NMEA,$GBGSV,2,1,05,19,52,313,41,20,74,158,41,32,17,142,43,36,15,230,34,3*71,1763493740861
NMEA,$GBGSV,2,2,05,37,51,047,43,3*45,1763493740861
NMEA,$GBGSV,2,1,07,19,52,313,33,20,74,158,25,22,01,319,29,23,03,049,26,5*78,1763493740861
NMEA,$GBGSV,2,2,07,32,17,142,34,36,15,230,29,37,51,047,39,5*40,1763493740861
NMEA,$GNGSA,A,3,03,04,07,08,09,16,20,21,27,30,,,0.6,0.4,0.5,1*37,1763493740881
NMEA,$PSSGR,GSA,A,3,03,04,08,09,21,27,30,,,,,,0.6,0.4,0.5,1,8*41,1763493740881
NMEA,$GNGSA,A,3,65,72,75,76,,,,,,,,,0.6,0.4,0.5,2*30,1763493740881
NMEA,$GNGSA,A,3,02,03,05,08,13,15,16,25,,,,,0.6,0.4,0.5,3*3E,1763493740881
NMEA,$PSSGR,GSA,A,3,302,303,305,308,313,316,325,,,,,,0.6,0.4,0.5,3,1*74,1763493740881
NMEA,$GNGSA,A,3,19,20,32,36,37,,,,,,,,0.6,0.4,0.5,4*39,1763493740881
NMEA,$PSSGR,GSA,A,3,219,220,232,236,237,,,,,,,,0.6,0.4,0.5,4,5*72,1763493740881
NMEA,$GNVTG,49.4,T,36.6,M,2.3,N,4.2,K,E*34,1763493740881
NMEA,$GNDTM,W84,,0000.000000,N,00000.000000,E,0.000,W84*41,1763493740881
NMEA,$GNRMC,192221.00,A,3725.866368,N,12209.343613,W,2.3,49.4,181125,12.8,E,E,V*4F,1763493740881
NMEA,$GNGNS,192221.00,3725.866368,N,12209.343613,W,EEEEEE,27,0.4,23.2,-32.6,,,V*2D,1763493740881
NMEA,$GNGGA,192221.00,3725.866368,N,12209.343613,W,6,12,0.4,23.2,M,-32.6,M,,*7C,1763493740881
NMEA,$PSMSG,magcal=PASS,bluesky=0*00,1763493740886
NMEA,$GPGSV,4,1,13,03,20,173,41,04,55,097,40,06,05,259,37,07,51,277,44,1*64,1763493741862
NMEA,$GPGSV,4,2,13,08,16,128,38,09,74,350,43,11,04,297,31,16,36,052,44,1*6B,1763493741862
NMEA,$GPGSV,4,3,13,20,12,321,33,21,12,321,35,26,04,041,34,27,18,097,43,1*61,1763493741862
NMEA,$GPGSV,4,4,13,30,23,262,42,1*54,1763493741862
NMEA,$GPGSV,3,1,10,03,20,173,31,04,55,097,39,06,05,259,27,08,16,128,29,8*6F,1763493741862
NMEA,$GPGSV,3,2,10,09,74,350,34,11,04,297,28,21,12,321,35,26,04,041,34,8*60,1763493741862
NMEA,$GPGSV,3,3,10,27,18,097,34,30,23,262,31,8*6F,1763493741862
NMEA,$GLGSV,1,1,04,12,60,224,41,11,56,029,40,01,78,089,35,08,25,133,43,1*74,1763493741862
NMEA,$GAGSV,3,1,10,02,48,173,45,03,68,067,38,05,21,106,40,08,46,314,40,7*70,1763493741862
NMEA,$GAGSV,3,2,10,13,14,279,34,15,08,229,32,16,36,052,40,25,55,075,40,7*7B,1763493741862
NMEA,$GAGSV,3,3,10,26,03,326,26,30,03,202,24,7*70,1763493741862
NMEA,$GAGSV,2,1,08,02,48,173,37,03,68,067,31,05,21,106,29,08,46,314,35,1*7F,1763493741862
NMEA,$GAGSV,2,2,08,13,14,279,29,15,08,229,21,16,36,052,37,25,55,075,36,1*7A,1763493741862
NMEA,$GQGSV,1,1,01,03,02,297,20,1*5B,1763493741862
NMEA,$GQGSV,1,1,01,03,02,297,17,8*56,1763493741862
NMEA,$GBGSV,2,1,07,37,51,047,40,36,15,230,37,32,17,142,43,23,03,049,33,1*79,1763493741862
NMEA,$GBGSV,2,2,07,22,01,319,28,20,74,158,43,19,52,313,43,1*42,1763493741862
NMEA,$GBGSV,2,1,05,19,52,313,41,20,74,158,41,32,17,142,44,36,15,230,36,3*74,1763493741862
NMEA,$GBGSV,2,2,05,37,51,047,42,3*44,1763493741862
NMEA,$GBGSV,2,1,07,19,52,313,33,20,74,158,30,22,01,319,32,23,03,049,26,5*76,1763493741862
NMEA,$GBGSV,2,2,07,32,17,142,35,36,15,230,31,37,51,047,36,5*47,1763493741862
NMEA,$GNGSA,A,3,03,04,07,08,09,16,20,21,27,30,,,0.6,0.4,0.5,1*37,1763493741879
NMEA,$PSSGR,GSA,A,3,03,04,08,09,21,27,30,,,,,,0.6,0.4,0.5,1,8*41,1763493741879
NMEA,$GNGSA,A,3,65,72,75,76,,,,,,,,,0.6,0.4,0.5,2*30,1763493741879
NMEA,$GNGSA,A,3,02,03,05,08,13,15,16,25,,,,,0.6,0.4,0.5,3*3E,1763493741879
NMEA,$PSSGR,GSA,A,3,302,303,305,308,313,316,325,,,,,,0.6,0.4,0.5,3,1*74,1763493741879
NMEA,$GNGSA,A,3,19,20,32,36,37,,,,,,,,0.6,0.4,0.5,4*39,1763493741879
NMEA,$PSSGR,GSA,A,3,219,220,232,236,237,,,,,,,,0.6,0.4,0.5,4,5*72,1763493741879
NMEA,$GNVTG,48.9,T,36.1,M,2.2,N,4.1,K,E*3D,1763493741879
NMEA,$GNDTM,W84,,0000.000000,N,00000.000000,E,0.000,W84*41,1763493741879
NMEA,$GNRMC,192222.00,A,3725.866742,N,12209.343117,W,2.2,48.9,181125,12.8,E,E,V*4E,1763493741879
NMEA,$GNGNS,192222.00,3725.866742,N,12209.343117,W,EEEEEE,27,0.4,23.1,-32.6,,,V*22,1763493741879
NMEA,$GNGGA,192222.00,3725.866742,N,12209.343117,W,6,12,0.4,23.1,M,-32.6,M,,*73,1763493741879
NMEA,$PSMSG,magcal=PASS,bluesky=0*00,1763493741884
NMEA,$GPGSV,4,1,13,03,20,173,44,04,55,097,41,06,05,259,35,07,51,277,44,1*62,1763493742860
NMEA,$GPGSV,4,2,13,08,16,128,40,09,74,350,44,11,04,297,34,16,36,052,44,1*66,1763493742860
NMEA,$GPGSV,4,3,13,20,12,321,32,21,12,321,34,26,04,041,35,27,18,097,44,1*67,1763493742860
NMEA,$GPGSV,4,4,13,30,23,262,41,1*57,1763493742860
NMEA,$GPGSV,3,1,10,03,20,173,33,04,55,097,38,06,05,259,26,08,16,128,31,8*64,1763493742860
NMEA,$GPGSV,3,2,10,09,74,350,34,11,04,297,29,21,12,321,35,26,04,041,31,8*64,1763493742860
NMEA,$GPGSV,3,3,10,27,18,097,33,30,23,262,35,8*6C,1763493742860
NMEA,$GLGSV,1,1,04,12,60,224,41,11,56,029,42,01,78,089,35,08,25,133,39,1*7B,1763493742860
NMEA,$GAGSV,3,1,10,02,48,173,44,03,68,067,39,05,21,106,40,08,46,314,39,7*7E,1763493742860
NMEA,$GAGSV,3,2,10,13,14,279,35,15,08,229,33,16,36,052,41,25,55,075,40,7*7A,1763493742860
NMEA,$GAGSV,3,3,10,26,03,326,27,30,03,202,27,7*72,1763493742860
NMEA,$GAGSV,2,1,08,02,48,173,35,03,68,067,25,05,21,106,27,08,46,314,35,1*76,1763493742860
NMEA,$GAGSV,2,2,08,13,14,279,34,15,08,229,23,16,36,052,37,25,55,075,35,1*77,1763493742860
NMEA,$GQGSV,1,1,01,03,02,297,20,1*5B,1763493742860
NMEA,$GQGSV,1,1,01,03,02,297,17,8*56,1763493742860
NMEA,$GBGSV,2,1,07,37,51,047,40,36,15,230,41,32,17,142,42,23,03,049,33,1*79,1763493742860
NMEA,$GBGSV,2,2,07,22,01,319,24,20,74,158,43,19,52,313,44,1*49,1763493742860
NMEA,$GBGSV,2,1,05,19,52,313,41,20,74,158,41,32,17,142,42,36,15,230,39,3*7D,1763493742860
NMEA,$GBGSV,2,2,05,37,51,047,42,3*44,1763493742860
NMEA,$GBGSV,2,1,07,19,52,313,33,20,74,158,34,22,01,319,34,23,03,049,19,5*78,1763493742860
NMEA,$GBGSV,2,2,07,32,17,142,34,36,15,230,29,37,51,047,36,5*4F,1763493742860
NMEA,$GNGSA,A,3,03,04,07,08,09,16,20,21,27,30,,,0.6,0.4,0.5,1*37,1763493742889
NMEA,$PSSGR,GSA,A,3,03,04,08,09,21,27,30,,,,,,0.6,0.4,0.5,1,8*41,1763493742889
NMEA,$GNGSA,A,3,65,72,75,76,,,,,,,,,0.6,0.4,0.5,2*30,1763493742889
NMEA,$GNGSA,A,3,02,03,05,08,13,15,16,25,,,,,0.6,0.4,0.5,3*3E,1763493742889
NMEA,$PSSGR,GSA,A,3,302,303,305,308,313,316,325,,,,,,0.6,0.4,0.5,3,1*74,1763493742889
NMEA,$GNGSA,A,3,19,20,32,36,37,,,,,,,,0.6,0.4,0.5,4*39,1763493742889
NMEA,$PSSGR,GSA,A,3,219,220,232,236,237,,,,,,,,0.6,0.4,0.5,4,5*72,1763493742889
NMEA,$GNVTG,48.3,T,35.5,M,2.2,N,4.1,K,E*30,1763493742889
NMEA,$GNDTM,W84,,0000.000000,N,00000.000000,E,0.000,W84*41,1763493742889
NMEA,$GNRMC,192223.00,A,3725.867168,N,12209.342606,W,2.2,48.3,181125,12.8,E,E,V*4C,1763493742889
NMEA,$GNGNS,192223.00,3725.867168,N,12209.342606,W,EEEEEE,27,0.4,23.0,-32.6,,,V*2B,1763493742889
NMEA,$GNGGA,192223.00,3725.867168,N,12209.342606,W,6,12,0.4,23.0,M,-32.6,M,,*7A,1763493742889
NMEA,$PSMSG,magcal=PASS,bluesky=0*00,1763493742904
NMEA,$GPGSV,4,1,13,03,20,173,43,04,55,097,40,06,05,259,35,07,51,277,46,1*66,1763493743865
NMEA,$GPGSV,4,2,13,08,16,128,36,09,74,350,44,11,04,297,33,16,36,052,44,1*60,1763493743865
NMEA,$GPGSV,4,3,13,20,12,321,33,21,12,321,33,26,04,041,34,27,18,097,43,1*67,1763493743865
NMEA,$GPGSV,4,4,13,30,23,262,43,1*55,1763493743865
NMEA,$GPGSV,3,1,10,03,20,173,31,04,55,097,37,06,05,259,28,08,16,128,34,8*62,1763493743865
NMEA,$GPGSV,3,2,10,09,74,350,34,11,04,297,32,21,12,321,35,26,04,041,32,8*6D,1763493743865
NMEA,$GPGSV,3,3,10,27,18,097,35,30,23,262,33,8*6C,1763493743865
NMEA,$GLGSV,1,1,04,12,60,224,42,11,56,029,40,01,78,089,36,08,25,133,42,1*75,1763493743865
NMEA,$GAGSV,3,1,10,02,48,173,44,03,68,067,37,05,21,106,40,08,46,314,40,7*7E,1763493743865
NMEA,$GAGSV,3,2,10,13,14,279,37,15,08,229,33,16,36,052,41,25,55,075,40,7*78,1763493743865
NMEA,$GAGSV,3,3,10,26,03,326,28,30,03,202,26,7*7C,1763493743865
NMEA,$GAGSV,2,1,08,02,48,173,37,03,68,067,30,05,21,106,30,08,46,314,36,1*75,1763493743865
NMEA,$GAGSV,2,2,08,13,14,279,34,15,08,229,25,16,36,052,39,25,55,075,36,1*7C,1763493743865
NMEA,$GQGSV,1,1,01,03,02,297,20,1*5B,1763493743865
NMEA,$GQGSV,1,1,01,03,02,297,17,8*56,1763493743865
NMEA,$GBGSV,2,1,07,37,51,047,43,36,15,230,41,32,17,142,42,23,03,049,33,1*7A,1763493743865
NMEA,$GBGSV,2,2,07,22,01,319,27,20,74,158,43,19,52,313,43,1*4D,1763493743865
NMEA,$GBGSV,2,1,05,19,52,313,41,20,74,158,41,32,17,142,43,36,15,230,39,3*7C,1763493743865
NMEA,$GBGSV,2,2,05,37,51,047,43,3*45,1763493743865
NMEA,$GBGSV,2,1,07,19,52,313,33,20,74,158,32,22,01,319,36,23,03,049,24,5*72,1763493743865
NMEA,$GBGSV,2,2,07,32,17,142,36,36,15,230,32,37,51,047,39,5*48,1763493743865
NMEA,$GNGSA,A,3,03,04,07,08,09,16,20,21,27,30,,,0.6,0.4,0.5,1*37,1763493743894
NMEA,$PSSGR,GSA,A,3,03,04,08,09,21,27,30,,,,,,0.6,0.4,0.5,1,8*41,1763493743894
NMEA,$GNGSA,A,3,65,72,75,76,,,,,,,,,0.6,0.4,0.5,2*30,1763493743894
NMEA,$GNGSA,A,3,02,03,05,08,13,15,16,25,,,,,0.6,0.4,0.5,3*3E,1763493743894
NMEA,$PSSGR,GSA,A,3,302,303,305,308,313,316,325,,,,,,0.6,0.4,0.5,3,1*74,1763493743894
NMEA,$GNGSA,A,3,19,20,32,36,37,,,,,,,,0.6,0.4,0.5,4*39,1763493743894
NMEA,$PSSGR,GSA,A,3,219,220,232,236,237,,,,,,,,0.6,0.4,0.5,4,5*72,1763493743894
NMEA,$GNVTG,47.8,T,35.0,M,2.2,N,4.0,K,E*30,1763493743894
NMEA,$GNDTM,W84,,0000.000000,N,00000.000000,E,0.000,W84*41,1763493743894
NMEA,$GNRMC,192224.00,A,3725.867585,N,12209.342057,W,2.2,47.8,181125,12.8,E,E,V*4A,1763493743894
NMEA,$GNGNS,192224.00,3725.867585,N,12209.342057,W,EEEEEE,27,0.4,23.0,-32.6,,,V*29,1763493743894
NMEA,$GNGGA,192224.00,3725.867585,N,12209.342057,W,6,12,0.4,23.0,M,-32.6,M,,*78,1763493743894
NMEA,$PSMSG,magcal=PASS,bluesky=0*00,1763493743908
NMEA,$GPGSV,4,1,13,03,20,173,44,04,55,097,41,06,05,259,37,07,51,277,44,1*60,1763493744856
NMEA,$GPGSV,4,2,13,08,16,128,41,09,74,350,43,11,04,297,36,16,36,052,42,1*64,1763493744856
NMEA,$GPGSV,4,3,13,20,12,321,30,21,12,321,34,26,04,041,32,27,18,097,43,1*65,1763493744856
NMEA,$GPGSV,4,4,13,30,23,262,42,1*54,1763493744856
NMEA,$GPGSV,3,1,10,03,20,173,31,04,55,097,37,06,05,259,25,08,16,128,34,8*6F,1763493744856
NMEA,$GPGSV,3,2,10,09,74,350,33,11,04,297,33,21,12,321,34,26,04,041,34,8*6C,1763493744856
NMEA,$GPGSV,3,3,10,27,18,097,33,30,23,262,34,8*6D,1763493744856
NMEA,$GLGSV,1,1,04,12,60,224,42,11,56,029,43,01,78,089,36,08,25,133,41,1*75,1763493744856
NMEA,$GAGSV,3,1,10,02,48,173,43,03,68,067,38,05,21,106,39,08,46,314,39,7*76,1763493744856
NMEA,$GAGSV,3,2,10,13,14,279,40,15,08,229,34,16,36,052,40,25,55,075,39,7*70,1763493744856
NMEA,$GAGSV,3,3,10,26,03,326,28,30,03,202,26,7*7C,1763493744856
NMEA,$GAGSV,2,1,08,02,48,173,36,03,68,067,31,05,21,106,27,08,46,314,35,1*70,1763493744856
NMEA,$GAGSV,2,2,08,13,14,279,33,15,08,229,22,16,36,052,39,25,55,075,36,1*7C,1763493744856
NMEA,$GQGSV,1,1,01,03,02,297,20,1*5B,1763493744856
NMEA,$GQGSV,1,1,01,03,02,297,17,8*56,1763493744856
NMEA,$GBGSV,2,1,07,37,51,047,42,36,15,230,40,32,17,142,43,23,03,049,32,1*7A,1763493744856
NMEA,$GBGSV,2,2,07,22,01,319,24,20,74,158,44,19,52,313,43,1*49,1763493744856
NMEA,$GBGSV,2,1,05,19,52,313,41,20,74,158,42,32,17,142,43,36,15,230,35,3*73,1763493744856
NMEA,$GBGSV,2,2,05,37,51,047,42,3*44,1763493744856
NMEA,$GBGSV,2,1,07,19,52,313,33,20,74,158,30,22,01,319,33,23,03,049,20,5*71,1763493744856
NMEA,$GBGSV,2,2,07,32,17,142,35,36,15,230,33,37,51,047,38,5*4B,1763493744856
NMEA,$GNGSA,A,3,03,04,07,08,09,16,20,21,27,30,,,0.6,0.4,0.5,1*37,1763493744872
NMEA,$PSSGR,GSA,A,3,03,04,08,09,21,27,30,,,,,,0.6,0.4,0.5,1,8*41,1763493744872
NMEA,$GNGSA,A,3,65,72,75,76,,,,,,,,,0.6,0.4,0.5,2*30,1763493744872
NMEA,$GNGSA,A,3,02,03,05,08,13,15,16,25,,,,,0.6,0.4,0.5,3*3E,1763493744872
NMEA,$PSSGR,GSA,A,3,302,303,305,308,313,316,325,,,,,,0.6,0.4,0.5,3,1*74,1763493744872
NMEA,$GNGSA,A,3,19,20,32,36,37,,,,,,,,0.6,0.4,0.5,4*39,1763493744872
NMEA,$PSSGR,GSA,A,3,219,220,232,236,237,,,,,,,,0.6,0.4,0.5,4,5*72,1763493744872
NMEA,$GNVTG,47.6,T,34.8,M,2.3,N,4.3,K,E*35,1763493744872
NMEA,$GNDTM,W84,,0000.000000,N,00000.000000,E,0.000,W84*41,1763493744872
NMEA,$GNRMC,192225.00,A,3725.868056,N,12209.341423,W,2.3,47.6,181125,12.8,E,E,V*44,1763493744872
NMEA,$GNGNS,192225.00,3725.868056,N,12209.341423,W,EEEEEE,27,0.4,22.9,-32.6,,,V*20,1763493744872
NMEA,$GNGGA,192225.00,3725.868056,N,12209.341423,W,6,12,0.4,22.9,M,-32.6,M,,*71,1763493744872
NMEA,$PSMSG,magcal=PASS,bluesky=0*00,1763493744875
NMEA,$GPGSV,4,1,13,03,20,173,43,04,55,097,40,06,05,259,36,07,51,277,44,1*67,1763493745859
NMEA,$GPGSV,4,2,13,08,16,128,39,09,74,350,42,11,04,297,34,16,36,052,42,1*68,1763493745859
NMEA,$GPGSV,4,3,13,20,12,321,34,21,12,321,35,26,04,041,34,27,18,097,40,1*65,1763493745859
NMEA,$GPGSV,4,4,13,30,23,262,43,1*55,1763493745859
NMEA,$GPGSV,3,1,10,03,20,173,32,04,55,097,40,06,05,259,28,08,16,128,33,8*66,1763493745859
NMEA,$GPGSV,3,2,10,09,74,350,34,11,04,297,27,21,12,321,35,26,04,041,34,8*6F,1763493745859
NMEA,$GPGSV,3,3,10,27,18,097,31,30,23,262,34,8*6F,1763493745859
NMEA,$GLGSV,1,1,04,12,60,224,42,11,56,029,43,01,78,089,36,08,25,133,40,1*74,1763493745859
NMEA,$GAGSV,3,1,10,02,48,173,44,03,68,067,38,05,21,106,39,08,46,314,40,7*7F,1763493745859
NMEA,$GAGSV,3,2,10,13,14,279,37,15,08,229,33,16,36,052,40,25,55,075,39,7*77,1763493745859
NMEA,$GAGSV,3,3,10,26,03,326,24,30,03,202,25,7*73,1763493745859
NMEA,$GAGSV,2,1,08,02,48,173,38,03,68,067,29,05,21,106,30,08,46,314,35,1*71,1763493745859
NMEA,$GAGSV,2,2,08,13,14,279,33,15,08,229,23,16,36,052,37,25,55,075,34,1*71,1763493745859
NMEA,$GQGSV,1,1,01,03,02,297,20,1*5B,1763493745859
NMEA,$GQGSV,1,1,01,03,02,297,17,8*56,1763493745859
NMEA,$GBGSV,2,1,07,37,51,047,41,36,15,230,37,32,17,142,42,23,03,049,32,1*78,1763493745859
NMEA,$GBGSV,2,2,07,22,01,319,28,20,74,158,44,19,52,313,43,1*45,1763493745859
NMEA,$GBGSV,2,1,05,19,52,313,41,20,74,158,40,32,17,142,43,36,15,230,33,3*77,1763493745859
NMEA,$GBGSV,2,2,05,37,51,047,41,3*47,1763493745859
NMEA,$GBGSV,2,1,07,19,52,313,34,20,74,158,32,22,01,319,33,23,03,049,22,5*76,1763493745859
NMEA,$GBGSV,2,2,07,32,17,142,34,36,15,230,32,37,51,047,37,5*44,1763493745859
NMEA,$GNGSA,A,3,03,04,07,08,09,16,20,21,27,30,,,0.6,0.4,0.5,1*37,1763493745875
NMEA,$PSSGR,GSA,A,3,03,04,08,09,21,27,30,,,,,,0.6,0.4,0.5,1,8*41,1763493745875
NMEA,$GNGSA,A,3,65,72,75,76,,,,,,,,,0.6,0.4,0.5,2*30,1763493745875
NMEA,$GNGSA,A,3,02,03,05,08,13,15,16,25,,,,,0.6,0.4,0.5,3*3E,1763493745875
NMEA,$PSSGR,GSA,A,3,302,303,305,308,313,316,325,,,,,,0.6,0.4,0.5,3,1*74,1763493745875
NMEA,$GNGSA,A,3,19,20,32,36,37,,,,,,,,0.6,0.4,0.5,4*39,1763493745875
NMEA,$PSSGR,GSA,A,3,219,220,232,236,237,,,,,,,,0.6,0.4,0.5,4,5*72,1763493745875
NMEA,$GNVTG,46.3,T,33.5,M,2.3,N,4.2,K,E*3A,1763493745875
NMEA,$GNDTM,W84,,0000.000000,N,00000.000000,E,0.000,W84*41,1763493745875
NMEA,$GNRMC,192226.00,A,3725.868515,N,12209.340838,W,2.3,46.3,181125,12.8,E,E,V*46,1763493745875
NMEA,$GNGNS,192226.00,3725.868515,N,12209.340838,W,EEEEEE,27,0.4,23.0,-32.6,,,V*2E,1763493745875
NMEA,$GNGGA,192226.00,3725.868515,N,12209.340838,W,6,12,0.4,23.0,M,-32.6,M,,*7F,1763493745875
NMEA,$PSMSG,magcal=PASS,bluesky=0*00,1763493745878
NMEA,$GPGSV,4,1,13,03,20,173,42,04,55,097,39,06,05,259,35,07,51,277,44,1*6B,1763493746859
NMEA,$GPGSV,4,2,13,08,16,128,39,09,74,350,42,11,04,297,28,16,36,052,41,1*66,1763493746859
NMEA,$GPGSV,4,3,13,20,12,321,33,21,12,321,35,26,04,041,32,27,18,097,40,1*64,1763493746859
NMEA,$GPGSV,4,4,13,30,23,262,41,1*57,1763493746859
NMEA,$GPGSV,3,1,10,03,20,173,32,04,55,097,43,06,05,259,29,08,16,128,36,8*61,1763493746859
NMEA,$GPGSV,3,2,10,09,74,350,35,11,04,297,28,21,12,321,34,26,04,041,34,8*60,1763493746859
NMEA,$GPGSV,3,3,10,27,18,097,33,30,23,262,33,8*6A,1763493746859
NMEA,$GLGSV,1,1,04,12,60,224,41,11,56,029,42,01,78,089,36,08,25,133,40,1*76,1763493746859
NMEA,$GAGSV,3,1,10,02,48,173,43,03,68,067,37,05,21,106,41,08,46,314,40,7*78,1763493746859
NMEA,$GAGSV,3,2,10,13,14,279,38,15,08,229,32,16,36,052,39,25,55,075,40,7*79,1763493746859
NMEA,$GAGSV,3,3,10,26,03,326,29,30,03,202,28,7*73,1763493746859
NMEA,$GAGSV,2,1,08,02,48,173,36,03,68,067,28,05,21,106,36,08,46,314,35,1*78,1763493746859
NMEA,$GAGSV,2,2,08,13,14,279,34,15,08,229,23,16,36,052,38,25,55,075,35,1*78,1763493746859
NMEA,$GQGSV,1,1,01,03,02,297,20,1*5B,1763493746859
NMEA,$GQGSV,1,1,01,03,02,297,17,8*56,1763493746859
NMEA,$GBGSV,2,1,07,37,51,047,42,36,15,230,35,32,17,142,42,23,03,049,31,1*7A,1763493746859
NMEA,$GBGSV,2,2,07,22,01,319,29,20,74,158,43,19,52,313,44,1*44,1763493746859
NMEA,$GBGSV,2,1,05,19,52,313,42,20,74,158,41,32,17,142,43,36,15,230,37,3*71,1763493746859
NMEA,$GBGSV,2,2,05,37,51,047,41,3*47,1763493746859
NMEA,$GBGSV,2,1,07,19,52,313,33,20,74,158,32,22,01,319,32,23,03,049,20,5*72,1763493746859
NMEA,$GBGSV,2,2,07,32,17,142,35,36,15,230,32,37,51,047,36,5*44,1763493746859
NMEA,$GNGSA,A,3,03,04,07,08,09,16,20,21,27,30,,,0.6,0.4,0.5,1*37,1763493746870
NMEA,$PSSGR,GSA,A,3,03,04,08,09,21,27,30,,,,,,0.6,0.4,0.5,1,8*41,1763493746870
NMEA,$GNGSA,A,3,65,72,75,76,,,,,,,,,0.6,0.4,0.5,2*30,1763493746870
NMEA,$GNGSA,A,3,02,03,05,08,13,15,16,25,,,,,0.6,0.4,0.5,3*3E,1763493746870
NMEA,$PSSGR,GSA,A,3,302,303,305,308,313,316,325,,,,,,0.6,0.4,0.5,3,1*74,1763493746870
NMEA,$GNGSA,A,3,19,20,32,36,37,,,,,,,,0.6,0.4,0.5,4*39,1763493746870
NMEA,$PSSGR,GSA,A,3,219,220,232,236,237,,,,,,,,0.6,0.4,0.5,4,5*72,1763493746870
NMEA,$GNVTG,48.8,T,36.0,M,2.2,N,4.1,K,E*3D,1763493746870
NMEA,$GNDTM,W84,,0000.000000,N,00000.000000,E,0.000,W84*41,1763493746870
NMEA,$GNRMC,192227.00,A,3725.868976,N,12209.340222,W,2.2,48.8,181125,12.8,E,E,V*4B,1763493746870
NMEA,$GNGNS,192227.00,3725.868976,N,12209.340222,W,EEEEEE,27,0.4,22.9,-32.6,,,V*2F,1763493746870
NMEA,$GNGGA,192227.00,3725.868976,N,12209.340222,W,6,12,0.4,22.9,M,-32.6,M,,*7E,1763493746870
NMEA,$PSMSG,magcal=PASS,bluesky=0*00,1763493746875
NMEA,$GPGSV,4,1,13,03,20,173,43,04,55,097,40,06,05,259,35,07,51,277,44,1*64,1763493747862
NMEA,$GPGSV,4,2,13,08,16,128,40,09,74,350,42,11,04,297,31,16,36,052,42,1*63,1763493747862
NMEA,$GPGSV,4,3,13,20,12,321,28,21,12,321,28,26,04,041,31,27,18,097,41,1*60,1763493747862
NMEA,$GPGSV,4,4,13,30,23,262,43,1*55,1763493747862
NMEA,$GPGSV,3,1,10,03,20,173,33,04,55,097,41,06,05,259,30,08,16,128,35,8*69,1763493747862
NMEA,$GPGSV,3,2,10,09,74,350,35,11,04,297,30,21,12,321,31,26,04,041,33,8*6B,1763493747862
NMEA,$GPGSV,3,3,10,27,18,097,32,30,23,262,34,8*6C,1763493747862
NMEA,$GLGSV,1,1,04,12,60,224,42,11,56,029,41,01,78,089,36,08,25,133,40,1*76,1763493747862
NMEA,$GAGSV,3,1,10,02,48,173,41,03,68,067,38,05,21,106,38,08,46,314,40,7*7B,1763493747862
NMEA,$GAGSV,3,2,10,13,14,279,35,15,08,229,35,16,36,052,39,25,55,075,39,7*7D,1763493747862
NMEA,$GAGSV,3,3,10,26,03,326,27,30,03,202,26,7*73,1763493747862
NMEA,$GAGSV,2,1,08,02,48,173,36,03,68,067,30,05,21,106,37,08,46,314,36,1*73,1763493747862
NMEA,$GAGSV,2,2,08,13,14,279,34,15,08,229,24,16,36,052,39,25,55,075,35,1*7E,1763493747862
NMEA,$GQGSV,1,1,01,03,02,297,20,1*5B,1763493747862
NMEA,$GQGSV,1,1,01,03,02,297,17,8*56,1763493747862
NMEA,$GBGSV,2,1,07,37,51,047,41,36,15,230,38,32,17,142,43,23,03,049,32,1*76,1763493747862
NMEA,$GBGSV,2,2,07,22,01,319,28,20,74,158,43,19,52,313,43,1*42,1763493747862
NMEA,$GBGSV,2,1,05,19,52,313,41,20,74,158,39,32,17,142,43,36,15,230,39,3*73,1763493747862
NMEA,$GBGSV,2,2,05,37,51,047,40,3*46,1763493747862
NMEA,$GBGSV,2,1,07,19,52,313,35,20,74,158,29,22,01,319,28,23,03,049,20,5*75,1763493747862
NMEA,$GBGSV,2,2,07,32,17,142,31,36,15,230,32,37,51,047,36,5*40,1763493747862
NMEA,$GNGSA,A,3,03,04,07,08,09,16,20,21,27,30,,,0.6,0.4,0.5,1*37,1763493747883
NMEA,$PSSGR,GSA,A,3,03,04,08,09,21,27,30,,,,,,0.6,0.4,0.5,1,8*41,1763493747883
NMEA,$GNGSA,A,3,65,72,75,76,,,,,,,,,0.6,0.4,0.5,2*30,1763493747883
NMEA,$GNGSA,A,3,02,03,05,08,13,15,16,25,,,,,0.6,0.4,0.5,3*3E,1763493747883
NMEA,$PSSGR,GSA,A,3,302,303,305,308,313,316,325,,,,,,0.6,0.4,0.5,3,1*74,1763493747883
NMEA,$GNGSA,A,3,19,20,32,36,37,,,,,,,,0.6,0.4,0.5,4*39,1763493747883
NMEA,$PSSGR,GSA,A,3,219,220,232,236,237,,,,,,,,0.6,0.4,0.5,4,5*72,1763493747883
NMEA,$GNVTG,45.9,T,33.1,M,2.2,N,4.0,K,E*34,1763493747883
NMEA,$GNDTM,W84,,0000.000000,N,00000.000000,E,0.000,W84*41,1763493747883
NMEA,$GNRMC,192228.00,A,3725.869470,N,12209.339625,W,2.2,45.9,181125,12.8,E,E,V*4F,1763493747883
NMEA,$GNGNS,192228.00,3725.869470,N,12209.339625,W,EEEEEE,27,0.4,22.7,-32.6,,,V*29,1763493747883
NMEA,$GNGGA,192228.00,3725.869470,N,12209.339625,W,6,12,0.4,22.7,M,-32.6,M,,*78,1763493747883
NMEA,$PSMSG,magcal=PASS,bluesky=0*00,1763493747888
NMEA,$GPGSV,4,1,13,03,20,173,43,04,55,097,40,06,05,259,36,07,51,277,45,1*66,1763493748862
NMEA,$GPGSV,4,2,13,08,16,128,39,09,74,350,43,11,04,297,29,16,36,052,44,1*63,1763493748862
NMEA,$GPGSV,4,3,13,20,12,321,31,21,12,321,30,26,04,041,32,27,18,097,43,1*60,1763493748862
NMEA,$GPGSV,4,4,13,30,23,262,43,1*55,1763493748862
NMEA,$GPGSV,3,1,10,03,20,173,36,04,55,097,38,06,05,259,29,08,16,128,41,8*69,1763493748862
NMEA,$GPGSV,3,2,10,09,74,350,34,11,04,297,23,21,12,321,32,26,04,041,34,8*6C,1763493748862
NMEA,$GPGSV,3,3,10,27,18,097,37,30,23,262,33,8*6E,1763493748862
NMEA,$GLGSV,1,1,04,12,60,224,42,11,56,029,41,01,78,089,36,08,25,133,45,1*73,1763493748862
NMEA,$GAGSV,3,1,10,02,48,173,41,03,68,067,38,05,21,106,42,08,46,314,41,7*77,1763493748862
NMEA,$GAGSV,3,2,10,13,14,279,40,15,08,229,36,16,36,052,41,25,55,075,38,7*72,1763493748862
NMEA,$GAGSV,3,3,10,26,03,326,29,30,03,202,30,7*7A,1763493748862
NMEA,$GAGSV,2,1,08,02,48,173,35,03,68,067,31,05,21,106,32,08,46,314,37,1*75,1763493748862
NMEA,$GAGSV,2,2,08,13,14,279,36,15,08,229,23,16,36,052,39,25,55,075,38,1*76,1763493748862
NMEA,$GQGSV,1,1,01,03,02,297,20,1*5B,1763493748862
NMEA,$GQGSV,1,1,01,03,02,297,17,8*56,1763493748862
NMEA,$GBGSV,2,1,07,37,51,047,41,36,15,230,40,32,17,142,44,23,03,049,30,1*7C,1763493748862
NMEA,$GBGSV,2,2,07,22,01,319,27,20,74,158,44,19,52,313,43,1*4A,1763493748862
NMEA,$GBGSV,2,1,05,19,52,313,41,20,74,158,40,32,17,142,44,36,15,230,38,3*7B,1763493748862
NMEA,$GBGSV,2,2,05,37,51,047,42,3*44,1763493748862
NMEA,$GBGSV,2,1,07,19,52,313,37,20,74,158,26,22,01,319,30,23,03,049,20,5*71,1763493748862
NMEA,$GBGSV,2,2,07,32,17,142,32,36,15,230,30,37,51,047,38,5*4F,1763493748862
NMEA,$GNGSA,A,3,03,04,07,08,09,16,20,21,27,30,,,0.6,0.4,0.5,1*37,1763493748881
NMEA,$PSSGR,GSA,A,3,03,04,08,09,21,27,30,,,,,,0.6,0.4,0.5,1,8*41,1763493748881
NMEA,$GNGSA,A,3,65,72,75,76,,,,,,,,,0.6,0.4,0.5,2*30,1763493748881
NMEA,$GNGSA,A,3,02,03,05,08,13,15,16,25,,,,,0.6,0.4,0.5,3*3E,1763493748881
NMEA,$PSSGR,GSA,A,3,302,303,305,308,313,316,325,,,,,,0.6,0.4,0.5,3,1*74,1763493748881
NMEA,$GNGSA,A,3,19,20,32,36,37,,,,,,,,0.6,0.4,0.5,4*39,1763493748881
NMEA,$PSSGR,GSA,A,3,219,220,232,236,237,,,,,,,,0.6,0.4,0.5,4,5*72,1763493748881
NMEA,$GNVTG,49.2,T,36.4,M,2.2,N,4.1,K,E*32,1763493748881
NMEA,$GNDTM,W84,,0000.000000,N,00000.000000,E,0.000,W84*41,1763493748881
NMEA,$GNRMC,192229.00,A,3725.869894,N,12209.339040,W,2.2,49.2,181125,12.8,E,E,V*4A,1763493748881
NMEA,$GNGNS,192229.00,3725.869894,N,12209.339040,W,EEEEEE,27,0.4,22.8,-32.6,,,V*24,1763493748881
NMEA,$GNGGA,192229.00,3725.869894,N,12209.339040,W,6,12,0.4,22.8,M,-32.6,M,,*75,1763493748881
NMEA,$PSMSG,magcal=PASS,bluesky=0*00,1763493748885
NMEA,$GPGSV,4,1,13,03,20,173,42,04,55,097,40,06,05,259,31,07,51,277,45,1*60,1763493749863
NMEA,$GPGSV,4,2,13,08,16,128,40,09,74,350,44,11,04,297,28,16,36,052,43,1*6C,1763493749863
NMEA,$GPGSV,4,3,13,20,12,321,29,21,12,321,28,26,04,041,34,27,18,097,41,1*64,1763493749863
NMEA,$GPGSV,4,4,13,30,23,262,43,1*55,1763493749863
NMEA,$GPGSV,3,1,10,03,20,173,35,04,55,097,39,06,05,259,25,08,16,128,35,8*64,1763493749863
NMEA,$GPGSV,3,2,10,09,74,350,35,11,04,297,23,21,12,321,31,26,04,041,32,8*68,1763493749863
NMEA,$GPGSV,3,3,10,27,18,097,34,30,23,262,34,8*6A,1763493749863
NMEA,$GLGSV,1,1,04,12,60,224,43,11,56,029,41,01,78,089,36,08,25,133,42,1*75,1763493749863
NMEA,$GAGSV,3,1,10,02,48,173,42,03,68,067,38,05,21,106,41,08,46,314,42,7*74,1763493749863
NMEA,$GAGSV,3,2,10,13,14,279,34,15,08,229,37,16,36,052,40,25,55,075,41,7*7F,1763493749863
NMEA,$GAGSV,3,3,10,26,03,326,30,30,03,202,31,7*73,1763493749863
NMEA,$GAGSV,2,1,08,02,48,173,37,03,68,067,29,05,21,106,33,08,46,314,36,1*7E,1763493749863
NMEA,$GAGSV,2,2,08,13,14,279,32,15,08,229,22,16,36,052,39,25,55,075,37,1*7C,1763493749863
NMEA,$GQGSV,1,1,01,03,02,297,20,1*5B,1763493749863
NMEA,$GQGSV,1,1,01,03,02,297,17,8*56,1763493749863
NMEA,$GBGSV,2,1,07,37,51,047,40,36,15,230,40,32,17,142,44,23,03,049,30,1*7D,1763493749863
NMEA,$GBGSV,2,2,07,22,01,319,25,20,74,158,44,19,52,313,43,1*48,1763493749863
NMEA,$GBGSV,2,1,05,19,52,313,41,20,74,158,40,32,17,142,42,36,15,230,36,3*73,1763493749863
NMEA,$GBGSV,2,2,05,37,51,047,41,3*47,1763493749863
NMEA,$GBGSV,2,1,07,19,52,313,36,20,74,158,33,22,01,319,28,23,03,049,21,5*7C,1763493749863
NMEA,$GBGSV,2,2,07,32,17,142,34,36,15,230,29,37,51,047,37,5*4E,1763493749863
NMEA,$GNGSA,A,3,03,04,07,08,09,16,20,21,27,30,,,0.6,0.4,0.5,1*37,1763493749880
NMEA,$PSSGR,GSA,A,3,03,04,08,09,21,27,30,,,,,,0.6,0.4,0.5,1,8*41,1763493749880
NMEA,$GNGSA,A,3,65,72,75,76,,,,,,,,,0.6,0.4,0.5,2*30,1763493749880
NMEA,$GNGSA,A,3,02,03,05,08,13,15,16,25,,,,,0.6,0.4,0.5,3*3E,1763493749880
NMEA,$PSSGR,GSA,A,3,302,303,305,308,313,316,325,,,,,,0.6,0.4,0.5,3,1*74,1763493749880
NMEA,$GNGSA,A,3,19,20,32,36,37,,,,,,,,0.6,0.4,0.5,4*39,1763493749880
NMEA,$PSSGR,GSA,A,3,219,220,232,236,237,,,,,,,,0.6,0.4,0.5,4,5*72,1763493749880
NMEA,$GNVTG,49.2,T,36.4,M,2.2,N,4.0,K,E*33,1763493749880
NMEA,$GNDTM,W84,,0000.000000,N,00000.000000,E,0.000,W84*41,1763493749880
NMEA,$GNRMC,192230.00,A,3725.870340,N,12209.338422,W,2.2,49.2,181125,12.8,E,E,V*49,1763493749880
NMEA,$GNGNS,192230.00,3725.870340,N,12209.338422,W,EEEEEE,27,0.4,22.7,-32.6,,,V*28,1763493749880
NMEA,$GNGGA,192230.00,3725.870340,N,12209.338422,W,6,12,0.4,22.7,M,-32.6,M,,*79,1763493749880
NMEA,$PSMSG,magcal=PASS,bluesky=0*00,1763493749890
NMEA,$GPGSV,4,1,13,03,20,173,46,04,55,097,40,06,05,259,34,07,51,277,45,1*61,1763493750857
NMEA,$GPGSV,4,2,13,08,16,128,42,09,74,350,43,11,04,297,25,16,36,052,43,1*64,1763493750857
NMEA,$GPGSV,4,3,13,20,12,321,33,21,12,321,35,26,04,041,31,27,18,097,43,1*64,1763493750857
NMEA,$GPGSV,4,4,13,30,23,262,42,1*54,1763493750857
NMEA,$GPGSV,3,1,10,03,20,173,39,04,55,097,39,06,05,259,29,08,16,128,38,8*69,1763493750857
NMEA,$GPGSV,3,2,10,09,74,350,34,11,04,297,23,21,12,321,33,26,04,041,31,8*68,1763493750857
NMEA,$GPGSV,3,3,10,27,18,097,31,30,23,262,33,8*68,1763493750857
NMEA,$GLGSV,1,1,04,12,60,224,42,11,56,029,40,01,78,089,37,08,25,133,40,1*76,1763493750857
NMEA,$GAGSV,3,1,10,02,48,173,39,03,68,067,37,05,21,106,37,08,46,314,41,7*75,1763493750857
NMEA,$GAGSV,3,2,10,13,14,279,31,15,08,229,35,16,36,052,40,25,55,075,39,7*77,1763493750857
NMEA,$GAGSV,3,3,10,26,03,326,31,30,03,202,33,7*70,1763493750857
NMEA,$GAGSV,2,1,08,02,48,173,38,03,68,067,30,05,21,106,30,08,46,314,37,1*7B,1763493750857
NMEA,$GAGSV,2,2,08,13,14,279,32,15,08,229,21,16,36,052,39,25,55,075,37,1*7F,1763493750857
NMEA,$GQGSV,1,1,01,03,02,297,20,1*5B,1763493750857
NMEA,$GQGSV,1,1,01,03,02,297,17,8*56,1763493750857
NMEA,$GBGSV,2,1,07,37,51,047,41,36,15,230,35,32,17,142,44,23,03,049,31,1*7F,1763493750857
NMEA,$GBGSV,2,2,07,22,01,319,28,20,74,158,44,19,52,313,43,1*45,1763493750857
NMEA,$GBGSV,2,1,05,19,52,313,41,20,74,158,41,32,17,142,42,36,15,230,34,3*70,1763493750857
NMEA,$GBGSV,2,2,05,37,51,047,42,3*44,1763493750857
NMEA,$GBGSV,2,1,07,19,52,313,33,20,74,158,29,22,01,319,34,23,03,049,26,5*78,1763493750857
NMEA,$GBGSV,2,2,07,32,17,142,30,36,15,230,27,37,51,047,39,5*4A,1763493750857
NMEA,$GNGSA,A,3,03,04,07,08,09,16,20,21,27,30,,,0.6,0.4,0.5,1*37,1763493750875
NMEA,$PSSGR,GSA,A,3,03,04,08,09,21,27,30,,,,,,0.6,0.4,0.5,1,8*41,1763493750875
NMEA,$GNGSA,A,3,65,72,75,76,,,,,,,,,0.6,0.4,0.5,2*30,1763493750875
NMEA,$GNGSA,A,3,02,03,05,08,13,15,16,25,,,,,0.6,0.4,0.5,3*3E,1763493750875
NMEA,$PSSGR,GSA,A,3,302,303,305,308,313,316,325,,,,,,0.6,0.4,0.5,3,1*74,1763493750875
NMEA,$GNGSA,A,3,19,20,32,36,37,,,,,,,,0.6,0.4,0.5,4*39,1763493750875
NMEA,$PSSGR,GSA,A,3,219,220,232,236,237,,,,,,,,0.6,0.4,0.5,4,5*72,1763493750875
NMEA,$GNVTG,46.0,T,33.2,M,2.3,N,4.2,K,E*3E,1763493750875
NMEA,$GNDTM,W84,,0000.000000,N,00000.000000,E,0.000,W84*41,1763493750875
NMEA,$GNRMC,192231.00,A,3725.870782,N,12209.337831,W,2.3,46.0,181125,12.8,E,E,V*4F,1763493750875
NMEA,$GNGNS,192231.00,3725.870782,N,12209.337831,W,EEEEEE,27,0.4,22.7,-32.6,,,V*22,1763493750875
NMEA,$GNGGA,192231.00,3725.870782,N,12209.337831,W,6,12,0.4,22.7,M,-32.6,M,,*73,1763493750875
NMEA,$PSMSG,magcal=PASS,bluesky=0*00,1763493750880
NMEA,$GPGSV,4,1,13,03,20,173,45,04,55,097,40,06,05,259,28,07,51,277,45,1*6F,1763493751861
NMEA,$GPGSV,4,2,13,08,16,128,40,09,74,350,43,11,04,297,26,16,36,052,41,1*67,1763493751861
NMEA,$GPGSV,4,3,13,20,12,321,35,21,12,321,36,26,04,041,33,27,18,097,44,1*64,1763493751861
NMEA,$GPGSV,4,4,13,30,23,262,38,1*59,1763493751861
NMEA,$GPGSV,3,1,10,03,20,173,35,04,55,097,38,06,05,259,29,08,16,128,34,8*68,1763493751861
NMEA,$GPGSV,3,2,10,09,74,350,36,11,04,297,24,21,12,321,36,26,04,041,31,8*68,1763493751861
NMEA,$GPGSV,3,3,10,27,18,097,33,30,23,262,32,8*6B,1763493751861
NMEA,$GLGSV,1,1,04,12,60,224,43,11,56,029,41,01,78,089,37,08,25,133,39,1*78,1763493751861
NMEA,$GAGSV,3,1,10,02,48,173,41,03,68,067,38,05,21,106,39,08,46,314,40,7*7A,1763493751861
NMEA,$GAGSV,3,2,10,13,14,279,30,15,08,229,35,16,36,052,39,25,55,075,38,7*79,1763493751861
NMEA,$GAGSV,3,3,10,26,03,326,29,30,03,202,33,7*79,1763493751861
NMEA,$GAGSV,2,1,08,02,48,173,37,03,68,067,25,05,21,106,33,08,46,314,37,1*73,1763493751861
NMEA,$GAGSV,2,2,08,13,14,279,23,15,08,229,25,16,36,052,39,25,55,075,36,1*7A,1763493751861
NMEA,$GQGSV,1,1,01,03,02,297,17,8*56,1763493751861
NMEA,$GBGSV,2,1,07,37,51,047,41,36,15,230,37,32,17,142,43,23,03,049,32,1*79,1763493751861
NMEA,$GBGSV,2,2,07,22,01,319,31,20,74,158,43,19,52,313,44,1*4D,1763493751861
NMEA,$GBGSV,2,1,05,19,52,313,42,20,74,158,41,32,17,142,43,36,15,230,36,3*70,1763493751861
NMEA,$GBGSV,2,2,05,37,51,047,42,3*44,1763493751861
NMEA,$GBGSV,2,1,07,19,52,313,35,20,74,158,34,22,01,319,34,23,03,049,23,5*77,1763493751861
NMEA,$GBGSV,2,2,07,32,17,142,34,36,15,230,24,37,51,047,37,5*43,1763493751861
NMEA,$GNGSA,A,3,03,04,07,08,09,16,20,21,27,30,,,0.6,0.4,0.5,1*37,1763493751876
NMEA,$PSSGR,GSA,A,3,03,04,08,09,21,27,30,,,,,,0.6,0.4,0.5,1,8*41,1763493751876
NMEA,$GNGSA,A,3,65,72,75,76,,,,,,,,,0.6,0.4,0.5,2*30,1763493751876
NMEA,$GNGSA,A,3,02,03,05,08,13,15,16,25,,,,,0.6,0.4,0.5,3*3E,1763493751876
NMEA,$PSSGR,GSA,A,3,302,303,305,308,313,316,325,,,,,,0.6,0.4,0.5,3,1*74,1763493751876
NMEA,$GNGSA,A,3,19,20,32,36,37,,,,,,,,0.6,0.4,0.5,4*39,1763493751876
NMEA,$PSSGR,GSA,A,3,219,220,232,236,237,,,,,,,,0.6,0.4,0.5,4,5*72,1763493751876
NMEA,$GNVTG,49.3,T,36.5,M,2.3,N,4.2,K,E*30,1763493751876
NMEA,$GNDTM,W84,,0000.000000,N,00000.000000,E,0.000,W84*41,1763493751876
NMEA,$GNRMC,192232.00,A,3725.871236,N,12209.337174,W,2.3,49.3,181125,12.8,E,E,V*43,1763493751876
NMEA,$GNGNS,192232.00,3725.871236,N,12209.337174,W,EEEEEE,27,0.4,22.8,-32.6,,,V*2D,1763493751876
NMEA,$GNGGA,192232.00,3725.871236,N,12209.337174,W,6,12,0.4,22.8,M,-32.6,M,,*7C,1763493751876
NMEA,$PSMSG,magcal=PASS,bluesky=0*00,1763493751880
NMEA,$GPGSV,4,1,13,03,20,173,44,04,55,097,39,06,05,259,29,07,51,277,44,1*60,1763493752859
NMEA,$GPGSV,4,2,13,08,16,128,41,09,74,350,42,11,04,297,33,16,36,052,42,1*60,1763493752859
NMEA,$GPGSV,4,3,13,20,12,321,35,21,12,321,35,26,04,041,33,27,18,097,41,1*62,1763493752859
NMEA,$GPGSV,4,4,13,30,23,262,39,1*58,1763493752859
NMEA,$GPGSV,3,1,10,03,20,173,27,04,55,097,38,06,05,259,23,08,16,128,34,8*61,1763493752859
NMEA,$GPGSV,3,2,10,09,74,350,35,11,04,297,21,21,12,321,34,26,04,041,32,8*6F,1763493752859
NMEA,$GPGSV,3,3,10,27,18,097,37,30,23,262,31,8*6C,1763493752859
NMEA,$GLGSV,1,1,04,12,60,224,42,11,56,029,41,01,78,089,36,08,25,133,39,1*78,1763493752859
NMEA,$GAGSV,3,1,10,02,48,173,41,03,68,067,37,05,21,106,38,08,46,314,39,7*7A,1763493752859
NMEA,$GAGSV,3,2,10,13,14,279,31,15,08,229,36,16,36,052,41,25,55,075,40,7*7B,1763493752859
NMEA,$GAGSV,3,3,10,26,03,326,28,30,03,202,34,7*7F,1763493752859
NMEA,$GAGSV,2,1,08,02,48,173,36,03,68,067,26,05,21,106,27,08,46,314,34,1*77,1763493752859
NMEA,$GAGSV,2,2,08,13,14,279,25,15,08,229,23,16,36,052,38,25,55,075,36,1*7B,1763493752859
NMEA,$GQGSV,1,1,01,03,02,297,17,8*56,1763493752859
NMEA,$GBGSV,2,1,07,37,51,047,43,36,15,230,39,32,17,142,42,23,03,049,32,1*74,1763493752859
NMEA,$GBGSV,2,2,07,22,01,319,31,20,74,158,44,19,52,313,43,1*4D,1763493752859
NMEA,$GBGSV,2,1,05,19,52,313,41,20,74,158,41,32,17,142,42,36,15,230,35,3*71,1763493752859
NMEA,$GBGSV,2,2,05,37,51,047,42,3*44,1763493752859
NMEA,$GBGSV,2,1,07,19,52,313,33,20,74,158,35,22,01,319,33,23,03,049,24,5*70,1763493752859
NMEA,$GBGSV,2,2,07,32,17,142,33,36,15,230,28,37,51,047,35,5*4A,1763493752859
NMEA,$GNGSA,A,3,03,04,07,08,09,16,20,21,27,30,,,0.6,0.4,0.5,1*37,1763493752875
NMEA,$PSSGR,GSA,A,3,03,04,08,09,21,27,30,,,,,,0.6,0.4,0.5,1,8*41,1763493752875
NMEA,$GNGSA,A,3,65,72,75,76,,,,,,,,,0.6,0.4,0.5,2*30,1763493752875
NMEA,$GNGSA,A,3,02,03,05,08,13,15,16,25,,,,,0.6,0.4,0.5,3*3E,1763493752875
NMEA,$PSSGR,GSA,A,3,302,303,305,308,313,316,325,,,,,,0.6,0.4,0.5,3,1*74,1763493752875
NMEA,$GNGSA,A,3,19,20,32,36,37,,,,,,,,0.6,0.4,0.5,4*39,1763493752875
NMEA,$PSSGR,GSA,A,3,219,220,232,236,237,,,,,,,,0.6,0.4,0.5,4,5*72,1763493752875
NMEA,$GNVTG,50.6,T,37.8,M,2.1,N,3.9,K,E*3F,1763493752875
NMEA,$GNDTM,W84,,0000.000000,N,00000.000000,E,0.000,W84*41,1763493752875
NMEA,$GNRMC,192233.00,A,3725.871621,N,12209.336584,W,2.1,50.6,181125,12.8,E,E,V*45,1763493752875
NMEA,$GNGNS,192233.00,3725.871621,N,12209.336584,W,EEEEEE,27,0.4,22.8,-32.6,,,V*24,1763493752875
NMEA,$GNGGA,192233.00,3725.871621,N,12209.336584,W,6,12,0.4,22.8,M,-32.6,M,,*75,1763493752875
NMEA,$PSMSG,magcal=PASS,bluesky=0*00,1763493752879
NMEA,$GPGSV,4,1,13,03,20,173,44,04,55,097,39,06,05,259,26,07,51,277,44,1*6F,1763493753861
NMEA,$GPGSV,4,2,13,08,16,128,39,09,74,350,42,11,04,297,32,16,36,052,42,1*6E,1763493753861
NMEA,$GPGSV,4,3,13,20,12,321,35,21,12,321,38,26,04,041,32,27,18,097,42,1*6D,1763493753861
NMEA,$GPGSV,4,4,13,30,23,262,38,1*59,1763493753861
NMEA,$GPGSV,3,1,10,03,20,173,29,04,55,097,37,06,05,259,23,08,16,128,34,8*60,1763493753861
NMEA,$GPGSV,3,2,10,09,74,350,34,11,04,297,21,21,12,321,34,26,04,041,32,8*6E,1763493753861
NMEA,$GPGSV,3,3,10,27,18,097,35,30,23,262,29,8*67,1763493753861
NMEA,$GLGSV,1,1,04,12,60,224,41,11,56,029,41,01,78,089,36,08,25,133,40,1*75,1763493753861
NMEA,$GAGSV,3,1,10,02,48,173,42,03,68,067,37,05,21,106,41,08,46,314,40,7*79,1763493753861
NMEA,$GAGSV,3,2,10,13,14,279,39,15,08,229,35,16,36,052,41,25,55,075,39,7*7E,1763493753861
NMEA,$GAGSV,3,3,10,26,03,326,29,30,03,202,30,7*7A,1763493753861
NMEA,$GAGSV,2,1,08,02,48,173,38,03,68,067,28,05,21,106,33,08,46,314,35,1*73,1763493753861
NMEA,$GAGSV,2,2,08,13,14,279,34,15,08,229,23,16,36,052,36,25,55,075,35,1*76,1763493753861
NMEA,$GQGSV,1,1,01,03,02,297,17,8*56,1763493753861
NMEA,$GBGSV,2,1,07,37,51,047,44,36,15,230,39,32,17,142,43,23,03,049,33,1*73,1763493753861
NMEA,$GBGSV,2,2,07,22,01,319,32,20,74,158,44,19,52,313,43,1*4E,1763493753861
NMEA,$GBGSV,2,1,05,19,52,313,41,20,74,158,42,32,17,142,43,36,15,230,34,3*72,1763493753861
NMEA,$GBGSV,2,2,05,37,51,047,43,3*45,1763493753861
NMEA,$GBGSV,2,1,07,19,52,313,34,20,74,158,35,22,01,319,30,23,03,049,26,5*76,1763493753861
NMEA,$GBGSV,2,2,07,32,17,142,33,36,15,230,29,37,51,047,35,5*4B,1763493753861
NMEA,$GNGSA,A,3,03,04,07,08,09,16,20,21,27,30,,,0.6,0.4,0.5,1*37,1763493753887
NMEA,$PSSGR,GSA,A,3,03,04,08,09,21,27,30,,,,,,0.6,0.4,0.5,1,8*41,1763493753887
NMEA,$GNGSA,A,3,65,72,75,76,,,,,,,,,0.6,0.4,0.5,2*30,1763493753887
NMEA,$GNGSA,A,3,02,03,05,08,13,15,16,25,,,,,0.6,0.4,0.5,3*3E,1763493753887
NMEA,$PSSGR,GSA,A,3,302,303,305,308,313,316,325,,,,,,0.6,0.4,0.5,3,1*74,1763493753887
NMEA,$GNGSA,A,3,19,20,32,36,37,,,,,,,,0.6,0.4,0.5,4*39,1763493753887
NMEA,$PSSGR,GSA,A,3,219,220,232,236,237,,,,,,,,0.6,0.4,0.5,4,5*72,1763493753887
NMEA,$GNVTG,49.3,T,36.5,M,2.2,N,4.1,K,E*32,1763493753887
NMEA,$GNDTM,W84,,0000.000000,N,00000.000000,E,0.000,W84*41,1763493753887
NMEA,$GNRMC,192234.00,A,3725.872084,N,12209.335939,W,2.2,49.3,181125,12.8,E,E,V*4F,1763493753887
NMEA,$GNGNS,192234.00,3725.872084,N,12209.335939,W,EEEEEE,27,0.4,22.8,-32.6,,,V*20,1763493753887
NMEA,$GNGGA,192234.00,3725.872084,N,12209.335939,W,6,12,0.4,22.8,M,-32.6,M,,*71,1763493753887
NMEA,$PSMSG,magcal=PASS,bluesky=0*00,1763493753894
NMEA,$GPGSV,4,1,13,03,20,173,44,04,55,097,39,06,05,259,25,07,51,277,44,1*6C,1763493754861
NMEA,$GPGSV,4,2,13,08,16,128,43,09,74,350,43,11,04,297,31,16,36,052,42,1*61,1763493754861
NMEA,$GPGSV,4,3,13,20,12,321,35,21,12,321,37,26,04,041,31,27,18,097,42,1*61,1763493754861
NMEA,$GPGSV,4,4,13,30,23,262,42,1*54,1763493754861
NMEA,$GPGSV,3,1,10,03,20,173,34,04,55,097,38,06,05,259,22,08,16,128,33,8*65,1763493754861
NMEA,$GPGSV,3,2,10,09,74,350,35,11,04,297,23,21,12,321,35,26,04,041,31,8*6F,1763493754861
NMEA,$GPGSV,3,3,10,27,18,097,35,30,23,262,32,8*6D,1763493754861
NMEA,$GLGSV,1,1,04,12,60,224,42,11,56,029,42,01,78,089,37,08,25,133,40,1*74,1763493754861
NMEA,$GAGSV,3,1,10,02,48,173,41,03,68,067,39,05,21,106,38,08,46,314,41,7*7B,1763493754861
NMEA,$GAGSV,3,2,10,13,14,279,40,15,08,229,34,16,36,052,41,25,55,075,40,7*7F,1763493754861
NMEA,$GAGSV,3,3,10,26,03,326,29,30,03,202,30,7*7A,1763493754861
NMEA,$GAGSV,2,1,08,02,48,173,36,03,68,067,30,05,21,106,32,08,46,314,37,1*77,1763493754861
NMEA,$GAGSV,2,2,08,13,14,279,35,15,08,229,24,16,36,052,37,25,55,075,35,1*71,1763493754861
NMEA,$GQGSV,1,1,01,03,02,297,19,8*58,1763493754861
NMEA,$GBGSV,2,1,07,37,51,047,44,36,15,230,39,32,17,142,43,23,03,049,33,1*73,1763493754861
NMEA,$GBGSV,2,2,07,22,01,319,32,20,74,158,44,19,52,313,43,1*4E,1763493754861
NMEA,$GBGSV,2,1,05,19,52,313,41,20,74,158,40,32,17,142,42,36,15,230,35,3*70,1763493754861
NMEA,$GBGSV,2,2,05,37,51,047,41,3*47,1763493754861
NMEA,$GBGSV,2,1,07,19,52,313,33,20,74,158,29,22,01,319,32,23,03,049,23,5*7B,1763493754861
NMEA,$GBGSV,2,2,07,32,17,142,29,36,15,230,29,37,51,047,37,5*42,1763493754861
NMEA,$GNGSA,A,3,03,04,07,08,09,16,20,21,27,30,,,0.6,0.4,0.5,1*37,1763493754879
NMEA,$PSSGR,GSA,A,3,03,04,08,09,21,27,30,,,,,,0.6,0.4,0.5,1,8*41,1763493754879
NMEA,$GNGSA,A,3,65,72,75,76,,,,,,,,,0.6,0.4,0.5,2*30,1763493754879
NMEA,$GNGSA,A,3,02,03,05,08,13,15,16,25,,,,,0.6,0.4,0.5,3*3E,1763493754879
NMEA,$PSSGR,GSA,A,3,302,303,305,308,313,316,325,,,,,,0.6,0.4,0.5,3,1*74,1763493754879
NMEA,$GNGSA,A,3,19,20,32,36,37,,,,,,,,0.6,0.4,0.5,4*39,1763493754879
NMEA,$PSSGR,GSA,A,3,219,220,232,236,237,,,,,,,,0.6,0.4,0.5,4,5*72,1763493754879
NMEA,$GNVTG,45.1,T,32.3,M,2.2,N,4.0,K,E*3F,1763493754879
NMEA,$GNDTM,W84,,0000.000000,N,00000.000000,E,0.000,W84*41,1763493754879
NMEA,$GNRMC,192235.00,A,3725.872484,N,12209.335379,W,2.2,45.1,181125,12.8,E,E,V*4A,1763493754879
NMEA,$GNGNS,192235.00,3725.872484,N,12209.335379,W,EEEEEE,27,0.4,22.9,-32.6,,,V*2A,1763493754879
NMEA,$GNGGA,192235.00,3725.872484,N,12209.335379,W,6,12,0.4,22.9,M,-32.6,M,,*7B,1763493754879
NMEA,$PSMSG,magcal=PASS,bluesky=0*00,1763493754883
NMEA,$GPGSV,4,1,13,03,20,173,44,04,55,097,39,06,05,259,27,07,51,277,44,1*6E,1763493755865
NMEA,$GPGSV,4,2,13,08,16,128,40,09,74,350,43,11,04,297,35,16,36,052,42,1*66,1763493755865
NMEA,$GPGSV,4,3,13,20,12,321,34,21,12,321,37,26,04,041,29,27,18,097,40,1*6B,1763493755865
NMEA,$GPGSV,4,4,13,30,23,262,38,1*59,1763493755865
NMEA,$GPGSV,3,1,10,03,20,173,30,04,55,097,38,06,05,259,24,08,16,128,33,8*67,1763493755865
NMEA,$GPGSV,3,2,10,09,74,350,35,11,04,297,29,21,12,321,35,26,04,041,32,8*66,1763493755865
NMEA,$GPGSV,3,3,10,27,18,097,36,30,23,262,33,8*6F,1763493755865
NMEA,$GLGSV,1,1,04,12,60,224,42,11,56,029,42,01,78,089,35,08,25,133,41,1*77,1763493755865
NMEA,$GAGSV,3,1,10,02,48,173,40,03,68,067,38,05,21,106,39,08,46,314,41,7*7A,1763493755865
NMEA,$GAGSV,3,2,10,13,14,279,39,15,08,229,34,16,36,052,38,25,55,075,40,7*7F,1763493755865
NMEA,$GAGSV,3,3,10,26,03,326,29,30,03,202,30,7*7A,1763493755865
NMEA,$GAGSV,2,1,08,02,48,173,37,03,68,067,30,05,21,106,28,08,46,314,37,1*7D,1763493755865
NMEA,$GAGSV,2,2,08,13,14,279,35,15,08,229,25,16,36,052,38,25,55,075,35,1*7F,1763493755865
NMEA,$GQGSV,1,1,01,03,02,297,19,8*58,1763493755865
NMEA,$GBGSV,2,1,07,37,51,047,44,36,15,230,39,32,17,142,43,23,03,049,33,1*73,1763493755865
NMEA,$GBGSV,2,2,07,22,01,319,32,20,74,158,44,19,52,313,43,1*4E,1763493755865
NMEA,$GBGSV,2,1,05,19,52,313,41,20,74,158,41,32,17,142,43,36,15,230,36,3*73,1763493755865
NMEA,$GBGSV,2,2,05,37,51,047,42,3*44,1763493755865
NMEA,$GBGSV,2,1,07,19,52,313,32,20,74,158,30,22,01,319,34,23,03,049,25,5*72,1763493755865
NMEA,$GBGSV,2,2,07,32,17,142,31,36,15,230,33,37,51,047,38,5*4F,1763493755865
NMEA,$GNGSA,A,3,03,04,07,08,09,16,20,21,27,30,,,0.6,0.4,0.5,1*37,1763493755881
NMEA,$PSSGR,GSA,A,3,03,04,08,09,21,27,30,,,,,,0.6,0.4,0.5,1,8*41,1763493755881
NMEA,$GNGSA,A,3,65,72,75,76,,,,,,,,,0.6,0.4,0.5,2*30,1763493755881
NMEA,$GNGSA,A,3,02,03,05,08,13,15,16,25,,,,,0.6,0.4,0.5,3*3E,1763493755881
NMEA,$PSSGR,GSA,A,3,302,303,305,308,313,316,325,,,,,,0.6,0.4,0.5,3,1*74,1763493755881
NMEA,$GNGSA,A,3,19,20,32,36,37,,,,,,,,0.6,0.4,0.5,4*39,1763493755881
NMEA,$PSSGR,GSA,A,3,219,220,232,236,237,,,,,,,,0.6,0.4,0.5,4,5*72,1763493755881
NMEA,$GNVTG,45.6,T,32.8,M,2.2,N,4.1,K,E*32,1763493755881
NMEA,$GNDTM,W84,,0000.000000,N,00000.000000,E,0.000,W84*41,1763493755881
NMEA,$GNRMC,192236.00,A,3725.872874,N,12209.334784,W,2.2,45.6,181125,12.8,E,E,V*4A,1763493755881
NMEA,$GNGNS,192236.00,3725.872874,N,12209.334784,W,EEEEEE,27,0.4,22.8,-32.6,,,V*2C,1763493755881
NMEA,$GNGGA,192236.00,3725.872874,N,12209.334784,W,6,12,0.4,22.8,M,-32.6,M,,*7D,1763493755881
NMEA,$PSMSG,magcal=PASS,bluesky=0*00,1763493755887
NMEA,$GPGSV,4,1,13,03,20,173,44,04,55,097,39,06,05,259,32,07,51,277,44,1*6A,1763493756859
NMEA,$GPGSV,4,2,13,08,16,128,41,09,74,350,42,11,04,297,36,16,36,052,44,1*63,1763493756859
NMEA,$GPGSV,4,3,13,20,12,321,34,21,12,321,37,26,04,041,30,27,18,097,41,1*62,1763493756859
NMEA,$GPGSV,4,4,13,30,23,262,36,1*57,1763493756859
NMEA,$GPGSV,3,1,10,03,20,173,33,04,55,097,40,06,05,259,26,08,16,128,33,8*69,1763493756859
NMEA,$GPGSV,3,2,10,09,74,350,35,11,04,297,27,21,12,321,35,26,04,041,31,8*6B,1763493756859
NMEA,$GPGSV,3,3,10,27,18,097,38,30,23,262,30,8*62,1763493756859
NMEA,$GLGSV,1,1,04,12,60,224,42,11,56,029,40,01,78,089,35,08,25,133,41,1*75,1763493756859
NMEA,$GAGSV,3,1,10,02,48,173,38,03,68,067,36,05,21,106,37,08,46,314,40,7*74,1763493756859
NMEA,$GAGSV,3,2,10,13,14,279,39,15,08,229,32,16,36,052,40,25,55,075,40,7*76,1763493756859
NMEA,$GAGSV,3,3,10,26,03,326,29,30,03,202,30,7*7A,1763493756859
NMEA,$GAGSV,2,1,08,02,48,173,34,03,68,067,32,05,21,106,27,08,46,314,36,1*72,1763493756859
NMEA,$GAGSV,2,2,08,13,14,279,34,15,08,229,25,16,36,052,37,25,55,075,36,1*72,1763493756859
NMEA,$GQGSV,1,1,01,03,02,297,19,8*58,1763493756859
NMEA,$GBGSV,2,1,07,37,51,047,44,36,15,230,39,32,17,142,43,23,03,049,33,1*73,1763493756859
NMEA,$GBGSV,2,2,07,22,01,319,32,20,74,158,44,19,52,313,43,1*4E,1763493756859
NMEA,$GBGSV,2,1,05,19,52,313,39,20,74,158,39,32,17,142,42,36,15,230,38,3*7C,1763493756859
NMEA,$GBGSV,2,2,05,37,51,047,42,3*44,1763493756859
NMEA,$GBGSV,2,1,05,19,52,313,31,20,74,158,28,32,17,142,30,36,15,230,30,5*7F,1763493756859
NMEA,$GBGSV,2,2,05,37,51,047,38,5*4F,1763493756859
NMEA,$GNGSA,A,3,03,04,07,08,09,16,20,21,27,30,,,0.6,0.4,0.5,1*37,1763493756874
NMEA,$PSSGR,GSA,A,3,03,04,08,09,21,27,30,,,,,,0.6,0.4,0.5,1,8*41,1763493756874
NMEA,$GNGSA,A,3,65,72,75,76,,,,,,,,,0.6,0.4,0.5,2*30,1763493756874
NMEA,$GNGSA,A,3,02,03,05,08,13,15,16,25,,,,,0.6,0.4,0.5,3*3E,1763493756874
NMEA,$PSSGR,GSA,A,3,302,303,305,308,313,316,325,,,,,,0.6,0.4,0.5,3,1*74,1763493756874
NMEA,$GNGSA,A,3,19,20,32,36,37,,,,,,,,0.6,0.4,0.5,4*39,1763493756874
NMEA,$PSSGR,GSA,A,3,219,220,232,236,237,,,,,,,,0.6,0.4,0.5,4,5*72,1763493756874
NMEA,$GNVTG,44.3,T,31.5,M,2.1,N,4.0,K,E*3A,1763493756874
NMEA,$GNDTM,W84,,0000.000000,N,00000.000000,E,0.000,W84*41,1763493756874
NMEA,$GNRMC,192237.00,A,3725.873243,N,12209.334199,W,2.1,44.3,181125,12.8,E,E,V*49,1763493756874
NMEA,$GNGNS,192237.00,3725.873243,N,12209.334199,W,EEEEEE,27,0.4,22.9,-32.6,,,V*29,1763493756874
NMEA,$GNGGA,192237.00,3725.873243,N,12209.334199,W,6,12,0.4,22.9,M,-32.6,M,,*78,1763493756874
NMEA,$PSMSG,magcal=PASS,bluesky=0*00,1763493756879
NMEA,$GPGSV,4,1,13,03,20,173,44,04,55,097,40,06,05,259,30,07,51,277,44,1*66,1763493757864
NMEA,$GPGSV,4,2,13,08,16,128,41,09,74,350,42,11,04,297,34,16,36,052,41,1*64,1763493757864
NMEA,$GPGSV,4,3,13,20,12,321,34,21,12,321,36,26,04,041,30,27,18,097,43,1*61,1763493757864
NMEA,$GPGSV,4,4,13,30,23,262,35,1*54,1763493757864
NMEA,$GPGSV,3,1,10,03,20,173,34,04,55,097,37,06,05,259,24,08,16,128,35,8*6A,1763493757864
NMEA,$GPGSV,3,2,10,09,74,350,36,11,04,297,27,21,12,321,36,26,04,041,30,8*6A,1763493757864
NMEA,$GPGSV,3,3,10,27,18,097,33,30,23,262,33,8*6A,1763493757864
NMEA,$GLGSV,1,1,04,12,60,224,41,11,56,029,41,01,78,089,37,08,25,133,36,1*75,1763493757864
NMEA,$GAGSV,3,1,10,02,48,173,42,03,68,067,39,05,21,106,39,08,46,314,41,7*79,1763493757864
NMEA,$GAGSV,3,2,10,13,14,279,39,15,08,229,34,16,36,052,37,25,55,075,41,7*71,1763493757864
NMEA,$GAGSV,3,3,10,26,03,326,29,30,03,202,30,7*7A,1763493757864
NMEA,$GAGSV,2,1,08,02,48,173,36,03,68,067,28,05,21,106,24,08,46,314,36,1*78,1763493757864
NMEA,$GAGSV,2,2,08,13,14,279,34,15,08,229,22,16,36,052,37,25,55,075,34,1*77,1763493757864
NMEA,$GQGSV,1,1,01,03,02,297,19,8*58,1763493757864
NMEA,$GBGSV,2,1,07,37,51,047,44,36,15,230,39,32,17,142,43,23,03,049,33,1*73,1763493757864
NMEA,$GBGSV,2,2,07,22,01,319,32,20,74,158,44,19,52,313,43,1*4E,1763493757864
NMEA,$GBGSV,2,1,05,19,52,313,41,20,74,158,42,32,17,142,41,36,15,230,37,3*73,1763493757864
NMEA,$GBGSV,2,2,05,37,51,047,39,3*48,1763493757864
NMEA,$GBGSV,2,1,05,19,52,313,34,20,74,158,34,32,17,142,31,36,15,230,32,5*74,1763493757864
NMEA,$GBGSV,2,2,05,37,51,047,35,5*42,1763493757864
NMEA,$GNGSA,A,3,03,04,07,08,09,16,20,21,27,30,,,0.6,0.4,0.5,1*37,1763493757880
NMEA,$PSSGR,GSA,A,3,03,04,08,09,21,27,30,,,,,,0.6,0.4,0.5,1,8*41,1763493757880
NMEA,$GNGSA,A,3,65,72,75,76,,,,,,,,,0.6,0.4,0.5,2*30,1763493757880
NMEA,$GNGSA,A,3,02,03,05,08,13,15,16,25,,,,,0.6,0.4,0.5,3*3E,1763493757880
NMEA,$PSSGR,GSA,A,3,302,303,305,308,313,316,325,,,,,,0.6,0.4,0.5,3,1*74,1763493757880
NMEA,$GNGSA,A,3,19,20,32,36,37,,,,,,,,0.6,0.4,0.5,4*39,1763493757880
NMEA,$PSSGR,GSA,A,3,219,220,232,236,237,,,,,,,,0.6,0.4,0.5,4,5*72,1763493757880
NMEA,$GNVTG,49.9,T,37.1,M,2.4,N,4.5,K,E*3F,1763493757880
NMEA,$GNDTM,W84,,0000.000000,N,00000.000000,E,0.000,W84*41,1763493757880
NMEA,$GNRMC,192238.00,A,3725.873622,N,12209.333544,W,2.4,49.9,181125,12.8,E,E,V*44,1763493757880
NMEA,$GNGNS,192238.00,3725.873622,N,12209.333544,W,EEEEEE,27,0.4,22.9,-32.6,,,V*26,1763493757880
NMEA,$GNGGA,192238.00,3725.873622,N,12209.333544,W,6,12,0.4,22.9,M,-32.6,M,,*77,1763493757880
NMEA,$PSMSG,magcal=PASS,bluesky=0*00,1763493757883
NMEA,$GPGSV,4,1,13,03,20,173,43,04,55,097,38,06,05,259,30,07,51,277,43,1*69,1763493758860
NMEA,$GPGSV,4,2,13,08,16,128,39,09,74,350,42,11,04,297,32,16,36,052,40,1*6C,1763493758860
NMEA,$GPGSV,4,3,13,20,12,321,35,21,12,321,36,26,04,041,32,27,18,097,42,1*63,1763493758860
NMEA,$GPGSV,4,4,13,30,23,262,38,1*59,1763493758860
NMEA,$GPGSV,3,1,10,03,20,173,28,04,55,097,34,06,05,259,24,08,16,128,33,8*62,1763493758860
NMEA,$GPGSV,3,2,10,09,74,350,36,11,04,297,24,21,12,321,36,26,04,041,32,8*6B,1763493758860
NMEA,$GPGSV,3,3,10,27,18,097,34,30,23,262,32,8*6C,1763493758860
NMEA,$GLGSV,1,1,04,12,60,224,41,11,56,029,42,01,78,089,33,08,25,133,38,1*7C,1763493758860
NMEA,$GAGSV,3,1,10,02,48,173,41,03,68,067,40,05,21,106,39,08,46,314,40,7*75,1763493758860
NMEA,$GAGSV,3,2,10,13,14,279,38,15,08,229,34,16,36,052,35,25,55,075,39,7*7D,1763493758860
NMEA,$GAGSV,3,3,10,26,03,326,29,30,03,202,30,7*7A,1763493758860
NMEA,$GAGSV,2,1,08,02,48,173,37,03,68,067,33,05,21,106,32,08,46,314,34,1*76,1763493758860
NMEA,$GAGSV,2,2,08,13,14,279,33,15,08,229,22,16,36,052,34,25,55,075,33,1*74,1763493758860
NMEA,$GQGSV,1,1,01,03,02,297,19,8*58,1763493758860
NMEA,$GBGSV,2,1,07,37,51,047,44,36,15,230,39,32,17,142,43,23,03,049,33,1*73,1763493758860
NMEA,$GBGSV,2,2,07,22,01,319,32,20,74,158,44,19,52,313,43,1*4E,1763493758860
NMEA,$GBGSV,2,1,05,19,52,313,41,20,74,158,40,32,17,142,40,36,15,230,37,3*70,1763493758860
NMEA,$GBGSV,2,2,05,37,51,047,39,3*48,1763493758860
NMEA,$GBGSV,2,1,05,19,52,313,34,20,74,158,37,32,17,142,34,36,15,230,26,5*77,1763493758860
NMEA,$GBGSV,2,2,05,37,51,047,32,5*45,1763493758860
NMEA,$GNGSA,A,3,03,04,07,08,09,16,20,21,27,30,,,0.6,0.4,0.5,1*37,1763493758882
NMEA,$PSSGR,GSA,A,3,03,04,08,09,21,27,30,,,,,,0.6,0.4,0.5,1,8*41,1763493758882
NMEA,$GNGSA,A,3,65,72,75,76,,,,,,,,,0.6,0.4,0.5,2*30,1763493758882
NMEA,$GNGSA,A,3,02,03,05,08,13,15,16,25,,,,,0.6,0.4,0.5,3*3E,1763493758882
NMEA,$PSSGR,GSA,A,3,302,303,305,308,313,316,325,,,,,,0.6,0.4,0.5,3,1*74,1763493758882
NMEA,$GNGSA,A,3,19,20,32,36,37,,,,,,,,0.6,0.4,0.5,4*39,1763493758882
NMEA,$PSSGR,GSA,A,3,219,220,232,236,237,,,,,,,,0.6,0.4,0.5,4,5*72,1763493758882
NMEA,$GNVTG,45.5,T,32.7,M,2.4,N,4.4,K,E*3D,1763493758882
NMEA,$GNDTM,W84,,0000.000000,N,00000.000000,E,0.000,W84*41,1763493758882
NMEA,$GNRMC,192239.00,A,3725.874084,N,12209.332919,W,2.4,45.5,181125,12.8,E,E,V*4D,1763493758882
NMEA,$GNGNS,192239.00,3725.874084,N,12209.332919,W,EEEEEE,27,0.4,22.7,-32.6,,,V*21,1763493758882
NMEA,$GNGGA,192239.00,3725.874084,N,12209.332919,W,6,12,0.4,22.7,M,-32.6,M,,*70,1763493758882
NMEA,$PSMSG,magcal=PASS,bluesky=0*00,1763493758889
NMEA,$GPGSV,4,1,13,03,20,173,44,04,55,097,40,06,05,259,30,07,51,277,44,1*66,1763493759858
NMEA,$GPGSV,4,2,13,08,16,128,41,09,74,350,42,11,04,297,32,16,36,052,41,1*62,1763493759858
NMEA,$GPGSV,4,3,13,20,12,321,33,21,12,321,36,26,04,041,33,27,18,097,42,1*64,1763493759858
NMEA,$GPGSV,4,4,13,30,23,262,39,1*58,1763493759858
NMEA,$GPGSV,3,1,10,03,20,173,33,04,55,097,37,06,05,259,23,08,16,128,36,8*69,1763493759858
NMEA,$GPGSV,3,2,10,09,74,350,36,11,04,297,27,21,12,321,34,26,04,041,31,8*69,1763493759858
NMEA,$GPGSV,3,3,10,27,18,097,34,30,23,262,33,8*6D,1763493759858
NMEA,$GLGSV,1,1,04,12,60,224,43,11,56,029,41,01,78,089,34,08,25,133,38,1*7A,1763493759858
NMEA,$GAGSV,3,1,10,02,48,173,44,03,68,067,39,05,21,106,41,08,46,314,39,7*7F,1763493759858
NMEA,$GAGSV,3,2,10,13,14,279,39,15,08,229,34,16,36,052,37,25,55,075,40,7*70,1763493759858
NMEA,$GAGSV,3,3,10,26,03,326,29,30,03,202,30,7*7A,1763493759858
NMEA,$GAGSV,2,1,08,02,48,173,36,03,68,067,24,05,21,106,33,08,46,314,33,1*77,1763493759858
NMEA,$GAGSV,2,2,08,13,14,279,34,15,08,229,22,16,36,052,35,25,55,075,33,1*72,1763493759858
NMEA,$GQGSV,1,1,01,03,02,297,19,8*58,1763493759858
NMEA,$GBGSV,2,1,07,37,51,047,44,36,15,230,39,32,17,142,43,23,03,049,33,1*73,1763493759858
NMEA,$GBGSV,2,2,07,22,01,319,32,20,74,158,44,19,52,313,43,1*4E,1763493759858
NMEA,$GBGSV,2,1,05,19,52,313,40,20,74,158,38,32,17,142,42,36,15,230,37,3*7C,1763493759858
NMEA,$GBGSV,2,2,05,37,51,047,38,3*49,1763493759858
NMEA,$GBGSV,2,1,05,19,52,313,34,20,74,158,35,32,17,142,31,36,15,230,30,5*77,1763493759858
NMEA,$GBGSV,2,2,05,37,51,047,33,5*44,1763493759858
NMEA,$GNGSA,A,3,03,04,07,08,09,16,20,21,27,30,,,0.7,0.4,0.5,1*36,1763493759880
NMEA,$PSSGR,GSA,A,3,03,04,08,09,21,27,30,,,,,,0.7,0.4,0.5,1,8*40,1763493759880
NMEA,$GNGSA,A,3,65,72,75,76,,,,,,,,,0.7,0.4,0.5,2*31,1763493759880
NMEA,$GNGSA,A,3,02,03,05,08,13,15,16,25,,,,,0.7,0.4,0.5,3*3F,1763493759880
NMEA,$PSSGR,GSA,A,3,302,303,305,308,313,316,325,,,,,,0.7,0.4,0.5,3,1*75,1763493759880
NMEA,$GNGSA,A,3,19,20,32,36,37,,,,,,,,0.7,0.4,0.5,4*38,1763493759880
NMEA,$PSSGR,GSA,A,3,219,220,232,236,237,,,,,,,,0.7,0.4,0.5,4,5*73,1763493759880
NMEA,$GNVTG,43.7,T,30.9,M,2.4,N,4.5,K,E*34,1763493759880
NMEA,$GNDTM,W84,,0000.000000,N,00000.000000,E,0.000,W84*41,1763493759880
NMEA,$GNRMC,192240.00,A,3725.874576,N,12209.332342,W,2.4,43.7,181125,12.8,E,E,V*4B,1763493759880
NMEA,$GNGNS,192240.00,3725.874576,N,12209.332342,W,EEEEEE,27,0.4,22.6,-32.6,,,V*22,1763493759880
NMEA,$GNGGA,192240.00,3725.874576,N,12209.332342,W,6,12,0.4,22.6,M,-32.6,M,,*73,1763493759880
NMEA,$PSMSG,magcal=PASS,bluesky=0*00,1763493759885
NMEA,$GPGSV,4,1,13,03,20,173,44,04,55,097,40,06,05,259,28,07,51,277,43,1*68,1763493760865
NMEA,$GPGSV,4,2,13,08,16,128,39,09,74,350,42,11,04,297,29,16,36,052,38,1*69,1763493760865
NMEA,$GPGSV,4,3,13,20,12,321,35,21,12,321,38,26,04,041,32,27,18,097,43,1*6C,1763493760865
NMEA,$GPGSV,4,4,13,30,23,262,40,1*56,1763493760865
NMEA,$GPGSV,3,1,10,03,20,173,31,04,55,097,30,06,05,259,30,08,16,128,38,8*60,1763493760865
NMEA,$GPGSV,3,2,10,09,74,350,35,11,04,297,27,21,12,321,33,26,04,041,31,8*6D,1763493760865
NMEA,$GPGSV,3,3,10,27,18,097,35,30,23,262,34,8*6B,1763493760865
NMEA,$GLGSV,1,1,04,12,60,224,42,11,56,029,41,01,78,089,34,08,25,133,36,1*75,1763493760865
NMEA,$GAGSV,3,1,10,02,48,173,41,03,68,067,40,05,21,106,40,08,46,314,40,7*7B,1763493760865
NMEA,$GAGSV,3,2,10,13,14,279,40,15,08,229,37,16,36,052,38,25,55,075,38,7*7D,1763493760865
NMEA,$GAGSV,3,3,10,26,03,326,29,30,03,202,30,7*7A,1763493760865
NMEA,$GAGSV,2,1,08,02,48,173,35,03,68,067,34,05,21,106,33,08,46,314,35,1*73,1763493760865
NMEA,$GAGSV,2,2,08,13,14,279,33,15,08,229,22,16,36,052,31,25,55,075,27,1*74,1763493760865
NMEA,$GQGSV,1,1,01,03,02,297,19,1*51,1763493760865
NMEA,$GQGSV,1,1,01,03,02,297,19,8*58,1763493760865
NMEA,$GBGSV,2,1,07,37,51,047,44,36,15,230,39,32,17,142,43,23,03,049,33,1*73,1763493760865
NMEA,$GBGSV,2,2,07,22,01,319,32,20,74,158,44,19,52,313,43,1*4E,1763493760865
NMEA,$GBGSV,2,1,05,19,52,313,42,20,74,158,40,32,17,142,40,36,15,230,38,3*7C,1763493760865
NMEA,$GBGSV,2,2,05,37,51,047,40,3*46,1763493760865
NMEA,$GBGSV,2,1,05,19,52,313,35,20,74,158,37,32,17,142,27,36,15,230,31,5*72,1763493760865
NMEA,$GBGSV,2,2,05,37,51,047,28,5*4E,1763493760865
NMEA,$GNGSA,A,3,03,04,07,08,09,16,20,21,27,30,,,0.7,0.4,0.5,1*36,1763493760883
NMEA,$PSSGR,GSA,A,3,03,04,08,09,21,27,30,,,,,,0.7,0.4,0.5,1,8*40,1763493760883
NMEA,$GNGSA,A,3,65,72,75,76,,,,,,,,,0.7,0.4,0.5,2*31,1763493760883
NMEA,$GNGSA,A,3,02,03,05,08,13,15,16,25,,,,,0.7,0.4,0.5,3*3F,1763493760883
NMEA,$PSSGR,GSA,A,3,302,303,305,308,313,316,325,,,,,,0.7,0.4,0.5,3,1*75,1763493760883
NMEA,$GNGSA,A,3,19,20,32,36,37,,,,,,,,0.7,0.4,0.5,4*38,1763493760883
NMEA,$PSSGR,GSA,A,3,219,220,232,236,237,,,,,,,,0.7,0.4,0.5,4,5*73,1763493760883
NMEA,$GNVTG,50.6,T,37.8,M,2.3,N,4.2,K,E*31,1763493760883
NMEA,$GNDTM,W84,,0000.000000,N,00000.000000,E,0.000,W84*41,1763493760883
NMEA,$GNRMC,192241.00,A,3725.874938,N,12209.331775,W,2.3,50.6,181125,12.8,E,E,V*4B,1763493760883
NMEA,$GNGNS,192241.00,3725.874938,N,12209.331775,W,EEEEEE,27,0.4,22.6,-32.6,,,V*26,1763493760883
NMEA,$GNGGA,192241.00,3725.874938,N,12209.331775,W,6,12,0.4,22.6,M,-32.6,M,,*77,1763493760883
NMEA,$PSMSG,magcal=PASS,bluesky=0*00,1763493760888
NMEA,$GPGSV,4,1,13,03,20,173,44,04,55,097,40,06,05,259,31,07,51,277,44,1*67,1763493761861
NMEA,$GPGSV,4,2,13,08,16,128,40,09,74,350,43,11,04,297,29,16,36,052,39,1*67,1763493761861
NMEA,$GPGSV,4,3,13,20,12,321,36,21,12,321,39,26,04,041,31,27,18,097,43,1*6D,1763493761861
NMEA,$GPGSV,4,4,13,30,23,262,40,1*56,1763493761861
NMEA,$GPGSV,3,1,10,03,20,173,34,04,55,097,34,06,05,259,25,08,16,128,34,8*69,1763493761861
NMEA,$GPGSV,3,2,10,09,74,350,36,11,04,297,27,21,12,321,32,26,04,041,32,8*6C,1763493761861
NMEA,$GPGSV,3,3,10,27,18,097,33,30,23,262,35,8*6C,1763493761861
NMEA,$GLGSV,1,1,04,12,60,224,43,11,56,029,39,01,78,089,36,08,25,133,36,1*79,1763493761861
NMEA,$GAGSV,3,1,10,02,48,173,43,03,68,067,39,05,21,106,40,08,46,314,41,7*76,1763493761861
NMEA,$GAGSV,3,2,10,13,14,279,39,15,08,229,35,16,36,052,35,25,55,075,40,7*73,1763493761861
NMEA,$GAGSV,3,3,10,26,03,326,29,30,03,202,30,7*7A,1763493761861
NMEA,$GAGSV,2,1,08,02,48,173,36,03,68,067,32,05,21,106,34,08,46,314,35,1*71,1763493761861
NMEA,$GAGSV,2,2,08,13,14,279,32,15,08,229,19,16,36,052,32,25,55,075,32,1*7A,1763493761861
NMEA,$GQGSV,1,1,01,03,02,297,19,8*58,1763493761861
NMEA,$GBGSV,2,1,07,37,51,047,44,36,15,230,39,32,17,142,43,23,03,049,33,1*73,1763493761861
NMEA,$GBGSV,2,2,07,22,01,319,32,20,74,158,44,19,52,313,43,1*4E,1763493761861
NMEA,$GBGSV,2,1,05,19,52,313,41,20,74,158,41,32,17,142,41,36,15,230,39,3*7E,1763493761861
NMEA,$GBGSV,2,2,05,37,51,047,39,3*48,1763493761861
NMEA,$GBGSV,2,1,05,19,52,313,35,20,74,158,37,32,17,142,28,36,15,230,29,5*74,1763493761861
NMEA,$GBGSV,2,2,05,37,51,047,31,5*46,1763493761861
NMEA,$GNGSA,A,3,03,04,07,08,09,16,20,21,27,30,,,0.7,0.4,0.5,1*36,1763493761875
NMEA,$PSSGR,GSA,A,3,03,04,08,09,21,27,30,,,,,,0.7,0.4,0.5,1,8*40,1763493761875
NMEA,$GNGSA,A,3,65,72,75,76,,,,,,,,,0.7,0.4,0.5,2*31,1763493761875
NMEA,$GNGSA,A,3,02,03,05,08,13,15,16,25,,,,,0.7,0.4,0.5,3*3F,1763493761875
NMEA,$PSSGR,GSA,A,3,302,303,305,308,313,316,325,,,,,,0.7,0.4,0.5,3,1*75,1763493761875
NMEA,$GNGSA,A,3,19,20,32,36,37,,,,,,,,0.7,0.4,0.5,4*38,1763493761875
NMEA,$PSSGR,GSA,A,3,219,220,232,236,237,,,,,,,,0.7,0.4,0.5,4,5*73,1763493761875
NMEA,$GNVTG,46.7,T,33.9,M,2.2,N,4.1,K,E*30,1763493761875
NMEA,$GNDTM,W84,,0000.000000,N,00000.000000,E,0.000,W84*41,1763493761875
NMEA,$GNRMC,192242.00,A,3725.875315,N,12209.331225,W,2.2,46.7,181125,12.8,E,E,V*4B,1763493761875
NMEA,$GNGNS,192242.00,3725.875315,N,12209.331225,W,EEEEEE,27,0.4,22.5,-32.6,,,V*22,1763493761875
NMEA,$GNGGA,192242.00,3725.875315,N,12209.331225,W,6,12,0.4,22.5,M,-32.6,M,,*73,1763493761875
NMEA,$PSMSG,magcal=PASS,bluesky=0*00,1763493761879
NMEA,$GPGSV,4,1,13,03,20,173,43,04,55,097,40,06,05,259,35,07,51,277,45,1*65,1763493762859
NMEA,$GPGSV,4,2,13,08,16,128,41,09,74,350,42,11,04,297,33,16,36,052,42,1*60,1763493762859
NMEA,$GPGSV,4,3,13,20,12,321,36,21,12,321,37,26,04,041,30,27,18,097,41,1*60,1763493762859
NMEA,$GPGSV,4,4,13,30,23,262,41,1*57,1763493762859
NMEA,$GPGSV,3,1,10,03,20,173,30,04,55,097,37,06,05,259,25,08,16,128,31,8*6B,1763493762859
NMEA,$GPGSV,3,2,10,09,74,350,35,11,04,297,18,21,12,321,35,26,04,041,31,8*67,1763493762859
NMEA,$GPGSV,3,3,10,27,18,097,35,30,23,262,33,8*6C,1763493762859
NMEA,$GLGSV,1,1,04,12,60,224,40,11,56,029,38,01,78,089,36,08,25,133,40,1*7A,1763493762859
NMEA,$GAGSV,3,1,10,02,48,173,42,03,68,067,37,05,21,106,38,08,46,314,40,7*77,1763493762859
NMEA,$GAGSV,3,2,10,13,14,279,39,15,08,229,33,16,36,052,36,25,55,075,42,7*74,1763493762859
NMEA,$GAGSV,3,3,10,26,03,326,29,30,03,202,30,7*7A,1763493762859
NMEA,$GAGSV,2,1,08,02,48,173,37,03,68,067,24,05,21,106,31,08,46,314,35,1*72,1763493762859
NMEA,$GAGSV,2,2,08,13,14,279,34,15,08,229,21,16,36,052,36,25,55,075,36,1*77,1763493762859
NMEA,$GQGSV,1,1,01,03,02,297,19,8*58,1763493762859
NMEA,$GBGSV,2,1,07,37,51,047,44,36,15,230,39,32,17,142,43,23,03,049,33,1*73,1763493762859
NMEA,$GBGSV,2,2,07,22,01,319,32,20,74,158,44,19,52,313,43,1*4E,1763493762859
NMEA,$GBGSV,2,1,05,19,52,313,40,20,74,158,42,32,17,142,43,36,15,230,37,3*70,1763493762859
NMEA,$GBGSV,2,2,05,37,51,047,42,3*44,1763493762859
NMEA,$GBGSV,2,1,05,19,52,313,33,20,74,158,34,32,17,142,33,36,15,230,29,5*7B,1763493762859
NMEA,$GBGSV,2,2,05,37,51,047,36,5*41,1763493762859
NMEA,$GNGSA,A,3,03,04,07,08,09,16,20,21,27,30,,,0.7,0.4,0.5,1*36,1763493762869
NMEA,$PSSGR,GSA,A,3,03,04,08,09,21,27,30,,,,,,0.7,0.4,0.5,1,8*40,1763493762869
NMEA,$GNGSA,A,3,65,72,75,76,,,,,,,,,0.7,0.4,0.5,2*31,1763493762869
NMEA,$GNGSA,A,3,02,03,05,08,13,15,16,25,,,,,0.7,0.4,0.5,3*3F,1763493762869
NMEA,$PSSGR,GSA,A,3,302,303,305,308,313,316,325,,,,,,0.7,0.4,0.5,3,1*75,1763493762869
NMEA,$GNGSA,A,3,19,20,32,36,37,,,,,,,,0.7,0.4,0.5,4*38,1763493762869
NMEA,$PSSGR,GSA,A,3,219,220,232,236,237,,,,,,,,0.7,0.4,0.5,4,5*73,1763493762869
NMEA,$GNVTG,48.5,T,35.7,M,2.2,N,4.1,K,E*34,1763493762869
NMEA,$GNDTM,W84,,0000.000000,N,00000.000000,E,0.000,W84*41,1763493762869
NMEA,$GNRMC,192243.00,A,3725.875720,N,12209.330646,W,2.2,48.5,181125,12.8,E,E,V*44,1763493762869
NMEA,$GNGNS,192243.00,3725.875720,N,12209.330646,W,EEEEEE,27,0.4,22.5,-32.6,,,V*21,1763493762869
NMEA,$GNGGA,192243.00,3725.875720,N,12209.330646,W,6,12,0.4,22.5,M,-32.6,M,,*70,1763493762869
NMEA,$PSMSG,magcal=PASS,bluesky=0*00,1763493762873
NMEA,$GPGSV,4,1,13,03,20,173,44,04,55,097,41,06,05,259,29,07,51,277,45,1*6E,1763493763863
NMEA,$GPGSV,4,2,13,08,16,128,41,09,74,350,41,11,04,297,31,16,36,052,44,1*67,1763493763863
NMEA,$GPGSV,4,3,13,20,12,321,36,21,12,321,37,26,04,041,30,27,18,097,41,1*60,1763493763863
NMEA,$GPGSV,4,4,13,30,23,262,43,1*55,1763493763863
NMEA,$GPGSV,3,1,10,03,20,173,31,04,55,097,39,06,05,259,20,08,16,128,34,8*64,1763493763863
NMEA,$GPGSV,3,2,10,09,74,350,36,11,04,297,25,21,12,321,36,26,04,041,31,8*69,1763493763863
NMEA,$GPGSV,3,3,10,27,18,097,36,30,23,262,35,8*69,1763493763863
NMEA,$GLGSV,1,1,04,12,60,224,41,11,56,029,40,01,78,089,37,08,25,133,41,1*74,1763493763863
NMEA,$GAGSV,3,1,10,02,48,173,44,03,68,067,36,05,21,106,38,08,46,314,40,7*70,1763493763863
NMEA,$GAGSV,3,2,10,13,14,279,39,15,08,229,31,16,36,052,37,25,55,075,43,7*76,1763493763863
NMEA,$GAGSV,3,3,10,26,03,326,29,30,03,202,30,7*7A,1763493763863
NMEA,$GAGSV,2,1,08,02,48,173,37,03,68,067,30,05,21,106,30,08,46,314,35,1*76,1763493763863
NMEA,$GAGSV,2,2,08,13,14,279,35,15,08,229,24,16,36,052,37,25,55,075,36,1*72,1763493763863
NMEA,$GQGSV,1,1,01,03,02,297,18,8*59,1763493763863
NMEA,$GBGSV,2,1,07,37,51,047,44,36,15,230,39,32,17,142,43,23,03,049,33,1*73,1763493763863
NMEA,$GBGSV,2,2,07,22,01,319,32,20,74,158,44,19,52,313,43,1*4E,1763493763863
NMEA,$GBGSV,2,1,05,19,52,313,40,20,74,158,42,32,17,142,42,36,15,230,33,3*75,1763493763863
NMEA,$GBGSV,2,2,05,37,51,047,42,3*44,1763493763863
NMEA,$GBGSV,2,1,05,19,52,313,30,20,74,158,31,32,17,142,32,36,15,230,31,5*75,1763493763863
NMEA,$GBGSV,2,2,05,37,51,047,39,5*4E,1763493763863
NMEA,$GNGSA,A,3,03,04,07,08,09,16,20,21,27,30,,,0.7,0.4,0.5,1*36,1763493763881
NMEA,$PSSGR,GSA,A,3,03,04,08,09,21,27,30,,,,,,0.7,0.4,0.5,1,8*40,1763493763881
NMEA,$GNGSA,A,3,65,72,75,76,,,,,,,,,0.7,0.4,0.5,2*31,1763493763881
NMEA,$GNGSA,A,3,02,03,05,08,13,15,16,25,,,,,0.7,0.4,0.5,3*3F,1763493763881
NMEA,$PSSGR,GSA,A,3,302,303,305,308,313,316,325,,,,,,0.7,0.4,0.5,3,1*75,1763493763881
NMEA,$GNGSA,A,3,19,20,32,36,37,,,,,,,,0.7,0.4,0.5,4*38,1763493763881
NMEA,$PSSGR,GSA,A,3,219,220,232,236,237,,,,,,,,0.7,0.4,0.5,4,5*73,1763493763881
NMEA,$GNVTG,49.4,T,36.6,M,2.3,N,4.2,K,E*34,1763493763881
NMEA,$GNDTM,W84,,0000.000000,N,00000.000000,E,0.000,W84*41,1763493763881
NMEA,$GNRMC,192244.00,A,3725.876129,N,12209.329997,W,2.3,49.4,181125,12.8,E,E,V*45,1763493763881
NMEA,$GNGNS,192244.00,3725.876129,N,12209.329997,W,EEEEEE,27,0.4,22.6,-32.6,,,V*22,1763493763881
NMEA,$GNGGA,192244.00,3725.876129,N,12209.329997,W,6,12,0.4,22.6,M,-32.6,M,,*73,1763493763881
NMEA,$PSMSG,magcal=PASS,bluesky=0*00,1763493763890
NMEA,$GPGSV,4,1,13,03,20,173,43,04,55,097,41,06,05,259,29,07,51,277,44,1*68,1763493764859
NMEA,$GPGSV,4,2,13,08,16,128,41,09,74,350,41,11,04,297,29,16,36,052,42,1*68,1763493764859
NMEA,$GPGSV,4,3,13,20,12,321,36,21,12,321,37,26,04,041,31,27,18,097,43,1*63,1763493764859
NMEA,$GPGSV,4,4,13,30,23,262,44,1*52,1763493764859
NMEA,$GPGSV,3,1,10,03,20,173,30,04,55,097,38,06,05,259,20,08,16,128,31,8*61,1763493764859
NMEA,$GPGSV,3,2,10,09,74,350,35,11,04,297,28,21,12,321,36,26,04,041,25,8*62,1763493764859
NMEA,$GPGSV,3,3,10,27,18,097,38,30,23,262,35,8*67,1763493764859
NMEA,$GLGSV,1,1,04,12,60,224,42,11,55,029,43,01,78,094,36,08,24,134,41,1*7C,1763493764859
NMEA,$GAGSV,3,1,10,02,48,173,44,03,68,067,37,05,21,106,40,08,46,314,41,7*7F,1763493764859
NMEA,$GAGSV,3,2,10,13,14,279,40,15,08,229,33,16,36,052,38,25,55,075,42,7*74,1763493764859
NMEA,$GAGSV,3,3,10,26,03,326,29,30,03,202,30,7*7A,1763493764859
NMEA,$GAGSV,2,1,08,02,48,173,37,03,68,067,28,05,21,106,31,08,46,314,36,1*7D,1763493764859
NMEA,$GAGSV,2,2,08,13,14,279,33,15,08,229,24,16,36,052,35,25,55,075,35,1*75,1763493764859
NMEA,$GQGSV,1,1,01,03,02,297,18,8*59,1763493764859
NMEA,$GBGSV,2,1,07,37,51,047,44,36,15,230,39,32,17,142,43,23,03,049,33,1*73,1763493764859
NMEA,$GBGSV,2,2,07,22,01,319,32,20,74,158,44,19,52,313,43,1*4E,1763493764859
NMEA,$GBGSV,2,1,05,19,52,313,41,20,74,158,43,32,17,142,42,36,15,230,30,3*76,1763493764859
NMEA,$GBGSV,2,2,05,37,51,047,42,3*44,1763493764859
NMEA,$GBGSV,2,1,05,19,52,313,30,20,74,158,32,32,17,142,33,36,15,230,27,5*70,1763493764859
NMEA,$GBGSV,2,2,05,37,51,047,39,5*4E,1763493764859
NMEA,$GNGSA,A,3,03,04,07,08,09,16,20,21,27,30,,,0.7,0.4,0.5,1*36,1763493764876
NMEA,$PSSGR,GSA,A,3,03,04,08,09,21,27,30,,,,,,0.7,0.4,0.5,1,8*40,1763493764876
NMEA,$GNGSA,A,3,65,72,75,76,,,,,,,,,0.7,0.4,0.5,2*31,1763493764876
NMEA,$GNGSA,A,3,02,03,05,08,13,15,16,25,,,,,0.7,0.4,0.5,3*3F,1763493764876
NMEA,$PSSGR,GSA,A,3,302,303,305,308,313,316,325,,,,,,0.7,0.4,0.5,3,1*75,1763493764876
NMEA,$GNGSA,A,3,19,20,32,36,37,,,,,,,,0.7,0.4,0.5,4*38,1763493764876
NMEA,$PSSGR,GSA,A,3,219,220,232,236,237,,,,,,,,0.7,0.4,0.5,4,5*73,1763493764876
NMEA,$GNVTG,49.2,T,36.4,M,2.3,N,4.2,K,E*30,1763493764876
NMEA,$GNDTM,W84,,0000.000000,N,00000.000000,E,0.000,W84*41,1763493764876
NMEA,$GNRMC,192245.00,A,3725.876574,N,12209.329413,W,2.3,49.2,181125,12.8,E,E,V*4F,1763493764876
NMEA,$GNGNS,192245.00,3725.876574,N,12209.329413,W,EEEEEE,27,0.4,22.6,-32.6,,,V*2E,1763493764876
NMEA,$GNGGA,192245.00,3725.876574,N,12209.329413,W,6,12,0.4,22.6,M,-32.6,M,,*7F,1763493764876
NMEA,$PSMSG,magcal=PASS,bluesky=0*00,1763493764880
NMEA,$GPGSV,4,1,13,03,20,173,44,04,55,097,41,06,05,259,32,07,51,277,44,1*65,1763493765859
NMEA,$GPGSV,4,2,13,08,16,128,41,09,74,350,42,11,04,297,33,16,36,052,41,1*63,1763493765859
NMEA,$GPGSV,4,3,13,20,12,321,37,21,12,321,37,26,04,041,32,27,18,097,42,1*60,1763493765859
NMEA,$GPGSV,4,4,13,30,23,262,43,1*55,1763493765859
NMEA,$GPGSV,3,1,10,03,20,173,30,04,55,097,39,06,05,259,20,08,16,128,35,8*64,1763493765859
NMEA,$GPGSV,3,2,10,09,74,350,34,11,04,297,30,21,12,321,36,26,04,041,29,8*66,1763493765859
NMEA,$GPGSV,3,3,10,27,18,097,38,30,23,262,34,8*66,1763493765859
NMEA,$GLGSV,1,1,04,12,60,224,40,11,55,029,41,01,78,094,35,08,24,134,40,1*7E,1763493765859
NMEA,$GAGSV,3,1,10,02,48,173,45,03,68,067,38,05,21,106,41,08,46,314,41,7*70,1763493765859
NMEA,$GAGSV,3,2,10,13,14,279,39,15,08,229,33,16,36,052,37,25,55,075,41,7*76,1763493765859
NMEA,$GAGSV,3,3,10,26,03,326,29,30,03,202,30,7*7A,1763493765859
NMEA,$GAGSV,2,1,08,02,48,173,39,03,68,067,29,05,21,106,28,08,46,314,35,1*79,1763493765859
NMEA,$GAGSV,2,2,08,13,14,279,32,15,08,229,21,16,36,052,36,25,55,075,35,1*72,1763493765859
NMEA,$GQGSV,1,1,01,03,02,297,18,8*59,1763493765859
NMEA,$GBGSV,2,1,07,37,51,047,44,36,15,230,39,32,17,142,43,23,03,049,33,1*73,1763493765859
NMEA,$GBGSV,2,2,07,22,01,319,32,20,74,158,44,19,52,313,43,1*4E,1763493765859
NMEA,$GBGSV,2,1,05,19,52,313,41,20,74,158,43,32,17,142,42,36,15,230,30,3*76,1763493765859
NMEA,$GBGSV,2,2,05,37,51,047,42,3*44,1763493765859
NMEA,$GBGSV,2,1,05,19,52,313,33,20,74,158,34,32,17,142,32,36,15,230,26,5*75,1763493765859
NMEA,$GBGSV,2,2,05,37,51,047,38,5*4F,1763493765859
NMEA,$GNGSA,A,3,03,04,07,08,09,16,20,21,27,30,,,0.7,0.4,0.5,1*36,1763493765885
NMEA,$PSSGR,GSA,A,3,03,04,08,09,21,27,30,,,,,,0.7,0.4,0.5,1,8*40,1763493765885
NMEA,$GNGSA,A,3,65,72,75,76,,,,,,,,,0.7,0.4,0.5,2*31,1763493765885
NMEA,$GNGSA,A,3,02,03,05,08,13,15,16,25,,,,,0.7,0.4,0.5,3*3F,1763493765885
NMEA,$PSSGR,GSA,A,3,302,303,305,308,313,316,325,,,,,,0.7,0.4,0.5,3,1*75,1763493765885
NMEA,$GNGSA,A,3,19,20,32,36,37,,,,,,,,0.7,0.4,0.5,4*38,1763493765885
NMEA,$PSSGR,GSA,A,3,219,220,232,236,237,,,,,,,,0.7,0.4,0.5,4,5*73,1763493765885
NMEA,$GNVTG,49.0,T,36.2,M,2.3,N,4.2,K,E*34,1763493765885
NMEA,$GNDTM,W84,,0000.000000,N,00000.000000,E,0.000,W84*41,1763493765885
NMEA,$GNRMC,192246.00,A,3725.877013,N,12209.328841,W,2.3,49.0,181125,12.8,E,E,V*41,1763493765885
NMEA,$GNGNS,192246.00,3725.877013,N,12209.328841,W,EEEEEE,27,0.4,22.5,-32.6,,,V*21,1763493765885
NMEA,$GNGGA,192246.00,3725.877013,N,12209.328841,W,6,12,0.4,22.5,M,-32.6,M,,*70,1763493765885
NMEA,$PSMSG,magcal=PASS,bluesky=0*00,1763493765899
NMEA,$GPGSV,4,1,13,03,20,173,44,04,55,097,42,06,05,259,40,07,51,277,44,1*63,1763493766861
NMEA,$GPGSV,4,2,13,08,16,128,43,09,74,350,42,11,04,297,35,16,36,052,40,1*66,1763493766861
NMEA,$GPGSV,4,3,13,20,12,321,35,21,12,321,36,26,04,041,30,27,18,097,41,1*62,1763493766861
NMEA,$GPGSV,4,4,13,30,23,262,44,1*52,1763493766861
NMEA,$GPGSV,3,1,10,03,20,173,31,04,55,097,39,06,05,259,26,08,16,128,38,8*6E,1763493766861
NMEA,$GPGSV,3,2,10,09,74,350,31,11,04,297,32,21,12,321,35,26,04,041,29,8*62,1763493766861
NMEA,$GPGSV,3,3,10,27,18,097,37,30,23,262,31,8*6C,1763493766861
NMEA,$GLGSV,1,1,04,12,60,224,39,11,55,029,43,01,78,094,35,08,24,134,41,1*73,1763493766861
NMEA,$GAGSV,3,1,10,02,48,173,41,03,68,067,38,05,21,106,38,08,46,314,40,7*7B,1763493766861
NMEA,$GAGSV,3,2,10,13,14,279,38,15,08,229,33,16,36,052,38,25,55,075,40,7*79,1763493766861
NMEA,$GAGSV,3,3,10,26,03,326,29,30,03,202,30,7*7A,1763493766861
NMEA,$GAGSV,2,1,08,02,48,173,33,03,68,067,33,05,21,106,33,08,46,314,34,1*73,1763493766861
NMEA,$GAGSV,2,2,08,13,14,279,33,15,08,229,21,16,36,052,38,25,55,075,38,1*70,1763493766861
NMEA,$GQGSV,1,1,01,03,02,297,18,8*59,1763493766861
NMEA,$GBGSV,2,1,07,37,51,047,44,36,15,230,39,32,17,142,43,23,03,049,33,1*73,1763493766861
NMEA,$GBGSV,2,2,07,22,01,319,32,20,74,158,44,19,52,313,43,1*4E,1763493766861
NMEA,$GBGSV,2,1,05,19,52,313,41,20,74,158,42,32,17,142,41,36,15,230,35,3*71,1763493766861
NMEA,$GBGSV,2,2,05,37,51,047,42,3*44,1763493766861
NMEA,$GBGSV,2,1,05,19,52,313,30,20,74,158,31,32,17,142,32,36,15,230,32,5*76,1763493766861
NMEA,$GBGSV,2,2,05,37,51,047,40,5*40,1763493766861
NMEA,$GNGSA,A,3,03,04,07,08,09,16,20,21,27,30,,,0.7,0.4,0.5,1*36,1763493766874
NMEA,$PSSGR,GSA,A,3,03,04,08,09,21,27,30,,,,,,0.7,0.4,0.5,1,8*40,1763493766874
NMEA,$GNGSA,A,3,65,72,75,76,,,,,,,,,0.7,0.4,0.5,2*31,1763493766874
NMEA,$GNGSA,A,3,02,03,05,08,13,15,16,25,,,,,0.7,0.4,0.5,3*3F,1763493766874
NMEA,$PSSGR,GSA,A,3,302,303,305,308,313,316,325,,,,,,0.7,0.4,0.5,3,1*75,1763493766874
NMEA,$GNGSA,A,3,19,20,32,36,37,,,,,,,,0.7,0.4,0.5,4*38,1763493766874
NMEA,$PSSGR,GSA,A,3,219,220,232,236,237,,,,,,,,0.7,0.4,0.5,4,5*73,1763493766874
NMEA,$GNVTG,42.3,T,29.5,M,2.2,N,4.1,K,E*37,1763493766874
NMEA,$GNDTM,W84,,0000.000000,N,00000.000000,E,0.000,W84*41,1763493766874
NMEA,$GNRMC,192247.00,A,3725.877542,N,12209.328354,W,2.2,42.3,181125,12.8,E,E,V*47,1763493766874
NMEA,$GNGNS,192247.00,3725.877542,N,12209.328354,W,EEEEEE,27,0.4,22.6,-32.6,,,V*2D,1763493766874
NMEA,$GNGGA,192247.00,3725.877542,N,12209.328354,W,6,12,0.4,22.6,M,-32.6,M,,*7C,1763493766874
NMEA,$PSMSG,magcal=PASS,bluesky=0*00,1763493766877
NMEA,$GPGSV,4,1,13,03,20,173,44,04,55,097,41,06,05,259,41,07,51,277,42,1*67,1763493767861
NMEA,$GPGSV,4,2,13,08,16,128,42,09,74,350,43,11,04,297,33,16,36,052,40,1*60,1763493767861
NMEA,$GPGSV,4,3,13,20,12,321,34,21,12,321,35,26,04,041,29,27,18,097,41,1*68,1763493767861
NMEA,$GPGSV,4,4,13,30,23,262,44,1*52,1763493767861
NMEA,$GPGSV,3,1,10,03,20,173,37,04,55,097,40,06,05,259,26,08,16,128,39,8*67,1763493767861
NMEA,$GPGSV,3,2,10,09,74,350,30,11,04,297,34,21,12,321,36,26,04,041,26,8*69,1763493767861
NMEA,$GPGSV,3,3,10,27,18,097,34,30,23,262,35,8*6B,1763493767861
NMEA,$GLGSV,1,1,04,12,60,224,40,11,55,029,45,01,78,094,35,08,24,134,42,1*78,1763493767861
NMEA,$GAGSV,3,1,10,02,48,173,38,03,68,067,37,05,21,106,36,08,46,314,40,7*74,1763493767861
NMEA,$GAGSV,3,2,10,13,14,279,37,15,08,229,31,16,36,052,39,25,55,075,40,7*75,1763493767861
NMEA,$GAGSV,3,3,10,26,03,326,29,30,03,202,30,7*7A,1763493767861
NMEA,$GAGSV,2,1,08,02,48,173,33,03,68,067,34,05,21,106,30,08,46,314,34,1*77,1763493767861
NMEA,$GAGSV,2,2,08,13,14,279,34,15,08,229,21,16,36,052,37,25,55,075,38,1*78,1763493767861
NMEA,$GQGSV,1,1,01,03,02,297,18,8*59,1763493767861
NMEA,$GBGSV,2,1,07,37,51,047,44,36,15,230,39,32,17,142,43,23,03,049,33,1*73,1763493767861
NMEA,$GBGSV,2,2,07,22,01,319,32,20,74,158,44,19,52,313,43,1*4E,1763493767861
NMEA,$GBGSV,2,1,05,19,52,313,41,20,74,158,41,32,17,142,42,36,15,230,39,3*7D,1763493767861
NMEA,$GBGSV,2,2,05,37,51,047,42,3*44,1763493767861
NMEA,$GBGSV,2,1,05,19,52,313,30,20,74,158,32,32,17,142,31,36,15,230,31,5*75,1763493767861
NMEA,$GBGSV,2,2,05,37,51,047,39,5*4E,1763493767861
NMEA,$GNGSA,A,3,03,04,07,08,09,16,20,21,27,30,,,0.7,0.4,0.5,1*36,1763493767874
NMEA,$PSSGR,GSA,A,3,03,04,08,09,21,27,30,,,,,,0.7,0.4,0.5,1,8*40,1763493767874
NMEA,$GNGSA,A,3,65,72,75,76,,,,,,,,,0.7,0.4,0.5,2*31,1763493767874
NMEA,$GNGSA,A,3,02,03,05,08,13,15,16,25,,,,,0.7,0.4,0.5,3*3F,1763493767874
NMEA,$PSSGR,GSA,A,3,302,303,305,308,313,316,325,,,,,,0.7,0.4,0.5,3,1*75,1763493767874
NMEA,$GNGSA,A,3,19,20,32,36,37,,,,,,,,0.7,0.4,0.5,4*38,1763493767874
NMEA,$PSSGR,GSA,A,3,219,220,232,236,237,,,,,,,,0.7,0.4,0.5,4,5*73,1763493767874
NMEA,$GNVTG,49.9,T,37.1,M,2.3,N,4.2,K,E*3F,1763493767874
NMEA,$GNDTM,W84,,0000.000000,N,00000.000000,E,0.000,W84*41,1763493767874
NMEA,$GNRMC,192248.00,A,3725.878015,N,12209.327751,W,2.3,49.9,181125,12.8,E,E,V*4E,1763493767874
NMEA,$GNGNS,192248.00,3725.878015,N,12209.327751,W,EEEEEE,27,0.4,22.6,-32.6,,,V*24,1763493767874
NMEA,$GNGGA,192248.00,3725.878015,N,12209.327751,W,6,12,0.4,22.6,M,-32.6,M,,*75,1763493767874
NMEA,$PSMSG,magcal=PASS,bluesky=0*00,1763493767879
NMEA,$GPGSV,4,1,13,03,20,173,45,04,55,097,40,06,05,259,40,07,51,277,43,1*67,1763493768866
NMEA,$GPGSV,4,2,13,08,16,128,41,09,74,350,42,11,04,297,34,16,36,052,41,1*64,1763493768866
NMEA,$GPGSV,4,3,13,20,12,321,36,21,12,321,35,26,04,041,32,27,18,097,38,1*6E,1763493768866
NMEA,$GPGSV,4,4,13,30,23,262,44,1*52,1763493768866
NMEA,$GPGSV,3,1,10,03,20,173,35,04,55,097,38,06,05,259,31,08,16,128,38,8*6D,1763493768866
NMEA,$GPGSV,3,2,10,09,74,350,31,11,04,297,28,21,12,321,36,26,04,041,26,8*65,1763493768866
NMEA,$GPGSV,3,3,10,27,18,097,32,30,23,262,33,8*6B,1763493768866
NMEA,$GLGSV,1,1,04,12,60,224,41,11,55,029,42,01,78,094,34,08,24,134,43,1*7E,1763493768866
NMEA,$GAGSV,3,1,10,02,48,173,38,03,68,067,40,05,21,106,37,08,46,314,40,7*75,1763493768866
NMEA,$GAGSV,3,2,10,13,14,279,37,15,08,229,29,16,36,052,39,25,55,075,39,7*72,1763493768866
NMEA,$GAGSV,3,3,10,26,03,326,29,30,03,202,30,7*7A,1763493768866
NMEA,$GAGSV,2,1,08,02,48,173,34,03,68,067,33,05,21,106,27,08,46,314,32,1*77,1763493768866
NMEA,$GAGSV,2,2,08,13,14,279,33,15,08,229,19,16,36,052,36,25,55,075,36,1*7B,1763493768866
NMEA,$GQGSV,1,1,01,03,02,297,19,1*51,1763493768866
NMEA,$GQGSV,1,1,01,03,02,297,18,8*59,1763493768866
NMEA,$GBGSV,2,1,07,37,51,047,44,36,15,230,39,32,17,142,43,23,03,049,33,1*73,1763493768866
NMEA,$GBGSV,2,2,07,22,01,319,32,20,74,158,44,19,52,313,43,1*4E,1763493768866
NMEA,$GBGSV,2,1,05,19,52,313,41,20,74,158,41,32,17,142,42,36,15,230,42,3*71,1763493768866
NMEA,$GBGSV,2,2,05,37,51,047,41,3*47,1763493768866
NMEA,$GBGSV,2,1,05,19,52,313,30,20,74,158,30,32,17,142,31,36,15,230,28,5*7F,1763493768866
NMEA,$GBGSV,2,2,05,37,51,047,38,5*4F,1763493768866
NMEA,$GNGSA,A,3,03,04,07,08,09,16,20,21,27,30,,,0.7,0.4,0.5,1*36,1763493768888
NMEA,$PSSGR,GSA,A,3,03,04,08,09,21,27,30,,,,,,0.7,0.4,0.5,1,8*40,1763493768888
NMEA,$GNGSA,A,3,65,72,75,76,,,,,,,,,0.7,0.4,0.5,2*31,1763493768888
NMEA,$GNGSA,A,3,02,03,05,08,13,15,16,25,,,,,0.7,0.4,0.5,3*3F,1763493768888
NMEA,$PSSGR,GSA,A,3,302,303,305,308,313,316,325,,,,,,0.7,0.4,0.5,3,1*75,1763493768888
NMEA,$GNGSA,A,3,19,20,32,36,37,,,,,,,,0.7,0.4,0.5,4*38,1763493768888
NMEA,$PSSGR,GSA,A,3,219,220,232,236,237,,,,,,,,0.7,0.4,0.5,4,5*73,1763493768888
NMEA,$GNVTG,50.0,T,37.2,M,2.4,N,4.4,K,E*3C,1763493768888
NMEA,$GNDTM,W84,,0000.000000,N,00000.000000,E,0.000,W84*41,1763493768888
NMEA,$GNRMC,192249.00,A,3725.878466,N,12209.327145,W,2.4,50.0,181125,12.8,E,E,V*4A,1763493768888
NMEA,$GNGNS,192249.00,3725.878466,N,12209.327145,W,EEEEEE,27,0.4,22.6,-32.6,,,V*26,1763493768888
NMEA,$GNGGA,192249.00,3725.878466,N,12209.327145,W,6,12,0.4,22.6,M,-32.6,M,,*77,1763493768888
NMEA,$PSMSG,magcal=PASS,bluesky=0*00,1763493768903
NMEA,$GPGSV,4,1,13,03,20,173,42,04,55,097,40,06,05,259,40,07,51,277,43,1*60,1763493769860
NMEA,$GPGSV,4,2,13,08,16,128,44,09,74,350,42,11,04,297,34,16,36,052,42,1*62,1763493769860
NMEA,$GPGSV,4,3,13,20,12,321,35,21,12,321,35,26,04,041,29,27,18,097,43,1*6B,1763493769860
NMEA,$GPGSV,4,4,13,30,23,262,43,1*55,1763493769860
NMEA,$GPGSV,3,1,10,03,20,173,37,04,55,097,39,06,05,259,30,08,16,128,37,8*60,1763493769860
NMEA,$GPGSV,3,2,10,09,74,350,33,11,04,297,25,21,12,321,37,26,04,041,26,8*6B,1763493769860
NMEA,$GPGSV,3,3,10,27,18,097,32,30,23,262,35,8*6D,1763493769860
NMEA,$GLGSV,1,1,04,12,60,224,40,11,55,029,44,01,78,094,33,08,24,134,40,1*7D,1763493769860
NMEA,$GAGSV,3,1,10,02,48,173,41,03,68,067,39,05,21,106,38,08,46,314,40,7*7A,1763493769860
NMEA,$GAGSV,3,2,10,13,14,279,36,15,08,229,30,16,36,052,40,25,55,075,39,7*75,1763493769860
NMEA,$GAGSV,3,3,10,26,03,326,29,30,03,202,30,7*7A,1763493769860
NMEA,$GAGSV,2,1,08,02,48,173,34,03,68,067,33,05,21,106,29,08,46,314,34,1*7F,1763493769860
NMEA,$GAGSV,2,2,08,13,14,279,32,15,08,229,21,16,36,052,37,25,55,075,37,1*71,1763493769860
NMEA,$GQGSV,1,1,01,03,02,297,19,1*51,1763493769860
NMEA,$GQGSV,1,1,01,03,02,297,18,8*59,1763493769860
NMEA,$GBGSV,2,1,07,37,51,047,44,36,15,230,39,32,17,142,43,23,03,049,33,1*73,1763493769860
NMEA,$GBGSV,2,2,07,22,01,319,32,20,74,158,44,19,52,313,43,1*4E,1763493769860
NMEA,$GBGSV,2,1,05,19,52,313,41,20,74,158,40,32,17,142,41,36,15,230,40,3*71,1763493769860
NMEA,$GBGSV,2,2,05,37,51,047,42,3*44,1763493769860
NMEA,$GBGSV,2,1,05,19,52,313,29,20,74,158,28,32,17,142,30,36,15,230,29,5*7E,1763493769860
NMEA,$GBGSV,2,2,05,37,51,047,38,5*4F,1763493769860
NMEA,$GNGSA,A,3,03,04,07,08,09,16,20,21,27,30,,,0.7,0.4,0.5,1*36,1763493769879
NMEA,$PSSGR,GSA,A,3,03,04,08,09,21,27,30,,,,,,0.7,0.4,0.5,1,8*40,1763493769879
NMEA,$GNGSA,A,3,65,72,75,76,,,,,,,,,0.7,0.4,0.5,2*31,1763493769879
NMEA,$GNGSA,A,3,02,03,05,08,13,15,16,25,,,,,0.7,0.4,0.5,3*3F,1763493769879
NMEA,$PSSGR,GSA,A,3,302,303,305,308,313,316,325,,,,,,0.7,0.4,0.5,3,1*75,1763493769879
NMEA,$GNGSA,A,3,19,20,32,36,37,,,,,,,,0.7,0.4,0.5,4*38,1763493769879
NMEA,$PSSGR,GSA,A,3,219,220,232,236,237,,,,,,,,0.7,0.4,0.5,4,5*73,1763493769879
NMEA,$GNVTG,49.6,T,36.8,M,2.3,N,4.2,K,E*38,1763493769879
NMEA,$GNDTM,W84,,0000.000000,N,00000.000000,E,0.000,W84*41,1763493769879
NMEA,$GNRMC,192250.00,A,3725.878895,N,12209.326555,W,2.3,49.6,181125,12.8,E,E,V*4F,1763493769879
NMEA,$GNGNS,192250.00,3725.878895,N,12209.326555,W,EEEEEE,27,0.4,22.7,-32.6,,,V*2B,1763493769879
NMEA,$GNGGA,192250.00,3725.878895,N,12209.326555,W,6,12,0.4,22.7,M,-32.6,M,,*7A,1763493769879
NMEA,$PSMSG,magcal=PASS,bluesky=0*00,1763493769883
NMEA,$GPGSV,4,1,13,03,20,173,41,04,55,097,40,06,05,259,39,07,51,277,43,1*6D,1763493770863
NMEA,$GPGSV,4,2,13,08,16,128,44,09,74,350,42,11,04,297,36,16,36,052,43,1*61,1763493770863
NMEA,$GPGSV,4,3,13,20,12,321,35,21,12,321,35,26,04,041,29,27,18,097,40,1*68,1763493770863
NMEA,$GPGSV,4,4,13,30,23,262,44,1*52,1763493770863
NMEA,$GPGSV,3,1,10,03,20,173,35,04,55,097,39,06,05,259,29,08,16,128,35,8*68,1763493770863
NMEA,$GPGSV,3,2,10,09,74,350,29,11,04,297,25,21,12,321,37,26,04,041,27,8*61,1763493770863
NMEA,$GPGSV,3,3,10,27,18,097,33,30,23,262,33,8*6A,1763493770863
NMEA,$GLGSV,1,1,04,12,60,224,42,11,55,029,44,01,78,094,33,08,24,134,41,1*7E,1763493770863
NMEA,$GAGSV,3,1,10,02,48,173,34,03,68,067,39,05,21,106,36,08,46,314,40,7*76,1763493770863
NMEA,$GAGSV,3,2,10,13,14,279,37,15,08,229,28,16,36,052,40,25,55,075,40,7*73,1763493770863
NMEA,$GAGSV,3,3,10,26,03,326,29,30,03,202,30,7*7A,1763493770863
NMEA,$GAGSV,2,1,08,02,48,173,35,03,68,067,32,05,21,106,28,08,46,314,34,1*7E,1763493770863
NMEA,$GAGSV,2,2,08,13,14,279,34,15,08,229,22,16,36,052,36,25,55,075,38,1*7A,1763493770863
NMEA,$GQGSV,1,1,01,03,02,297,19,1*51,1763493770863
NMEA,$GQGSV,1,1,01,03,02,297,18,8*59,1763493770863
NMEA,$GBGSV,2,1,07,37,51,047,44,36,15,230,39,32,17,142,43,23,03,049,33,1*73,1763493770863
NMEA,$GBGSV,2,2,07,22,01,319,32,20,74,158,44,19,52,313,43,1*4E,1763493770863
NMEA,$GBGSV,2,1,05,19,52,313,41,20,74,158,39,32,17,142,42,36,15,230,39,3*72,1763493770863
NMEA,$GBGSV,2,2,05,37,51,047,42,3*44,1763493770863
NMEA,$GBGSV,2,1,05,19,52,313,29,20,74,158,28,32,17,142,30,36,15,230,27,5*70,1763493770863
NMEA,$GBGSV,2,2,05,37,51,047,38,5*4F,1763493770863
NMEA,$GNGSA,A,3,03,04,07,08,09,16,20,21,27,30,,,0.7,0.4,0.5,1*36,1763493770876
NMEA,$PSSGR,GSA,A,3,03,04,08,09,21,27,30,,,,,,0.7,0.4,0.5,1,8*40,1763493770876
NMEA,$GNGSA,A,3,65,72,75,76,,,,,,,,,0.7,0.4,0.5,2*31,1763493770876
NMEA,$GNGSA,A,3,02,03,05,08,13,15,16,25,,,,,0.7,0.4,0.5,3*3F,1763493770876
NMEA,$PSSGR,GSA,A,3,302,303,305,308,313,316,325,,,,,,0.7,0.4,0.5,3,1*75,1763493770876
NMEA,$GNGSA,A,3,19,20,32,36,37,,,,,,,,0.7,0.4,0.5,4*38,1763493770876
NMEA,$PSSGR,GSA,A,3,219,220,232,236,237,,,,,,,,0.7,0.4,0.5,4,5*73,1763493770876
NMEA,$GNVTG,47.0,T,34.2,M,2.4,N,4.4,K,E*39,1763493770876
NMEA,$GNDTM,W84,,0000.000000,N,00000.000000,E,0.000,W84*41,1763493770876
NMEA,$GNRMC,192251.00,A,3725.879374,N,12209.325980,W,2.4,47.0,181125,12.8,E,E,V*43,1763493770876
NMEA,$GNGNS,192251.00,3725.879374,N,12209.325980,W,EEEEEE,27,0.4,22.7,-32.6,,,V*28,1763493770876
NMEA,$GNGGA,192251.00,3725.879374,N,12209.325980,W,6,12,0.4,22.7,M,-32.6,M,,*79,1763493770876
NMEA,$PSMSG,magcal=PASS,bluesky=0*00,1763493770881
NMEA,$GPGSV,4,1,13,03,20,173,43,04,55,097,41,06,05,259,40,07,51,277,44,1*67,1763493771863
NMEA,$GPGSV,4,2,13,08,16,128,43,09,74,350,42,11,04,297,39,16,36,052,43,1*69,1763493771863
NMEA,$GPGSV,4,3,13,20,12,321,35,21,12,321,35,26,04,041,29,27,18,097,42,1*6A,1763493771863
NMEA,$GPGSV,4,4,13,30,23,262,44,1*52,1763493771863
NMEA,$GPGSV,3,1,10,03,20,173,34,04,55,097,39,06,05,259,29,08,16,128,37,8*6B,1763493771863
NMEA,$GPGSV,3,2,10,09,74,350,34,11,04,297,27,21,12,321,37,26,04,041,27,8*6F,1763493771863
NMEA,$GPGSV,3,3,10,27,18,097,34,30,23,262,33,8*6D,1763493771863
NMEA,$GLGSV,1,1,04,12,60,224,41,11,55,029,44,01,78,094,35,08,24,134,42,1*78,1763493771863
NMEA,$GAGSV,3,1,10,02,48,173,39,03,68,067,35,05,21,106,37,08,46,314,40,7*76,1763493771863
NMEA,$GAGSV,3,2,10,13,14,279,38,15,08,229,31,16,36,052,39,25,55,075,39,7*74,1763493771863
NMEA,$GAGSV,3,3,10,26,03,326,29,30,03,202,30,7*7A,1763493771863
NMEA,$GAGSV,2,1,08,02,48,173,35,03,68,067,31,05,21,106,25,08,46,314,35,1*71,1763493771863
NMEA,$GAGSV,2,2,08,13,14,279,31,15,08,229,23,16,36,052,36,25,55,075,38,1*7E,1763493771863
NMEA,$GQGSV,1,1,01,03,02,297,19,1*51,1763493771863
NMEA,$GQGSV,1,1,01,03,02,297,18,8*59,1763493771863
NMEA,$GBGSV,2,1,07,37,51,047,44,36,15,230,39,32,17,142,43,23,03,049,33,1*73,1763493771863
NMEA,$GBGSV,2,2,07,22,01,319,32,20,74,158,44,19,52,313,43,1*4E,1763493771863
NMEA,$GBGSV,2,1,05,19,52,313,41,20,74,158,40,32,17,142,41,36,15,230,39,3*7F,1763493771863
NMEA,$GBGSV,2,2,05,37,51,047,42,3*44,1763493771863
NMEA,$GBGSV,2,1,05,19,52,313,27,20,74,158,27,32,17,142,30,36,15,230,28,5*7E,1763493771863
NMEA,$GBGSV,2,2,05,37,51,047,38,5*4F,1763493771863
NMEA,$GNGSA,A,3,03,04,07,08,09,16,20,21,27,30,,,0.7,0.4,0.5,1*36,1763493771884
NMEA,$PSSGR,GSA,A,3,03,04,08,09,21,27,30,,,,,,0.7,0.4,0.5,1,8*40,1763493771884
NMEA,$GNGSA,A,3,65,72,75,76,,,,,,,,,0.7,0.4,0.5,2*31,1763493771884
NMEA,$GNGSA,A,3,02,03,05,08,13,15,16,25,,,,,0.7,0.4,0.5,3*3F,1763493771884
NMEA,$PSSGR,GSA,A,3,302,303,305,308,313,316,325,,,,,,0.7,0.4,0.5,3,1*75,1763493771884
NMEA,$GNGSA,A,3,19,20,32,36,37,,,,,,,,0.7,0.4,0.5,4*38,1763493771884
NMEA,$PSSGR,GSA,A,3,219,220,232,236,237,,,,,,,,0.7,0.4,0.5,4,5*73,1763493771884
NMEA,$GNVTG,45.3,T,32.5,M,2.2,N,4.0,K,E*3B,1763493771884
NMEA,$GNDTM,W84,,0000.000000,N,00000.000000,E,0.000,W84*41,1763493771884
NMEA,$GNRMC,192252.00,A,3725.879790,N,12209.325480,W,2.2,45.3,181125,12.8,E,E,V*44,1763493771884
NMEA,$GNGNS,192252.00,3725.879790,N,12209.325480,W,EEEEEE,27,0.4,22.9,-32.6,,,V*26,1763493771884
NMEA,$GNGGA,192252.00,3725.879790,N,12209.325480,W,6,12,0.4,22.9,M,-32.6,M,,*77,1763493771884
NMEA,$PSMSG,magcal=PASS,bluesky=0*00,1763493771897
NMEA,$GPGSV,4,1,13,03,20,173,45,04,55,097,40,06,05,259,37,07,51,277,43,1*67,1763493772860
NMEA,$GPGSV,4,2,13,08,16,128,42,09,74,350,41,11,04,297,40,16,36,052,43,1*65,1763493772860
NMEA,$GPGSV,4,3,13,20,12,321,34,21,12,321,36,26,04,041,28,27,18,097,42,1*69,1763493772860
NMEA,$GPGSV,4,4,13,30,23,262,44,1*52,1763493772860
NMEA,$GPGSV,3,1,10,03,20,173,32,04,55,097,39,06,05,259,28,08,16,128,35,8*6E,1763493772860
NMEA,$GPGSV,3,2,10,09,74,350,33,11,04,297,26,21,12,321,37,26,04,041,25,8*6B,1763493772860
NMEA,$GPGSV,3,3,10,27,18,097,30,30,23,262,34,8*6E,1763493772860
NMEA,$GLGSV,1,1,04,12,60,224,40,11,55,029,43,01,78,094,36,08,24,134,41,1*7E,1763493772860
NMEA,$GAGSV,3,1,10,02,48,173,41,03,68,067,36,05,21,106,38,08,46,314,40,7*75,1763493772860
NMEA,$GAGSV,3,2,10,13,14,279,38,15,08,229,32,16,36,052,40,25,55,075,40,7*77,1763493772860
NMEA,$GAGSV,3,3,10,26,03,326,29,30,03,202,30,7*7A,1763493772860
NMEA,$GAGSV,2,1,08,02,48,173,37,03,68,067,33,05,21,106,27,08,46,314,35,1*73,1763493772860
NMEA,$GAGSV,2,2,08,13,14,279,32,15,08,229,24,16,36,052,36,25,55,075,38,1*7A,1763493772860
NMEA,$GQGSV,1,1,01,03,02,297,19,1*51,1763493772860
NMEA,$GQGSV,1,1,01,03,02,297,18,8*59,1763493772860
NMEA,$GBGSV,2,1,07,37,51,047,44,36,15,230,39,32,17,142,43,23,03,049,33,1*73,1763493772860
NMEA,$GBGSV,2,2,07,22,01,319,32,20,74,158,44,19,52,313,43,1*4E,1763493772860
NMEA,$GBGSV,2,1,05,19,52,313,41,20,74,158,41,32,17,142,41,36,15,230,38,3*7F,1763493772860
NMEA,$GBGSV,2,2,05,37,51,047,42,3*44,1763493772860
NMEA,$GBGSV,2,1,05,19,52,313,27,20,74,158,28,32,17,142,29,36,15,230,28,5*79,1763493772860
NMEA,$GBGSV,2,2,05,37,51,047,39,5*4E,1763493772860
NMEA,$GNGSA,A,3,03,04,07,08,09,16,20,21,27,30,,,0.7,0.4,0.5,1*36,1763493772873
NMEA,$PSSGR,GSA,A,3,03,04,08,09,21,27,30,,,,,,0.7,0.4,0.5,1,8*40,1763493772873
NMEA,$GNGSA,A,3,65,72,75,76,,,,,,,,,0.7,0.4,0.5,2*31,1763493772873
NMEA,$GNGSA,A,3,02,03,05,08,13,15,16,25,,,,,0.7,0.4,0.5,3*3F,1763493772873
NMEA,$PSSGR,GSA,A,3,302,303,305,308,313,316,325,,,,,,0.7,0.4,0.5,3,1*75,1763493772873
NMEA,$GNGSA,A,3,19,20,32,36,37,,,,,,,,0.7,0.4,0.5,4*38,1763493772873
NMEA,$PSSGR,GSA,A,3,219,220,232,236,237,,,,,,,,0.7,0.4,0.5,4,5*73,1763493772873
NMEA,$GNVTG,46.8,T,34.0,M,2.4,N,4.4,K,E*32,1763493772873
NMEA,$GNDTM,W84,,0000.000000,N,00000.000000,E,0.000,W84*41,1763493772873
NMEA,$GNRMC,192253.00,A,3725.880222,N,12209.324906,W,2.4,46.8,181125,12.8,E,E,V*43,1763493772873
NMEA,$GNGNS,192253.00,3725.880222,N,12209.324906,W,EEEEEE,27,0.4,22.8,-32.6,,,V*2E,1763493772873
NMEA,$GNGGA,192253.00,3725.880222,N,12209.324906,W,6,12,0.4,22.8,M,-32.6,M,,*7F,1763493772873
NMEA,$PSMSG,magcal=PASS,bluesky=0*00,1763493772887
NMEA,$GPGSV,4,1,13,03,20,173,43,04,55,097,41,06,05,259,38,07,51,277,43,1*6F,1763493773859
NMEA,$GPGSV,4,2,13,08,16,128,44,09,74,350,42,11,04,297,41,16,36,052,43,1*61,1763493773859
NMEA,$GPGSV,4,3,13,20,12,321,36,21,12,321,37,26,04,041,29,27,18,097,41,1*68,1763493773859
NMEA,$GPGSV,4,4,13,30,23,262,45,1*53,1763493773859
NMEA,$GPGSV,3,1,10,03,20,173,33,04,55,097,38,06,05,259,27,08,16,128,37,8*63,1763493773859
NMEA,$GPGSV,3,2,10,09,74,350,31,11,04,297,28,21,12,321,37,26,04,041,25,8*67,1763493773859
NMEA,$GPGSV,3,3,10,27,18,097,29,30,23,262,31,8*63,1763493773859
NMEA,$GLGSV,1,1,04,12,60,224,39,11,55,029,42,01,78,094,35,08,24,134,40,1*73,1763493773859
NMEA,$GAGSV,3,1,10,02,48,173,39,03,68,067,36,05,21,106,38,08,46,314,41,7*7B,1763493773859
NMEA,$GAGSV,3,2,10,13,14,279,38,15,08,229,33,16,36,052,40,25,55,075,40,7*76,1763493773859
NMEA,$GAGSV,3,3,10,26,03,326,29,30,03,202,30,7*7A,1763493773859
NMEA,$GAGSV,2,1,08,02,48,173,36,03,68,067,32,05,21,106,26,08,46,314,34,1*73,1763493773859
NMEA,$GAGSV,2,2,08,13,14,279,34,15,08,229,25,16,36,052,37,25,55,075,38,1*7C,1763493773859
NMEA,$GQGSV,1,1,01,03,02,297,20,1*5B,1763493773859
NMEA,$GQGSV,1,1,01,03,02,297,18,8*59,1763493773859
NMEA,$GBGSV,2,1,07,37,51,047,44,36,15,230,39,32,17,142,43,23,03,049,33,1*73,1763493773859
NMEA,$GBGSV,2,2,07,22,01,319,32,20,74,158,44,19,52,313,43,1*4E,1763493773859
NMEA,$GBGSV,2,1,05,19,52,313,41,20,74,158,41,32,17,142,41,36,15,230,38,3*7F,1763493773859
NMEA,$GBGSV,2,2,05,37,51,047,42,3*44,1763493773859
NMEA,$GBGSV,2,1,05,19,52,313,28,20,74,158,25,32,17,142,23,36,15,230,30,5*78,1763493773859
NMEA,$GBGSV,2,2,05,37,51,047,39,5*4E,1763493773859
NMEA,$GNGSA,A,3,03,04,07,08,09,16,20,21,27,30,,,0.7,0.4,0.5,1*36,1763493773875
NMEA,$PSSGR,GSA,A,3,03,04,08,09,21,27,30,,,,,,0.7,0.4,0.5,1,8*40,1763493773875
NMEA,$GNGSA,A,3,65,72,75,76,,,,,,,,,0.7,0.4,0.5,2*31,1763493773875
NMEA,$GNGSA,A,3,02,03,05,08,13,15,16,25,,,,,0.7,0.4,0.5,3*3F,1763493773875
NMEA,$PSSGR,GSA,A,3,302,303,305,308,313,315,316,325,,,,,0.7,0.4,0.5,3,1*42,1763493773875
NMEA,$GNGSA,A,3,19,20,32,36,37,,,,,,,,0.7,0.4,0.5,4*38,1763493773875
NMEA,$PSSGR,GSA,A,3,219,220,232,236,237,,,,,,,,0.7,0.4,0.5,4,5*73,1763493773875
NMEA,$GNVTG,47.8,T,35.0,M,2.4,N,4.4,K,E*32,1763493773875
NMEA,$GNDTM,W84,,0000.000000,N,00000.000000,E,0.000,W84*41,1763493773875
NMEA,$GNRMC,192254.00,A,3725.880646,N,12209.324260,W,2.4,47.8,181125,12.8,E,E,V*48,1763493773875
NMEA,$GNGNS,192254.00,3725.880646,N,12209.324260,W,EEEEEE,27,0.4,22.8,-32.6,,,V*24,1763493773875
NMEA,$GNGGA,192254.00,3725.880646,N,12209.324260,W,6,12,0.4,22.8,M,-32.6,M,,*75,1763493773875
NMEA,$PSMSG,magcal=PASS,bluesky=0*00,1763493773878
NMEA,$GPGSV,4,1,13,03,20,173,43,04,55,097,41,06,05,259,40,07,51,277,44,1*67,1763493774858
NMEA,$GPGSV,4,2,13,08,16,128,43,09,74,350,41,11,04,297,41,16,36,052,44,1*62,1763493774858
NMEA,$GPGSV,4,3,13,20,12,321,37,21,12,321,37,26,04,041,27,27,18,097,41,1*67,1763493774858
NMEA,$GPGSV,4,4,13,30,23,262,43,1*55,1763493774858
NMEA,$GPGSV,3,1,10,03,20,173,31,04,55,097,39,06,05,259,28,08,16,128,38,8*60,1763493774858
NMEA,$GPGSV,3,2,10,09,74,350,31,11,04,297,30,21,12,321,37,26,04,041,28,8*63,1763493774858
NMEA,$GPGSV,3,3,10,27,18,097,28,30,23,262,33,8*60,1763493774858
NMEA,$GLGSV,1,1,04,12,60,224,41,11,55,029,43,01,78,094,36,08,24,134,41,1*7F,1763493774858
NMEA,$GAGSV,3,1,10,02,48,173,40,03,68,067,37,05,21,106,37,08,46,314,40,7*7A,1763493774858
NMEA,$GAGSV,3,2,10,13,14,279,39,15,08,229,32,16,36,052,41,25,55,075,41,7*76,1763493774858
NMEA,$GAGSV,3,3,10,26,03,326,29,30,03,202,30,7*7A,1763493774858
NMEA,$GAGSV,2,1,08,02,48,173,36,03,68,067,33,05,21,106,26,08,46,314,34,1*72,1763493774858
NMEA,$GAGSV,2,2,08,13,14,279,32,15,08,229,24,16,36,052,37,25,55,075,38,1*7B,1763493774858
NMEA,$GQGSV,1,1,01,03,02,297,20,1*5B,1763493774858
NMEA,$GQGSV,1,1,01,03,02,297,18,8*59,1763493774858
NMEA,$GBGSV,2,1,07,37,51,047,44,36,15,230,39,32,17,142,43,23,03,049,33,1*73,1763493774858
NMEA,$GBGSV,2,2,07,22,01,319,32,20,74,158,44,19,52,313,43,1*4E,1763493774858
NMEA,$GBGSV,2,1,05,19,52,313,41,20,74,158,43,32,17,142,41,36,15,230,36,3*73,1763493774858
NMEA,$GBGSV,2,2,05,37,51,047,43,3*45,1763493774858
NMEA,$GBGSV,2,1,05,19,52,313,27,20,74,158,29,32,17,142,29,36,15,230,31,5*70,1763493774858
NMEA,$GBGSV,2,2,05,37,51,047,38,5*4F,1763493774858
NMEA,$GNGSA,A,3,03,04,07,08,09,16,20,21,27,30,,,0.7,0.4,0.5,1*36,1763493774874
NMEA,$PSSGR,GSA,A,3,03,04,08,09,21,27,30,,,,,,0.7,0.4,0.5,1,8*40,1763493774874
NMEA,$GNGSA,A,3,65,72,75,76,,,,,,,,,0.7,0.4,0.5,2*31,1763493774874
NMEA,$GNGSA,A,3,02,03,05,08,13,15,16,25,,,,,0.7,0.4,0.5,3*3F,1763493774874
NMEA,$PSSGR,GSA,A,3,302,303,305,308,313,315,316,325,,,,,0.7,0.4,0.5,3,1*42,1763493774874
NMEA,$GNGSA,A,3,19,20,32,36,37,,,,,,,,0.7,0.4,0.5,4*38,1763493774874
NMEA,$PSSGR,GSA,A,3,219,220,232,236,237,,,,,,,,0.7,0.4,0.5,4,5*73,1763493774874
NMEA,$GNVTG,47.9,T,35.1,M,2.2,N,4.1,K,E*31,1763493774874
NMEA,$GNDTM,W84,,0000.000000,N,00000.000000,E,0.000,W84*41,1763493774874
NMEA,$GNRMC,192255.00,A,3725.881033,N,12209.323702,W,2.2,47.9,181125,12.8,E,E,V*4D,1763493774874
NMEA,$GNGNS,192255.00,3725.881033,N,12209.323702,W,EEEEEE,27,0.4,22.9,-32.6,,,V*27,1763493774874
NMEA,$GNGGA,192255.00,3725.881033,N,12209.323702,W,6,12,0.4,22.9,M,-32.6,M,,*76,1763493774874
NMEA,$PSMSG,magcal=PASS,bluesky=0*00,1763493774877
NMEA,$GPGSV,4,1,13,03,20,173,43,04,55,097,41,06,05,259,41,07,51,277,44,1*66,1763493775857
NMEA,$GPGSV,4,2,13,08,16,128,44,09,74,350,42,11,04,297,40,16,36,052,44,1*67,1763493775857
NMEA,$GPGSV,4,3,13,20,12,321,37,21,12,321,36,26,04,041,27,27,18,097,40,1*67,1763493775857
NMEA,$GPGSV,4,4,13,30,23,262,44,1*52,1763493775857
NMEA,$GPGSV,3,1,10,03,20,173,29,04,55,097,39,06,05,259,29,08,16,128,35,8*65,1763493775857
NMEA,$GPGSV,3,2,10,09,74,350,30,11,04,297,32,21,12,321,36,26,04,041,29,8*60,1763493775857
NMEA,$GPGSV,3,3,10,27,18,097,33,30,23,262,33,8*6A,1763493775857
NMEA,$GLGSV,1,1,04,12,60,224,41,11,55,029,42,01,78,094,37,08,24,134,43,1*7D,1763493775857
NMEA,$GAGSV,3,1,10,02,48,173,42,03,68,067,37,05,21,106,37,08,46,314,40,7*78,1763493775857
NMEA,$GAGSV,3,2,10,13,14,279,39,15,08,229,30,16,36,052,40,25,55,075,40,7*74,1763493775857
NMEA,$GAGSV,3,3,10,26,03,326,29,30,03,202,30,7*7A,1763493775857
NMEA,$GAGSV,2,1,08,02,48,173,35,03,68,067,34,05,21,106,27,08,46,314,34,1*77,1763493775857
NMEA,$GAGSV,2,2,08,13,14,279,34,15,08,229,22,16,36,052,37,25,55,075,38,1*7B,1763493775857
NMEA,$GQGSV,1,1,01,03,02,297,20,1*5B,1763493775857
NMEA,$GQGSV,1,1,01,03,02,297,19,8*58,1763493775857
NMEA,$GBGSV,2,1,07,37,51,047,44,36,15,230,39,32,17,142,43,23,03,049,33,1*73,1763493775857
NMEA,$GBGSV,2,2,07,22,01,319,32,20,74,158,44,19,52,313,43,1*4E,1763493775857
NMEA,$GBGSV,2,1,05,19,52,313,42,20,74,158,42,32,17,142,40,36,15,230,37,3*71,1763493775857
NMEA,$GBGSV,2,2,05,37,51,047,43,3*45,1763493775857
NMEA,$GBGSV,2,1,05,19,52,313,27,20,74,158,28,32,17,142,30,36,15,230,31,5*79,1763493775857
NMEA,$GBGSV,2,2,05,37,51,047,40,5*40,1763493775857
NMEA,$GNGSA,A,3,03,04,07,08,09,16,20,21,27,30,,,0.7,0.4,0.5,1*36,1763493775869
NMEA,$PSSGR,GSA,A,3,03,04,08,09,21,27,30,,,,,,0.7,0.4,0.5,1,8*40,1763493775869
NMEA,$GNGSA,A,3,65,72,75,76,,,,,,,,,0.7,0.4,0.5,2*31,1763493775869
NMEA,$GNGSA,A,3,02,03,05,08,13,15,16,25,,,,,0.7,0.4,0.5,3*3F,1763493775869
NMEA,$PSSGR,GSA,A,3,302,303,305,308,313,315,316,325,,,,,0.7,0.4,0.5,3,1*42,1763493775869
NMEA,$GNGSA,A,3,19,20,32,36,37,,,,,,,,0.7,0.4,0.5,4*38,1763493775869
NMEA,$PSSGR,GSA,A,3,219,220,232,236,237,,,,,,,,0.7,0.4,0.5,4,5*73,1763493775869
NMEA,$GNVTG,48.7,T,35.9,M,2.4,N,4.4,K,E*3B,1763493775869
NMEA,$GNDTM,W84,,0000.000000,N,00000.000000,E,0.000,W84*41,1763493775869
NMEA,$GNRMC,192256.00,A,3725.881470,N,12209.323077,W,2.4,48.7,181125,12.8,E,E,V*4F,1763493775869
NMEA,$GNGNS,192256.00,3725.881470,N,12209.323077,W,EEEEEE,27,0.4,22.8,-32.6,,,V*23,1763493775869
NMEA,$GNGGA,192256.00,3725.881470,N,12209.323077,W,6,12,0.4,22.8,M,-32.6,M,,*72,1763493775869
NMEA,$PSMSG,magcal=PASS,bluesky=0*00,1763493775871
NMEA,$GPGSV,4,1,13,03,20,173,43,04,55,097,41,06,05,259,40,07,51,277,44,1*67,1763493776857
NMEA,$GPGSV,4,2,13,08,16,128,45,09,74,350,42,11,04,297,42,16,36,052,43,1*63,1763493776857
NMEA,$GPGSV,4,3,13,20,12,321,36,21,12,321,35,26,04,041,26,27,18,097,43,1*67,1763493776857
NMEA,$GPGSV,4,4,13,30,23,262,44,1*52,1763493776857
NMEA,$GPGSV,3,1,10,03,20,173,29,04,55,097,39,06,05,259,27,08,16,128,37,8*69,1763493776857
NMEA,$GPGSV,3,2,10,09,74,350,29,11,04,297,33,21,12,321,38,26,04,041,29,8*67,1763493776857
NMEA,$GPGSV,3,3,10,27,18,097,36,30,23,262,31,8*6D,1763493776857
NMEA,$GLGSV,1,1,04,12,60,224,41,11,55,029,41,01,78,094,35,08,24,134,42,1*7D,1763493776857
NMEA,$GAGSV,3,1,10,02,48,173,39,03,68,067,37,05,21,106,36,08,46,314,41,7*74,1763493776857
NMEA,$GAGSV,3,2,10,13,14,279,39,15,08,229,31,16,36,052,40,25,55,075,39,7*7B,1763493776857
NMEA,$GAGSV,3,3,10,26,03,326,29,30,03,202,30,7*7A,1763493776857
NMEA,$GAGSV,2,1,08,02,48,173,33,03,68,067,34,05,21,106,30,08,46,314,32,1*71,1763493776857
NMEA,$GAGSV,2,2,08,13,14,279,34,15,08,229,26,16,36,052,37,25,55,075,39,1*7E,1763493776857
NMEA,$GQGSV,1,1,01,03,02,297,20,1*5B,1763493776857
NMEA,$GQGSV,1,1,01,03,02,297,19,8*58,1763493776857
NMEA,$GBGSV,2,1,07,37,51,047,44,36,15,230,39,32,17,142,43,23,03,049,33,1*73,1763493776857
NMEA,$GBGSV,2,2,07,22,01,319,32,20,74,158,44,19,52,313,43,1*4E,1763493776857
NMEA,$GBGSV,2,1,05,19,52,313,41,20,74,158,41,32,17,142,41,36,15,230,35,3*72,1763493776857
NMEA,$GBGSV,2,2,05,37,51,047,41,3*47,1763493776857
NMEA,$GBGSV,2,1,05,19,52,313,29,20,74,158,29,32,17,142,27,36,15,230,33,5*72,1763493776857
NMEA,$GBGSV,2,2,05,37,51,047,39,5*4E,1763493776857
NMEA,$GNGSA,A,3,03,04,07,08,09,16,20,21,27,30,,,0.7,0.4,0.5,1*36,1763493776870
NMEA,$PSSGR,GSA,A,3,03,04,08,09,21,27,30,,,,,,0.7,0.4,0.5,1,8*40,1763493776870
NMEA,$GNGSA,A,3,65,72,75,76,,,,,,,,,0.7,0.4,0.5,2*31,1763493776870
NMEA,$GNGSA,A,3,02,03,05,08,13,15,16,25,,,,,0.7,0.4,0.5,3*3F,1763493776870
NMEA,$PSSGR,GSA,A,3,302,303,305,308,313,315,316,325,,,,,0.7,0.4,0.5,3,1*42,1763493776870
NMEA,$GNGSA,A,3,19,20,32,36,37,,,,,,,,0.7,0.4,0.5,4*38,1763493776870
NMEA,$PSSGR,GSA,A,3,219,220,232,236,237,,,,,,,,0.7,0.4,0.5,4,5*73,1763493776870
NMEA,$GNVTG,49.2,T,36.4,M,2.2,N,4.1,K,E*32,1763493776870
NMEA,$GNDTM,W84,,0000.000000,N,00000.000000,E,0.000,W84*41,1763493776870
NMEA,$GNRMC,192257.00,A,3725.881866,N,12209.322504,W,2.2,49.2,181125,12.8,E,E,V*47,1763493776870
NMEA,$GNGNS,192257.00,3725.881866,N,12209.322504,W,EEEEEE,27,0.4,22.8,-32.6,,,V*29,1763493776870
NMEA,$GNGGA,192257.00,3725.881866,N,12209.322504,W,6,12,0.4,22.8,M,-32.6,M,,*78,1763493776870
NMEA,$PSMSG,magcal=PASS,bluesky=0*00,1763493776872
NMEA,$GPGSV,4,1,13,03,20,173,42,04,55,097,41,06,05,259,40,07,51,277,44,1*66,1763493777858
NMEA,$GPGSV,4,2,13,08,16,128,45,09,74,350,42,11,04,297,43,16,36,052,43,1*62,1763493777858
NMEA,$GPGSV,4,3,13,20,12,321,36,21,12,321,34,26,04,041,26,27,18,097,42,1*67,1763493777858
NMEA,$GPGSV,4,4,13,30,23,262,44,1*52,1763493777858
NMEA,$GPGSV,3,1,10,03,20,173,32,04,55,097,38,06,05,259,29,08,16,128,34,8*6F,1763493777858
NMEA,$GPGSV,3,2,10,09,74,350,29,11,04,297,32,21,12,321,37,26,04,041,28,8*68,1763493777858
NMEA,$GPGSV,3,3,10,27,18,097,32,30,23,262,32,8*6A,1763493777858
NMEA,$GLGSV,1,1,04,12,60,224,40,11,55,029,42,01,78,094,36,08,24,134,42,1*7C,1763493777858
NMEA,$GAGSV,3,1,10,02,48,173,39,03,68,067,38,05,21,106,37,08,46,314,40,7*7B,1763493777858
NMEA,$GAGSV,3,2,10,13,14,279,39,15,08,229,33,16,36,052,40,25,55,075,39,7*79,1763493777858
NMEA,$GAGSV,3,3,10,26,03,326,29,30,03,202,30,7*7A,1763493777858
NMEA,$GAGSV,2,1,08,02,48,173,34,03,68,067,33,05,21,106,31,08,46,314,33,1*71,1763493777858
NMEA,$GAGSV,2,2,08,13,14,279,32,15,08,229,25,16,36,052,36,25,55,075,39,1*7A,1763493777858
NMEA,$GQGSV,1,1,01,03,02,297,19,1*51,1763493777858
NMEA,$GQGSV,1,1,01,03,02,297,19,8*58,1763493777858
NMEA,$GBGSV,2,1,07,37,51,047,44,36,15,230,39,32,17,142,43,23,03,049,33,1*73,1763493777858
NMEA,$GBGSV,2,2,07,22,01,319,32,20,74,158,44,19,52,313,43,1*4E,1763493777858
NMEA,$GBGSV,2,1,05,19,52,313,41,20,74,158,40,32,17,142,40,36,15,230,36,3*71,1763493777858
NMEA,$GBGSV,2,2,05,37,51,047,42,3*44,1763493777858
NMEA,$GBGSV,2,1,05,19,52,313,28,20,74,158,28,32,17,142,22,36,15,230,32,5*76,1763493777858
NMEA,$GBGSV,2,2,05,37,51,047,40,5*40,1763493777858
NMEA,$GNGSA,A,3,03,04,07,08,09,16,20,21,27,30,,,0.7,0.4,0.5,1*36,1763493777869
NMEA,$PSSGR,GSA,A,3,03,04,08,09,21,27,30,,,,,,0.7,0.4,0.5,1,8*40,1763493777869
NMEA,$GNGSA,A,3,65,72,75,76,,,,,,,,,0.7,0.4,0.5,2*31,1763493777869
NMEA,$GNGSA,A,3,02,03,05,08,13,15,16,25,,,,,0.7,0.4,0.5,3*3F,1763493777869
NMEA,$PSSGR,GSA,A,3,302,303,305,308,313,315,316,325,,,,,0.7,0.4,0.5,3,1*42,1763493777869
NMEA,$GNGSA,A,3,19,20,32,36,37,,,,,,,,0.7,0.4,0.5,4*38,1763493777869
NMEA,$PSSGR,GSA,A,3,219,220,232,236,237,,,,,,,,0.7,0.4,0.5,4,5*73,1763493777869
NMEA,$GNVTG,48.2,T,35.4,M,2.3,N,4.3,K,E*33,1763493777869
NMEA,$GNDTM,W84,,0000.000000,N,00000.000000,E,0.000,W84*41,1763493777869
NMEA,$GNRMC,192258.00,A,3725.882301,N,12209.321876,W,2.3,48.2,181125,12.8,E,E,V*4A,1763493777869
NMEA,$GNGNS,192258.00,3725.882301,N,12209.321876,W,EEEEEE,27,0.4,22.7,-32.6,,,V*2B,1763493777869
NMEA,$GNGGA,192258.00,3725.882301,N,12209.321876,W,6,12,0.4,22.7,M,-32.6,M,,*7A,1763493777869
NMEA,$PSMSG,magcal=PASS,bluesky=0*00,1763493777874
NMEA,$GPGSV,4,1,13,03,20,173,42,04,55,098,41,06,05,259,42,07,52,278,44,1*67,1763493778859
NMEA,$GPGSV,4,2,13,08,16,127,43,09,75,352,42,11,04,296,43,16,36,051,44,1*6D,1763493778859
NMEA,$GPGSV,4,3,13,20,13,320,37,21,13,321,35,26,04,041,26,27,18,096,42,1*67,1763493778859
NMEA,$GPGSV,4,4,13,30,24,263,44,1*54,1763493778859
NMEA,$GPGSV,3,1,10,03,20,173,32,04,55,098,37,06,05,259,35,08,16,127,35,8*6C,1763493778859
NMEA,$GPGSV,3,2,10,09,75,352,29,11,04,296,34,21,13,321,38,26,04,041,27,8*6D,1763493778859
NMEA,$GPGSV,3,3,10,27,18,096,28,30,24,263,31,8*65,1763493778859
NMEA,$GLGSV,1,1,04,12,60,224,40,11,55,029,42,01,78,094,35,08,24,134,43,1*7E,1763493778859
NMEA,$GAGSV,2,1,08,02,48,173,36,03,68,069,37,05,20,107,38,08,47,314,40,7*73,1763493778859
NMEA,$GAGSV,2,2,08,13,13,278,39,15,07,229,33,16,35,051,39,25,55,074,38,7*76,1763493778859
NMEA,$GAGSV,2,1,08,02,48,173,37,03,68,069,32,05,20,107,30,08,47,314,33,1*7D,1763493778859
NMEA,$GAGSV,2,2,08,13,13,278,33,15,07,229,27,16,35,051,37,25,55,074,39,1*70,1763493778859
NMEA,$GQGSV,1,1,01,03,02,297,19,1*51,1763493778859
NMEA,$GQGSV,1,1,01,03,02,297,18,8*59,1763493778859
NMEA,$GBGSV,2,1,05,19,53,313,41,20,73,158,40,32,17,143,43,36,16,231,37,3*76,1763493778859
NMEA,$GBGSV,2,2,05,37,50,047,42,3*45,1763493778859
NMEA,$GBGSV,2,1,05,19,53,313,28,20,73,158,29,32,17,143,27,36,16,231,32,5*77,1763493778859
NMEA,$GBGSV,2,2,05,37,50,047,39,5*4F,1763493778859
NMEA,$GNGSA,A,3,03,04,07,08,09,16,20,21,27,30,,,0.7,0.4,0.5,1*36,1763493778868
NMEA,$PSSGR,GSA,A,3,03,04,08,09,21,27,30,,,,,,0.7,0.4,0.5,1,8*40,1763493778868
NMEA,$GNGSA,A,3,65,72,75,76,,,,,,,,,0.7,0.4,0.5,2*31,1763493778868
NMEA,$GNGSA,A,3,02,03,05,08,13,15,16,25,,,,,0.7,0.4,0.5,3*3F,1763493778868
NMEA,$PSSGR,GSA,A,3,302,303,305,308,313,315,316,325,,,,,0.7,0.4,0.5,3,1*42,1763493778868
NMEA,$GNGSA,A,3,19,20,32,36,37,,,,,,,,0.7,0.4,0.5,4*38,1763493778868
NMEA,$PSSGR,GSA,A,3,219,220,232,236,237,,,,,,,,0.7,0.4,0.5,4,5*73,1763493778868
NMEA,$GNVTG,50.4,T,37.6,M,2.2,N,4.0,K,E*3E,1763493778868
NMEA,$GNDTM,W84,,0000.000000,N,00000.000000,E,0.000,W84*41,1763493778868
NMEA,$GNRMC,192259.00,A,3725.882696,N,12209.321244,W,2.2,50.4,181125,12.8,E,E,V*45,1763493778868
NMEA,$GNGNS,192259.00,3725.882696,N,12209.321244,W,EEEEEE,27,0.4,22.8,-32.6,,,V*25,1763493778868
NMEA,$GNGGA,192259.00,3725.882696,N,12209.321244,W,6,12,0.4,22.8,M,-32.6,M,,*74,1763493778868
NMEA,$PSMSG,magcal=PASS,bluesky=0*00,1763493778872
NMEA,$GPGSV,4,1,13,03,20,173,43,04,55,098,40,06,05,259,40,07,52,278,44,1*65,1763493779858
NMEA,$GPGSV,4,2,13,08,16,127,44,09,75,352,42,11,04,296,44,16,36,051,45,1*6C,1763493779858
NMEA,$GPGSV,4,3,13,20,13,320,36,21,13,321,35,26,04,041,26,27,18,096,42,1*66,1763493779858
NMEA,$GPGSV,4,4,13,30,24,263,43,1*53,1763493779858
NMEA,$GPGSV,3,1,10,03,20,173,32,04,55,098,39,06,05,259,35,08,16,127,36,8*61,1763493779858
NMEA,$GPGSV,3,2,10,09,75,352,30,11,04,296,34,21,13,321,38,26,04,041,28,8*6A,1763493779858
NMEA,$GPGSV,3,3,10,27,18,096,32,30,24,263,33,8*6C,1763493779858
NMEA,$GLGSV,1,1,04,12,60,224,40,11,55,029,42,01,78,094,36,08,24,134,42,1*7C,1763493779858
NMEA,$GAGSV,2,1,08,02,48,173,40,03,68,069,38,05,20,107,36,08,47,314,40,7*73,1763493779858
NMEA,$GAGSV,2,2,08,13,13,278,38,15,07,229,34,16,35,051,40,25,55,074,40,7*71,1763493779858
NMEA,$GAGSV,2,1,08,02,48,173,38,03,68,069,33,05,20,107,28,08,47,314,34,1*7D,1763493779858
NMEA,$GAGSV,2,2,08,13,13,278,32,15,07,229,27,16,35,051,36,25,55,074,38,1*71,1763493779858
NMEA,$GQGSV,1,1,01,03,02,297,22,1*59,1763493779858
NMEA,$GQGSV,1,1,01,03,02,297,24,8*56,1763493779858
NMEA,$GBGSV,2,1,05,19,53,313,41,20,73,158,39,32,17,143,41,36,16,231,37,3*7A,1763493779858
NMEA,$GBGSV,2,2,05,37,50,047,42,3*45,1763493779858
NMEA,$GBGSV,2,1,05,19,53,313,29,20,73,158,30,32,17,143,24,36,16,231,32,5*7D,1763493779858
NMEA,$GBGSV,2,2,05,37,50,047,40,5*41,1763493779858
NMEA,$GNGSA,A,3,03,04,07,08,09,16,20,21,27,30,,,0.7,0.4,0.5,1*36,1763493779868
NMEA,$PSSGR,GSA,A,3,03,04,08,09,21,27,30,,,,,,0.7,0.4,0.5,1,8*40,1763493779868
NMEA,$GNGSA,A,3,65,72,75,76,,,,,,,,,0.7,0.4,0.5,2*31,1763493779868
NMEA,$GNGSA,A,3,02,03,05,08,13,15,16,25,,,,,0.7,0.4,0.5,3*3F,1763493779868
NMEA,$PSSGR,GSA,A,3,302,303,305,308,313,315,316,325,,,,,0.7,0.4,0.5,3,1*42,1763493779868
NMEA,$GNGSA,A,3,19,20,32,36,37,,,,,,,,0.7,0.4,0.5,4*38,1763493779868
NMEA,$PSSGR,GSA,A,3,219,220,232,236,237,,,,,,,,0.7,0.4,0.5,4,5*73,1763493779868
NMEA,$GNVTG,49.2,T,36.4,M,2.5,N,4.6,K,E*32,1763493779868
NMEA,$GNDTM,W84,,0000.000000,N,00000.000000,E,0.000,W84*41,1763493779868
NMEA,$GNRMC,192300.00,A,3725.883153,N,12209.320542,W,2.5,49.2,181125,12.8,E,E,V*4E,1763493779868
NMEA,$GNGNS,192300.00,3725.883153,N,12209.320542,W,EEEEEE,27,0.4,22.6,-32.6,,,V*29,1763493779868
NMEA,$GNGGA,192300.00,3725.883153,N,12209.320542,W,6,12,0.4,22.6,M,-32.6,M,,*78,1763493779868
NMEA,$PSMSG,magcal=PASS,bluesky=0*00,1763493779874
NMEA,$GPGSV,4,1,13,03,20,173,42,04,55,098,42,06,05,259,42,07,52,278,43,1*63,1763493780860
NMEA,$GPGSV,4,2,13,08,16,127,43,09,75,352,41,11,04,296,43,16,36,051,44,1*6E,1763493780860
NMEA,$GPGSV,4,3,13,20,13,320,35,21,13,321,34,26,04,041,25,27,18,096,40,1*65,1763493780860
NMEA,$GPGSV,4,4,13,30,24,263,43,1*53,1763493780860
NMEA,$GPGSV,3,1,10,03,20,173,28,04,55,098,38,06,05,259,34,08,16,127,34,8*68,1763493780860
NMEA,$GPGSV,3,2,10,09,75,352,32,11,04,296,36,21,13,321,38,26,04,041,25,8*67,1763493780860
NMEA,$GPGSV,3,3,10,27,18,096,32,30,24,263,32,8*6D,1763493780860
NMEA,$GLGSV,1,1,04,12,60,224,39,11,55,029,38,01,78,094,37,08,24,134,40,1*7C,1763493780860
NMEA,$GAGSV,2,1,08,02,48,173,40,03,68,069,35,05,20,107,37,08,47,314,40,7*7F,1763493780860
NMEA,$GAGSV,2,2,08,13,13,278,37,15,07,229,34,16,35,051,39,25,55,074,41,7*71,1763493780860
NMEA,$GAGSV,2,1,08,02,48,173,39,03,68,069,32,05,20,107,33,08,47,314,34,1*77,1763493780860
NMEA,$GAGSV,2,2,08,13,13,278,33,15,07,229,23,16,35,051,36,25,55,074,37,1*7B,1763493780860
NMEA,$GQGSV,1,1,01,03,02,297,23,1*58,1763493780860
NMEA,$GQGSV,1,1,01,03,02,297,24,8*56,1763493780860
NMEA,$GBGSV,2,1,05,19,53,313,41,20,73,158,41,32,17,143,40,36,16,231,33,3*70,1763493780860
NMEA,$GBGSV,2,2,05,37,50,047,41,3*46,1763493780860
NMEA,$GBGSV,2,1,05,19,53,313,26,20,73,158,31,32,17,143,28,36,16,231,28,5*74,1763493780860
NMEA,$GBGSV,2,2,05,37,50,047,39,5*4F,1763493780860
NMEA,$GNGSA,A,3,03,04,07,08,09,16,20,21,27,30,,,0.7,0.4,0.5,1*36,1763493780870
NMEA,$PSSGR,GSA,A,3,03,04,08,09,21,27,30,,,,,,0.7,0.4,0.5,1,8*40,1763493780870
NMEA,$GNGSA,A,3,65,72,75,76,,,,,,,,,0.7,0.4,0.5,2*31,1763493780870
NMEA,$GNGSA,A,3,02,03,05,08,13,15,16,25,,,,,0.7,0.4,0.5,3*3F,1763493780870
NMEA,$PSSGR,GSA,A,3,302,303,305,308,313,315,316,325,,,,,0.7,0.4,0.5,3,1*42,1763493780870
NMEA,$GNGSA,A,3,19,20,32,36,37,,,,,,,,0.7,0.4,0.5,4*38,1763493780870
NMEA,$PSSGR,GSA,A,3,219,220,232,236,237,,,,,,,,0.7,0.4,0.5,4,5*73,1763493780870
NMEA,$GNVTG,48.6,T,35.8,M,2.3,N,4.2,K,E*3A,1763493780870
NMEA,$GNDTM,W84,,0000.000000,N,00000.000000,E,0.000,W84*41,1763493780870
NMEA,$GNRMC,192301.00,A,3725.883567,N,12209.319903,W,2.3,48.6,181125,12.8,E,E,V*4C,1763493780870
NMEA,$GNGNS,192301.00,3725.883567,N,12209.319903,W,EEEEEE,27,0.4,22.4,-32.6,,,V*2A,1763493780870
NMEA,$GNGGA,192301.00,3725.883567,N,12209.319903,W,6,12,0.4,22.4,M,-32.6,M,,*7B,1763493780870
NMEA,$PSMSG,magcal=PASS,bluesky=0*00,1763493780874
NMEA,$GPGSV,4,1,13,03,20,173,43,04,55,098,43,06,05,259,43,07,52,278,44,1*65,1763493781862
NMEA,$GPGSV,4,2,13,08,16,127,42,09,75,352,42,11,04,296,42,16,36,051,43,1*6A,1763493781862
NMEA,$GPGSV,4,3,13,20,13,320,36,21,13,321,36,26,04,041,28,27,18,096,41,1*68,1763493781862
NMEA,$GPGSV,4,4,13,30,24,263,43,1*53,1763493781862
NMEA,$GPGSV,3,1,10,03,20,173,33,04,55,098,38,06,05,259,31,08,16,127,34,8*67,1763493781862
NMEA,$GPGSV,3,2,10,09,75,352,33,11,04,296,37,21,13,321,38,26,04,041,25,8*67,1763493781862
NMEA,$GPGSV,3,3,10,27,18,096,27,30,24,263,31,8*6A,1763493781862
NMEA,$GLGSV,1,1,04,12,60,224,39,11,55,029,39,01,78,094,37,08,24,134,40,1*7D,1763493781862
NMEA,$GAGSV,2,1,08,02,48,173,39,03,68,069,36,05,20,107,38,08,47,314,39,7*73,1763493781862
NMEA,$GAGSV,2,2,08,13,13,278,38,15,07,229,35,16,35,051,39,25,55,074,42,7*7C,1763493781862
NMEA,$GAGSV,2,1,08,02,48,173,39,03,68,069,27,05,20,107,31,08,47,314,33,1*76,1763493781862
NMEA,$GAGSV,2,2,08,13,13,278,34,15,07,229,24,16,35,051,37,25,55,074,38,1*75,1763493781862
NMEA,$GQGSV,1,1,01,03,02,297,23,1*58,1763493781862
NMEA,$GQGSV,1,1,01,03,02,297,26,8*54,1763493781862
NMEA,$GBGSV,2,1,05,19,53,313,42,20,73,158,42,32,17,143,42,36,16,231,33,3*72,1763493781862
NMEA,$GBGSV,2,2,05,37,50,047,43,3*44,1763493781862
NMEA,$GBGSV,2,1,05,19,53,313,26,20,73,158,31,32,17,143,27,36,16,231,26,5*75,1763493781862
NMEA,$GBGSV,2,2,05,37,50,047,38,5*4E,1763493781862
NMEA,$GNGSA,A,3,03,04,07,08,09,16,20,21,27,30,,,0.7,0.4,0.5,1*36,1763493781876
NMEA,$PSSGR,GSA,A,3,03,04,08,09,21,27,30,,,,,,0.7,0.4,0.5,1,8*40,1763493781876
NMEA,$GNGSA,A,3,65,72,75,76,,,,,,,,,0.7,0.4,0.5,2*31,1763493781876
NMEA,$GNGSA,A,3,02,03,05,08,13,15,16,25,,,,,0.7,0.4,0.5,3*3F,1763493781876
NMEA,$PSSGR,GSA,A,3,302,303,305,308,313,315,316,325,,,,,0.7,0.4,0.5,3,1*42,1763493781876
NMEA,$GNGSA,A,3,19,20,32,36,37,,,,,,,,0.7,0.4,0.5,4*38,1763493781876
NMEA,$PSSGR,GSA,A,3,219,220,232,236,237,,,,,,,,0.7,0.4,0.5,4,5*73,1763493781876
NMEA,$GNVTG,47.2,T,34.4,M,2.3,N,4.2,K,E*3C,1763493781876
NMEA,$GNDTM,W84,,0000.000000,N,00000.000000,E,0.000,W84*41,1763493781876
NMEA,$GNRMC,192302.00,A,3725.884008,N,12209.319293,W,2.3,47.2,181125,12.8,E,E,V*4D,1763493781876
NMEA,$GNGNS,192302.00,3725.884008,N,12209.319293,W,EEEEEE,27,0.4,22.5,-32.6,,,V*21,1763493781876
NMEA,$GNGGA,192302.00,3725.884008,N,12209.319293,W,6,12,0.4,22.5,M,-32.6,M,,*70,1763493781876
NMEA,$PSMSG,magcal=PASS,bluesky=0*00,1763493781882
NMEA,$GPGSV,4,1,13,03,20,173,43,04,55,098,41,06,05,259,43,07,52,278,43,1*60,1763493782857
NMEA,$GPGSV,4,2,13,08,16,127,43,09,75,352,42,11,04,296,42,16,36,051,43,1*6B,1763493782857
NMEA,$GPGSV,4,3,13,20,13,320,36,21,13,321,35,26,04,041,28,27,18,096,40,1*6A,1763493782857
NMEA,$GPGSV,4,4,13,30,24,263,43,1*53,1763493782857
NMEA,$GPGSV,3,1,10,03,20,173,32,04,55,098,38,06,05,259,29,08,16,127,34,8*6F,1763493782857
NMEA,$GPGSV,3,2,10,09,75,352,31,11,04,296,36,21,13,321,39,26,04,041,20,8*60,1763493782857
NMEA,$GPGSV,3,3,10,27,18,096,33,30,24,263,31,8*6F,1763493782857
NMEA,$GLGSV,1,1,04,12,60,224,38,11,55,029,37,01,78,094,38,08,24,134,42,1*7F,1763493782857
NMEA,$GAGSV,2,1,08,02,48,173,41,03,68,069,34,05,20,107,38,08,47,314,40,7*70,1763493782857
NMEA,$GAGSV,2,2,08,13,13,278,38,15,07,229,35,16,35,051,37,25,55,074,41,7*71,1763493782857
NMEA,$GAGSV,2,1,08,02,48,173,39,03,68,069,32,05,20,107,31,08,47,314,33,1*72,1763493782857
NMEA,$GAGSV,2,2,08,13,13,278,32,15,07,229,24,16,35,051,36,25,55,074,39,1*73,1763493782857
NMEA,$GQGSV,1,1,01,03,02,297,23,1*58,1763493782857
NMEA,$GQGSV,1,1,01,03,02,297,25,8*57,1763493782857
NMEA,$GBGSV,2,1,05,19,53,313,41,20,73,158,42,32,17,143,41,36,16,231,35,3*74,1763493782857
NMEA,$GBGSV,2,2,05,37,50,047,42,3*45,1763493782857
NMEA,$GBGSV,2,1,05,19,53,313,21,20,73,158,32,32,17,143,28,36,16,231,29,5*71,1763493782857
NMEA,$GBGSV,2,2,05,37,50,047,39,5*4F,1763493782857
NMEA,$GNGSA,A,3,03,04,07,08,09,16,20,21,27,30,,,0.7,0.4,0.5,1*36,1763493782869
NMEA,$PSSGR,GSA,A,3,03,04,08,09,21,27,30,,,,,,0.7,0.4,0.5,1,8*40,1763493782869
NMEA,$GNGSA,A,3,65,72,75,76,,,,,,,,,0.7,0.4,0.5,2*31,1763493782869
NMEA,$GNGSA,A,3,02,03,05,08,13,15,16,25,,,,,0.7,0.4,0.5,3*3F,1763493782869
NMEA,$PSSGR,GSA,A,3,302,303,305,308,313,315,316,325,,,,,0.7,0.4,0.5,3,1*42,1763493782869
NMEA,$GNGSA,A,3,19,20,32,36,37,,,,,,,,0.7,0.4,0.5,4*38,1763493782869
NMEA,$PSSGR,GSA,A,3,219,220,232,236,237,,,,,,,,0.7,0.4,0.5,4,5*73,1763493782869
NMEA,$GNVTG,49.7,T,36.9,M,2.4,N,4.5,K,E*38,1763493782869
NMEA,$GNDTM,W84,,0000.000000,N,00000.000000,E,0.000,W84*41,1763493782869
NMEA,$GNRMC,192303.00,A,3725.884466,N,12209.318613,W,2.4,49.7,181125,12.8,E,E,V*41,1763493782869
NMEA,$GNGNS,192303.00,3725.884466,N,12209.318613,W,EEEEEE,27,0.4,22.3,-32.6,,,V*27,1763493782869
NMEA,$GNGGA,192303.00,3725.884466,N,12209.318613,W,6,12,0.4,22.3,M,-32.6,M,,*76,1763493782869
NMEA,$PSMSG,magcal=PASS,bluesky=0*00,1763493782873
NMEA,$GPGSV,4,1,13,03,20,173,43,04,55,098,41,06,05,259,41,07,52,278,42,1*63,1763493783857
NMEA,$GPGSV,4,2,13,08,16,127,42,09,75,352,43,11,04,296,43,16,36,051,42,1*6B,1763493783857
NMEA,$GPGSV,4,3,13,20,13,320,36,21,13,321,36,26,04,041,29,27,18,096,40,1*68,1763493783857
NMEA,$GPGSV,4,4,13,30,24,263,43,1*53,1763493783857
NMEA,$GPGSV,3,1,10,03,20,173,31,04,55,098,37,06,05,259,28,08,16,127,35,8*63,1763493783857
NMEA,$GPGSV,3,2,10,09,75,352,35,11,04,296,39,21,13,321,38,26,04,041,21,8*6B,1763493783857
NMEA,$GPGSV,3,3,10,27,18,096,30,30,24,263,33,8*6E,1763493783857
NMEA,$GLGSV,1,1,04,12,60,224,42,11,55,029,38,01,78,094,37,08,24,134,38,1*7F,1763493783857
NMEA,$GAGSV,2,1,08,02,48,173,43,03,68,069,36,05,20,107,39,08,47,314,40,7*71,1763493783857
NMEA,$GAGSV,2,2,08,13,13,278,37,15,07,229,35,16,35,051,38,25,55,074,40,7*70,1763493783857
NMEA,$GAGSV,2,1,08,02,48,173,39,03,68,069,29,05,20,107,26,08,47,314,34,1*79,1763493783857
NMEA,$GAGSV,2,2,08,13,13,278,34,15,07,229,23,16,35,051,34,25,55,074,37,1*7E,1763493783857
NMEA,$GQGSV,1,1,01,03,02,297,25,1*5E,1763493783857
NMEA,$GQGSV,1,1,01,03,02,297,26,8*54,1763493783857
NMEA,$GBGSV,2,1,05,19,53,313,41,20,73,158,41,32,17,143,40,36,16,231,36,3*75,1763493783857
NMEA,$GBGSV,2,2,05,37,50,047,38,3*48,1763493783857
NMEA,$GBGSV,2,1,05,19,53,313,29,20,73,158,34,32,17,143,31,36,16,231,27,5*79,1763493783857
NMEA,$GBGSV,2,2,05,37,50,047,37,5*41,1763493783857
NMEA,$GNGSA,A,3,03,04,07,08,09,16,20,21,27,30,,,0.7,0.4,0.5,1*36,1763493783868
NMEA,$PSSGR,GSA,A,3,03,04,08,09,21,27,30,,,,,,0.7,0.4,0.5,1,8*40,1763493783868
NMEA,$GNGSA,A,3,65,72,75,76,,,,,,,,,0.7,0.4,0.5,2*31,1763493783868
NMEA,$GNGSA,A,3,02,03,05,08,13,15,16,25,,,,,0.7,0.4,0.5,3*3F,1763493783868
NMEA,$PSSGR,GSA,A,3,302,303,305,308,313,315,316,325,,,,,0.7,0.4,0.5,3,1*42,1763493783868
NMEA,$GNGSA,A,3,19,20,32,36,37,,,,,,,,0.7,0.4,0.5,4*38,1763493783868
NMEA,$PSSGR,GSA,A,3,219,220,232,236,237,,,,,,,,0.7,0.4,0.5,4,5*73,1763493783868
NMEA,$GNVTG,46.3,T,33.5,M,2.5,N,4.6,K,E*38,1763493783868
NMEA,$GNDTM,W84,,0000.000000,N,00000.000000,E,0.000,W84*41,1763493783868
NMEA,$GNRMC,192304.00,A,3725.884910,N,12209.317960,W,2.5,46.3,181125,12.8,E,E,V*44,1763493783868
NMEA,$GNGNS,192304.00,3725.884910,N,12209.317960,W,EEEEEE,27,0.4,22.2,-32.6,,,V*29,1763493783868
NMEA,$GNGGA,192304.00,3725.884910,N,12209.317960,W,6,12,0.4,22.2,M,-32.6,M,,*78,1763493783868
NMEA,$PSMSG,magcal=PASS,bluesky=0*00,1763493783874
NMEA,$GPGSV,4,1,13,03,20,173,43,04,55,098,41,06,05,259,43,07,52,278,43,1*60,1763493784854
NMEA,$GPGSV,4,2,13,08,16,127,42,09,75,352,43,11,04,296,44,16,36,051,40,1*6E,1763493784854
NMEA,$GPGSV,4,3,13,20,13,320,36,21,13,321,35,26,04,041,31,27,18,096,39,1*6C,1763493784854
NMEA,$GPGSV,4,4,13,30,24,263,42,1*52,1763493784854
NMEA,$GPGSV,3,1,10,03,20,173,31,04,55,098,38,06,05,259,22,08,16,127,36,8*65,1763493784854
NMEA,$GPGSV,3,2,10,09,75,352,34,11,04,296,38,21,13,321,38,26,04,041,21,8*6B,1763493784854
NMEA,$GPGSV,3,3,10,27,18,096,30,30,24,263,33,8*6E,1763493784854
NMEA,$GLGSV,1,1,04,12,60,224,41,11,55,029,37,01,78,094,37,08,24,134,36,1*7D,1763493784854
NMEA,$GAGSV,2,1,08,02,48,173,39,03,68,069,37,05,20,107,36,08,47,314,39,7*7C,1763493784854
NMEA,$GAGSV,2,2,08,13,13,278,37,15,07,229,36,16,35,051,38,25,55,074,40,7*73,1763493784854
NMEA,$GAGSV,2,1,08,02,48,173,39,03,68,069,31,05,20,107,27,08,47,314,34,1*71,1763493784854
NMEA,$GAGSV,2,2,08,13,13,278,32,15,07,229,31,16,35,051,34,25,55,074,37,1*7B,1763493784854
NMEA,$GQGSV,1,1,01,03,02,297,26,1*5D,1763493784854
NMEA,$GQGSV,1,1,01,03,02,297,23,8*51,1763493784854
NMEA,$GBGSV,2,1,05,19,53,313,40,20,73,158,40,32,17,143,40,36,16,231,38,3*7B,1763493784854
NMEA,$GBGSV,2,2,05,37,50,047,40,3*47,1763493784854
NMEA,$GBGSV,2,1,05,19,53,313,29,20,73,158,34,32,17,143,32,36,16,231,27,5*7A,1763493784854
NMEA,$GBGSV,2,2,05,37,50,047,38,5*4E,1763493784854
NMEA,$GNGSA,A,3,03,04,07,08,09,16,20,21,27,30,,,0.7,0.4,0.5,1*36,1763493784862
NMEA,$PSSGR,GSA,A,3,03,04,08,09,21,27,30,,,,,,0.7,0.4,0.5,1,8*40,1763493784862
NMEA,$GNGSA,A,3,65,72,75,76,,,,,,,,,0.7,0.4,0.5,2*31,1763493784862
NMEA,$GNGSA,A,3,02,03,05,08,13,15,16,25,,,,,0.7,0.4,0.5,3*3F,1763493784862
NMEA,$PSSGR,GSA,A,3,302,303,305,308,313,315,316,325,,,,,0.7,0.4,0.5,3,1*42,1763493784862
NMEA,$GNGSA,A,3,19,20,32,36,37,,,,,,,,0.7,0.4,0.5,4*38,1763493784862
NMEA,$PSSGR,GSA,A,3,219,220,232,236,237,,,,,,,,0.7,0.4,0.5,4,5*73,1763493784862
NMEA,$GNVTG,48.6,T,35.8,M,2.4,N,4.4,K,E*3B,1763493784862
NMEA,$GNDTM,W84,,0000.000000,N,00000.000000,E,0.000,W84*41,1763493784862
NMEA,$GNRMC,192305.00,A,3725.885340,N,12209.317314,W,2.4,48.6,181125,12.8,E,E,V*48,1763493784862
NMEA,$GNGNS,192305.00,3725.885340,N,12209.317314,W,EEEEEE,27,0.4,22.2,-32.6,,,V*2F,1763493784862
NMEA,$GNGGA,192305.00,3725.885340,N,12209.317314,W,6,12,0.4,22.2,M,-32.6,M,,*7E,1763493784862
NMEA,$PSMSG,magcal=PASS,bluesky=0*00,1763493784866
NMEA,$GPGSV,4,1,13,03,20,173,42,04,55,098,40,06,05,259,40,07,52,278,43,1*63,1763493785861
NMEA,$GPGSV,4,2,13,08,16,127,42,09,75,352,41,11,04,296,43,16,36,051,42,1*69,1763493785861
NMEA,$GPGSV,4,3,13,20,13,320,36,21,13,321,35,26,04,041,30,27,18,096,40,1*63,1763493785861
NMEA,$GPGSV,4,4,13,30,24,263,41,1*51,1763493785861
NMEA,$GPGSV,3,1,10,03,20,173,29,04,55,098,34,06,05,259,22,08,16,127,36,8*60,1763493785861
NMEA,$GPGSV,3,2,10,09,75,352,32,11,04,296,36,21,13,321,37,26,04,041,21,8*6C,1763493785861
NMEA,$GPGSV,3,3,10,27,18,096,30,30,24,263,31,8*6C,1763493785861
NMEA,$GLGSV,1,1,04,12,60,224,38,11,55,029,39,01,78,094,37,08,24,134,39,1*72,1763493785861
NMEA,$GAGSV,2,1,08,02,48,173,37,03,68,069,34,05,20,107,36,08,47,314,36,7*7E,1763493785861
NMEA,$GAGSV,2,2,08,13,13,278,34,15,07,229,33,16,35,051,36,25,55,074,35,7*79,1763493785861
NMEA,$GAGSV,2,1,08,02,48,173,37,03,68,069,28,05,20,107,29,08,47,314,30,1*7D,1763493785861
NMEA,$GAGSV,2,2,08,13,13,278,31,15,07,229,22,16,35,051,34,25,55,074,35,1*78,1763493785861
NMEA,$GQGSV,1,1,01,03,02,297,24,1*5F,1763493785861
NMEA,$GQGSV,1,1,01,03,02,297,21,8*53,1763493785861
NMEA,$GBGSV,2,1,05,19,53,313,37,20,73,158,40,32,17,143,37,36,16,231,36,3*75,1763493785861
NMEA,$GBGSV,2,2,05,37,50,047,38,3*48,1763493785861
NMEA,$GBGSV,2,1,05,19,53,313,23,20,73,158,29,32,17,143,28,36,16,231,27,5*77,1763493785861
NMEA,$GBGSV,2,2,05,37,50,047,37,5*41,1763493785861
NMEA,$GNGSA,A,3,03,04,07,08,09,16,20,21,27,30,,,0.7,0.4,0.5,1*36,1763493785877
NMEA,$PSSGR,GSA,A,3,03,04,08,09,21,27,30,,,,,,0.7,0.4,0.5,1,8*40,1763493785877
NMEA,$GNGSA,A,3,65,72,75,76,,,,,,,,,0.7,0.4,0.5,2*31,1763493785877
NMEA,$GNGSA,A,3,02,03,05,08,13,15,16,25,,,,,0.7,0.4,0.5,3*3F,1763493785877
NMEA,$PSSGR,GSA,A,3,302,303,305,308,313,316,325,,,,,,0.7,0.4,0.5,3,1*75,1763493785877
NMEA,$GNGSA,A,3,19,20,32,36,37,,,,,,,,0.7,0.4,0.5,4*38,1763493785877
NMEA,$PSSGR,GSA,A,3,219,220,232,236,237,,,,,,,,0.7,0.4,0.5,4,5*73,1763493785877
NMEA,$GNVTG,45.8,T,33.0,M,2.3,N,4.2,K,E*37,1763493785877
NMEA,$GNDTM,W84,,0000.000000,N,00000.000000,E,0.000,W84*41,1763493785877
NMEA,$GNRMC,192306.00,A,3725.885769,N,12209.316718,W,2.3,45.8,181125,12.8,E,E,V*49,1763493785877
NMEA,$GNGNS,192306.00,3725.885769,N,12209.316718,W,EEEEEE,27,0.4,22.0,-32.6,,,V*28,1763493785877
NMEA,$GNGGA,192306.00,3725.885769,N,12209.316718,W,6,12,0.4,22.0,M,-32.6,M,,*79,1763493785877
NMEA,$PSMSG,magcal=PASS,bluesky=0*00,1763493785886
NMEA,$GPGSV,4,1,13,03,20,173,42,04,55,098,40,06,05,259,42,07,52,278,44,1*66,1763493786860
NMEA,$GPGSV,4,2,13,08,16,127,44,09,75,352,42,11,04,296,44,16,36,051,42,1*6B,1763493786860
NMEA,$GPGSV,4,3,13,20,13,320,36,21,13,321,35,26,04,041,30,27,18,096,40,1*63,1763493786860
NMEA,$GPGSV,4,4,13,30,24,263,42,1*52,1763493786860
NMEA,$GPGSV,3,1,10,03,20,173,31,04,55,098,36,06,05,259,25,08,16,127,37,8*6D,1763493786860
NMEA,$GPGSV,3,2,10,09,75,352,31,11,04,296,39,21,13,321,38,26,04,041,25,8*6B,1763493786860
NMEA,$GPGSV,3,3,10,27,18,096,32,30,24,263,29,8*67,1763493786860
NMEA,$GLGSV,1,1,04,12,60,224,39,11,55,029,42,01,78,094,35,08,24,134,40,1*73,1763493786860
NMEA,$GAGSV,2,1,08,02,48,173,39,03,68,069,37,05,20,107,37,08,47,314,39,7*7D,1763493786860
NMEA,$GAGSV,2,2,08,13,13,278,36,15,07,229,35,16,35,051,37,25,55,074,36,7*7F,1763493786860
NMEA,$GAGSV,2,1,08,02,48,173,39,03,68,069,31,05,20,107,30,08,47,314,32,1*71,1763493786860
NMEA,$GAGSV,2,2,08,13,13,278,34,15,07,229,30,16,35,051,36,25,55,074,37,1*7E,1763493786860
NMEA,$GQGSV,1,1,01,03,02,297,24,1*5F,1763493786860
NMEA,$GQGSV,1,1,01,03,02,297,28,8*5A,1763493786860
NMEA,$GBGSV,2,1,05,19,53,313,38,20,73,158,38,32,17,143,39,36,16,231,38,3*75,1763493786860
NMEA,$GBGSV,2,2,05,37,50,047,40,3*47,1763493786860
NMEA,$GBGSV,2,1,05,19,53,313,25,20,73,158,29,32,17,143,29,36,16,231,28,5*7F,1763493786860
NMEA,$GBGSV,2,2,05,37,50,047,37,5*41,1763493786860
NMEA,$GNGSA,A,3,03,04,07,08,09,16,20,21,27,30,,,0.7,0.4,0.5,1*36,1763493786868
NMEA,$PSSGR,GSA,A,3,03,04,08,09,21,27,30,,,,,,0.7,0.4,0.5,1,8*40,1763493786868
NMEA,$GNGSA,A,3,65,72,75,76,,,,,,,,,0.7,0.4,0.5,2*31,1763493786868
NMEA,$GNGSA,A,3,02,03,05,08,13,15,16,25,,,,,0.7,0.4,0.5,3*3F,1763493786868
NMEA,$PSSGR,GSA,A,3,302,303,305,308,313,316,325,,,,,,0.7,0.4,0.5,3,1*75,1763493786868
NMEA,$GNGSA,A,3,19,20,32,36,37,,,,,,,,0.7,0.4,0.5,4*38,1763493786868
NMEA,$PSSGR,GSA,A,3,219,220,232,236,237,,,,,,,,0.7,0.4,0.5,4,5*73,1763493786868
NMEA,$GNVTG,48.6,T,35.8,M,2.3,N,4.2,K,E*3A,1763493786868
NMEA,$GNDTM,W84,,0000.000000,N,00000.000000,E,0.000,W84*41,1763493786868
NMEA,$GNRMC,192307.00,A,3725.886146,N,12209.316137,W,2.3,48.6,181125,12.8,E,E,V*48,1763493786868
NMEA,$GNGNS,192307.00,3725.886146,N,12209.316137,W,EEEEEE,27,0.4,22.3,-32.6,,,V*29,1763493786868
NMEA,$GNGGA,192307.00,3725.886146,N,12209.316137,W,6,12,0.4,22.3,M,-32.6,M,,*78,1763493786868
NMEA,$PSMSG,magcal=PASS,bluesky=0*00,1763493786873
NMEA,$GPGSV,4,1,13,03,20,173,42,04,55,098,39,06,05,259,41,07,52,278,45,1*6A,1763493787858
NMEA,$GPGSV,4,2,13,08,16,127,44,09,75,352,42,11,04,296,43,16,36,051,44,1*6A,1763493787858
NMEA,$GPGSV,4,3,13,20,13,320,35,21,13,321,35,26,04,041,28,27,18,096,40,1*69,1763493787858
NMEA,$GPGSV,4,4,13,30,24,263,43,1*53,1763493787858
NMEA,$GPGSV,3,1,10,03,20,173,31,04,55,098,38,06,05,259,28,08,16,127,35,8*6C,1763493787858
NMEA,$GPGSV,3,2,10,09,75,352,32,11,04,296,39,21,13,321,39,26,04,041,22,8*6E,1763493787858
NMEA,$GPGSV,3,3,10,27,18,096,27,30,24,263,30,8*6B,1763493787858
NMEA,$GLGSV,1,1,04,12,60,224,40,11,55,029,41,01,78,094,36,08,24,134,39,1*73,1763493787858
NMEA,$GAGSV,2,1,08,02,48,173,41,03,68,069,39,05,20,107,38,08,47,314,41,7*7C,1763493787858
NMEA,$GAGSV,2,2,08,13,13,278,39,15,07,229,37,16,35,051,40,25,55,074,40,7*73,1763493787858
NMEA,$GAGSV,2,1,08,02,48,173,37,03,68,069,31,05,20,107,27,08,47,314,32,1*79,1763493787858
NMEA,$GAGSV,2,2,08,13,13,278,32,15,07,229,21,16,35,051,37,25,55,074,37,1*79,1763493787858
NMEA,$GQGSV,1,1,01,03,02,297,24,1*5F,1763493787858
NMEA,$GQGSV,1,1,01,03,02,297,30,8*53,1763493787858
NMEA,$GBGSV,2,1,05,19,53,313,40,20,73,158,40,32,17,143,42,36,16,231,35,3*74,1763493787858
NMEA,$GBGSV,2,2,05,37,50,047,41,3*46,1763493787858
NMEA,$GBGSV,2,1,05,19,53,313,28,20,73,158,31,32,17,143,32,36,16,231,30,5*78,1763493787858
NMEA,$GBGSV,2,2,05,37,50,047,40,5*41,1763493787858
NMEA,$GNGSA,A,3,03,04,07,08,09,16,20,21,27,30,,,0.7,0.4,0.5,1*36,1763493787869
NMEA,$PSSGR,GSA,A,3,03,04,08,09,21,27,30,,,,,,0.7,0.4,0.5,1,8*40,1763493787869
NMEA,$GNGSA,A,3,65,72,75,76,,,,,,,,,0.7,0.4,0.5,2*31,1763493787869
NMEA,$GNGSA,A,3,02,03,05,08,13,15,16,25,,,,,0.7,0.4,0.5,3*3F,1763493787869
NMEA,$PSSGR,GSA,A,3,302,303,305,308,313,316,325,,,,,,0.7,0.4,0.5,3,1*75,1763493787869
NMEA,$GNGSA,A,3,19,20,32,36,37,,,,,,,,0.7,0.4,0.5,4*38,1763493787869
NMEA,$PSSGR,GSA,A,3,219,220,232,236,237,,,,,,,,0.7,0.4,0.5,4,5*73,1763493787869
NMEA,$GNVTG,48.4,T,35.6,M,2.4,N,4.4,K,E*37,1763493787869
NMEA,$GNDTM,W84,,0000.000000,N,00000.000000,E,0.000,W84*41,1763493787869
NMEA,$GNRMC,192308.00,A,3725.886560,N,12209.315493,W,2.4,48.4,181125,12.8,E,E,V*4A,1763493787869
NMEA,$GNGNS,192308.00,3725.886560,N,12209.315493,W,EEEEEE,27,0.4,22.2,-32.6,,,V*2F,1763493787869
NMEA,$GNGGA,192308.00,3725.886560,N,12209.315493,W,6,12,0.4,22.2,M,-32.6,M,,*7E,1763493787869
NMEA,$PSMSG,magcal=PASS,bluesky=0*00,1763493787874
NMEA,$GPGSV,4,1,13,03,20,173,42,04,55,098,40,06,05,259,42,07,52,278,45,1*67,1763493788856
NMEA,$GPGSV,4,2,13,08,16,127,44,09,75,352,41,11,04,296,44,16,36,051,43,1*69,1763493788856
NMEA,$GPGSV,4,3,13,20,13,320,36,21,13,321,35,26,04,041,28,27,18,096,39,1*64,1763493788856
NMEA,$GPGSV,4,4,13,30,24,263,44,1*54,1763493788856
NMEA,$GPGSV,3,1,10,03,20,173,31,04,55,098,40,06,05,259,27,08,16,127,36,8*6F,1763493788856
NMEA,$GPGSV,3,2,10,09,75,352,33,11,04,296,37,21,13,321,39,26,04,041,21,8*62,1763493788856
NMEA,$GPGSV,3,3,10,27,18,096,33,30,24,263,29,8*66,1763493788856
NMEA,$GLGSV,1,1,04,12,60,224,41,11,55,029,40,01,78,094,37,08,24,134,38,1*73,1763493788856
NMEA,$GAGSV,3,1,10,02,48,173,43,03,68,069,37,05,20,107,39,08,47,314,40,7*78,1763493788856
NMEA,$GAGSV,3,2,10,13,13,278,38,15,07,229,38,16,35,051,40,25,55,074,41,7*74,1763493788856
NMEA,$GAGSV,3,3,10,26,03,325,29,30,04,202,34,7*7A,1763493788856
NMEA,$GAGSV,2,1,08,02,48,173,38,03,68,069,30,05,20,107,29,08,47,314,34,1*7F,1763493788856
NMEA,$GAGSV,2,2,08,13,13,278,33,15,07,229,24,16,35,051,36,25,55,074,36,1*7D,1763493788856
NMEA,$GQGSV,1,1,01,03,02,297,24,1*5F,1763493788856
NMEA,$GQGSV,1,1,01,03,02,297,28,8*5A,1763493788856
NMEA,$GBGSV,2,1,07,37,50,047,40,36,16,231,37,32,17,143,42,23,02,049,29,1*70,1763493788856
NMEA,$GBGSV,2,2,07,22,02,319,29,20,73,158,43,19,53,313,42,1*47,1763493788856
NMEA,$GBGSV,2,1,05,19,53,313,41,20,73,158,41,32,17,143,42,36,16,231,35,3*74,1763493788856
NMEA,$GBGSV,2,2,05,37,50,047,41,3*46,1763493788856
NMEA,$GBGSV,2,1,06,19,53,313,26,20,73,158,32,22,02,319,34,32,17,143,33,5*78,1763493788856
NMEA,$GBGSV,2,2,06,36,16,231,29,37,50,047,39,5*75,1763493788856
NMEA,$GNGSA,A,3,03,04,07,08,09,16,20,21,27,30,,,0.6,0.4,0.5,1*37,1763493788869
NMEA,$PSSGR,GSA,A,3,03,04,08,09,21,27,30,,,,,,0.6,0.4,0.5,1,8*41,1763493788869
NMEA,$GNGSA,A,3,65,72,75,76,,,,,,,,,0.6,0.4,0.5,2*30,1763493788869
NMEA,$GNGSA,A,3,02,03,05,08,13,15,16,25,,,,,0.6,0.4,0.5,3*3E,1763493788869
NMEA,$PSSGR,GSA,A,3,302,303,305,308,313,316,325,,,,,,0.6,0.4,0.5,3,1*74,1763493788869
NMEA,$GNGSA,A,3,19,20,32,36,37,,,,,,,,0.6,0.4,0.5,4*39,1763493788869
NMEA,$PSSGR,GSA,A,3,219,220,232,236,237,,,,,,,,0.6,0.4,0.5,4,5*72,1763493788869
NMEA,$GNVTG,49.3,T,36.5,M,2.3,N,4.3,K,E*31,1763493788869
NMEA,$GNDTM,W84,,0000.000000,N,00000.000000,E,0.000,W84*41,1763493788869
NMEA,$GNRMC,192309.00,A,3725.886979,N,12209.314843,W,2.3,49.3,181125,12.8,E,E,V*4E,1763493788869
NMEA,$GNGNS,192309.00,3725.886979,N,12209.314843,W,EEEEEE,27,0.4,22.2,-32.6,,,V*2A,1763493788869
NMEA,$GNGGA,192309.00,3725.886979,N,12209.314843,W,6,12,0.4,22.2,M,-32.6,M,,*7B,1763493788869
NMEA,$PSMSG,magcal=PASS,bluesky=0*00,1763493788873
NMEA,$GPGSV,4,1,13,03,20,173,43,04,55,098,40,06,05,259,40,07,52,278,45,1*64,1763493789857
NMEA,$GPGSV,4,2,13,08,16,127,44,09,75,352,40,11,04,296,43,16,36,051,43,1*6F,1763493789857
NMEA,$GPGSV,4,3,13,20,13,320,35,21,13,321,33,26,04,041,30,27,18,096,39,1*68,1763493789857
NMEA,$GPGSV,4,4,13,30,24,263,42,1*52,1763493789857
NMEA,$GPGSV,3,1,10,03,20,173,32,04,55,098,39,06,05,259,30,08,16,127,33,8*61,1763493789857
NMEA,$GPGSV,3,2,10,09,75,352,32,11,04,296,34,21,13,321,40,26,04,041,21,8*6E,1763493789857
NMEA,$GPGSV,3,3,10,27,18,096,36,30,24,263,29,8*63,1763493789857
NMEA,$GLGSV,1,1,04,12,61,225,41,11,55,029,42,01,78,094,37,08,24,134,39,1*70,1763493789857
NMEA,$GAGSV,3,1,10,02,48,173,43,03,68,069,38,05,20,107,37,08,47,314,40,7*79,1763493789857
NMEA,$GAGSV,3,2,10,13,13,278,38,15,07,229,38,16,35,051,41,25,55,074,41,7*75,1763493789857
NMEA,$GAGSV,3,3,10,26,03,325,28,30,04,202,33,7*7C,1763493789857
NMEA,$GAGSV,2,1,08,02,48,173,35,03,68,069,32,05,20,107,26,08,47,314,33,1*78,1763493789857
NMEA,$GAGSV,2,2,08,13,13,278,32,15,07,229,32,16,35,051,37,25,55,074,37,1*7B,1763493789857
NMEA,$GQGSV,1,1,01,03,02,297,23,1*58,1763493789857
NMEA,$GQGSV,1,1,01,03,02,297,22,8*50,1763493789857
NMEA,$GBGSV,2,1,07,37,50,047,42,36,16,231,38,32,17,143,43,23,02,049,27,1*72,1763493789857
NMEA,$GBGSV,2,2,07,22,02,319,27,20,73,158,43,19,53,313,41,1*4A,1763493789857
NMEA,$GBGSV,2,1,05,19,53,313,39,20,73,158,43,32,17,143,42,36,16,231,40,3*7B,1763493789857
NMEA,$GBGSV,2,2,05,37,50,047,41,3*46,1763493789857
NMEA,$GBGSV,2,1,07,19,53,313,27,20,73,158,28,22,02,319,34,23,02,049,21,5*7F,1763493789857
NMEA,$GBGSV,2,2,07,32,17,143,33,36,16,231,29,37,50,047,40,5*4B,1763493789857
NMEA,$GNGSA,A,3,03,04,07,08,09,16,20,21,27,30,,,0.6,0.4,0.5,1*37,1763493789874
NMEA,$PSSGR,GSA,A,3,03,04,08,09,21,27,30,,,,,,0.6,0.4,0.5,1,8*41,1763493789874
NMEA,$GNGSA,A,3,65,72,75,76,,,,,,,,,0.6,0.4,0.5,2*30,1763493789874
NMEA,$GNGSA,A,3,02,03,05,08,13,15,16,25,,,,,0.6,0.4,0.5,3*3E,1763493789874
NMEA,$PSSGR,GSA,A,3,302,303,305,308,313,316,325,,,,,,0.6,0.4,0.5,3,1*74,1763493789874
NMEA,$GNGSA,A,3,19,20,32,36,37,,,,,,,,0.6,0.4,0.5,4*39,1763493789874
NMEA,$PSSGR,GSA,A,3,219,220,232,236,237,,,,,,,,0.6,0.4,0.5,4,5*72,1763493789874
NMEA,$GNVTG,47.5,T,34.7,M,2.4,N,4.4,K,E*39,1763493789874
NMEA,$GNDTM,W84,,0000.000000,N,00000.000000,E,0.000,W84*41,1763493789874
NMEA,$GNRMC,192310.00,A,3725.887463,N,12209.314171,W,2.4,47.5,181125,12.8,E,E,V*46,1763493789874
NMEA,$GNGNS,192310.00,3725.887463,N,12209.314171,W,EEEEEE,27,0.4,22.1,-32.6,,,V*2E,1763493789874
NMEA,$GNGGA,192310.00,3725.887463,N,12209.314171,W,6,12,0.4,22.1,M,-32.6,M,,*7F,1763493789874
NMEA,$PSMSG,magcal=PASS,bluesky=0*00,1763493789878
NMEA,$GPGSV,4,1,13,03,20,173,43,04,55,098,39,06,05,259,41,07,52,278,46,1*68,1763493790861
NMEA,$GPGSV,4,2,13,08,16,127,43,09,75,352,39,11,04,296,44,16,36,051,42,1*60,1763493790861
NMEA,$GPGSV,4,3,13,20,13,320,37,21,13,321,34,26,04,041,30,27,18,096,36,1*62,1763493790861
NMEA,$GPGSV,4,4,13,30,24,263,42,1*52,1763493790861
NMEA,$GPGSV,3,1,10,03,20,173,32,04,55,098,39,06,05,259,32,08,16,127,30,8*60,1763493790861
NMEA,$GPGSV,3,2,10,09,75,352,29,11,04,296,33,21,13,321,40,26,04,041,21,8*63,1763493790861
NMEA,$GPGSV,3,3,10,27,18,096,34,30,24,263,28,8*60,1763493790861
NMEA,$GLGSV,1,1,04,12,61,225,40,11,55,029,43,01,78,094,36,08,24,134,39,1*71,1763493790861
NMEA,$GAGSV,3,1,10,02,48,173,38,03,68,069,39,05,20,107,38,08,47,314,40,7*7B,1763493790861
NMEA,$GAGSV,3,2,10,13,13,278,38,15,07,229,38,16,35,051,40,25,55,074,38,7*7A,1763493790861
NMEA,$GAGSV,3,3,10,26,03,325,25,30,04,202,34,7*76,1763493790861
NMEA,$GAGSV,2,1,08,02,48,173,37,03,68,069,33,05,20,107,31,08,47,314,35,1*7B,1763493790861
NMEA,$GAGSV,2,2,08,13,13,278,33,15,07,229,29,16,35,051,37,25,55,074,36,1*71,1763493790861
NMEA,$GQGSV,1,1,01,03,02,297,23,1*58,1763493790861
NMEA,$GQGSV,1,1,01,03,02,297,23,8*51,1763493790861
NMEA,$GBGSV,2,1,07,37,50,047,43,36,16,231,36,32,17,143,42,23,02,049,25,1*7E,1763493790861
NMEA,$GBGSV,2,2,07,22,02,319,24,20,73,158,43,19,53,313,42,1*4A,1763493790861
NMEA,$GBGSV,2,1,05,19,53,313,40,20,73,158,43,32,17,143,42,36,16,231,39,3*7B,1763493790861
NMEA,$GBGSV,2,2,05,37,50,047,41,3*46,1763493790861
NMEA,$GBGSV,2,1,07,19,53,313,27,20,73,158,30,22,02,319,34,23,02,049,21,5*76,1763493790861
NMEA,$GBGSV,2,2,07,32,17,143,33,36,16,231,29,37,50,047,41,5*4A,1763493790861
NMEA,$GNGSA,A,3,03,04,07,08,09,16,20,21,27,30,,,0.6,0.4,0.5,1*37,1763493790891
NMEA,$PSSGR,GSA,A,3,03,04,08,09,21,27,30,,,,,,0.6,0.4,0.5,1,8*41,1763493790891
NMEA,$GNGSA,A,3,65,72,75,76,,,,,,,,,0.6,0.4,0.5,2*30,1763493790891
NMEA,$GNGSA,A,3,02,03,05,08,13,15,16,25,,,,,0.6,0.4,0.5,3*3E,1763493790891
NMEA,$PSSGR,GSA,A,3,302,303,305,308,313,316,325,,,,,,0.6,0.4,0.5,3,1*74,1763493790891
NMEA,$GNGSA,A,3,19,20,32,36,37,,,,,,,,0.6,0.4,0.5,4*39,1763493790891
NMEA,$PSSGR,GSA,A,3,219,220,232,236,237,,,,,,,,0.6,0.4,0.5,4,5*72,1763493790891
NMEA,$GNVTG,48.3,T,35.5,M,2.3,N,4.2,K,E*32,1763493790891
NMEA,$GNDTM,W84,,0000.000000,N,00000.000000,E,0.000,W84*41,1763493790891
NMEA,$GNRMC,192311.00,A,3725.887905,N,12209.313527,W,2.3,48.3,181125,12.8,E,E,V*44,1763493790891
NMEA,$GNGNS,192311.00,3725.887905,N,12209.313527,W,EEEEEE,27,0.4,22.2,-32.6,,,V*21,1763493790891
NMEA,$GNGGA,192311.00,3725.887905,N,12209.313527,W,6,12,0.4,22.2,M,-32.6,M,,*70,1763493790891
NMEA,$PSMSG,magcal=PASS,bluesky=0*00,1763493790894
NMEA,$GPGSV,4,1,13,03,20,173,43,04,55,098,40,06,05,259,42,07,52,278,46,1*65,1763493791860
NMEA,$GPGSV,4,2,13,08,16,127,45,09,75,352,40,11,04,296,43,16,36,051,42,1*6F,1763493791860
NMEA,$GPGSV,4,3,13,20,13,320,35,21,13,321,32,26,04,041,30,27,18,096,38,1*68,1763493791860
NMEA,$GPGSV,4,4,13,30,24,263,41,1*51,1763493791860
NMEA,$GPGSV,3,1,10,03,20,173,30,04,55,098,39,06,05,259,32,08,16,127,35,8*67,1763493791860
NMEA,$GPGSV,3,2,10,09,75,352,28,11,04,296,33,21,13,321,38,26,04,041,21,8*6D,1763493791860
NMEA,$GPGSV,3,3,10,27,18,096,34,30,24,263,30,8*69,1763493791860
NMEA,$GLGSV,1,1,04,12,61,225,41,11,55,029,42,01,78,094,36,08,24,134,39,1*71,1763493791860
NMEA,$GAGSV,3,1,10,02,48,173,38,03,68,069,39,05,20,107,37,08,47,314,39,7*7A,1763493791860
NMEA,$GAGSV,3,2,10,13,13,278,38,15,07,229,38,16,35,051,39,25,55,074,38,7*74,1763493791860
NMEA,$GAGSV,3,3,10,26,03,325,26,30,04,202,34,7*75,1763493791860
NMEA,$GAGSV,2,1,08,02,48,173,37,03,68,069,34,05,20,107,26,08,47,314,33,1*7C,1763493791860
NMEA,$GAGSV,2,2,08,13,13,278,34,15,07,229,28,16,35,051,37,25,55,074,37,1*76,1763493791860
NMEA,$GQGSV,1,1,01,03,02,297,23,1*58,1763493791860
NMEA,$GQGSV,1,1,01,03,02,297,24,8*56,1763493791860
NMEA,$GBGSV,2,1,07,37,50,047,42,36,16,231,39,32,17,143,43,23,02,049,25,1*71,1763493791860
NMEA,$GBGSV,2,2,07,22,02,319,26,20,73,158,42,19,53,313,42,1*49,1763493791860
NMEA,$GBGSV,2,1,05,19,53,313,41,20,73,158,41,32,17,143,42,36,16,231,41,3*77,1763493791860
NMEA,$GBGSV,2,2,05,37,50,047,41,3*46,1763493791860
NMEA,$GBGSV,2,1,07,19,53,313,26,20,73,158,29,22,02,319,30,23,02,049,21,5*7B,1763493791860
NMEA,$GBGSV,2,2,07,32,17,143,31,36,16,231,31,37,50,047,40,5*40,1763493791860
NMEA,$GNGSA,A,3,03,04,07,08,09,16,20,21,27,30,,,0.6,0.4,0.5,1*37,1763493791879
NMEA,$PSSGR,GSA,A,3,03,04,08,09,21,27,30,,,,,,0.6,0.4,0.5,1,8*41,1763493791879
NMEA,$GNGSA,A,3,65,72,75,76,,,,,,,,,0.6,0.4,0.5,2*30,1763493791879
NMEA,$GNGSA,A,3,02,03,05,08,13,15,16,25,,,,,0.6,0.4,0.5,3*3E,1763493791879
NMEA,$PSSGR,GSA,A,3,302,303,305,308,313,316,325,,,,,,0.6,0.4,0.5,3,1*74,1763493791879
NMEA,$GNGSA,A,3,19,20,32,36,37,,,,,,,,0.6,0.4,0.5,4*39,1763493791879
NMEA,$PSSGR,GSA,A,3,219,220,232,236,237,,,,,,,,0.6,0.4,0.5,4,5*72,1763493791879
NMEA,$GNVTG,48.4,T,35.6,M,2.3,N,4.2,K,E*36,1763493791879
NMEA,$GNDTM,W84,,0000.000000,N,00000.000000,E,0.000,W84*41,1763493791879
NMEA,$GNRMC,192312.00,A,3725.888338,N,12209.312932,W,2.3,48.4,181125,12.8,E,E,V*42,1763493791879
NMEA,$GNGNS,192312.00,3725.888338,N,12209.312932,W,EEEEEE,27,0.4,22.0,-32.6,,,V*22,1763493791879
NMEA,$GNGGA,192312.00,3725.888338,N,12209.312932,W,6,12,0.4,22.0,M,-32.6,M,,*73,1763493791879
NMEA,$PSMSG,magcal=PASS,bluesky=0*00,1763493791885
NMEA,$GPGSV,4,1,13,03,20,173,43,04,55,098,39,06,05,259,41,07,52,278,46,1*68,1763493792859
NMEA,$GPGSV,4,2,13,08,16,127,44,09,75,352,42,11,04,296,43,16,36,051,39,1*60,1763493792859
NMEA,$GPGSV,4,3,13,20,13,320,28,21,13,321,32,26,04,041,27,27,18,096,42,1*6F,1763493792859
NMEA,$GPGSV,4,4,13,30,24,263,41,1*51,1763493792859
NMEA,$GPGSV,3,1,10,03,20,173,31,04,55,098,39,06,05,259,30,08,16,127,34,8*65,1763493792859
NMEA,$GPGSV,3,2,10,09,75,352,32,11,04,296,35,21,13,321,37,26,04,041,21,8*6F,1763493792859
NMEA,$GPGSV,3,3,10,27,18,096,28,30,24,263,30,8*64,1763493792859
NMEA,$GLGSV,1,1,04,12,61,225,43,11,55,029,43,01,78,094,35,08,24,134,40,1*7F,1763493792859
NMEA,$GAGSV,3,1,10,02,48,173,40,03,68,069,38,05,20,107,38,08,47,314,41,7*74,1763493792859
NMEA,$GAGSV,3,2,10,13,13,278,39,15,07,229,39,16,35,051,37,25,55,074,38,7*7A,1763493792859
NMEA,$GAGSV,3,3,10,26,03,325,30,30,04,202,36,7*70,1763493792859
NMEA,$GAGSV,2,1,08,02,48,173,36,03,68,069,32,05,20,107,26,08,47,314,33,1*7B,1763493792859
NMEA,$GAGSV,2,2,08,13,13,278,33,15,07,229,28,16,35,051,38,25,55,074,39,1*70,1763493792859
NMEA,$GQGSV,1,1,01,03,02,297,23,1*58,1763493792859
NMEA,$GQGSV,1,1,01,03,02,297,28,8*5A,1763493792859
NMEA,$GBGSV,2,1,07,37,50,047,43,36,16,231,40,32,17,143,43,23,02,049,27,1*7C,1763493792859
NMEA,$GBGSV,2,2,07,22,02,319,24,20,73,158,42,19,53,313,42,1*4B,1763493792859
NMEA,$GBGSV,2,1,05,19,53,313,41,20,73,158,41,32,17,143,42,36,16,231,42,3*74,1763493792859
NMEA,$GBGSV,2,2,05,37,50,047,39,3*49,1763493792859
NMEA,$GBGSV,2,1,07,19,53,313,26,20,73,158,29,22,02,319,30,23,02,049,21,5*7B,1763493792859
NMEA,$GBGSV,2,2,07,32,17,143,32,36,16,231,31,37,50,047,39,5*4D,1763493792859
NMEA,$GNGSA,A,3,03,04,07,08,09,16,20,21,27,30,,,0.6,0.4,0.5,1*37,1763493792882
NMEA,$PSSGR,GSA,A,3,03,04,08,09,21,27,30,,,,,,0.6,0.4,0.5,1,8*41,1763493792882
NMEA,$GNGSA,A,3,65,72,75,76,,,,,,,,,0.6,0.4,0.5,2*30,1763493792882
NMEA,$GNGSA,A,3,02,03,05,08,13,15,16,25,,,,,0.6,0.4,0.5,3*3E,1763493792882
NMEA,$PSSGR,GSA,A,3,302,303,305,308,313,316,325,,,,,,0.6,0.4,0.5,3,1*74,1763493792882
NMEA,$GNGSA,A,3,19,20,32,36,37,,,,,,,,0.6,0.4,0.5,4*39,1763493792882
NMEA,$PSSGR,GSA,A,3,219,220,232,236,237,,,,,,,,0.6,0.4,0.5,4,5*72,1763493792882
NMEA,$GNVTG,47.4,T,34.6,M,2.4,N,4.5,K,E*38,1763493792882
NMEA,$GNDTM,W84,,0000.000000,N,00000.000000,E,0.000,W84*41,1763493792882
NMEA,$GNRMC,192313.00,A,3725.888806,N,12209.312332,W,2.4,47.4,181125,12.8,E,E,V*47,1763493792882
NMEA,$GNGNS,192313.00,3725.888806,N,12209.312332,W,EEEEEE,27,0.4,22.0,-32.6,,,V*2F,1763493792882
NMEA,$GNGGA,192313.00,3725.888806,N,12209.312332,W,6,12,0.4,22.0,M,-32.6,M,,*7E,1763493792882
NMEA,$PSMSG,magcal=PASS,bluesky=0*00,1763493792890
NMEA,$GPGSV,4,1,13,03,20,173,43,04,55,098,39,06,05,259,40,07,52,278,46,1*69,1763493793858
NMEA,$GPGSV,4,2,13,08,16,127,44,09,75,352,42,11,04,296,43,16,36,051,36,1*6F,1763493793858
NMEA,$GPGSV,4,3,13,20,13,320,29,21,13,321,31,26,04,041,27,27,18,096,39,1*61,1763493793858
NMEA,$GPGSV,4,4,13,30,24,263,42,1*52,1763493793858
NMEA,$GPGSV,3,1,10,03,20,173,29,04,55,098,37,06,05,259,27,08,16,127,35,8*65,1763493793858
NMEA,$GPGSV,3,2,10,09,75,352,33,11,04,296,35,21,13,321,37,26,04,041,21,8*6E,1763493793858
NMEA,$GPGSV,3,3,10,27,18,096,31,30,24,263,28,8*65,1763493793858
NMEA,$GLGSV,1,1,04,12,61,225,41,11,55,029,44,01,78,094,35,08,24,134,37,1*7A,1763493793858
NMEA,$GAGSV,3,1,10,02,48,173,42,03,68,069,38,05,20,107,39,08,47,314,38,7*79,1763493793858
NMEA,$GAGSV,3,2,10,13,13,278,37,15,07,229,38,16,35,051,35,25,55,074,37,7*78,1763493793858
NMEA,$GAGSV,3,3,10,26,03,325,28,30,04,202,35,7*7A,1763493793858
NMEA,$GAGSV,2,1,08,02,48,173,37,03,68,069,28,05,20,107,27,08,47,314,32,1*71,1763493793858
NMEA,$GAGSV,2,2,08,13,13,278,33,15,07,229,29,16,35,051,38,25,55,074,38,1*70,1763493793858
NMEA,$GQGSV,1,1,01,03,02,297,19,1*51,1763493793858
NMEA,$GQGSV,1,1,01,03,02,297,29,8*5B,1763493793858
NMEA,$GBGSV,2,1,07,37,50,047,44,36,16,231,40,32,17,143,41,23,02,049,27,1*79,1763493793858
NMEA,$GBGSV,2,2,07,22,02,319,24,20,73,158,43,19,53,313,40,1*48,1763493793858
NMEA,$GBGSV,2,1,05,19,53,313,38,20,73,158,41,32,17,143,42,36,16,231,42,3*7A,1763493793858
NMEA,$GBGSV,2,2,05,37,50,047,38,3*48,1763493793858
NMEA,$GBGSV,2,1,07,19,53,313,27,20,73,158,31,22,02,319,23,23,02,049,21,5*71,1763493793858
NMEA,$GBGSV,2,2,07,32,17,143,31,36,16,231,30,37,50,047,38,5*4E,1763493793858
NMEA,$GNGSA,A,3,03,04,07,08,09,16,20,21,27,30,,,0.6,0.4,0.5,1*37,1763493793872
NMEA,$PSSGR,GSA,A,3,03,04,08,09,21,27,30,,,,,,0.6,0.4,0.5,1,8*41,1763493793872
NMEA,$GNGSA,A,3,65,72,75,76,,,,,,,,,0.6,0.4,0.5,2*30,1763493793872
NMEA,$GNGSA,A,3,02,03,05,08,13,15,16,25,,,,,0.6,0.4,0.5,3*3E,1763493793872
NMEA,$PSSGR,GSA,A,3,302,303,305,308,313,316,325,,,,,,0.6,0.4,0.5,3,1*74,1763493793872
NMEA,$GNGSA,A,3,19,20,32,36,37,,,,,,,,0.6,0.4,0.5,4*39,1763493793872
NMEA,$PSSGR,GSA,A,3,219,220,232,236,237,,,,,,,,0.6,0.4,0.5,4,5*72,1763493793872
NMEA,$GNVTG,49.5,T,36.7,M,2.5,N,4.6,K,E*36,1763493793872
NMEA,$GNDTM,W84,,0000.000000,N,00000.000000,E,0.000,W84*41,1763493793872
NMEA,$GNRMC,192314.00,A,3725.889305,N,12209.311637,W,2.5,49.5,181125,12.8,E,E,V*44,1763493793872
NMEA,$GNGNS,192314.00,3725.889305,N,12209.311637,W,EEEEEE,27,0.4,21.8,-32.6,,,V*29,1763493793872
NMEA,$GNGGA,192314.00,3725.889305,N,12209.311637,W,6,12,0.4,21.8,M,-32.6,M,,*78,1763493793872
NMEA,$PSMSG,magcal=PASS,bluesky=0*00,1763493793876
NMEA,$GPGSV,4,1,13,03,20,173,43,04,55,098,40,06,05,259,42,07,52,278,44,1*67,1763493794859
NMEA,$GPGSV,4,2,13,08,16,127,44,09,75,352,44,11,04,296,39,16,36,051,38,1*6A,1763493794859
NMEA,$GPGSV,4,3,13,20,13,320,33,21,13,321,34,26,04,041,27,27,18,096,39,1*6F,1763493794859
NMEA,$GPGSV,4,4,13,30,24,263,42,1*52,1763493794859
NMEA,$GPGSV,3,1,10,03,20,173,28,04,55,098,38,06,05,259,25,08,16,127,36,8*6A,1763493794859
NMEA,$GPGSV,3,2,10,09,75,352,34,11,04,296,29,21,13,321,41,26,04,041,18,8*6F,1763493794859
NMEA,$GPGSV,3,3,10,27,18,096,30,30,24,263,29,8*65,1763493794859
NMEA,$GLGSV,1,1,04,12,61,225,42,11,55,029,44,01,78,094,35,08,24,134,40,1*79,1763493794859
NMEA,$GAGSV,3,1,10,02,48,173,43,03,68,069,40,05,20,107,39,08,47,314,42,7*7A,1763493794859
NMEA,$GAGSV,3,2,10,13,13,278,37,15,07,229,39,16,35,051,37,25,55,074,39,7*75,1763493794859
NMEA,$GAGSV,3,3,10,26,03,325,31,30,04,202,34,7*73,1763493794859
NMEA,$GAGSV,2,1,08,02,48,173,36,03,68,069,31,05,20,107,27,08,47,314,34,1*7E,1763493794859
NMEA,$GAGSV,2,2,08,13,13,278,32,15,07,229,27,16,35,051,37,25,55,074,38,1*70,1763493794859
NMEA,$GQGSV,1,1,01,03,02,297,19,1*51,1763493794859
NMEA,$GQGSV,1,1,01,03,02,297,23,8*51,1763493794859
NMEA,$GBGSV,2,1,07,37,50,047,43,36,16,231,41,32,17,143,42,23,02,049,27,1*7C,1763493794859
NMEA,$GBGSV,2,2,07,22,02,319,24,20,73,158,44,19,53,313,41,1*4E,1763493794859
NMEA,$GBGSV,2,1,05,19,53,313,40,20,73,158,41,32,17,143,41,36,16,231,39,3*7A,1763493794859
NMEA,$GBGSV,2,2,05,37,50,047,37,3*47,1763493794859
NMEA,$GBGSV,2,1,07,19,53,313,29,20,73,158,30,22,02,319,32,23,02,049,18,5*74,1763493794859
NMEA,$GBGSV,2,2,07,32,17,143,30,36,16,231,30,37,50,047,40,5*40,1763493794859
NMEA,$GNGSA,A,3,03,04,07,08,09,16,20,21,27,30,,,0.6,0.4,0.5,1*37,1763493794871
NMEA,$PSSGR,GSA,A,3,03,04,08,09,21,27,30,,,,,,0.6,0.4,0.5,1,8*41,1763493794871
NMEA,$GNGSA,A,3,65,72,75,76,,,,,,,,,0.6,0.4,0.5,2*30,1763493794871
NMEA,$GNGSA,A,3,02,03,05,08,13,15,16,25,,,,,0.6,0.4,0.5,3*3E,1763493794871
NMEA,$PSSGR,GSA,A,3,302,303,305,308,313,316,325,,,,,,0.6,0.4,0.5,3,1*74,1763493794871
NMEA,$GNGSA,A,3,19,20,32,36,37,,,,,,,,0.6,0.4,0.5,4*39,1763493794871
NMEA,$PSSGR,GSA,A,3,219,220,232,236,237,,,,,,,,0.6,0.4,0.5,4,5*72,1763493794871
NMEA,$GNVTG,46.9,T,34.1,M,2.3,N,4.2,K,E*33,1763493794871
NMEA,$GNDTM,W84,,0000.000000,N,00000.000000,E,0.000,W84*41,1763493794871
NMEA,$GNRMC,192315.00,A,3725.889789,N,12209.311059,W,2.3,46.9,181125,12.8,E,E,V*4E,1763493794871
NMEA,$GNGNS,192315.00,3725.889789,N,12209.311059,W,EEEEEE,27,0.4,21.8,-32.6,,,V*26,1763493794871
NMEA,$GNGGA,192315.00,3725.889789,N,12209.311059,W,6,12,0.4,21.8,M,-32.6,M,,*77,1763493794871
NMEA,$PSMSG,magcal=PASS,bluesky=0*00,1763493794875
NMEA,$GPGSV,4,1,13,03,20,173,42,04,55,098,39,06,05,259,42,07,52,278,43,1*6F,1763493795860
NMEA,$GPGSV,4,2,13,08,16,127,44,09,75,352,44,11,04,296,40,16,36,051,37,1*6B,1763493795860
NMEA,$GPGSV,4,3,13,20,13,320,34,21,13,321,34,26,04,041,23,27,18,096,40,1*62,1763493795860
NMEA,$GPGSV,4,4,13,30,24,263,42,1*52,1763493795860
NMEA,$GPGSV,3,1,10,03,20,173,29,04,55,098,37,06,05,259,25,08,16,127,35,8*67,1763493795860
NMEA,$GPGSV,3,2,10,09,75,352,32,11,04,296,32,21,13,321,39,26,04,041,28,8*6F,1763493795860
NMEA,$GPGSV,3,3,10,27,18,096,32,30,24,263,31,8*6E,1763493795860
NMEA,$GLGSV,1,1,04,12,61,225,42,11,55,029,44,01,78,094,34,08,24,134,35,1*7A,1763493795860
NMEA,$GAGSV,3,1,10,02,48,173,43,03,68,069,40,05,20,107,39,08,47,314,39,7*76,1763493795860
NMEA,$GAGSV,3,2,10,13,13,278,37,15,07,229,40,16,35,051,37,25,55,074,39,7*7B,1763493795860
NMEA,$GAGSV,3,3,10,26,03,325,26,30,04,202,35,7*74,1763493795860
NMEA,$GAGSV,2,1,08,02,48,173,38,03,68,069,33,05,20,107,28,08,47,314,35,1*7C,1763493795860
NMEA,$GAGSV,2,2,08,13,13,278,34,15,07,229,28,16,35,051,35,25,55,074,36,1*75,1763493795860
NMEA,$GQGSV,1,1,01,03,02,297,19,1*51,1763493795860
NMEA,$GQGSV,1,1,01,03,02,297,26,8*54,1763493795860
NMEA,$GBGSV,2,1,06,37,50,047,43,36,16,231,40,32,17,143,41,22,02,319,24,1*7B,1763493795860
NMEA,$GBGSV,2,2,06,20,73,158,44,19,53,313,42,1*73,1763493795860
NMEA,$GBGSV,2,1,05,19,53,313,40,20,73,158,41,32,17,143,41,36,16,231,37,3*74,1763493795860
NMEA,$GBGSV,2,2,05,37,50,047,40,3*47,1763493795860
NMEA,$GBGSV,2,1,07,19,53,313,30,20,73,158,31,22,02,319,35,23,02,049,18,5*7A,1763493795860
NMEA,$GBGSV,2,2,07,32,17,143,30,36,16,231,30,37,50,047,40,5*40,1763493795860
NMEA,$GNGSA,A,3,03,04,07,08,09,16,20,21,27,30,,,0.6,0.4,0.5,1*37,1763493795873
NMEA,$PSSGR,GSA,A,3,03,04,08,09,21,27,30,,,,,,0.6,0.4,0.5,1,8*41,1763493795873
NMEA,$GNGSA,A,3,65,72,75,76,,,,,,,,,0.6,0.4,0.5,2*30,1763493795873
NMEA,$GNGSA,A,3,02,03,05,08,13,15,16,25,,,,,0.6,0.4,0.5,3*3E,1763493795873
NMEA,$PSSGR,GSA,A,3,302,303,305,308,313,316,325,,,,,,0.6,0.4,0.5,3,1*74,1763493795873
NMEA,$GNGSA,A,3,19,20,32,36,37,,,,,,,,0.6,0.4,0.5,4*39,1763493795873
NMEA,$PSSGR,GSA,A,3,219,220,232,236,237,,,,,,,,0.6,0.4,0.5,4,5*72,1763493795873
NMEA,$GNVTG,49.0,T,36.2,M,2.4,N,4.5,K,E*34,1763493795873
NMEA,$GNDTM,W84,,0000.000000,N,00000.000000,E,0.000,W84*41,1763493795873
NMEA,$GNRMC,192316.00,A,3725.890254,N,12209.310460,W,2.4,49.0,181125,12.8,E,E,V*4E,1763493795873
NMEA,$GNGNS,192316.00,3725.890254,N,12209.310460,W,EEEEEE,27,0.4,21.8,-32.6,,,V*27,1763493795873
NMEA,$GNGGA,192316.00,3725.890254,N,12209.310460,W,6,12,0.4,21.8,M,-32.6,M,,*76,1763493795873
NMEA,$PSMSG,magcal=PASS,bluesky=0*00,1763493795877
NMEA,$GPGSV,4,1,13,03,20,173,43,04,55,098,40,06,05,259,42,07,52,278,42,1*61,1763493796857
NMEA,$GPGSV,4,2,13,08,16,127,43,09,75,352,43,11,04,296,40,16,36,051,37,1*6B,1763493796857
NMEA,$GPGSV,4,3,13,20,13,320,33,21,13,321,33,26,04,041,27,27,18,096,39,1*68,1763493796857
NMEA,$GPGSV,4,4,13,30,24,263,40,1*50,1763493796857
NMEA,$GPGSV,3,1,10,03,20,173,31,04,55,098,36,06,05,259,28,08,16,127,34,8*63,1763493796857
NMEA,$GPGSV,3,2,10,09,75,352,33,11,04,296,33,21,13,321,40,26,04,041,25,8*6C,1763493796857
NMEA,$GPGSV,3,3,10,27,18,096,30,30,24,263,32,8*6F,1763493796857
NMEA,$GLGSV,1,1,04,12,61,225,45,11,55,029,43,01,78,094,34,08,24,134,35,1*7A,1763493796857
NMEA,$GAGSV,3,1,10,02,48,173,41,03,68,069,40,05,20,107,39,08,47,314,41,7*7B,1763493796857
NMEA,$GAGSV,3,2,10,13,13,278,35,15,07,229,40,16,35,051,38,25,55,074,37,7*78,1763493796857
NMEA,$GAGSV,3,3,10,26,03,325,28,30,04,202,34,7*7B,1763493796857
NMEA,$GAGSV,2,1,08,02,48,173,37,03,68,069,32,05,20,107,27,08,47,314,35,1*7D,1763493796857
NMEA,$GAGSV,2,2,08,13,13,278,30,15,07,229,27,16,35,051,38,25,55,074,37,1*72,1763493796857
NMEA,$GQGSV,1,1,01,03,02,297,21,1*5A,1763493796857
NMEA,$GQGSV,1,1,01,03,02,297,29,8*5B,1763493796857
NMEA,$GBGSV,2,1,06,37,50,047,44,36,16,231,39,32,17,143,40,22,02,319,24,1*73,1763493796857
NMEA,$GBGSV,2,2,06,20,73,158,43,19,53,313,42,1*74,1763493796857
NMEA,$GBGSV,2,1,05,19,53,313,42,20,73,158,39,32,17,143,42,36,16,231,37,3*7A,1763493796857
NMEA,$GBGSV,2,2,05,37,50,047,39,3*49,1763493796857
NMEA,$GBGSV,2,1,07,19,53,313,30,20,73,158,30,22,02,319,36,23,02,049,18,5*78,1763493796857
NMEA,$GBGSV,2,2,07,32,17,143,33,36,16,231,31,37,50,047,40,5*42,1763493796857
NMEA,$GNGSA,A,3,03,04,07,08,09,16,20,21,27,30,,,0.6,0.4,0.5,1*37,1763493796863
NMEA,$PSSGR,GSA,A,3,03,04,08,09,21,27,30,,,,,,0.6,0.4,0.5,1,8*41,1763493796863
NMEA,$GNGSA,A,3,65,72,75,76,,,,,,,,,0.6,0.4,0.5,2*30,1763493796863
NMEA,$GNGSA,A,3,02,03,05,08,13,15,16,25,,,,,0.6,0.4,0.5,3*3E,1763493796863
NMEA,$PSSGR,GSA,A,3,302,303,305,308,313,316,325,,,,,,0.6,0.4,0.5,3,1*74,1763493796863
NMEA,$GNGSA,A,3,19,20,32,36,37,,,,,,,,0.6,0.4,0.5,4*39,1763493796863
NMEA,$PSSGR,GSA,A,3,219,220,232,236,237,,,,,,,,0.6,0.4,0.5,4,5*72,1763493796863
NMEA,$GNVTG,47.8,T,35.0,M,2.4,N,4.5,K,E*33,1763493796863
NMEA,$GNDTM,W84,,0000.000000,N,00000.000000,E,0.000,W84*41,1763493796863
NMEA,$GNRMC,192317.00,A,3725.890748,N,12209.309840,W,2.4,47.8,181125,12.8,E,E,V*47,1763493796863
NMEA,$GNGNS,192317.00,3725.890748,N,12209.309840,W,EEEEEE,27,0.4,21.8,-32.6,,,V*28,1763493796863
NMEA,$GNGGA,192317.00,3725.890748,N,12209.309840,W,6,12,0.4,21.8,M,-32.6,M,,*79,1763493796863
NMEA,$PSMSG,magcal=PASS,bluesky=0*00,1763493796867
NMEA,$GPGSV,4,1,13,03,20,173,39,04,55,098,40,06,05,259,42,07,52,278,42,1*6C,1763493797859
NMEA,$GPGSV,4,2,13,08,16,127,42,09,75,352,43,11,04,296,39,16,36,051,38,1*6B,1763493797859
NMEA,$GPGSV,4,3,13,20,13,320,34,21,13,321,33,26,04,041,27,27,18,096,39,1*6F,1763493797859
NMEA,$GPGSV,4,4,13,30,24,263,41,1*51,1763493797859
NMEA,$GPGSV,3,1,10,03,20,173,30,04,55,098,36,06,05,259,32,08,16,127,37,8*6A,1763493797859
NMEA,$GPGSV,3,2,10,09,75,352,31,11,04,296,32,21,13,321,40,26,04,041,22,8*68,1763493797859
NMEA,$GPGSV,3,3,10,27,18,096,32,30,24,263,30,8*6F,1763493797859
NMEA,$GLGSV,1,1,04,12,61,225,44,11,55,029,45,01,78,094,35,08,24,134,38,1*71,1763493797859
NMEA,$GAGSV,3,1,10,02,48,173,41,03,68,069,41,05,20,107,40,08,47,314,40,7*75,1763493797859
NMEA,$GAGSV,3,2,10,13,13,278,37,15,07,229,40,16,35,051,39,25,55,074,40,7*7B,1763493797859
NMEA,$GAGSV,3,3,10,26,03,325,28,30,04,202,34,7*7B,1763493797859
NMEA,$GAGSV,2,1,08,02,48,173,38,03,68,069,34,05,20,107,32,08,47,314,35,1*70,1763493797859
NMEA,$GAGSV,2,2,08,13,13,278,31,15,07,229,24,16,35,051,37,25,55,074,35,1*7D,1763493797859
NMEA,$GQGSV,1,1,01,03,02,297,22,1*59,1763493797859
NMEA,$GQGSV,1,1,01,03,02,297,29,8*5B,1763493797859
NMEA,$GBGSV,2,1,07,37,50,047,44,36,16,231,40,32,17,143,41,23,02,049,26,1*78,1763493797859
NMEA,$GBGSV,2,2,07,22,02,319,25,20,73,158,43,19,53,313,42,1*4B,1763493797859
NMEA,$GBGSV,2,1,05,19,53,313,42,20,73,158,39,32,17,143,41,36,16,231,39,3*77,1763493797859
NMEA,$GBGSV,2,2,05,37,50,047,36,3*46,1763493797859
NMEA,$GBGSV,2,1,07,19,53,313,28,20,73,158,30,22,02,319,34,23,02,049,18,5*73,1763493797859
NMEA,$GBGSV,2,2,07,32,17,143,27,36,16,231,29,37,50,047,39,5*40,1763493797859
NMEA,$GNGSA,A,3,03,04,07,08,09,16,20,21,27,30,,,0.6,0.4,0.5,1*37,1763493797874
NMEA,$PSSGR,GSA,A,3,03,04,08,09,21,27,30,,,,,,0.6,0.4,0.5,1,8*41,1763493797874
NMEA,$GNGSA,A,3,65,72,75,76,,,,,,,,,0.6,0.4,0.5,2*30,1763493797874
NMEA,$GNGSA,A,3,02,03,05,08,13,15,16,25,,,,,0.6,0.4,0.5,3*3E,1763493797874
NMEA,$PSSGR,GSA,A,3,302,303,305,308,313,316,325,,,,,,0.6,0.4,0.5,3,1*74,1763493797874
NMEA,$GNGSA,A,3,19,20,32,36,37,,,,,,,,0.6,0.4,0.5,4*39,1763493797874
NMEA,$PSSGR,GSA,A,3,219,220,232,236,237,,,,,,,,0.6,0.4,0.5,4,5*72,1763493797874
NMEA,$GNVTG,46.1,T,33.3,M,2.3,N,4.3,K,E*3F,1763493797874
NMEA,$GNDTM,W84,,0000.000000,N,00000.000000,E,0.000,W84*41,1763493797874
NMEA,$GNRMC,192318.00,A,3725.891202,N,12209.309239,W,2.3,46.1,181125,12.8,E,E,V*49,1763493797874
NMEA,$GNGNS,192318.00,3725.891202,N,12209.309239,W,EEEEEE,27,0.4,21.8,-32.6,,,V*29,1763493797874
NMEA,$GNGGA,192318.00,3725.891202,N,12209.309239,W,6,12,0.4,21.8,M,-32.6,M,,*78,1763493797874
NMEA,$PSMSG,magcal=PASS,bluesky=0*00,1763493797878
NMEA,$GPGSV,4,1,13,03,20,173,42,04,55,098,40,06,05,259,40,07,52,278,44,1*64,1763493798857
NMEA,$GPGSV,4,2,13,08,16,127,42,09,75,352,44,11,04,296,38,16,36,051,41,1*63,1763493798857
NMEA,$GPGSV,4,3,13,20,13,320,35,21,13,321,33,26,04,041,27,27,18,096,39,1*6E,1763493798857
NMEA,$GPGSV,4,4,13,30,24,263,37,1*50,1763493798857
NMEA,$GPGSV,3,1,10,03,20,173,32,04,55,098,36,06,05,259,29,08,16,127,35,8*60,1763493798857
NMEA,$GPGSV,3,2,10,09,75,352,33,11,04,296,35,21,13,321,40,26,04,041,22,8*6D,1763493798857
NMEA,$GPGSV,3,3,10,27,18,096,30,30,24,263,30,8*6D,1763493798857
NMEA,$GLGSV,1,1,04,12,61,225,43,11,55,029,42,01,78,094,34,08,24,134,38,1*70,1763493798857
NMEA,$GAGSV,3,1,10,02,48,173,42,03,68,069,41,05,20,107,40,08,47,314,40,7*76,1763493798857
NMEA,$GAGSV,3,2,10,13,13,278,38,15,07,229,40,16,35,051,40,25,55,074,37,7*7A,1763493798857
NMEA,$GAGSV,3,3,10,26,03,325,26,30,04,202,32,7*73,1763493798857
NMEA,$GAGSV,2,1,08,02,48,173,39,03,68,069,33,05,20,107,36,08,47,314,35,1*72,1763493798857
NMEA,$GAGSV,2,2,08,13,13,278,34,15,07,229,23,16,35,051,37,25,55,074,34,1*7E,1763493798857
NMEA,$GQGSV,1,1,01,03,02,297,23,1*58,1763493798857
NMEA,$GQGSV,1,1,01,03,02,297,25,8*57,1763493798857
NMEA,$GBGSV,2,1,07,37,50,047,44,36,16,231,39,32,17,143,40,23,02,049,26,1*77,1763493798857
NMEA,$GBGSV,2,2,07,22,02,319,25,20,73,158,43,19,53,313,43,1*4A,1763493798857
NMEA,$GBGSV,2,1,05,19,53,313,42,20,73,158,39,32,17,143,41,36,16,231,38,3*76,1763493798857
NMEA,$GBGSV,2,2,05,37,50,047,40,3*47,1763493798857
NMEA,$GBGSV,2,1,07,19,53,313,31,20,73,158,31,22,02,319,31,23,02,049,18,5*7F,1763493798857
NMEA,$GBGSV,2,2,07,32,17,143,29,36,16,231,28,37,50,047,39,5*4F,1763493798857
NMEA,$GNGSA,A,3,03,04,07,08,09,16,20,21,27,30,,,0.6,0.4,0.5,1*37,1763493798868
NMEA,$PSSGR,GSA,A,3,03,04,08,09,21,27,30,,,,,,0.6,0.4,0.5,1,8*41,1763493798868
NMEA,$GNGSA,A,3,65,72,75,76,,,,,,,,,0.6,0.4,0.5,2*30,1763493798868
NMEA,$GNGSA,A,3,02,03,05,08,13,15,16,25,,,,,0.6,0.4,0.5,3*3E,1763493798868
NMEA,$PSSGR,GSA,A,3,302,303,305,308,313,316,325,,,,,,0.6,0.4,0.5,3,1*74,1763493798868
NMEA,$GNGSA,A,3,19,20,32,36,37,,,,,,,,0.6,0.4,0.5,4*39,1763493798868
NMEA,$PSSGR,GSA,A,3,219,220,232,236,237,,,,,,,,0.6,0.4,0.5,4,5*72,1763493798868
NMEA,$GNVTG,45.1,T,32.3,M,2.3,N,4.3,K,E*3D,1763493798868
NMEA,$GNDTM,W84,,0000.000000,N,00000.000000,E,0.000,W84*41,1763493798868
NMEA,$GNRMC,192319.00,A,3725.891649,N,12209.308652,W,2.3,45.1,181125,12.8,E,E,V*48,1763493798868
NMEA,$GNGNS,192319.00,3725.891649,N,12209.308652,W,EEEEEE,27,0.4,21.9,-32.6,,,V*2A,1763493798868
NMEA,$GNGGA,192319.00,3725.891649,N,12209.308652,W,6,12,0.4,21.9,M,-32.6,M,,*7B,1763493798868
NMEA,$PSMSG,magcal=PASS,bluesky=0*00,1763493798874
NMEA,$GPGSV,4,1,13,03,20,173,44,04,55,098,39,06,05,259,39,07,52,278,44,1*62,1763493799856
NMEA,$GPGSV,4,2,13,08,16,127,43,09,75,352,43,11,04,296,37,16,36,051,39,1*65,1763493799856
NMEA,$GPGSV,4,3,13,20,13,320,36,21,13,321,36,26,04,041,27,27,18,096,42,1*64,1763493799856
NMEA,$GPGSV,4,4,13,30,24,263,38,1*5F,1763493799856
NMEA,$GPGSV,3,1,10,03,20,173,33,04,55,098,39,06,05,259,29,08,16,127,32,8*69,1763493799856
NMEA,$GPGSV,3,2,10,09,75,352,34,11,04,296,38,21,13,321,39,26,04,041,22,8*69,1763493799856
NMEA,$GPGSV,3,3,10,27,18,096,33,30,24,263,29,8*66,1763493799856
NMEA,$GLGSV,1,1,04,12,61,225,44,11,55,029,43,01,78,094,35,08,24,134,37,1*78,1763493799856
NMEA,$GAGSV,3,1,10,02,48,173,43,03,68,069,42,05,20,107,39,08,47,314,40,7*7A,1763493799856
NMEA,$GAGSV,3,2,10,13,13,278,36,15,07,229,41,16,35,051,38,25,55,074,38,7*75,1763493799856
NMEA,$GAGSV,3,3,10,26,03,325,28,30,04,202,35,7*7A,1763493799856
NMEA,$GAGSV,2,1,08,02,48,173,37,03,68,069,32,05,20,107,33,08,47,314,34,1*79,1763493799856
NMEA,$GAGSV,2,2,08,13,13,278,34,15,07,229,23,16,35,051,38,25,55,074,37,1*72,1763493799856
NMEA,$GQGSV,1,1,01,03,02,297,26,1*5D,1763493799856
NMEA,$GQGSV,1,1,01,03,02,297,23,8*51,1763493799856
NMEA,$GBGSV,2,1,06,37,50,047,44,36,16,231,42,32,17,143,40,22,02,319,24,1*7F,1763493799856
NMEA,$GBGSV,2,2,06,20,73,158,43,19,53,313,43,1*75,1763493799856
NMEA,$GBGSV,2,1,05,19,53,313,41,20,73,158,41,32,17,143,41,36,16,231,38,3*7A,1763493799856
NMEA,$GBGSV,2,2,05,37,50,047,40,3*47,1763493799856
NMEA,$GBGSV,2,1,07,19,53,313,30,20,73,158,32,22,02,319,32,23,02,049,18,5*7E,1763493799856
NMEA,$GBGSV,2,2,07,32,17,143,31,36,16,231,31,37,50,047,38,5*4F,1763493799856
NMEA,$GNGSA,A,3,03,04,07,08,09,16,20,21,27,30,,,0.6,0.4,0.5,1*37,1763493799870
NMEA,$PSSGR,GSA,A,3,03,04,08,09,21,27,30,,,,,,0.6,0.4,0.5,1,8*41,1763493799870
NMEA,$GNGSA,A,3,65,72,75,76,,,,,,,,,0.6,0.4,0.5,2*30,1763493799870
NMEA,$GNGSA,A,3,02,03,05,08,13,15,16,25,,,,,0.6,0.4,0.5,3*3E,1763493799870
NMEA,$PSSGR,GSA,A,3,302,303,305,308,313,316,325,,,,,,0.6,0.4,0.5,3,1*74,1763493799870
NMEA,$GNGSA,A,3,19,20,32,36,37,,,,,,,,0.6,0.4,0.5,4*39,1763493799870
NMEA,$PSSGR,GSA,A,3,219,220,232,236,237,,,,,,,,0.6,0.4,0.5,4,5*72,1763493799870
NMEA,$GNVTG,45.3,T,32.5,M,2.3,N,4.2,K,E*38,1763493799870
NMEA,$GNDTM,W84,,0000.000000,N,00000.000000,E,0.000,W84*41,1763493799870
NMEA,$GNRMC,192320.00,A,3725.892095,N,12209.308021,W,2.3,45.3,181125,12.8,E,E,V*46,1763493799870
NMEA,$GNGNS,192320.00,3725.892095,N,12209.308021,W,EEEEEE,27,0.4,21.9,-32.6,,,V*26,1763493799870
NMEA,$GNGGA,192320.00,3725.892095,N,12209.308021,W,6,12,0.4,21.9,M,-32.6,M,,*77,1763493799870
NMEA,$PSMSG,magcal=PASS,bluesky=0*00,1763493799878
NMEA,$GPGSV,4,1,13,03,20,173,44,04,55,098,40,06,05,259,38,07,52,278,44,1*6D,1763493800861
NMEA,$GPGSV,4,2,13,08,16,127,43,09,75,352,44,11,04,296,36,16,36,051,40,1*6D,1763493800861
NMEA,$GPGSV,4,3,13,20,13,320,35,21,13,321,35,26,04,041,29,27,18,096,43,1*6B,1763493800861
NMEA,$GPGSV,4,4,13,30,24,263,40,1*50,1763493800861
NMEA,$GPGSV,3,1,10,03,20,173,34,04,55,098,39,06,05,259,31,08,16,127,28,8*6C,1763493800861
NMEA,$GPGSV,3,2,10,09,75,352,33,11,04,296,34,21,13,321,40,26,04,041,24,8*6A,1763493800861
NMEA,$GPGSV,3,3,10,27,18,096,29,30,24,263,30,8*65,1763493800861
NMEA,$GLGSV,1,1,04,12,61,225,44,11,55,029,44,01,78,094,34,08,24,134,38,1*71,1763493800861
NMEA,$GAGSV,3,1,10,02,48,173,44,03,68,069,41,05,20,107,41,08,47,314,40,7*71,1763493800861
NMEA,$GAGSV,3,2,10,13,13,278,36,15,07,229,41,16,35,051,39,25,55,074,39,7*75,1763493800861
NMEA,$GAGSV,3,3,10,26,03,325,26,30,04,202,34,7*75,1763493800861
NMEA,$GAGSV,2,1,08,02,48,173,37,03,68,069,32,05,20,107,31,08,47,314,33,1*7C,1763493800861
NMEA,$GAGSV,2,2,08,13,13,278,34,15,07,229,23,16,35,051,38,25,55,074,35,1*70,1763493800861
NMEA,$GQGSV,1,1,01,03,02,297,24,1*5F,1763493800861
NMEA,$GQGSV,1,1,01,03,02,297,23,8*51,1763493800861
NMEA,$GBGSV,2,1,06,37,50,047,42,36,16,231,41,32,17,143,40,22,02,319,24,1*7A,1763493800861
NMEA,$GBGSV,2,2,06,20,73,158,44,19,53,313,43,1*72,1763493800861
NMEA,$GBGSV,2,1,05,19,53,313,40,20,73,158,40,32,17,143,41,36,16,231,36,3*74,1763493800861
NMEA,$GBGSV,2,2,05,37,50,047,38,3*48,1763493800861
NMEA,$GBGSV,2,1,07,19,53,313,30,20,73,158,32,22,02,319,31,23,02,049,18,5*7D,1763493800861
NMEA,$GBGSV,2,2,07,32,17,143,31,36,16,231,28,37,50,047,38,5*47,1763493800861
NMEA,$GNGSA,A,3,03,04,07,08,09,16,20,21,27,30,,,0.6,0.4,0.5,1*37,1763493800888
NMEA,$PSSGR,GSA,A,3,03,04,08,09,21,27,30,,,,,,0.6,0.4,0.5,1,8*41,1763493800888
NMEA,$GNGSA,A,3,65,72,75,76,,,,,,,,,0.6,0.4,0.5,2*30,1763493800888
NMEA,$GNGSA,A,3,02,03,05,08,13,15,16,25,,,,,0.6,0.4,0.5,3*3E,1763493800888
NMEA,$PSSGR,GSA,A,3,302,303,305,308,313,316,325,,,,,,0.6,0.4,0.5,3,1*74,1763493800888
NMEA,$GNGSA,A,3,19,20,32,36,37,,,,,,,,0.6,0.4,0.5,4*39,1763493800888
NMEA,$PSSGR,GSA,A,3,219,220,232,236,237,,,,,,,,0.6,0.4,0.5,4,5*72,1763493800888
NMEA,$GNVTG,48.1,T,35.3,M,2.2,N,4.1,K,E*34,1763493800888
NMEA,$GNDTM,W84,,0000.000000,N,00000.000000,E,0.000,W84*41,1763493800888
NMEA,$GNRMC,192321.00,A,3725.892505,N,12209.307402,W,2.2,48.1,181125,12.8,E,E,V*4F,1763493800888
NMEA,$GNGNS,192321.00,3725.892505,N,12209.307402,W,EEEEEE,27,0.4,21.9,-32.6,,,V*21,1763493800888
NMEA,$GNGGA,192321.00,3725.892505,N,12209.307402,W,6,12,0.4,21.9,M,-32.6,M,,*70,1763493800888
NMEA,$PSMSG,magcal=PASS,bluesky=0*00,1763493800899
NMEA,$GPGSV,4,1,13,03,20,173,44,04,55,098,41,06,05,259,39,07,52,278,42,1*6B,1763493801863
NMEA,$GPGSV,4,2,13,08,16,127,41,09,75,352,43,11,04,296,36,16,36,051,41,1*69,1763493801863
NMEA,$GPGSV,4,3,13,20,13,320,36,21,13,321,37,26,04,041,29,27,18,096,41,1*68,1763493801863
NMEA,$GPGSV,4,4,13,30,24,263,43,1*53,1763493801863
NMEA,$GPGSV,3,1,10,03,20,173,35,04,55,098,35,06,05,259,33,08,16,127,33,8*69,1763493801863
NMEA,$GPGSV,3,2,10,09,75,352,36,11,04,296,33,21,13,321,38,26,04,041,24,8*67,1763493801863
NMEA,$GPGSV,3,3,10,27,18,096,33,30,24,263,29,8*66,1763493801863
NMEA,$GLGSV,1,1,04,12,61,225,43,11,55,029,40,01,78,094,37,08,24,134,34,1*7D,1763493801863
NMEA,$GAGSV,3,1,10,02,48,173,40,03,68,069,40,05,20,107,41,08,47,314,40,7*74,1763493801863
NMEA,$GAGSV,3,2,10,13,13,278,37,15,07,229,41,16,35,051,41,25,55,074,39,7*7B,1763493801863
NMEA,$GAGSV,3,3,10,26,03,325,26,30,04,202,29,7*79,1763493801863
NMEA,$GAGSV,2,1,08,02,48,173,38,03,68,069,28,05,20,107,31,08,47,314,34,1*7F,1763493801863
NMEA,$GAGSV,2,2,08,13,13,278,35,15,07,229,26,16,35,051,34,25,55,074,34,1*79,1763493801863
NMEA,$GQGSV,1,1,01,03,02,297,24,1*5F,1763493801863
NMEA,$GQGSV,1,1,01,03,02,297,22,8*50,1763493801863
NMEA,$GBGSV,2,1,06,37,50,047,44,36,16,231,43,32,17,143,39,22,02,319,24,1*70,1763493801863
NMEA,$GBGSV,2,2,06,20,73,158,44,19,53,313,44,1*75,1763493801863
NMEA,$GBGSV,2,1,05,19,53,313,42,20,73,158,43,32,17,143,39,36,16,231,40,3*7B,1763493801863
NMEA,$GBGSV,2,2,05,37,50,047,40,3*47,1763493801863
NMEA,$GBGSV,2,1,07,19,53,313,32,20,73,158,35,22,02,319,36,23,02,049,17,5*70,1763493801863
NMEA,$GBGSV,2,2,07,32,17,143,32,36,16,231,28,37,50,047,38,5*44,1763493801863
NMEA,$GNGSA,A,3,03,04,07,08,09,16,20,21,27,30,,,0.6,0.4,0.5,1*37,1763493801883
NMEA,$PSSGR,GSA,A,3,03,04,08,09,21,27,30,,,,,,0.6,0.4,0.5,1,8*41,1763493801883
NMEA,$GNGSA,A,3,65,72,75,76,,,,,,,,,0.6,0.4,0.5,2*30,1763493801883
NMEA,$GNGSA,A,3,02,03,05,08,13,15,16,25,,,,,0.6,0.4,0.5,3*3E,1763493801883
NMEA,$PSSGR,GSA,A,3,302,303,305,308,313,316,325,,,,,,0.6,0.4,0.5,3,1*74,1763493801883
NMEA,$GNGSA,A,3,19,20,32,36,37,,,,,,,,0.6,0.4,0.5,4*39,1763493801883
NMEA,$PSSGR,GSA,A,3,219,220,232,236,237,,,,,,,,0.6,0.4,0.5,4,5*72,1763493801883
NMEA,$GNVTG,49.6,T,36.8,M,2.3,N,4.2,K,E*38,1763493801883
NMEA,$GNDTM,W84,,0000.000000,N,00000.000000,E,0.000,W84*41,1763493801883
NMEA,$GNRMC,192322.00,A,3725.892905,N,12209.306742,W,2.3,49.6,181125,12.8,E,E,V*41,1763493801883
NMEA,$GNGNS,192322.00,3725.892905,N,12209.306742,W,EEEEEE,27,0.4,22.0,-32.6,,,V*22,1763493801883
NMEA,$GNGGA,192322.00,3725.892905,N,12209.306742,W,6,12,0.4,22.0,M,-32.6,M,,*73,1763493801883
NMEA,$PSMSG,magcal=PASS,bluesky=0*00,1763493801888
NMEA,$GPGSV,4,1,13,03,20,173,44,04,55,098,40,06,05,259,43,07,52,278,43,1*66,1763493802860
NMEA,$GPGSV,4,2,13,08,16,127,41,09,75,352,42,11,04,296,32,16,36,051,42,1*6F,1763493802860
NMEA,$GPGSV,4,3,13,20,13,320,34,21,13,321,35,26,04,041,27,27,18,096,41,1*66,1763493802860
NMEA,$GPGSV,4,4,13,30,24,263,41,1*51,1763493802860
NMEA,$GPGSV,3,1,10,03,20,173,34,04,55,098,37,06,05,259,38,08,16,127,32,8*60,1763493802860
NMEA,$GPGSV,3,2,10,09,75,352,34,11,04,296,33,21,13,321,39,26,04,041,25,8*65,1763493802860
NMEA,$GPGSV,3,3,10,27,18,096,34,30,24,263,33,8*6A,1763493802860
NMEA,$GLGSV,1,1,04,12,61,225,44,11,55,029,39,01,78,094,38,08,24,134,35,1*7A,1763493802860
NMEA,$GAGSV,3,1,10,02,48,173,40,03,68,069,41,05,20,107,37,08,47,314,40,7*74,1763493802860
NMEA,$GAGSV,3,2,10,13,13,278,36,15,07,229,41,16,35,051,41,25,55,074,36,7*75,1763493802860
NMEA,$GAGSV,3,3,10,26,03,325,21,30,04,202,33,7*75,1763493802860
NMEA,$GAGSV,2,1,08,02,48,173,38,03,68,069,26,05,20,107,30,08,47,314,34,1*70,1763493802860
NMEA,$GAGSV,2,2,08,13,13,278,33,15,07,229,27,16,35,051,32,25,55,074,36,1*7A,1763493802860
NMEA,$GQGSV,1,1,01,03,02,297,24,1*5F,1763493802860
NMEA,$GQGSV,1,1,01,03,02,297,23,8*51,1763493802860
NMEA,$GBGSV,2,1,06,37,50,047,45,36,16,231,42,32,17,143,38,22,02,319,24,1*71,1763493802860
NMEA,$GBGSV,2,2,06,20,73,158,44,19,53,313,42,1*73,1763493802860
NMEA,$GBGSV,2,1,05,19,53,313,41,20,73,158,43,32,17,143,39,36,16,231,39,3*76,1763493802860
NMEA,$GBGSV,2,2,05,37,50,047,42,3*45,1763493802860
NMEA,$GBGSV,2,1,07,19,53,313,33,20,73,158,33,22,02,319,34,23,02,049,17,5*75,1763493802860
NMEA,$GBGSV,2,2,07,32,17,143,29,36,16,231,30,37,50,047,36,5*49,1763493802860
NMEA,$GNGSA,A,3,03,04,07,08,09,16,20,21,27,30,,,0.6,0.4,0.5,1*37,1763493802875
NMEA,$PSSGR,GSA,A,3,03,04,08,09,21,27,30,,,,,,0.6,0.4,0.5,1,8*41,1763493802875
NMEA,$GNGSA,A,3,65,72,75,76,,,,,,,,,0.6,0.4,0.5,2*30,1763493802875
NMEA,$GNGSA,A,3,02,03,05,08,13,15,16,25,,,,,0.6,0.4,0.5,3*3E,1763493802875
NMEA,$PSSGR,GSA,A,3,302,303,305,308,313,315,316,325,,,,,0.6,0.4,0.5,3,1*43,1763493802875
NMEA,$GNGSA,A,3,19,20,32,36,37,,,,,,,,0.6,0.4,0.5,4*39,1763493802875
NMEA,$PSSGR,GSA,A,3,219,220,232,236,237,,,,,,,,0.6,0.4,0.5,4,5*72,1763493802875
NMEA,$GNVTG,46.7,T,33.9,M,1.7,N,3.1,K,E*31,1763493802875
NMEA,$GNDTM,W84,,0000.000000,N,00000.000000,E,0.000,W84*41,1763493802875
NMEA,$GNRMC,192323.00,A,3725.893259,N,12209.306301,W,1.7,46.7,181125,12.8,E,E,V*49,1763493802875
NMEA,$GNGNS,192323.00,3725.893259,N,12209.306301,W,EEEEEE,27,0.4,21.9,-32.6,,,V*29,1763493802875
NMEA,$GNGGA,192323.00,3725.893259,N,12209.306301,W,6,12,0.4,21.9,M,-32.6,M,,*78,1763493802875
NMEA,$PSMSG,magcal=PASS,bluesky=0*00,1763493802880
NMEA,$GPGSV,4,1,13,03,20,173,44,04,55,098,41,06,05,259,45,07,52,278,43,1*61,1763493803859
NMEA,$GPGSV,4,2,13,08,16,127,37,09,75,352,44,11,04,296,33,16,36,051,38,1*64,1763493803859
NMEA,$GPGSV,4,3,13,20,13,320,33,21,13,321,35,26,04,041,29,27,18,096,39,1*60,1763493803859
NMEA,$GPGSV,4,4,13,30,24,263,41,1*51,1763493803859
NMEA,$GPGSV,3,1,10,03,20,173,36,04,55,098,34,06,05,259,34,08,16,127,31,8*6E,1763493803859
NMEA,$GPGSV,3,2,10,09,75,352,32,11,04,296,29,21,13,321,38,26,04,041,23,8*6F,1763493803859
NMEA,$GPGSV,3,3,10,27,18,096,36,30,24,263,32,8*69,1763493803859
NMEA,$GLGSV,1,1,04,12,61,225,44,11,55,029,37,01,78,094,38,08,24,134,34,1*75,1763493803859
NMEA,$GAGSV,3,1,10,02,48,173,42,03,68,069,41,05,20,107,37,08,47,314,39,7*78,1763493803859
NMEA,$GAGSV,3,2,10,13,13,278,38,15,07,229,43,16,35,051,39,25,55,074,36,7*76,1763493803859
NMEA,$GAGSV,3,3,10,26,03,325,27,30,04,202,35,7*75,1763493803859
NMEA,$GAGSV,2,1,08,02,48,173,36,03,68,069,29,05,20,107,29,08,47,314,37,1*7A,1763493803859
NMEA,$GAGSV,2,2,08,13,13,278,33,15,07,229,27,16,35,051,26,25,55,074,32,1*7B,1763493803859
NMEA,$GQGSV,1,1,01,03,02,297,24,1*5F,1763493803859
NMEA,$GQGSV,1,1,01,03,02,297,23,8*51,1763493803859
NMEA,$GBGSV,2,1,06,37,50,047,43,36,16,231,43,32,17,143,38,22,02,319,24,1*76,1763493803859
NMEA,$GBGSV,2,2,06,20,73,158,45,19,53,313,43,1*73,1763493803859
NMEA,$GBGSV,2,1,05,19,53,313,41,20,73,158,42,32,17,143,38,36,16,231,39,3*76,1763493803859
NMEA,$GBGSV,2,2,05,37,50,047,41,3*46,1763493803859
NMEA,$GBGSV,2,1,07,19,53,313,36,20,73,158,32,22,02,319,36,23,02,049,17,5*73,1763493803859
NMEA,$GBGSV,2,2,07,32,17,143,28,36,16,231,30,37,50,047,32,5*4C,1763493803859
NMEA,$GNGSA,A,3,03,04,07,08,09,16,20,21,27,30,,,0.6,0.4,0.5,1*37,1763493803868
NMEA,$PSSGR,GSA,A,3,03,04,08,09,21,27,30,,,,,,0.6,0.4,0.5,1,8*41,1763493803868
NMEA,$GNGSA,A,3,65,72,75,76,,,,,,,,,0.6,0.4,0.5,2*30,1763493803868
NMEA,$GNGSA,A,3,02,03,05,08,13,15,16,25,,,,,0.6,0.4,0.5,3*3E,1763493803868
NMEA,$PSSGR,GSA,A,3,302,303,305,308,313,315,316,325,,,,,0.6,0.4,0.5,3,1*43,1763493803868
NMEA,$GNGSA,A,3,19,20,32,36,37,,,,,,,,0.6,0.4,0.5,4*39,1763493803868
NMEA,$PSSGR,GSA,A,3,219,220,232,236,237,,,,,,,,0.6,0.4,0.5,4,5*72,1763493803868
NMEA,$GNVTG,41.0,T,28.2,M,2.1,N,3.9,K,E*3D,1763493803868
NMEA,$GNDTM,W84,,0000.000000,N,00000.000000,E,0.000,W84*41,1763493803868
NMEA,$GNRMC,192324.00,A,3725.893707,N,12209.305792,W,2.1,41.0,181125,12.8,E,E,V*48,1763493803868
NMEA,$GNGNS,192324.00,3725.893707,N,12209.305792,W,EEEEEE,27,0.4,21.7,-32.6,,,V*23,1763493803868
NMEA,$GNGGA,192324.00,3725.893707,N,12209.305792,W,6,12,0.4,21.7,M,-32.6,M,,*72,1763493803868
NMEA,$PSMSG,magcal=PASS,bluesky=0*00,1763493803874
NMEA,$GPGSV,4,1,13,03,20,173,46,04,55,098,42,06,05,259,43,07,52,278,43,1*66,1763493804855
NMEA,$GPGSV,4,2,13,08,16,127,40,09,75,352,45,11,04,296,32,16,36,051,39,1*65,1763493804855
NMEA,$GPGSV,4,3,13,20,13,320,35,21,13,321,39,26,04,041,27,27,18,096,41,1*6B,1763493804855
NMEA,$GPGSV,4,4,13,30,24,263,39,1*5E,1763493804855
NMEA,$GPGSV,3,1,10,03,20,173,32,04,55,098,36,06,05,259,34,08,16,127,32,8*6B,1763493804855
NMEA,$GPGSV,3,2,10,09,75,352,36,11,04,296,31,21,13,321,37,26,04,041,23,8*6D,1763493804855
NMEA,$GPGSV,3,3,10,27,18,096,32,30,24,263,35,8*6A,1763493804855
NMEA,$GLGSV,1,1,04,12,61,225,44,11,55,029,40,01,78,094,36,08,24,134,40,1*78,1763493804855
NMEA,$GAGSV,3,1,10,02,48,173,42,03,68,069,43,05,20,107,39,08,47,314,36,7*7B,1763493804855
NMEA,$GAGSV,3,2,10,13,13,278,34,15,07,229,40,16,35,051,39,25,55,074,41,7*79,1763493804855
NMEA,$GAGSV,3,3,10,26,03,325,28,30,04,202,34,7*7B,1763493804855
NMEA,$GAGSV,2,1,08,02,48,173,35,03,68,069,34,05,20,107,25,08,47,314,39,1*77,1763493804855
NMEA,$GAGSV,2,2,08,13,13,278,32,15,07,229,27,16,35,051,26,25,55,074,35,1*7D,1763493804855
NMEA,$GQGSV,1,1,01,03,02,297,24,1*5F,1763493804855
NMEA,$GQGSV,1,1,01,03,02,297,23,8*51,1763493804855
NMEA,$GBGSV,2,1,06,37,50,047,42,36,16,231,37,32,17,143,42,22,02,319,30,1*7C,1763493804855
NMEA,$GBGSV,2,2,06,20,73,158,45,19,53,313,43,1*73,1763493804855
NMEA,$GBGSV,2,1,05,19,53,313,40,20,73,158,42,32,17,143,41,36,16,231,32,3*72,1763493804855
NMEA,$GBGSV,2,2,05,37,50,047,41,3*46,1763493804855
NMEA,$GBGSV,2,1,07,19,53,313,36,20,73,158,30,22,02,319,38,23,02,049,17,5*7F,1763493804855
NMEA,$GBGSV,2,2,07,32,17,143,27,36,16,231,28,37,50,047,35,5*4D,1763493804855
NMEA,$GNGSA,A,3,03,04,07,08,09,16,20,21,27,30,,,0.6,0.4,0.5,1*37,1763493804866
NMEA,$PSSGR,GSA,A,3,03,04,08,09,21,27,30,,,,,,0.6,0.4,0.5,1,8*41,1763493804866
NMEA,$GNGSA,A,3,65,72,75,76,,,,,,,,,0.6,0.4,0.5,2*30,1763493804866
NMEA,$GNGSA,A,3,02,03,05,08,13,15,16,25,,,,,0.6,0.4,0.5,3*3E,1763493804866
NMEA,$PSSGR,GSA,A,3,302,303,305,308,313,315,316,325,,,,,0.6,0.4,0.5,3,1*43,1763493804866
NMEA,$GNGSA,A,3,19,20,32,36,37,,,,,,,,0.6,0.4,0.5,4*39,1763493804866
NMEA,$PSSGR,GSA,A,3,219,220,232,236,237,,,,,,,,0.6,0.4,0.5,4,5*72,1763493804866
NMEA,$GNVTG,,T,,M,0.0,N,0.0,K,E*39,1763493804866
NMEA,$GNDTM,W84,,0000.000000,N,00000.000000,E,0.000,W84*41,1763493804866
NMEA,$GNRMC,192325.00,A,3725.893846,N,12209.305704,W,0.0,,181125,12.8,E,E,V*54,1763493804866
NMEA,$GNGNS,192325.00,3725.893846,N,12209.305704,W,EEEEEE,27,0.4,21.8,-32.6,,,V*28,1763493804866
NMEA,$GNGGA,192325.00,3725.893846,N,12209.305704,W,6,12,0.4,21.8,M,-32.6,M,,*79,1763493804866
NMEA,$PSMSG,magcal=PASS,bluesky=0*00,1763493804869
NMEA,$GPGSV,4,1,13,03,20,173,43,04,55,098,43,06,05,259,39,07,52,278,42,1*6E,1763493805866
NMEA,$GPGSV,4,2,13,08,16,127,43,09,75,352,43,11,04,296,36,16,36,051,43,1*69,1763493805866
NMEA,$GPGSV,4,3,13,20,13,320,38,21,13,321,40,26,04,041,29,27,18,096,39,1*69,1763493805866
NMEA,$GPGSV,4,4,13,30,24,263,39,1*5E,1763493805866
NMEA,$GPGSV,3,1,10,03,20,173,34,04,55,098,34,06,05,259,31,08,16,127,29,8*60,1763493805866
NMEA,$GPGSV,3,2,10,09,75,352,36,11,04,296,27,21,13,321,32,26,04,041,21,8*6D,1763493805866
NMEA,$GPGSV,3,3,10,27,18,096,36,30,24,263,34,8*6F,1763493805866
NMEA,$GLGSV,1,1,04,12,61,225,42,11,55,029,41,01,78,094,40,08,24,134,40,1*7E,1763493805866
NMEA,$GAGSV,3,1,10,02,48,173,43,03,68,069,40,05,20,107,42,08,47,314,42,7*76,1763493805866
NMEA,$GAGSV,3,2,10,13,13,278,37,15,07,229,37,16,35,051,42,25,55,074,41,7*76,1763493805866
NMEA,$GAGSV,3,3,10,26,03,325,37,30,04,202,36,7*77,1763493805866
NMEA,$GAGSV,2,1,08,02,48,173,33,03,68,069,33,05,20,107,28,08,47,314,36,1*74,1763493805866
NMEA,$GAGSV,2,2,08,13,13,278,32,15,07,229,18,16,35,051,33,25,55,074,31,1*71,1763493805866
NMEA,$GQGSV,1,1,01,03,02,297,23,8*51,1763493805866
NMEA,$GBGSV,2,1,06,37,50,047,42,36,16,231,37,32,17,143,44,22,02,319,35,1*7F,1763493805866
NMEA,$GBGSV,2,2,06,20,73,158,43,19,53,313,42,1*74,1763493805866
NMEA,$GBGSV,2,1,05,19,53,313,43,20,73,158,42,32,17,143,43,36,16,231,33,3*72,1763493805866
NMEA,$GBGSV,2,2,05,37,50,047,41,3*46,1763493805866
NMEA,$GBGSV,2,1,07,19,53,313,36,20,73,158,32,22,02,319,32,23,02,049,17,5*77,1763493805866
NMEA,$GBGSV,2,2,07,32,17,143,31,36,16,231,26,37,50,047,31,5*40,1763493805866
NMEA,$GNGSA,A,3,03,04,07,08,09,16,20,21,27,30,,,0.6,0.4,0.5,1*37,1763493805875
NMEA,$PSSGR,GSA,A,3,03,04,08,09,21,27,30,,,,,,0.6,0.4,0.5,1,8*41,1763493805875
NMEA,$GNGSA,A,3,65,72,75,76,,,,,,,,,0.6,0.4,0.5,2*30,1763493805875
NMEA,$GNGSA,A,3,02,03,05,08,13,15,16,25,,,,,0.6,0.4,0.5,3*3E,1763493805875
NMEA,$PSSGR,GSA,A,3,302,303,305,308,313,315,316,325,,,,,0.6,0.4,0.5,3,1*43,1763493805875
NMEA,$GNGSA,A,3,19,20,32,36,37,,,,,,,,0.6,0.4,0.5,4*39,1763493805875
NMEA,$PSSGR,GSA,A,3,219,220,232,236,237,,,,,,,,0.6,0.4,0.5,4,5*72,1763493805875
NMEA,$GNVTG,60.7,T,47.9,M,2.4,N,4.5,K,E*35,1763493805875
NMEA,$GNDTM,W84,,0000.000000,N,00000.000000,E,0.000,W84*41,1763493805875
NMEA,$GNRMC,192326.00,A,3725.894211,N,12209.304926,W,2.4,60.7,181125,12.8,E,E,V*4E,1763493805875
NMEA,$GNGNS,192326.00,3725.894211,N,12209.304926,W,EEEEEE,27,0.4,21.5,-32.6,,,V*26,1763493805875
NMEA,$GNGGA,192326.00,3725.894211,N,12209.304926,W,6,12,0.4,21.5,M,-32.6,M,,*77,1763493805875
NMEA,$PSMSG,magcal=PASS,bluesky=0*00,1763493805878
NMEA,$GPGSV,4,1,13,03,20,173,44,04,55,098,45,06,05,259,34,07,52,278,42,1*62,1763493806855
NMEA,$GPGSV,4,2,13,08,16,127,41,09,75,352,43,11,04,296,39,16,36,051,43,1*64,1763493806855
NMEA,$GPGSV,4,3,13,20,13,320,39,21,13,321,40,26,04,041,29,27,18,096,43,1*65,1763493806855
NMEA,$GPGSV,4,4,13,30,24,263,44,1*54,1763493806855
NMEA,$GPGSV,3,1,10,03,20,173,36,04,55,098,39,06,05,259,27,08,16,127,24,8*65,1763493806855
NMEA,$GPGSV,3,2,10,09,75,352,32,11,04,296,28,21,13,321,30,26,04,041,21,8*64,1763493806855
NMEA,$GPGSV,3,3,10,27,18,096,36,30,24,263,33,8*68,1763493806855
NMEA,$GLGSV,1,1,04,12,61,225,41,11,55,029,43,01,78,094,40,08,24,134,43,1*7C,1763493806855
NMEA,$GAGSV,3,1,10,02,48,173,41,03,68,069,40,05,20,107,43,08,47,314,42,7*75,1763493806855
NMEA,$GAGSV,3,2,10,13,13,278,40,15,07,229,36,16,35,051,40,25,55,074,42,7*76,1763493806855
NMEA,$GAGSV,3,3,10,26,03,325,37,30,04,202,36,7*77,1763493806855
NMEA,$GAGSV,2,1,08,02,48,173,33,03,68,069,35,05,20,107,29,08,47,314,29,1*7D,1763493806855
NMEA,$GAGSV,2,2,08,13,13,278,28,15,07,229,22,16,35,051,34,25,55,074,36,1*73,1763493806855
NMEA,$GQGSV,1,1,01,03,02,297,23,8*51,1763493806855
NMEA,$GBGSV,2,1,06,37,50,047,42,36,16,231,37,32,17,143,42,22,02,319,37,1*7B,1763493806855
NMEA,$GBGSV,2,2,06,20,73,158,46,19,53,313,42,1*71,1763493806855
NMEA,$GBGSV,2,1,05,19,53,313,42,20,73,158,44,32,17,143,41,36,16,231,36,3*72,1763493806855
NMEA,$GBGSV,2,2,05,37,50,047,40,3*47,1763493806855
NMEA,$GBGSV,2,1,07,19,53,313,32,20,73,158,31,22,02,319,32,23,02,049,17,5*70,1763493806855
NMEA,$GBGSV,2,2,07,32,17,143,24,36,16,231,29,37,50,047,35,5*4F,1763493806855
NMEA,$GNGSA,A,3,03,04,07,08,09,16,20,21,27,30,,,0.6,0.4,0.5,1*37,1763493806865
NMEA,$PSSGR,GSA,A,3,03,04,08,09,21,27,30,,,,,,0.6,0.4,0.5,1,8*41,1763493806865
NMEA,$GNGSA,A,3,65,72,75,76,,,,,,,,,0.6,0.4,0.5,2*30,1763493806865
NMEA,$GNGSA,A,3,02,03,05,08,13,15,16,25,,,,,0.6,0.4,0.5,3*3E,1763493806865
NMEA,$PSSGR,GSA,A,3,302,303,305,308,313,315,316,325,,,,,0.6,0.4,0.5,3,1*43,1763493806865
NMEA,$GNGSA,A,3,19,20,32,36,37,,,,,,,,0.6,0.4,0.5,4*39,1763493806865
NMEA,$PSSGR,GSA,A,3,219,220,232,236,237,,,,,,,,0.6,0.4,0.5,4,5*72,1763493806865
NMEA,$GNVTG,137.2,T,124.4,M,1.8,N,3.4,K,E*33,1763493806865
NMEA,$GNDTM,W84,,0000.000000,N,00000.000000,E,0.000,W84*41,1763493806865
NMEA,$GNRMC,192327.00,A,3725.893862,N,12209.304423,W,1.8,137.2,181125,12.8,E,E,V*77,1763493806865
NMEA,$GNGNS,192327.00,3725.893862,N,12209.304423,W,EEEEEE,27,0.4,21.7,-32.6,,,V*24,1763493806865
NMEA,$GNGGA,192327.00,3725.893862,N,12209.304423,W,6,12,0.4,21.7,M,-32.6,M,,*75,1763493806865
NMEA,$PSMSG,magcal=PASS,bluesky=0*00,1763493806868
NMEA,$GPGSV,4,1,13,03,20,173,44,04,55,098,45,06,05,259,36,07,52,278,42,1*60,1763493807854
NMEA,$GPGSV,4,2,13,08,16,127,40,09,75,352,44,11,04,296,41,16,36,051,43,1*6D,1763493807854
NMEA,$GPGSV,4,3,13,20,13,320,39,21,13,321,42,26,04,041,29,27,18,096,42,1*66,1763493807854
NMEA,$GPGSV,4,4,13,30,24,263,42,1*52,1763493807854
NMEA,$GPGSV,3,1,10,03,20,173,36,04,55,098,40,06,05,259,26,08,16,127,26,8*68,1763493807854
NMEA,$GPGSV,3,2,10,09,75,352,31,11,04,296,28,21,13,321,30,26,04,041,21,8*67,1763493807854
NMEA,$GPGSV,3,3,10,27,18,096,36,30,24,263,36,8*6D,1763493807854
NMEA,$GLGSV,1,1,04,12,61,225,41,11,55,029,43,01,78,094,38,08,24,134,44,1*74,1763493807854
NMEA,$GAGSV,3,1,10,02,48,173,42,03,68,069,42,05,20,107,43,08,47,314,42,7*74,1763493807854
NMEA,$GAGSV,3,2,10,13,13,278,40,15,07,229,36,16,35,051,40,25,55,074,42,7*76,1763493807854
NMEA,$GAGSV,3,3,10,26,03,325,37,30,04,202,35,7*74,1763493807854
NMEA,$GAGSV,2,1,08,02,48,173,35,03,68,069,33,05,20,107,33,08,47,314,26,1*79,1763493807854
NMEA,$GAGSV,2,2,08,13,13,278,26,15,07,229,24,16,35,051,35,25,55,074,37,1*7B,1763493807854
NMEA,$GQGSV,1,1,01,03,02,297,17,8*56,1763493807854
NMEA,$GBGSV,2,1,06,37,50,047,43,36,16,231,39,32,17,143,41,22,02,319,38,1*78,1763493807854
NMEA,$GBGSV,2,2,06,20,73,158,45,19,53,313,43,1*73,1763493807854
NMEA,$GBGSV,2,1,05,19,53,313,42,20,73,158,44,32,17,143,41,36,16,231,38,3*7C,1763493807854
NMEA,$GBGSV,2,2,05,37,50,047,41,3*46,1763493807854
NMEA,$GBGSV,2,1,07,19,53,313,29,20,73,158,32,22,02,319,32,23,02,049,17,5*79,1763493807854
NMEA,$GBGSV,2,2,07,32,17,143,26,36,16,231,33,37,50,047,35,5*46,1763493807854
NMEA,$GNGSA,A,3,03,04,07,08,09,16,20,21,27,30,,,0.6,0.4,0.5,1*37,1763493807864
NMEA,$PSSGR,GSA,A,3,03,04,08,09,21,27,30,,,,,,0.6,0.4,0.5,1,8*41,1763493807864
NMEA,$GNGSA,A,3,65,72,75,76,,,,,,,,,0.6,0.4,0.5,2*30,1763493807864
NMEA,$GNGSA,A,3,02,03,05,08,13,15,16,25,,,,,0.6,0.4,0.5,3*3E,1763493807864
NMEA,$PSSGR,GSA,A,3,302,303,305,308,313,315,316,325,,,,,0.6,0.4,0.5,3,1*43,1763493807864
NMEA,$GNGSA,A,3,19,20,32,36,37,,,,,,,,0.6,0.4,0.5,4*39,1763493807864
NMEA,$PSSGR,GSA,A,3,219,220,232,236,237,,,,,,,,0.6,0.4,0.5,4,5*72,1763493807864
NMEA,$GNVTG,136.4,T,123.6,M,2.0,N,3.7,K,E*39,1763493807864
NMEA,$GNDTM,W84,,0000.000000,N,00000.000000,E,0.000,W84*41,1763493807864
NMEA,$GNRMC,192328.00,A,3725.893397,N,12209.303958,W,2.0,136.4,181125,12.8,E,E,V*73,1763493807864
NMEA,$GNGNS,192328.00,3725.893397,N,12209.303958,W,EEEEEE,27,0.4,21.8,-32.6,,,V*23,1763493807864
NMEA,$GNGGA,192328.00,3725.893397,N,12209.303958,W,6,12,0.4,21.8,M,-32.6,M,,*72,1763493807864
NMEA,$PSMSG,magcal=PASS,bluesky=0*00,1763493807868
NMEA,$GPGSV,4,1,13,03,20,173,43,04,55,098,45,06,05,259,35,07,52,278,43,1*65,1763493808861
NMEA,$GPGSV,4,2,13,08,16,127,40,09,75,352,44,11,04,296,41,16,36,051,42,1*6C,1763493808861
NMEA,$GPGSV,4,3,13,20,13,320,39,21,13,321,40,26,04,041,26,27,18,096,41,1*68,1763493808861
NMEA,$GPGSV,4,4,13,30,24,263,45,1*55,1763493808861
NMEA,$GPGSV,3,1,10,03,20,173,36,04,55,098,39,06,05,259,25,08,16,127,26,8*65,1763493808861
NMEA,$GPGSV,3,2,10,09,75,352,32,11,04,296,28,21,13,321,32,26,04,041,21,8*66,1763493808861
NMEA,$GPGSV,3,3,10,27,18,096,36,30,24,263,37,8*6C,1763493808861
NMEA,$GLGSV,1,1,04,12,61,225,42,11,55,029,42,01,78,094,38,08,24,134,44,1*76,1763493808861
NMEA,$GAGSV,3,1,10,02,48,173,41,03,68,069,42,05,20,107,44,08,47,314,42,7*70,1763493808861
NMEA,$GAGSV,3,2,10,13,13,278,38,15,07,229,33,16,35,051,38,25,55,074,42,7*73,1763493808861
NMEA,$GAGSV,3,3,10,26,03,325,35,30,04,202,34,7*77,1763493808861
NMEA,$GAGSV,2,1,08,02,48,173,37,03,68,069,31,05,20,107,31,08,47,314,26,1*7B,1763493808861
NMEA,$GAGSV,2,2,08,13,13,278,27,15,07,229,24,16,35,051,34,25,55,074,37,1*7B,1763493808861
NMEA,$GQGSV,1,1,01,03,02,297,17,8*56,1763493808861
NMEA,$GBGSV,2,1,06,37,50,047,43,36,16,231,40,32,17,143,40,22,02,319,37,1*78,1763493808861
NMEA,$GBGSV,2,2,06,20,73,158,44,19,53,313,42,1*73,1763493808861
NMEA,$GBGSV,2,1,05,19,53,313,41,20,73,158,44,32,17,143,40,36,16,231,38,3*7E,1763493808861
NMEA,$GBGSV,2,2,05,37,50,047,41,3*46,1763493808861
NMEA,$GBGSV,2,1,07,19,53,313,26,20,73,158,35,22,02,319,33,23,02,049,22,5*76,1763493808861
NMEA,$GBGSV,2,2,07,32,17,143,28,36,16,231,27,37,50,047,37,5*4F,1763493808861
NMEA,$GNGSA,A,3,03,04,07,08,09,16,20,21,27,30,,,0.6,0.4,0.5,1*37,1763493808881
NMEA,$PSSGR,GSA,A,3,03,04,08,09,21,27,30,,,,,,0.6,0.4,0.5,1,8*41,1763493808881
NMEA,$GNGSA,A,3,65,72,75,76,,,,,,,,,0.6,0.4,0.5,2*30,1763493808881
NMEA,$GNGSA,A,3,02,03,05,08,13,15,16,25,,,,,0.6,0.4,0.5,3*3E,1763493808881
NMEA,$PSSGR,GSA,A,3,302,303,305,308,313,316,325,,,,,,0.6,0.4,0.5,3,1*74,1763493808881
NMEA,$GNGSA,A,3,19,20,32,36,37,,,,,,,,0.6,0.4,0.5,4*39,1763493808881
NMEA,$PSSGR,GSA,A,3,219,220,232,236,237,,,,,,,,0.6,0.4,0.5,4,5*72,1763493808881
NMEA,$GNVTG,137.5,T,124.7,M,2.3,N,4.2,K,E*3E,1763493808881
NMEA,$GNDTM,W84,,0000.000000,N,00000.000000,E,0.000,W84*41,1763493808881
NMEA,$GNRMC,192329.00,A,3725.892870,N,12209.303425,W,2.3,137.5,181125,12.8,E,E,V*75,1763493808881
NMEA,$GNGNS,192329.00,3725.892870,N,12209.303425,W,EEEEEE,27,0.4,21.9,-32.6,,,V*27,1763493808881
NMEA,$GNGGA,192329.00,3725.892870,N,12209.303425,W,6,12,0.4,21.9,M,-32.6,M,,*76,1763493808881
NMEA,$PSMSG,magcal=PASS,bluesky=0*00,1763493808884
NMEA,$GPGSV,4,1,13,03,20,173,42,04,55,098,45,06,05,259,36,07,52,278,42,1*66,1763493809856
NMEA,$GPGSV,4,2,13,08,16,127,41,09,75,352,44,11,04,296,41,16,36,051,42,1*6D,1763493809856
NMEA,$GPGSV,4,3,13,20,13,320,41,21,13,321,42,26,04,041,26,27,18,096,41,1*65,1763493809856
NMEA,$GPGSV,4,4,13,30,24,263,43,1*53,1763493809856
NMEA,$GPGSV,3,1,10,03,20,173,35,04,55,098,39,06,05,259,27,08,16,127,25,8*67,1763493809856
NMEA,$GPGSV,3,2,10,09,75,352,32,11,04,296,28,21,13,321,31,26,04,041,20,8*64,1763493809856
NMEA,$GPGSV,3,3,10,27,18,096,35,30,24,263,36,8*6E,1763493809856
NMEA,$GLGSV,1,1,04,12,61,225,43,11,55,029,42,01,78,094,37,08,24,134,45,1*79,1763493809856
NMEA,$GAGSV,3,1,10,02,48,173,41,03,68,069,42,05,20,107,43,08,47,314,41,7*74,1763493809856
NMEA,$GAGSV,3,2,10,13,13,278,38,15,07,229,34,16,35,051,39,25,55,074,42,7*75,1763493809856
NMEA,$GAGSV,3,3,10,26,03,325,36,30,04,202,34,7*74,1763493809856
NMEA,$GAGSV,2,1,08,02,48,173,38,03,68,069,31,05,20,107,31,08,47,314,29,1*7B,1763493809856
NMEA,$GAGSV,2,2,08,13,13,278,28,15,07,229,20,16,35,051,35,25,55,074,37,1*71,1763493809856
NMEA,$GQGSV,1,1,01,03,02,297,17,8*56,1763493809856
NMEA,$GBGSV,2,1,06,37,50,047,43,36,16,231,42,32,17,143,39,22,02,319,34,1*77,1763493809856
NMEA,$GBGSV,2,2,06,20,73,158,44,19,53,313,42,1*73,1763493809856
NMEA,$GBGSV,2,1,05,19,53,313,41,20,73,158,42,32,17,143,37,36,16,231,38,3*78,1763493809856
NMEA,$GBGSV,2,2,05,37,50,047,41,3*46,1763493809856
NMEA,$GBGSV,2,1,07,19,53,313,27,20,73,158,35,22,02,319,32,23,02,049,21,5*75,1763493809856
NMEA,$GBGSV,2,2,07,32,17,143,29,36,16,231,29,37,50,047,37,5*40,1763493809856
NMEA,$GNGSA,A,3,03,04,07,08,09,16,20,21,27,30,,,0.6,0.4,0.5,1*37,1763493809865
NMEA,$PSSGR,GSA,A,3,03,04,08,09,21,27,30,,,,,,0.6,0.4,0.5,1,8*41,1763493809865
NMEA,$GNGSA,A,3,65,72,75,76,,,,,,,,,0.6,0.4,0.5,2*30,1763493809865
NMEA,$GNGSA,A,3,02,03,05,08,13,15,16,25,,,,,0.6,0.4,0.5,3*3E,1763493809865
NMEA,$PSSGR,GSA,A,3,302,303,305,308,313,316,325,,,,,,0.6,0.4,0.5,3,1*74,1763493809865
NMEA,$GNGSA,A,3,19,20,32,36,37,,,,,,,,0.6,0.4,0.5,4*39,1763493809865
NMEA,$PSSGR,GSA,A,3,219,220,232,236,237,,,,,,,,0.6,0.4,0.5,4,5*72,1763493809865
NMEA,$GNVTG,137.3,T,124.5,M,2.2,N,4.1,K,E*38,1763493809865
NMEA,$GNDTM,W84,,0000.000000,N,00000.000000,E,0.000,W84*41,1763493809865
NMEA,$GNRMC,192330.00,A,3725.892364,N,12209.302906,W,2.2,137.3,181125,12.8,E,E,V*79,1763493809865
NMEA,$GNGNS,192330.00,3725.892364,N,12209.302906,W,EEEEEE,27,0.4,21.9,-32.6,,,V*2C,1763493809865
NMEA,$GNGGA,192330.00,3725.892364,N,12209.302906,W,6,12,0.4,21.9,M,-32.6,M,,*7D,1763493809865
NMEA,$PSMSG,magcal=PASS,bluesky=0*00,1763493809868
NMEA,$GPGSV,4,1,13,03,20,173,41,04,55,098,46,06,04,258,37,07,52,278,41,1*64,1763493810858
NMEA,$GPGSV,4,2,13,08,16,127,41,09,75,352,44,11,04,296,38,16,36,051,42,1*63,1763493810858
NMEA,$GPGSV,4,3,13,20,13,320,41,21,13,321,43,26,03,041,27,27,18,096,41,1*62,1763493810858
NMEA,$GPGSV,4,4,13,30,24,263,44,1*54,1763493810858
NMEA,$GPGSV,3,1,10,03,20,173,34,04,55,098,40,06,04,258,26,08,16,127,25,8*69,1763493810858
NMEA,$GPGSV,3,2,10,09,75,352,31,11,04,296,32,21,13,321,32,26,03,041,26,8*6E,1763493810858
NMEA,$GPGSV,3,3,10,27,18,096,35,30,24,263,32,8*6A,1763493810858
NMEA,$GLGSV,1,1,04,12,61,225,42,11,55,029,43,01,78,094,37,08,24,134,46,1*7A,1763493810858
NMEA,$GAGSV,3,1,10,02,48,173,41,03,68,069,43,05,20,107,44,08,47,314,42,7*71,1763493810858
NMEA,$GAGSV,3,2,10,13,13,278,38,15,07,229,37,16,35,051,39,25,55,074,42,7*76,1763493810858
NMEA,$GAGSV,3,3,10,26,03,325,35,30,04,202,33,7*70,1763493810858
NMEA,$GAGSV,2,1,08,02,48,173,38,03,68,069,32,05,20,107,29,08,47,314,25,1*7D,1763493810858
NMEA,$GAGSV,2,2,08,13,13,278,23,15,07,229,20,16,35,051,36,25,55,074,37,1*79,1763493810858
NMEA,$GQGSV,1,1,01,03,02,297,19,8*58,1763493810858
NMEA,$GBGSV,2,1,06,37,50,047,43,36,16,231,40,32,17,143,41,22,02,319,34,1*7A,1763493810858
NMEA,$GBGSV,2,2,06,20,73,158,44,19,53,313,43,1*72,1763493810858
NMEA,$GBGSV,2,1,05,19,53,313,41,20,73,158,42,32,17,143,38,36,16,231,37,3*78,1763493810858
NMEA,$GBGSV,2,2,05,37,50,047,42,3*45,1763493810858
NMEA,$GBGSV,2,1,07,19,53,313,26,20,73,158,37,22,02,319,32,23,02,049,24,5*73,1763493810858
NMEA,$GBGSV,2,2,07,32,17,143,30,36,16,231,27,37,50,047,37,5*46,1763493810858
NMEA,$GNGSA,A,3,03,04,07,08,09,16,20,21,27,30,,,0.6,0.4,0.5,1*37,1763493810870
NMEA,$PSSGR,GSA,A,3,03,04,08,09,21,27,30,,,,,,0.6,0.4,0.5,1,8*41,1763493810870
NMEA,$GNGSA,A,3,65,72,75,76,,,,,,,,,0.6,0.4,0.5,2*30,1763493810870
NMEA,$GNGSA,A,3,02,03,05,08,13,15,16,25,,,,,0.6,0.4,0.5,3*3E,1763493810870
NMEA,$PSSGR,GSA,A,3,302,303,305,308,313,316,325,,,,,,0.6,0.4,0.5,3,1*74,1763493810870
NMEA,$GNGSA,A,3,19,20,32,36,37,,,,,,,,0.6,0.4,0.5,4*39,1763493810870
NMEA,$PSSGR,GSA,A,3,219,220,232,236,237,,,,,,,,0.6,0.4,0.5,4,5*72,1763493810870
NMEA,$GNVTG,138.0,T,125.2,M,2.3,N,4.2,K,E*30,1763493810870
NMEA,$GNDTM,W84,,0000.000000,N,00000.000000,E,0.000,W84*41,1763493810870
NMEA,$GNRMC,192331.00,A,3725.891868,N,12209.302435,W,2.3,138.0,181125,12.8,E,E,V*7C,1763493810870
NMEA,$GNGNS,192331.00,3725.891868,N,12209.302435,W,EEEEEE,27,0.4,21.9,-32.6,,,V*24,1763493810870
NMEA,$GNGGA,192331.00,3725.891868,N,12209.302435,W,6,12,0.4,21.9,M,-32.6,M,,*75,1763493810870
NMEA,$PSMSG,magcal=PASS,bluesky=0*00,1763493810887
NMEA,$GPGSV,4,1,13,03,20,173,41,04,55,098,44,06,04,258,35,07,52,278,41,1*64,1763493811858
NMEA,$GPGSV,4,2,13,08,16,127,40,09,75,352,44,11,04,296,39,16,36,051,41,1*60,1763493811858
NMEA,$GPGSV,4,3,13,20,13,320,41,21,13,321,42,26,03,041,27,27,18,096,40,1*62,1763493811858
NMEA,$GPGSV,4,4,13,30,24,263,44,1*54,1763493811858
NMEA,$GPGSV,3,1,10,03,20,173,35,04,55,098,39,06,04,258,27,08,16,127,26,8*64,1763493811858
NMEA,$GPGSV,3,2,10,09,75,352,33,11,04,296,32,21,13,321,29,26,03,041,24,8*64,1763493811858
NMEA,$GPGSV,3,3,10,27,18,096,35,30,24,263,35,8*6D,1763493811858
NMEA,$GLGSV,1,1,04,12,61,225,42,11,55,029,42,01,78,094,38,08,24,134,45,1*77,1763493811858
NMEA,$GAGSV,3,1,10,02,48,173,40,03,68,069,42,05,20,107,44,08,47,314,41,7*72,1763493811858
NMEA,$GAGSV,3,2,10,13,13,278,38,15,07,229,36,16,35,051,38,25,55,074,40,7*74,1763493811858
NMEA,$GAGSV,3,3,10,26,03,325,35,30,04,202,30,7*73,1763493811858
NMEA,$GAGSV,2,1,08,02,48,173,37,03,68,069,26,05,20,107,29,08,47,314,27,1*75,1763493811858
NMEA,$GAGSV,2,2,08,13,13,278,24,15,07,229,20,16,35,051,36,25,55,074,36,1*7F,1763493811858
NMEA,$GQGSV,1,1,01,03,02,297,27,1*5C,1763493811858
NMEA,$GQGSV,1,1,01,03,02,297,19,8*58,1763493811858
NMEA,$GBGSV,2,1,06,37,50,047,43,36,16,231,40,32,17,143,39,22,02,319,35,1*74,1763493811858
NMEA,$GBGSV,2,2,06,20,73,158,44,19,53,313,43,1*72,1763493811858
NMEA,$GBGSV,2,1,05,19,53,313,41,20,73,158,42,32,17,143,38,36,16,231,37,3*78,1763493811858
NMEA,$GBGSV,2,2,05,37,50,047,42,3*45,1763493811858
NMEA,$GBGSV,2,1,07,19,53,313,27,20,73,158,37,22,02,319,31,23,02,049,24,5*71,1763493811858
NMEA,$GBGSV,2,2,07,32,17,143,27,36,16,231,31,37,50,047,37,5*47,1763493811858
NMEA,$GNGSA,A,3,03,04,07,08,09,16,20,21,27,30,,,0.6,0.4,0.5,1*37,1763493811868
NMEA,$PSSGR,GSA,A,3,03,04,08,09,21,27,30,,,,,,0.6,0.4,0.5,1,8*41,1763493811868
NMEA,$GNGSA,A,3,65,72,75,76,,,,,,,,,0.6,0.4,0.5,2*30,1763493811868
NMEA,$GNGSA,A,3,02,03,05,08,13,15,16,25,,,,,0.6,0.4,0.5,3*3E,1763493811868
NMEA,$PSSGR,GSA,A,3,302,303,305,308,313,316,325,,,,,,0.6,0.4,0.5,3,1*74,1763493811868
NMEA,$GNGSA,A,3,19,20,32,36,37,,,,,,,,0.6,0.4,0.5,4*39,1763493811868
NMEA,$PSSGR,GSA,A,3,219,220,232,236,237,,,,,,,,0.6,0.4,0.5,4,5*72,1763493811868
NMEA,$GNVTG,140.5,T,127.7,M,2.4,N,4.4,K,E*3C,1763493811868
NMEA,$GNDTM,W84,,0000.000000,N,00000.000000,E,0.000,W84*41,1763493811868
NMEA,$GNRMC,192332.00,A,3725.891377,N,12209.301972,W,2.4,140.5,181125,12.8,E,E,V*7A,1763493811868
NMEA,$GNGNS,192332.00,3725.891377,N,12209.301972,W,EEEEEE,27,0.4,21.8,-32.6,,,V*2E,1763493811868
NMEA,$GNGGA,192332.00,3725.891377,N,12209.301972,W,6,12,0.4,21.8,M,-32.6,M,,*7F,1763493811868
NMEA,$PSMSG,magcal=PASS,bluesky=0*00,1763493811871
NMEA,$GPGSV,4,1,13,03,20,173,41,04,55,098,42,06,04,258,34,07,52,278,40,1*62,1763493812862
NMEA,$GPGSV,4,2,13,08,16,127,38,09,75,352,45,11,04,296,38,16,36,051,40,1*6E,1763493812862
NMEA,$GPGSV,4,3,13,20,13,320,42,21,13,321,41,26,03,041,28,27,18,096,40,1*6D,1763493812862
NMEA,$GPGSV,4,4,13,30,24,263,43,1*53,1763493812862
NMEA,$GPGSV,3,1,10,03,20,173,39,04,55,098,39,06,04,258,27,08,16,127,22,8*6C,1763493812862
NMEA,$GPGSV,3,2,10,09,75,352,35,11,04,296,34,21,13,321,29,26,03,041,24,8*64,1763493812862
NMEA,$GPGSV,3,3,10,27,18,096,36,30,24,263,31,8*6A,1763493812862
NMEA,$GLGSV,1,1,04,12,61,225,41,11,55,029,41,01,78,094,39,08,24,134,45,1*76,1763493812862
NMEA,$GAGSV,3,1,10,02,48,173,42,03,68,069,41,05,20,107,41,08,47,314,42,7*75,1763493812862
NMEA,$GAGSV,3,2,10,13,13,278,35,15,07,229,35,16,35,051,38,25,55,074,40,7*7A,1763493812862
NMEA,$GAGSV,3,3,10,26,03,325,36,30,04,202,32,7*72,1763493812862
NMEA,$GAGSV,2,1,08,02,48,173,39,03,68,069,27,05,20,107,32,08,47,314,32,1*74,1763493812862
NMEA,$GAGSV,2,2,08,13,13,278,21,15,07,229,20,16,35,051,34,25,55,074,36,1*78,1763493812862
NMEA,$GQGSV,1,1,01,03,02,297,30,1*5A,1763493812862
NMEA,$GQGSV,1,1,01,03,02,297,19,8*58,1763493812862
NMEA,$GBGSV,2,1,06,37,50,047,43,36,16,231,41,32,17,143,40,22,02,319,35,1*7B,1763493812862
NMEA,$GBGSV,2,2,06,20,73,158,45,19,53,313,44,1*74,1763493812862
NMEA,$GBGSV,2,1,05,19,53,313,41,20,73,158,43,32,17,143,36,36,16,231,38,3*78,1763493812862
NMEA,$GBGSV,2,2,05,37,50,047,43,3*44,1763493812862
NMEA,$GBGSV,2,1,07,19,53,313,32,20,73,158,39,22,02,319,31,23,02,049,20,5*7F,1763493812862
NMEA,$GBGSV,2,2,07,32,17,143,26,36,16,231,31,37,50,047,37,5*46,1763493812862
NMEA,$GNGSA,A,3,03,04,07,08,09,16,20,21,27,30,,,0.6,0.4,0.5,1*37,1763493812875
NMEA,$PSSGR,GSA,A,3,03,04,08,09,21,27,30,,,,,,0.6,0.4,0.5,1,8*41,1763493812875
NMEA,$GNGSA,A,3,65,72,75,76,,,,,,,,,0.6,0.4,0.5,2*30,1763493812875
NMEA,$GNGSA,A,3,02,03,05,08,13,15,16,25,,,,,0.6,0.4,0.5,3*3E,1763493812875
NMEA,$PSSGR,GSA,A,3,302,303,305,308,313,316,325,,,,,,0.6,0.4,0.5,3,1*74,1763493812875
NMEA,$GNGSA,A,3,19,20,32,36,37,,,,,,,,0.6,0.4,0.5,4*39,1763493812875
NMEA,$PSSGR,GSA,A,3,219,220,232,236,237,,,,,,,,0.6,0.4,0.5,4,5*72,1763493812875
NMEA,$GNVTG,138.7,T,125.9,M,2.3,N,4.3,K,E*3D,1763493812875
NMEA,$GNDTM,W84,,0000.000000,N,00000.000000,E,0.000,W84*41,1763493812875
NMEA,$GNRMC,192333.00,A,3725.890894,N,12209.301435,W,2.3,138.7,181125,12.8,E,E,V*78,1763493812875
NMEA,$GNGNS,192333.00,3725.890894,N,12209.301435,W,EEEEEE,27,0.4,21.9,-32.6,,,V*27,1763493812875
NMEA,$GNGGA,192333.00,3725.890894,N,12209.301435,W,6,12,0.4,21.9,M,-32.6,M,,*76,1763493812875
NMEA,$PSMSG,magcal=PASS,bluesky=0*00,1763493812878
NMEA,$GPGSV,4,1,13,03,20,173,41,04,55,098,42,06,04,258,32,07,52,278,42,1*66,1763493813856
NMEA,$GPGSV,4,2,13,08,16,127,38,09,75,352,43,11,04,296,42,16,36,051,40,1*65,1763493813856
NMEA,$GPGSV,4,3,13,20,13,320,43,21,13,321,41,26,03,041,28,27,18,096,39,1*62,1763493813856
NMEA,$GPGSV,4,4,13,30,24,263,43,1*53,1763493813856
NMEA,$GPGSV,3,1,10,03,20,173,39,04,55,098,37,06,04,258,23,08,16,127,23,8*67,1763493813856
NMEA,$GPGSV,3,2,10,09,75,352,36,11,04,296,32,21,13,321,26,26,03,041,22,8*68,1763493813856
NMEA,$GPGSV,3,3,10,27,18,096,36,30,24,263,32,8*69,1763493813856
NMEA,$GLGSV,1,1,04,12,61,225,42,11,55,029,41,01,78,094,39,08,24,134,46,1*76,1763493813856
NMEA,$GAGSV,3,1,10,02,48,173,43,03,68,069,40,05,20,107,41,08,47,314,41,7*76,1763493813856
NMEA,$GAGSV,3,2,10,13,13,278,34,15,07,229,36,16,35,051,39,25,55,074,41,7*78,1763493813856
NMEA,$GAGSV,3,3,10,26,03,325,35,30,04,202,32,7*71,1763493813856
NMEA,$GAGSV,2,1,08,02,48,173,37,03,68,069,30,05,20,107,32,08,47,314,33,1*7D,1763493813856
NMEA,$GAGSV,2,2,08,13,13,278,30,15,07,229,22,16,35,051,33,25,55,074,34,1*7F,1763493813856
NMEA,$GQGSV,1,1,01,03,02,297,27,1*5C,1763493813856
NMEA,$GQGSV,1,1,01,03,02,297,19,8*58,1763493813856
NMEA,$GBGSV,2,1,06,37,50,047,42,36,16,231,41,32,17,143,41,22,02,319,34,1*7A,1763493813856
NMEA,$GBGSV,2,2,06,20,73,158,45,19,53,313,42,1*72,1763493813856
NMEA,$GBGSV,2,1,05,19,53,313,42,20,73,158,43,32,17,143,36,36,16,231,40,3*74,1763493813856
NMEA,$GBGSV,2,2,05,37,50,047,41,3*46,1763493813856
NMEA,$GBGSV,2,1,07,19,53,313,34,20,73,158,40,22,02,319,30,23,02,049,26,5*70,1763493813856
NMEA,$GBGSV,2,2,07,32,17,143,26,36,16,231,30,37,50,047,37,5*47,1763493813856
NMEA,$GNGSA,A,3,03,04,07,08,09,16,20,21,27,30,,,0.6,0.4,0.5,1*37,1763493813869
NMEA,$PSSGR,GSA,A,3,03,04,08,09,21,27,30,,,,,,0.6,0.4,0.5,1,8*41,1763493813869
NMEA,$GNGSA,A,3,65,72,75,76,,,,,,,,,0.6,0.4,0.5,2*30,1763493813869
NMEA,$GNGSA,A,3,02,03,05,08,13,15,16,25,,,,,0.6,0.4,0.5,3*3E,1763493813869
NMEA,$PSSGR,GSA,A,3,302,303,305,308,313,316,325,,,,,,0.6,0.4,0.5,3,1*74,1763493813869
NMEA,$GNGSA,A,3,19,20,32,36,37,,,,,,,,0.6,0.4,0.5,4*39,1763493813869
NMEA,$PSSGR,GSA,A,3,219,220,232,236,237,,,,,,,,0.6,0.4,0.5,4,5*72,1763493813869
NMEA,$GNVTG,140.1,T,127.3,M,2.3,N,4.2,K,E*3D,1763493813869
NMEA,$GNDTM,W84,,0000.000000,N,00000.000000,E,0.000,W84*41,1763493813869
NMEA,$GNRMC,192334.00,A,3725.890384,N,12209.300906,W,2.3,140.1,181125,12.8,E,E,V*70,1763493813869
NMEA,$GNGNS,192334.00,3725.890384,N,12209.300906,W,EEEEEE,27,0.4,21.8,-32.6,,,V*27,1763493813869
NMEA,$GNGGA,192334.00,3725.890384,N,12209.300906,W,6,12,0.4,21.8,M,-32.6,M,,*76,1763493813869
NMEA,$PSMSG,magcal=PASS,bluesky=0*00,1763493813875
NMEA,$GPGSV,4,1,13,03,20,173,41,04,55,098,43,06,04,258,32,07,52,278,43,1*66,1763493814856
NMEA,$GPGSV,4,2,13,08,16,127,39,09,75,352,43,11,04,296,42,16,36,051,41,1*65,1763493814856
NMEA,$GPGSV,4,3,13,20,13,320,43,21,13,321,41,26,03,041,28,27,18,096,40,1*6C,1763493814856
NMEA,$GPGSV,4,4,13,30,24,263,41,1*51,1763493814856
NMEA,$GPGSV,3,1,10,03,20,173,31,04,55,098,38,06,04,258,20,08,16,127,25,8*65,1763493814856
NMEA,$GPGSV,3,2,10,09,75,352,36,11,04,296,32,21,13,321,26,26,03,041,22,8*68,1763493814856
NMEA,$GPGSV,3,3,10,27,18,096,35,30,24,263,29,8*60,1763493814856
NMEA,$GLGSV,1,1,04,12,61,225,41,11,55,029,42,01,78,094,40,08,24,134,47,1*79,1763493814856
NMEA,$GAGSV,3,1,10,02,48,173,43,03,68,069,40,05,20,107,41,08,47,314,42,7*75,1763493814856
NMEA,$GAGSV,3,2,10,13,13,278,37,15,07,229,36,16,35,051,39,25,55,074,41,7*7B,1763493814856
NMEA,$GAGSV,3,3,10,26,03,325,35,30,04,202,32,7*71,1763493814856
NMEA,$GAGSV,2,1,08,02,48,173,33,03,68,069,30,05,20,107,33,08,47,314,36,1*7D,1763493814856
NMEA,$GAGSV,2,2,08,13,13,278,32,15,07,229,21,16,35,051,33,25,55,074,34,1*7E,1763493814856
NMEA,$GQGSV,1,1,01,03,02,297,28,1*53,1763493814856
NMEA,$GQGSV,1,1,01,03,02,297,19,8*58,1763493814856
NMEA,$GBGSV,2,1,06,37,50,047,44,36,16,231,43,32,17,143,41,22,02,319,34,1*7E,1763493814856
NMEA,$GBGSV,2,2,06,20,73,158,45,19,53,313,42,1*72,1763493814856
NMEA,$GBGSV,2,1,05,19,53,313,41,20,73,158,44,32,17,143,36,36,16,231,41,3*71,1763493814856
NMEA,$GBGSV,2,2,05,37,50,047,42,3*45,1763493814856
NMEA,$GBGSV,2,1,07,19,53,313,35,20,73,158,39,22,02,319,31,23,02,049,22,5*7A,1763493814856
NMEA,$GBGSV,2,2,07,32,17,143,20,36,16,231,27,37,50,047,37,5*47,1763493814856
NMEA,$GNGSA,A,3,03,04,07,08,09,16,20,21,27,30,,,0.6,0.4,0.5,1*37,1763493814868
NMEA,$PSSGR,GSA,A,3,03,04,08,09,21,27,30,,,,,,0.6,0.4,0.5,1,8*41,1763493814868
NMEA,$GNGSA,A,3,65,72,75,76,,,,,,,,,0.6,0.4,0.5,2*30,1763493814868
NMEA,$GNGSA,A,3,02,03,05,08,13,15,16,25,,,,,0.6,0.4,0.5,3*3E,1763493814868
NMEA,$PSSGR,GSA,A,3,302,303,305,308,313,316,325,,,,,,0.6,0.4,0.5,3,1*74,1763493814868
NMEA,$GNGSA,A,3,19,20,32,36,37,,,,,,,,0.6,0.4,0.5,4*39,1763493814868
NMEA,$PSSGR,GSA,A,3,219,220,232,236,237,,,,,,,,0.6,0.4,0.5,4,5*72,1763493814868
NMEA,$GNVTG,139.1,T,126.3,M,2.4,N,4.4,K,E*33,1763493814868
NMEA,$GNDTM,W84,,0000.000000,N,00000.000000,E,0.000,W84*41,1763493814868
NMEA,$GNRMC,192335.00,A,3725.889859,N,12209.300374,W,2.4,139.1,181125,12.8,E,E,V*74,1763493814868
NMEA,$GNGNS,192335.00,3725.889859,N,12209.300374,W,EEEEEE,27,0.4,21.8,-32.6,,,V*2A,1763493814868
NMEA,$GNGGA,192335.00,3725.889859,N,12209.300374,W,6,12,0.4,21.8,M,-32.6,M,,*7B,1763493814868
NMEA,$PSMSG,magcal=PASS,bluesky=0*00,1763493814871
NMEA,$GPGSV,4,1,13,03,20,173,42,04,55,098,43,06,04,258,33,07,52,278,43,1*64,1763493815855
NMEA,$GPGSV,4,2,13,08,16,127,40,09,75,352,43,11,04,296,42,16,36,051,41,1*6B,1763493815855
NMEA,$GPGSV,4,3,13,20,13,320,43,21,13,321,43,26,03,041,26,27,18,096,40,1*60,1763493815855
NMEA,$GPGSV,4,4,13,30,24,263,41,1*51,1763493815855
NMEA,$GPGSV,3,1,10,03,20,173,35,04,55,098,37,06,04,258,20,08,16,127,28,8*63,1763493815855
NMEA,$GPGSV,3,2,10,09,75,352,35,11,04,296,34,21,13,321,28,26,03,041,26,8*67,1763493815855
NMEA,$GPGSV,3,3,10,27,18,096,36,30,24,263,30,8*6B,1763493815855
NMEA,$GLGSV,1,1,04,12,61,225,41,11,55,029,42,01,78,094,41,08,24,134,47,1*78,1763493815855
NMEA,$GAGSV,3,1,10,02,48,173,42,03,68,069,41,05,20,107,40,08,47,314,41,7*77,1763493815855
NMEA,$GAGSV,3,2,10,13,13,278,41,15,07,229,36,16,35,051,39,25,55,074,41,7*7A,1763493815855
NMEA,$GAGSV,3,3,10,26,03,325,34,30,04,202,30,7*72,1763493815855
NMEA,$GAGSV,2,1,08,02,48,173,33,03,68,069,32,05,20,107,29,08,47,314,35,1*77,1763493815855
NMEA,$GAGSV,2,2,08,13,13,278,29,15,07,229,23,16,35,051,33,25,55,074,34,1*76,1763493815855
NMEA,$GQGSV,1,1,01,03,02,297,30,1*5A,1763493815855
NMEA,$GQGSV,1,1,01,03,02,297,17,8*56,1763493815855
NMEA,$GBGSV,2,1,06,37,50,047,43,36,16,231,40,32,17,143,43,22,02,319,32,1*7E,1763493815855
NMEA,$GBGSV,2,2,06,20,73,158,45,19,53,313,43,1*73,1763493815855
NMEA,$GBGSV,2,1,05,19,53,313,42,20,73,158,44,32,17,143,38,36,16,231,38,3*72,1763493815855
NMEA,$GBGSV,2,2,05,37,50,047,42,3*45,1763493815855
NMEA,$GBGSV,2,1,07,19,53,313,34,20,73,158,38,22,02,319,30,23,02,049,22,5*7B,1763493815855
NMEA,$GBGSV,2,2,07,32,17,143,25,36,16,231,31,37,50,047,36,5*44,1763493815855
NMEA,$GNGSA,A,3,03,04,07,08,09,16,20,21,27,30,,,0.6,0.4,0.5,1*37,1763493815867
NMEA,$PSSGR,GSA,A,3,03,04,08,09,21,27,30,,,,,,0.6,0.4,0.5,1,8*41,1763493815867
NMEA,$GNGSA,A,3,65,72,75,76,,,,,,,,,0.6,0.4,0.5,2*30,1763493815867
NMEA,$GNGSA,A,3,02,03,05,08,13,15,16,25,,,,,0.6,0.4,0.5,3*3E,1763493815867
NMEA,$PSSGR,GSA,A,3,302,303,305,308,313,316,325,,,,,,0.6,0.4,0.5,3,1*74,1763493815867
NMEA,$GNGSA,A,3,19,20,32,36,37,,,,,,,,0.6,0.4,0.5,4*39,1763493815867
NMEA,$PSSGR,GSA,A,3,219,220,232,236,237,,,,,,,,0.6,0.4,0.5,4,5*72,1763493815867
NMEA,$GNVTG,138.2,T,125.4,M,2.2,N,4.1,K,E*36,1763493815867
NMEA,$GNDTM,W84,,0000.000000,N,00000.000000,E,0.000,W84*41,1763493815867
NMEA,$GNRMC,192336.00,A,3725.889381,N,12209.299818,W,2.2,138.2,181125,12.8,E,E,V*7D,1763493815867
NMEA,$GNGNS,192336.00,3725.889381,N,12209.299818,W,EEEEEE,27,0.4,21.9,-32.6,,,V*26,1763493815867
NMEA,$GNGGA,192336.00,3725.889381,N,12209.299818,W,6,12,0.4,21.9,M,-32.6,M,,*77,1763493815867
NMEA,$PSMSG,magcal=PASS,bluesky=0*00,1763493815876
NMEA,$GPGSV,4,1,13,03,20,173,41,04,55,098,44,06,04,258,33,07,52,278,43,1*60,1763493816862
NMEA,$GPGSV,4,2,13,08,16,127,40,09,75,352,43,11,04,296,40,16,36,051,40,1*68,1763493816862
NMEA,$GPGSV,4,3,13,20,13,320,44,21,13,321,42,26,03,041,26,27,18,096,39,1*68,1763493816862
NMEA,$GPGSV,4,4,13,30,24,263,41,1*51,1763493816862
NMEA,$GPGSV,3,1,10,03,20,173,38,04,55,098,39,06,04,258,21,08,16,127,25,8*6C,1763493816862
NMEA,$GPGSV,3,2,10,09,75,352,33,11,04,296,31,21,13,321,29,26,03,041,26,8*65,1763493816862
NMEA,$GPGSV,3,3,10,27,18,096,37,30,24,263,30,8*6A,1763493816862
NMEA,$GLGSV,1,1,04,12,61,225,41,11,55,029,42,01,78,094,39,08,24,134,45,1*75,1763493816862
NMEA,$GAGSV,3,1,10,02,48,173,42,03,68,069,42,05,20,107,39,08,47,314,41,7*7A,1763493816862
NMEA,$GAGSV,3,2,10,13,13,278,39,15,07,229,37,16,35,051,38,25,55,074,42,7*76,1763493816862
NMEA,$GAGSV,3,3,10,26,03,325,31,30,04,202,33,7*74,1763493816862
NMEA,$GAGSV,2,1,08,02,48,173,35,03,68,069,28,05,20,107,26,08,47,314,32,1*72,1763493816862
NMEA,$GAGSV,2,2,08,13,13,278,34,15,07,229,21,16,35,051,35,25,55,074,35,1*7F,1763493816862
NMEA,$GQGSV,1,1,01,03,02,297,31,1*5B,1763493816862
NMEA,$GQGSV,1,1,01,03,02,297,21,8*53,1763493816862
NMEA,$GBGSV,2,1,06,37,50,047,43,36,16,231,40,32,17,143,40,22,02,319,31,1*7E,1763493816862
NMEA,$GBGSV,2,2,06,20,73,158,45,19,53,313,42,1*72,1763493816862
NMEA,$GBGSV,2,1,05,19,53,313,42,20,73,158,44,32,17,143,36,36,16,231,39,3*7D,1763493816862
NMEA,$GBGSV,2,2,05,37,50,047,42,3*45,1763493816862
NMEA,$GBGSV,2,1,07,19,53,313,32,20,73,158,39,22,02,319,28,23,02,049,22,5*75,1763493816862
NMEA,$GBGSV,2,2,07,32,17,143,26,36,16,231,31,37,50,047,37,5*46,1763493816862
NMEA,$GNGSA,A,3,03,04,07,08,09,16,20,21,27,30,,,0.6,0.4,0.5,1*37,1763493816871
NMEA,$PSSGR,GSA,A,3,03,04,08,09,21,27,30,,,,,,0.6,0.4,0.5,1,8*41,1763493816871
NMEA,$GNGSA,A,3,65,72,75,76,,,,,,,,,0.6,0.4,0.5,2*30,1763493816871
NMEA,$GNGSA,A,3,02,03,05,08,13,15,16,25,,,,,0.6,0.4,0.5,3*3E,1763493816871
NMEA,$PSSGR,GSA,A,3,302,303,305,308,313,316,325,,,,,,0.6,0.4,0.5,3,1*74,1763493816871
NMEA,$GNGSA,A,3,19,20,32,36,37,,,,,,,,0.6,0.4,0.5,4*39,1763493816871
NMEA,$PSSGR,GSA,A,3,219,220,232,236,237,,,,,,,,0.6,0.4,0.5,4,5*72,1763493816871
NMEA,$GNVTG,138.0,T,125.2,M,2.2,N,4.1,K,E*32,1763493816871
NMEA,$GNDTM,W84,,0000.000000,N,00000.000000,E,0.000,W84*41,1763493816871
NMEA,$GNRMC,192337.00,A,3725.888897,N,12209.299323,W,2.2,138.0,181125,12.8,E,E,V*70,1763493816871
NMEA,$GNGNS,192337.00,3725.888897,N,12209.299323,W,EEEEEE,27,0.4,22.1,-32.6,,,V*22,1763493816871
NMEA,$GNGGA,192337.00,3725.888897,N,12209.299323,W,6,12,0.4,22.1,M,-32.6,M,,*73,1763493816871
NMEA,$PSMSG,magcal=PASS,bluesky=0*00,1763493816877
NMEA,$GPGSV,4,1,13,03,20,173,43,04,55,098,44,06,04,258,33,07,52,278,42,1*63,1763493817855
NMEA,$GPGSV,4,2,13,08,16,127,39,09,75,352,44,11,04,296,43,16,36,051,42,1*60,1763493817855
NMEA,$GPGSV,4,3,13,20,13,320,44,21,13,321,41,26,03,041,27,27,18,096,37,1*64,1763493817855
NMEA,$GPGSV,4,4,13,30,24,263,43,1*53,1763493817855
NMEA,$GPGSV,3,1,10,03,20,173,37,04,55,098,39,06,04,258,26,08,16,127,27,8*66,1763493817855
NMEA,$GPGSV,3,2,10,09,75,352,31,11,04,296,26,21,13,321,30,26,03,041,27,8*68,1763493817855
NMEA,$GPGSV,3,3,10,27,18,096,37,30,24,263,33,8*69,1763493817855
NMEA,$GLGSV,1,1,04,12,61,225,43,11,55,029,42,01,78,094,39,08,24,134,44,1*76,1763493817855
NMEA,$GAGSV,3,1,10,02,48,173,41,03,68,069,41,05,20,107,41,08,47,314,40,7*74,1763493817855
NMEA,$GAGSV,3,2,10,13,13,278,34,15,07,229,35,16,35,051,39,25,55,074,41,7*7B,1763493817855
NMEA,$GAGSV,3,3,10,26,03,325,31,30,04,202,32,7*75,1763493817855
NMEA,$GAGSV,2,1,08,02,48,173,37,03,68,069,27,05,20,107,31,08,47,314,28,1*72,1763493817855
NMEA,$GAGSV,2,2,08,13,13,278,33,15,07,229,22,16,35,051,34,25,55,074,36,1*79,1763493817855
NMEA,$GQGSV,1,1,01,03,02,297,30,1*5A,1763493817855
NMEA,$GQGSV,1,1,01,03,02,297,21,8*53,1763493817855
NMEA,$GBGSV,2,1,06,37,50,047,43,36,16,231,39,32,17,143,40,22,02,319,34,1*75,1763493817855
NMEA,$GBGSV,2,2,06,20,73,158,44,19,53,313,42,1*73,1763493817855
NMEA,$GBGSV,2,1,05,19,53,313,41,20,73,158,40,32,17,143,34,36,16,231,37,3*76,1763493817855
NMEA,$GBGSV,2,2,05,37,50,047,42,3*45,1763493817855
NMEA,$GBGSV,2,1,07,19,53,313,29,20,73,158,38,22,02,319,27,23,02,049,19,5*79,1763493817855
NMEA,$GBGSV,2,2,07,32,17,143,27,36,16,231,31,37,50,047,36,5*46,1763493817855
NMEA,$GNGSA,A,3,03,04,07,08,09,16,20,21,27,30,,,0.6,0.4,0.5,1*37,1763493817865
NMEA,$PSSGR,GSA,A,3,03,04,08,09,21,27,30,,,,,,0.6,0.4,0.5,1,8*41,1763493817865
NMEA,$GNGSA,A,3,65,72,75,76,,,,,,,,,0.6,0.4,0.5,2*30,1763493817865
NMEA,$GNGSA,A,3,02,03,05,08,13,15,16,25,,,,,0.6,0.4,0.5,3*3E,1763493817865
NMEA,$PSSGR,GSA,A,3,302,303,305,308,313,316,325,,,,,,0.6,0.4,0.5,3,1*74,1763493817865
NMEA,$GNGSA,A,3,19,20,32,36,37,,,,,,,,0.6,0.4,0.5,4*39,1763493817865
NMEA,$PSSGR,GSA,A,3,219,220,232,236,237,,,,,,,,0.6,0.4,0.5,4,5*72,1763493817865
NMEA,$GNVTG,134.3,T,121.5,M,2.3,N,4.2,K,E*3C,1763493817865
NMEA,$GNDTM,W84,,0000.000000,N,00000.000000,E,0.000,W84*41,1763493817865
NMEA,$GNRMC,192338.00,A,3725.888418,N,12209.298780,W,2.3,134.3,181125,12.8,E,E,V*76,1763493817865
NMEA,$GNGNS,192338.00,3725.888418,N,12209.298780,W,EEEEEE,27,0.4,22.1,-32.6,,,V*2A,1763493817865
NMEA,$GNGGA,192338.00,3725.888418,N,12209.298780,W,6,12,0.4,22.1,M,-32.6,M,,*7B,1763493817865
NMEA,$PSMSG,magcal=PASS,bluesky=0*00,1763493817868
NMEA,$GPGSV,4,1,13,03,20,173,39,04,55,098,43,06,04,258,34,07,52,278,42,1*6E,1763493818858
NMEA,$GPGSV,4,2,13,08,16,127,41,09,75,352,45,11,04,296,42,16,36,051,40,1*6D,1763493818858
NMEA,$GPGSV,4,3,13,20,13,320,44,21,13,321,41,26,03,041,27,27,18,096,39,1*6A,1763493818858
NMEA,$GPGSV,4,4,13,30,24,263,44,1*54,1763493818858
NMEA,$GPGSV,3,1,10,03,20,173,25,04,55,098,38,06,04,258,27,08,16,127,26,8*64,1763493818858
NMEA,$GPGSV,3,2,10,09,75,352,37,11,04,296,28,21,13,321,30,26,03,041,30,8*66,1763493818858
NMEA,$GPGSV,3,3,10,27,18,096,35,30,24,263,32,8*6A,1763493818858
NMEA,$GLGSV,1,1,04,12,61,225,41,11,55,029,42,01,78,094,40,08,24,134,45,1*7B,1763493818858
NMEA,$GAGSV,3,1,10,02,48,173,43,03,68,069,41,05,20,107,40,08,47,314,39,7*79,1763493818858
NMEA,$GAGSV,3,2,10,13,13,278,37,15,07,229,32,16,35,051,38,25,55,074,41,7*7E,1763493818858
NMEA,$GAGSV,3,3,10,26,03,325,32,30,04,202,32,7*76,1763493818858
NMEA,$GAGSV,2,1,08,02,48,173,38,03,68,069,27,05,20,107,29,08,47,314,32,1*7F,1763493818858
NMEA,$GAGSV,2,2,08,13,13,278,30,15,07,229,22,16,35,051,34,25,55,074,35,1*79,1763493818858
NMEA,$GQGSV,1,1,01,03,02,297,29,1*52,1763493818858
NMEA,$GQGSV,1,1,01,03,02,297,20,8*52,1763493818858
NMEA,$GBGSV,2,1,06,37,50,047,43,36,16,231,41,32,16,143,42,22,02,319,33,1*7E,1763493818858
NMEA,$GBGSV,2,2,06,20,73,158,47,19,53,313,43,1*71,1763493818858
NMEA,$GBGSV,2,1,05,19,53,313,41,20,73,158,42,32,16,143,41,36,16,231,39,3*79,1763493818858
NMEA,$GBGSV,2,2,05,37,50,047,42,3*45,1763493818858
NMEA,$GBGSV,2,1,07,19,53,313,32,20,73,158,39,22,02,319,29,23,02,049,19,5*7C,1763493818858
NMEA,$GBGSV,2,2,07,32,16,143,22,36,16,231,28,37,50,047,37,5*4B,1763493818858
NMEA,$GNGSA,A,3,03,04,07,08,09,16,20,21,27,30,,,0.6,0.4,0.5,1*37,1763493818867
NMEA,$PSSGR,GSA,A,3,03,04,08,09,21,27,30,,,,,,0.6,0.4,0.5,1,8*41,1763493818867
NMEA,$GNGSA,A,3,65,72,75,76,,,,,,,,,0.6,0.4,0.5,2*30,1763493818867
NMEA,$GNGSA,A,3,02,03,05,08,13,15,16,25,,,,,0.6,0.4,0.5,3*3E,1763493818867
NMEA,$PSSGR,GSA,A,3,302,303,305,308,313,316,325,,,,,,0.6,0.4,0.5,3,1*74,1763493818867
NMEA,$GNGSA,A,3,19,20,32,36,37,,,,,,,,0.6,0.4,0.5,4*39,1763493818867
NMEA,$PSSGR,GSA,A,3,219,220,232,236,237,,,,,,,,0.6,0.4,0.5,4,5*72,1763493818867
NMEA,$GNVTG,139.1,T,126.3,M,2.3,N,4.3,K,E*33,1763493818867
NMEA,$GNDTM,W84,,0000.000000,N,00000.000000,E,0.000,W84*41,1763493818867
NMEA,$GNRMC,192339.00,A,3725.887892,N,12209.298216,W,2.3,139.1,181125,12.8,E,E,V*73,1763493818867
NMEA,$GNGNS,192339.00,3725.887892,N,12209.298216,W,EEEEEE,27,0.4,22.1,-32.6,,,V*20,1763493818867
NMEA,$GNGGA,192339.00,3725.887892,N,12209.298216,W,6,12,0.4,22.1,M,-32.6,M,,*71,1763493818867
NMEA,$PSMSG,magcal=PASS,bluesky=0*00,1763493818873
NMEA,$GPGSV,4,1,13,03,20,173,41,04,55,098,43,06,04,258,35,07,52,278,42,1*60,1763493819860
NMEA,$GPGSV,4,2,13,08,16,127,41,09,75,352,44,11,04,296,43,16,36,051,41,1*6C,1763493819860
NMEA,$GPGSV,4,3,13,20,13,320,43,21,13,321,40,26,03,041,27,27,18,096,42,1*60,1763493819860
NMEA,$GPGSV,4,4,13,30,24,263,43,1*53,1763493819860
NMEA,$GPGSV,3,1,10,03,20,173,32,04,55,098,36,06,04,258,28,08,16,127,26,8*63,1763493819860
NMEA,$GPGSV,3,2,10,09,75,352,37,11,04,296,33,21,13,321,30,26,03,041,30,8*6C,1763493819860
NMEA,$GPGSV,3,3,10,27,18,096,36,30,24,263,32,8*69,1763493819860
NMEA,$GLGSV,1,1,04,12,61,225,42,11,55,029,41,01,78,094,40,08,24,134,45,1*7B,1763493819860
NMEA,$GAGSV,3,1,10,02,48,173,43,03,68,069,41,05,20,107,40,08,47,314,40,7*77,1763493819860
NMEA,$GAGSV,3,2,10,13,13,278,39,15,07,229,34,16,35,051,38,25,55,074,41,7*76,1763493819860
NMEA,$GAGSV,3,3,10,26,03,325,32,30,04,202,32,7*76,1763493819860
NMEA,$GAGSV,2,1,08,02,48,173,36,03,68,069,32,05,20,107,30,08,47,314,34,1*7B,1763493819860
NMEA,$GAGSV,2,2,08,13,13,278,34,15,07,229,23,16,35,051,35,25,55,074,30,1*78,1763493819860
NMEA,$GQGSV,1,1,01,03,02,297,29,1*52,1763493819860
NMEA,$GQGSV,1,1,01,03,02,297,23,8*51,1763493819860
NMEA,$GBGSV,2,1,06,37,50,047,43,36,16,231,41,32,16,143,42,22,02,319,33,1*7E,1763493819860
NMEA,$GBGSV,2,2,06,20,73,158,47,19,53,313,43,1*71,1763493819860
NMEA,$GBGSV,2,1,05,19,53,313,42,20,73,158,44,32,16,143,41,36,16,231,38,3*7D,1763493819860
NMEA,$GBGSV,2,2,05,37,50,047,42,3*45,1763493819860
NMEA,$GBGSV,2,1,07,19,53,313,36,20,73,158,39,22,02,319,29,23,02,049,21,5*73,1763493819860
NMEA,$GBGSV,2,2,07,32,16,143,27,36,16,231,33,37,50,047,36,5*45,1763493819860
NMEA,$GNGSA,A,3,03,04,07,08,09,16,20,21,27,30,,,0.6,0.4,0.5,1*37,1763493819881
NMEA,$PSSGR,GSA,A,3,03,04,08,09,21,27,30,,,,,,0.6,0.4,0.5,1,8*41,1763493819881
NMEA,$GNGSA,A,3,65,72,75,76,,,,,,,,,0.6,0.4,0.5,2*30,1763493819881
NMEA,$GNGSA,A,3,02,03,05,08,13,15,16,25,,,,,0.6,0.4,0.5,3*3E,1763493819881
NMEA,$PSSGR,GSA,A,3,302,303,305,308,313,316,325,,,,,,0.6,0.4,0.5,3,1*74,1763493819881
NMEA,$GNGSA,A,3,19,20,32,36,37,,,,,,,,0.6,0.4,0.5,4*39,1763493819881
NMEA,$PSSGR,GSA,A,3,219,220,232,236,237,,,,,,,,0.6,0.4,0.5,4,5*72,1763493819881
NMEA,$GNVTG,141.7,T,128.9,M,2.3,N,4.3,K,E*3E,1763493819881
NMEA,$GNDTM,W84,,0000.000000,N,00000.000000,E,0.000,W84*41,1763493819881
NMEA,$GNRMC,192340.00,A,3725.887329,N,12209.297672,W,2.3,141.7,181125,12.8,E,E,V*76,1763493819881
NMEA,$GNGNS,192340.00,3725.887329,N,12209.297672,W,EEEEEE,27,0.4,21.8,-32.6,,,V*26,1763493819881
NMEA,$GNGGA,192340.00,3725.887329,N,12209.297672,W,6,12,0.4,21.8,M,-32.6,M,,*77,1763493819881
NMEA,$PSMSG,magcal=PASS,bluesky=0*00,1763493819886
NMEA,$GPGSV,4,1,13,03,20,173,43,04,55,098,44,06,04,258,33,07,52,278,44,1*65,1763493820868
NMEA,$GPGSV,4,2,13,08,16,127,39,09,75,352,44,11,04,296,42,16,36,051,40,1*63,1763493820868
NMEA,$GPGSV,4,3,13,20,13,320,43,21,13,321,40,26,03,041,24,27,18,096,40,1*61,1763493820868
NMEA,$GPGSV,4,4,13,30,24,263,41,1*51,1763493820868
NMEA,$GPGSV,3,1,10,03,20,173,33,04,55,098,37,06,04,258,29,08,16,127,26,8*62,1763493820868
NMEA,$GPGSV,3,2,10,09,75,352,35,11,04,296,27,21,13,321,32,26,03,041,28,8*60,1763493820868
NMEA,$GPGSV,3,3,10,27,18,096,35,30,24,263,26,8*6F,1763493820868
NMEA,$GLGSV,1,1,04,12,61,225,40,11,55,029,41,01,78,094,40,08,24,134,46,1*7A,1763493820868
NMEA,$GAGSV,3,1,10,02,48,173,43,03,68,069,41,05,20,107,39,08,47,314,40,7*79,1763493820868
NMEA,$GAGSV,3,2,10,13,13,278,38,15,07,229,34,16,35,051,37,25,55,074,41,7*78,1763493820868
NMEA,$GAGSV,3,3,10,26,03,325,32,30,04,202,32,7*76,1763493820868
NMEA,$GAGSV,2,1,08,02,48,173,33,03,68,069,27,05,20,107,29,08,47,314,34,1*72,1763493820868
NMEA,$GAGSV,2,2,08,13,13,278,34,15,07,229,24,16,35,051,33,25,55,074,36,1*7F,1763493820868
NMEA,$GQGSV,1,1,01,03,02,297,29,1*52,1763493820868
NMEA,$GQGSV,1,1,01,03,02,297,23,8*51,1763493820868
NMEA,$GBGSV,2,1,06,37,50,047,43,36,16,231,41,32,16,143,42,22,02,319,33,1*7E,1763493820868
NMEA,$GBGSV,2,2,06,20,73,158,47,19,53,313,43,1*71,1763493820868
NMEA,$GBGSV,2,1,05,19,53,313,42,20,73,158,43,32,16,143,35,36,16,231,39,3*78,1763493820868
NMEA,$GBGSV,2,2,05,37,50,047,41,3*46,1763493820868
NMEA,$GBGSV,2,1,07,19,53,313,34,20,73,158,39,22,02,319,30,23,02,049,23,5*7B,1763493820868
NMEA,$GBGSV,2,2,07,32,16,143,25,36,16,231,28,37,50,047,37,5*4C,1763493820868
NMEA,$GNGSA,A,3,03,04,07,08,09,16,20,21,27,30,,,0.6,0.4,0.5,1*37,1763493820877
NMEA,$PSSGR,GSA,A,3,03,04,08,09,21,27,30,,,,,,0.6,0.4,0.5,1,8*41,1763493820877
NMEA,$GNGSA,A,3,65,72,75,76,,,,,,,,,0.6,0.4,0.5,2*30,1763493820877
NMEA,$GNGSA,A,3,02,03,05,08,13,15,16,25,,,,,0.6,0.4,0.5,3*3E,1763493820877
NMEA,$PSSGR,GSA,A,3,302,303,305,308,313,316,325,,,,,,0.6,0.4,0.5,3,1*74,1763493820877
NMEA,$GNGSA,A,3,19,20,32,36,37,,,,,,,,0.6,0.4,0.5,4*39,1763493820877
NMEA,$PSSGR,GSA,A,3,219,220,232,236,237,,,,,,,,0.6,0.4,0.5,4,5*72,1763493820877
NMEA,$GNVTG,137.6,T,124.8,M,2.2,N,4.1,K,E*30,1763493820877
NMEA,$GNDTM,W84,,0000.000000,N,00000.000000,E,0.000,W84*41,1763493820877
NMEA,$GNRMC,192341.00,A,3725.886833,N,12209.297133,W,2.2,137.6,181125,12.8,E,E,V*75,1763493820877
NMEA,$GNGNS,192341.00,3725.886833,N,12209.297133,W,EEEEEE,27,0.4,21.9,-32.6,,,V*25,1763493820877
NMEA,$GNGGA,192341.00,3725.886833,N,12209.297133,W,6,12,0.4,21.9,M,-32.6,M,,*74,1763493820877
NMEA,$PSMSG,magcal=PASS,bluesky=0*00,1763493820881
NMEA,$GPGSV,4,1,13,03,20,173,42,04,55,098,43,06,04,258,30,07,52,278,43,1*67,1763493821867
NMEA,$GPGSV,4,2,13,08,16,127,38,09,75,352,43,11,04,296,38,16,36,051,41,1*69,1763493821867
NMEA,$GPGSV,4,3,13,20,13,320,43,21,13,321,38,26,03,041,29,27,18,096,40,1*63,1763493821867
NMEA,$GPGSV,4,4,13,30,24,263,39,1*5E,1763493821867
NMEA,$GPGSV,3,1,10,03,20,173,36,04,55,098,38,06,04,258,22,08,16,127,25,8*60,1763493821867
NMEA,$GPGSV,3,2,10,09,75,352,33,11,04,296,24,21,13,321,33,26,03,041,23,8*6F,1763493821867
NMEA,$GPGSV,3,3,10,27,18,096,34,30,24,263,28,8*60,1763493821867
NMEA,$GLGSV,1,1,04,12,61,225,41,11,55,029,42,01,78,094,40,08,24,134,44,1*7A,1763493821867
NMEA,$GAGSV,3,1,10,02,48,173,42,03,68,069,41,05,20,107,38,08,47,314,40,7*79,1763493821867
NMEA,$GAGSV,3,2,10,13,13,278,37,15,07,229,34,16,35,051,39,25,55,074,41,7*79,1763493821867
NMEA,$GAGSV,3,3,10,26,03,325,32,30,04,202,32,7*76,1763493821867
NMEA,$GAGSV,2,1,08,02,48,173,37,03,68,069,27,05,20,107,30,08,47,314,34,1*7E,1763493821867
NMEA,$GAGSV,2,2,08,13,13,278,33,15,07,229,22,16,35,051,34,25,55,074,36,1*79,1763493821867
NMEA,$GQGSV,1,1,01,03,02,297,31,1*5B,1763493821867
NMEA,$GQGSV,1,1,01,03,02,297,23,8*51,1763493821867
NMEA,$GBGSV,2,1,06,37,50,047,43,36,16,231,41,32,16,143,42,22,02,319,33,1*7E,1763493821867
NMEA,$GBGSV,2,2,06,20,73,158,47,19,53,313,43,1*71,1763493821867
NMEA,$GBGSV,2,1,05,19,53,313,41,20,73,158,41,32,16,143,32,36,16,231,39,3*7E,1763493821867
NMEA,$GBGSV,2,2,05,37,50,047,39,3*49,1763493821867
NMEA,$GBGSV,2,1,05,19,53,313,31,20,73,158,39,32,16,143,26,36,16,231,27,5*7A,1763493821867
NMEA,$GBGSV,2,2,05,37,50,047,38,5*4E,1763493821867
NMEA,$GNGSA,A,3,03,04,07,08,09,16,20,21,27,30,,,0.6,0.4,0.5,1*37,1763493821878
NMEA,$PSSGR,GSA,A,3,03,04,08,09,21,27,30,,,,,,0.6,0.4,0.5,1,8*41,1763493821878
NMEA,$GNGSA,A,3,65,72,75,76,,,,,,,,,0.6,0.4,0.5,2*30,1763493821878
NMEA,$GNGSA,A,3,02,03,05,08,13,15,16,25,,,,,0.6,0.4,0.5,3*3E,1763493821878
NMEA,$PSSGR,GSA,A,3,302,303,305,308,313,316,325,,,,,,0.6,0.4,0.5,3,1*74,1763493821878
NMEA,$GNGSA,A,3,19,20,32,36,37,,,,,,,,0.6,0.4,0.5,4*39,1763493821878
NMEA,$PSSGR,GSA,A,3,219,220,232,236,237,,,,,,,,0.6,0.4,0.5,4,5*72,1763493821878
NMEA,$GNVTG,137.9,T,125.1,M,2.4,N,4.5,K,E*35,1763493821878
NMEA,$GNDTM,W84,,0000.000000,N,00000.000000,E,0.000,W84*41,1763493821878
NMEA,$GNRMC,192342.00,A,3725.886263,N,12209.296585,W,2.4,137.9,181125,12.8,E,E,V*78,1763493821878
NMEA,$GNGNS,192342.00,3725.886263,N,12209.296585,W,EEEEEE,27,0.4,22.0,-32.6,,,V*2B,1763493821878
NMEA,$GNGGA,192342.00,3725.886263,N,12209.296585,W,6,12,0.4,22.0,M,-32.6,M,,*7A,1763493821878
NMEA,$PSMSG,magcal=PASS,bluesky=0*00,1763493821881
NMEA,$GPGSV,4,1,13,03,20,173,40,04,55,098,43,06,04,258,33,07,52,278,42,1*67,1763493822854
NMEA,$GPGSV,4,2,13,08,16,127,38,09,75,352,43,11,04,296,38,16,36,051,40,1*68,1763493822854
NMEA,$GPGSV,4,3,13,20,13,320,42,21,13,321,38,26,03,041,25,27,18,096,38,1*61,1763493822854
NMEA,$GPGSV,4,4,13,30,24,263,37,1*50,1763493822854
NMEA,$GPGSV,3,1,10,03,20,173,30,04,55,098,37,06,04,258,23,08,16,127,25,8*68,1763493822854
NMEA,$GPGSV,3,2,10,09,75,352,36,11,04,296,21,21,13,321,31,26,03,041,28,8*66,1763493822854
NMEA,$GPGSV,3,3,10,27,18,096,35,30,24,263,28,8*61,1763493822854
NMEA,$GLGSV,1,1,04,12,61,225,40,11,55,029,41,01,78,094,39,08,24,134,44,1*76,1763493822854
NMEA,$GAGSV,3,1,10,02,48,173,42,03,68,069,40,05,20,107,37,08,47,314,39,7*79,1763493822854
NMEA,$GAGSV,3,2,10,13,13,278,36,15,07,229,29,16,35,051,38,25,55,074,40,7*74,1763493822854
NMEA,$GAGSV,3,3,10,26,03,325,32,30,04,202,32,7*76,1763493822854
NMEA,$GAGSV,2,1,08,02,48,173,37,03,68,069,28,05,20,107,27,08,47,314,36,1*75,1763493822854
NMEA,$GAGSV,2,2,08,13,13,278,30,15,07,229,25,16,35,051,34,25,55,074,35,1*7E,1763493822854
NMEA,$GQGSV,1,1,01,03,02,297,30,1*5A,1763493822854
NMEA,$GQGSV,1,1,01,03,02,297,23,8*51,1763493822854
NMEA,$GBGSV,2,1,06,37,50,047,43,36,16,231,41,32,16,143,42,22,02,319,33,1*7E,1763493822854
NMEA,$GBGSV,2,2,06,20,73,158,47,19,53,313,43,1*71,1763493822854
NMEA,$GBGSV,2,1,05,19,53,313,41,20,73,158,42,32,16,143,37,36,16,231,38,3*79,1763493822854
NMEA,$GBGSV,2,2,05,37,50,047,41,3*46,1763493822854
NMEA,$GBGSV,2,1,05,19,53,313,35,20,73,158,40,32,16,143,28,36,16,231,30,5*78,1763493822854
NMEA,$GBGSV,2,2,05,37,50,047,37,5*41,1763493822854
NMEA,$GNGSA,A,3,03,04,07,08,09,16,20,21,27,30,,,0.6,0.4,0.5,1*37,1763493822860
NMEA,$PSSGR,GSA,A,3,03,04,08,09,21,27,30,,,,,,0.6,0.4,0.5,1,8*41,1763493822860
NMEA,$GNGSA,A,3,65,72,75,76,,,,,,,,,0.6,0.4,0.5,2*30,1763493822860
NMEA,$GNGSA,A,3,02,03,05,08,13,15,16,25,,,,,0.6,0.4,0.5,3*3E,1763493822860
NMEA,$PSSGR,GSA,A,3,302,303,305,308,313,316,325,,,,,,0.6,0.4,0.5,3,1*74,1763493822860
NMEA,$GNGSA,A,3,19,20,32,36,37,,,,,,,,0.6,0.4,0.5,4*39,1763493822860
NMEA,$PSSGR,GSA,A,3,219,220,232,236,237,,,,,,,,0.6,0.4,0.5,4,5*72,1763493822860
NMEA,$GNVTG,139.1,T,126.3,M,2.6,N,4.8,K,E*3D,1763493822860
NMEA,$GNDTM,W84,,0000.000000,N,00000.000000,E,0.000,W84*41,1763493822860
NMEA,$GNRMC,192343.00,A,3725.885639,N,12209.296036,W,2.6,139.1,181125,12.8,E,E,V*78,1763493822860
NMEA,$GNGNS,192343.00,3725.885639,N,12209.296036,W,EEEEEE,27,0.4,22.0,-32.6,,,V*2F,1763493822860
NMEA,$GNGGA,192343.00,3725.885639,N,12209.296036,W,6,12,0.4,22.0,M,-32.6,M,,*7E,1763493822860
NMEA,$PSMSG,magcal=PASS,bluesky=0*00,1763493822863
NMEA,$GPGSV,4,1,13,03,20,173,42,04,55,098,43,06,04,258,33,07,52,278,43,1*64,1763493823856
NMEA,$GPGSV,4,2,13,08,16,127,37,09,75,352,43,11,04,296,40,16,36,051,39,1*66,1763493823856
NMEA,$GPGSV,4,3,13,20,13,320,42,21,13,321,40,26,03,041,25,27,18,096,39,1*6F,1763493823856
NMEA,$GPGSV,4,4,13,30,24,263,41,1*51,1763493823856
NMEA,$GPGSV,3,1,10,03,20,173,34,04,55,098,37,06,04,258,32,08,16,127,24,8*6D,1763493823856
NMEA,$GPGSV,3,2,10,09,75,352,35,11,04,296,23,21,13,321,31,26,03,041,27,8*68,1763493823856
NMEA,$GPGSV,3,3,10,27,18,096,33,30,24,263,30,8*6E,1763493823856
NMEA,$GLGSV,1,1,04,12,61,225,40,11,55,029,41,01,78,094,37,08,24,134,44,1*78,1763493823856
NMEA,$GAGSV,3,1,10,02,48,173,42,03,68,069,40,05,20,107,38,08,47,314,39,7*76,1763493823856
NMEA,$GAGSV,3,2,10,13,13,278,38,15,07,229,26,16,35,051,36,25,55,074,42,7*79,1763493823856
NMEA,$GAGSV,3,3,10,26,03,325,32,30,04,202,32,7*76,1763493823856
NMEA,$GAGSV,2,1,08,02,48,173,37,03,68,069,28,05,20,107,28,08,47,314,35,1*79,1763493823856
NMEA,$GAGSV,2,2,08,13,13,278,30,15,07,229,21,16,35,051,33,25,55,074,36,1*7E,1763493823856
NMEA,$GQGSV,1,1,01,03,02,297,26,1*5D,1763493823856
NMEA,$GQGSV,1,1,01,03,02,297,23,8*51,1763493823856
NMEA,$GBGSV,2,1,06,37,50,047,43,36,16,231,41,32,16,143,42,22,02,319,33,1*7E,1763493823856
NMEA,$GBGSV,2,2,06,20,73,158,47,19,53,313,43,1*71,1763493823856
NMEA,$GBGSV,2,1,05,19,53,313,43,20,73,158,41,32,16,143,36,36,16,231,37,3*76,1763493823856
NMEA,$GBGSV,2,2,05,37,50,047,39,3*49,1763493823856
NMEA,$GBGSV,2,1,05,19,53,313,34,20,73,158,38,32,16,143,29,36,16,231,29,5*7F,1763493823856
NMEA,$GBGSV,2,2,05,37,50,047,35,5*43,1763493823856
NMEA,$GNGSA,A,3,03,04,07,08,09,16,20,21,27,30,,,0.6,0.4,0.5,1*37,1763493823867
NMEA,$PSSGR,GSA,A,3,03,04,08,09,21,27,30,,,,,,0.6,0.4,0.5,1,8*41,1763493823867
NMEA,$GNGSA,A,3,65,72,75,76,,,,,,,,,0.6,0.4,0.5,2*30,1763493823867
NMEA,$GNGSA,A,3,02,03,05,08,13,15,16,25,,,,,0.6,0.4,0.5,3*3E,1763493823867
NMEA,$PSSGR,GSA,A,3,302,303,305,308,313,316,325,,,,,,0.6,0.4,0.5,3,1*74,1763493823867
NMEA,$GNGSA,A,3,19,20,32,36,37,,,,,,,,0.6,0.4,0.5,4*39,1763493823867
NMEA,$PSSGR,GSA,A,3,219,220,232,236,237,,,,,,,,0.6,0.4,0.5,4,5*72,1763493823867
NMEA,$GNVTG,136.9,T,124.1,M,2.5,N,4.6,K,E*37,1763493823867
NMEA,$GNDTM,W84,,0000.000000,N,00000.000000,E,0.000,W84*41,1763493823867
NMEA,$GNRMC,192344.00,A,3725.885081,N,12209.295427,W,2.5,136.9,181125,12.8,E,E,V*79,1763493823867
NMEA,$GNGNS,192344.00,3725.885081,N,12209.295427,W,EEEEEE,27,0.4,22.1,-32.6,,,V*2B,1763493823867
NMEA,$GNGGA,192344.00,3725.885081,N,12209.295427,W,6,12,0.4,22.1,M,-32.6,M,,*7A,1763493823867
NMEA,$PSMSG,magcal=PASS,bluesky=0*00,1763493823870
NMEA,$GPGSV,4,1,13,03,20,173,40,04,55,098,43,06,04,258,33,07,52,278,42,1*67,1763493824862
NMEA,$GPGSV,4,2,13,08,16,127,37,09,75,352,43,11,04,296,42,16,36,051,41,1*6B,1763493824862
NMEA,$GPGSV,4,3,13,20,13,320,44,21,13,321,42,26,03,041,27,27,18,096,36,1*66,1763493824862
NMEA,$GPGSV,4,4,13,30,24,263,42,1*52,1763493824862
NMEA,$GPGSV,3,1,10,03,20,173,32,04,55,098,37,06,04,258,30,08,16,127,25,8*68,1763493824862
NMEA,$GPGSV,3,2,10,09,75,352,36,11,04,296,26,21,13,321,28,26,03,041,29,8*68,1763493824862
NMEA,$GPGSV,3,3,10,27,18,096,37,30,24,263,26,8*6D,1763493824862
NMEA,$GLGSV,1,1,04,12,61,225,41,11,55,029,41,01,78,094,39,08,24,134,46,1*75,1763493824862
NMEA,$GAGSV,3,1,10,02,48,173,41,03,68,069,39,05,20,107,38,08,47,314,39,7*7B,1763493824862
NMEA,$GAGSV,3,2,10,13,13,278,37,15,07,229,28,16,35,051,38,25,55,074,41,7*75,1763493824862
NMEA,$GAGSV,3,3,10,26,03,325,32,30,04,202,32,7*76,1763493824862
NMEA,$GAGSV,2,1,08,02,48,173,35,03,68,069,26,05,20,107,28,08,47,314,31,1*71,1763493824862
NMEA,$GAGSV,2,2,08,13,13,278,25,15,07,229,28,16,35,051,35,25,55,074,35,1*76,1763493824862
NMEA,$GQGSV,1,1,01,03,02,297,32,1*58,1763493824862
NMEA,$GQGSV,1,1,01,03,02,297,23,8*51,1763493824862
NMEA,$GBGSV,2,1,06,37,50,047,43,36,16,231,41,32,16,143,42,22,02,319,33,1*7E,1763493824862
NMEA,$GBGSV,2,2,06,20,73,158,47,19,53,313,43,1*71,1763493824862
NMEA,$GBGSV,2,1,05,19,53,313,41,20,73,158,40,32,16,143,34,36,16,231,36,3*76,1763493824862
NMEA,$GBGSV,2,2,05,37,50,047,40,3*47,1763493824862
NMEA,$GBGSV,2,1,05,19,53,313,32,20,73,158,38,32,16,143,29,36,16,231,31,5*70,1763493824862
NMEA,$GBGSV,2,2,05,37,50,047,37,5*41,1763493824862
NMEA,$GNGSA,A,3,03,04,07,08,09,16,20,21,27,30,,,0.7,0.4,0.5,1*36,1763493824876
NMEA,$PSSGR,GSA,A,3,03,04,08,09,21,27,30,,,,,,0.7,0.4,0.5,1,8*40,1763493824876
NMEA,$GNGSA,A,3,65,72,75,76,,,,,,,,,0.7,0.4,0.5,2*31,1763493824876
NMEA,$GNGSA,A,3,02,03,05,08,13,15,16,25,,,,,0.7,0.4,0.5,3*3F,1763493824876
NMEA,$PSSGR,GSA,A,3,302,303,305,308,313,315,316,325,,,,,0.7,0.4,0.5,3,1*42,1763493824876
NMEA,$GNGSA,A,3,19,20,32,36,37,,,,,,,,0.7,0.4,0.5,4*38,1763493824876
NMEA,$PSSGR,GSA,A,3,219,220,232,236,237,,,,,,,,0.7,0.4,0.5,4,5*73,1763493824876
NMEA,$GNVTG,137.1,T,124.3,M,2.4,N,4.5,K,E*3E,1763493824876
NMEA,$GNDTM,W84,,0000.000000,N,00000.000000,E,0.000,W84*41,1763493824876
NMEA,$GNRMC,192345.00,A,3725.884574,N,12209.294811,W,2.4,137.1,181125,12.8,E,E,V*76,1763493824876
NMEA,$GNGNS,192345.00,3725.884574,N,12209.294811,W,EEEEEE,27,0.4,22.0,-32.6,,,V*2D,1763493824876
NMEA,$GNGGA,192345.00,3725.884574,N,12209.294811,W,6,12,0.4,22.0,M,-32.6,M,,*7C,1763493824876
NMEA,$PSMSG,magcal=PASS,bluesky=0*00,1763493824879
NMEA,$GPGSV,4,1,13,03,20,173,42,04,55,098,43,06,04,258,35,07,52,278,43,1*62,1763493825856
NMEA,$GPGSV,4,2,13,08,16,127,33,09,75,352,42,11,04,296,44,16,36,051,39,1*67,1763493825856
NMEA,$GPGSV,4,3,13,20,13,320,43,21,13,321,42,26,03,041,25,27,18,096,40,1*62,1763493825856
NMEA,$GPGSV,4,4,13,30,24,263,42,1*52,1763493825856
NMEA,$GPGSV,3,1,10,03,20,173,35,04,55,098,37,06,04,258,30,08,16,127,26,8*6C,1763493825856
NMEA,$GPGSV,3,2,10,09,75,352,37,11,04,296,29,21,13,321,28,26,03,041,29,8*66,1763493825856
NMEA,$GPGSV,3,3,10,27,18,096,36,30,24,263,34,8*6F,1763493825856
NMEA,$GLGSV,1,1,04,12,61,225,40,11,55,029,41,01,78,094,39,08,24,134,46,1*74,1763493825856
NMEA,$GAGSV,3,1,10,02,48,173,42,03,68,069,41,05,20,107,39,08,47,314,40,7*78,1763493825856
NMEA,$GAGSV,3,2,10,13,13,278,38,15,07,229,25,16,35,051,37,25,55,074,41,7*78,1763493825856
NMEA,$GAGSV,3,3,10,26,03,325,32,30,04,202,32,7*76,1763493825856
NMEA,$GAGSV,2,1,08,02,48,173,35,03,68,069,30,05,20,107,30,08,47,314,33,1*7D,1763493825856
NMEA,$GAGSV,2,2,08,13,13,278,27,15,07,229,22,16,35,051,34,25,55,074,36,1*7C,1763493825856
NMEA,$GQGSV,1,1,01,03,02,297,31,1*5B,1763493825856
NMEA,$GQGSV,1,1,01,03,02,297,18,8*59,1763493825856
NMEA,$GBGSV,2,1,06,37,50,047,43,36,16,231,41,32,16,143,42,22,02,319,33,1*7E,1763493825856
NMEA,$GBGSV,2,2,06,20,73,158,47,19,53,313,43,1*71,1763493825856
NMEA,$GBGSV,2,1,05,19,53,313,41,20,73,158,41,32,16,143,36,36,16,231,38,3*7B,1763493825856
NMEA,$GBGSV,2,2,05,37,50,047,40,3*47,1763493825856
NMEA,$GBGSV,2,1,05,19,53,313,33,20,73,158,40,32,16,143,24,36,16,231,32,5*70,1763493825856
NMEA,$GBGSV,2,2,05,37,50,047,36,5*40,1763493825856
NMEA,$GNGSA,A,3,03,04,07,08,09,16,20,21,27,30,,,0.7,0.4,0.5,1*36,1763493825868
NMEA,$PSSGR,GSA,A,3,03,04,08,09,21,27,30,,,,,,0.7,0.4,0.5,1,8*40,1763493825868
NMEA,$GNGSA,A,3,65,72,75,76,,,,,,,,,0.7,0.4,0.5,2*31,1763493825868
NMEA,$GNGSA,A,3,02,03,05,08,13,15,16,25,,,,,0.7,0.4,0.5,3*3F,1763493825868
NMEA,$PSSGR,GSA,A,3,302,303,305,308,313,315,316,325,,,,,0.7,0.4,0.5,3,1*42,1763493825868
NMEA,$GNGSA,A,3,19,20,32,36,37,,,,,,,,0.7,0.4,0.5,4*38,1763493825868
NMEA,$PSSGR,GSA,A,3,219,220,232,236,237,,,,,,,,0.7,0.4,0.5,4,5*73,1763493825868
NMEA,$GNVTG,136.8,T,124.0,M,2.4,N,4.5,K,E*35,1763493825868
NMEA,$GNDTM,W84,,0000.000000,N,00000.000000,E,0.000,W84*41,1763493825868
NMEA,$GNRMC,192346.00,A,3725.884055,N,12209.294190,W,2.4,136.8,181125,12.8,E,E,V*7B,1763493825868
NMEA,$GNGNS,192346.00,3725.884055,N,12209.294190,W,EEEEEE,27,0.4,21.9,-32.6,,,V*22,1763493825868
NMEA,$GNGGA,192346.00,3725.884055,N,12209.294190,W,6,12,0.4,21.9,M,-32.6,M,,*73,1763493825868
NMEA,$PSMSG,magcal=PASS,bluesky=0*00,1763493825874
NMEA,$GPGSV,4,1,13,03,20,173,41,04,55,098,43,06,04,258,35,07,52,278,43,1*61,1763493826856
NMEA,$GPGSV,4,2,13,08,16,127,39,09,75,352,43,11,04,296,43,16,36,051,40,1*65,1763493826856
NMEA,$GPGSV,4,3,13,20,13,320,44,21,13,321,41,26,03,041,25,27,18,096,40,1*66,1763493826856
NMEA,$GPGSV,4,4,13,30,24,263,41,1*51,1763493826856
NMEA,$GPGSV,3,1,10,03,20,173,33,04,55,098,39,06,04,258,33,08,16,127,26,8*67,1763493826856
NMEA,$GPGSV,3,2,10,09,75,352,34,11,04,296,28,21,13,321,29,26,03,041,26,8*6A,1763493826856
NMEA,$GPGSV,3,3,10,27,18,096,37,30,24,263,30,8*6A,1763493826856
NMEA,$GLGSV,1,1,04,12,61,225,41,11,55,029,41,01,78,094,39,08,24,134,45,1*76,1763493826856
NMEA,$GAGSV,3,1,10,02,48,173,42,03,68,069,40,05,20,107,40,08,47,314,40,7*77,1763493826856
NMEA,$GAGSV,3,2,10,13,13,278,36,15,07,229,25,16,35,051,37,25,55,074,42,7*75,1763493826856
NMEA,$GAGSV,3,3,10,26,03,325,32,30,04,202,32,7*76,1763493826856
NMEA,$GAGSV,2,1,08,02,48,173,37,03,68,069,27,05,20,107,30,08,47,314,31,1*7B,1763493826856
NMEA,$GAGSV,2,2,08,13,13,278,29,15,07,229,22,16,35,051,35,25,55,074,36,1*73,1763493826856
NMEA,$GQGSV,1,1,01,03,02,297,18,8*59,1763493826856
NMEA,$GBGSV,2,1,06,37,50,047,43,36,16,231,41,32,16,143,42,22,02,319,33,1*7E,1763493826856
NMEA,$GBGSV,2,2,06,20,73,158,47,19,53,313,43,1*71,1763493826856
NMEA,$GBGSV,2,1,05,19,53,313,42,20,73,158,41,32,16,143,34,36,16,231,38,3*7A,1763493826856
NMEA,$GBGSV,2,2,05,37,50,047,40,3*47,1763493826856
NMEA,$GBGSV,2,1,05,19,53,313,32,20,73,158,39,32,16,143,27,36,16,231,30,5*7E,1763493826856
NMEA,$GBGSV,2,2,05,37,50,047,34,5*42,1763493826856
NMEA,$GNGSA,A,3,03,04,07,08,09,16,20,21,27,30,,,0.7,0.4,0.5,1*36,1763493826868
NMEA,$PSSGR,GSA,A,3,03,04,08,09,21,27,30,,,,,,0.7,0.4,0.5,1,8*40,1763493826868
NMEA,$GNGSA,A,3,65,72,75,76,,,,,,,,,0.7,0.4,0.5,2*31,1763493826868
NMEA,$GNGSA,A,3,02,03,05,08,13,15,16,25,,,,,0.7,0.4,0.5,3*3F,1763493826868
NMEA,$PSSGR,GSA,A,3,302,303,305,308,313,315,316,325,,,,,0.7,0.4,0.5,3,1*42,1763493826868
NMEA,$GNGSA,A,3,19,20,32,36,37,,,,,,,,0.7,0.4,0.5,4*38,1763493826868
NMEA,$PSSGR,GSA,A,3,219,220,232,236,237,,,,,,,,0.7,0.4,0.5,4,5*73,1763493826868
NMEA,$GNVTG,136.8,T,124.0,M,2.4,N,4.5,K,E*35,1763493826868
NMEA,$GNDTM,W84,,0000.000000,N,00000.000000,E,0.000,W84*41,1763493826868
NMEA,$GNRMC,192347.00,A,3725.883585,N,12209.293599,W,2.4,136.8,181125,12.8,E,E,V*7F,1763493826868
NMEA,$GNGNS,192347.00,3725.883585,N,12209.293599,W,EEEEEE,27,0.4,21.8,-32.6,,,V*27,1763493826868
NMEA,$GNGGA,192347.00,3725.883585,N,12209.293599,W,6,12,0.4,21.8,M,-32.6,M,,*76,1763493826868
NMEA,$PSMSG,magcal=PASS,bluesky=0*00,1763493826873
NMEA,$GPGSV,4,1,13,03,20,173,38,04,55,098,43,06,04,258,34,07,52,278,42,1*6F,1763493827858
NMEA,$GPGSV,4,2,13,08,16,127,37,09,75,352,43,11,04,296,41,16,36,051,39,1*67,1763493827858
NMEA,$GPGSV,4,3,13,20,13,320,42,21,13,321,42,26,03,041,25,27,18,096,40,1*63,1763493827858
NMEA,$GPGSV,4,4,13,30,24,263,43,1*53,1763493827858
NMEA,$GPGSV,3,1,10,03,20,173,30,04,55,098,38,06,04,258,30,08,16,127,24,8*64,1763493827858
NMEA,$GPGSV,3,2,10,09,75,352,35,11,04,296,30,21,13,321,31,26,03,041,26,8*6B,1763493827858
NMEA,$GPGSV,3,3,10,27,18,096,33,30,24,263,31,8*6F,1763493827858
NMEA,$GLGSV,1,1,04,12,61,225,42,11,55,029,41,01,78,094,39,08,24,134,45,1*75,1763493827858
NMEA,$GAGSV,3,1,10,02,48,173,42,03,68,069,39,05,20,107,40,08,47,314,38,7*76,1763493827858
NMEA,$GAGSV,3,2,10,13,13,278,38,15,07,229,30,16,35,051,37,25,55,074,40,7*7D,1763493827858
NMEA,$GAGSV,3,3,10,26,03,325,32,30,04,202,32,7*76,1763493827858
NMEA,$GAGSV,2,1,08,02,48,173,38,03,68,069,30,05,20,107,28,08,47,314,35,1*7F,1763493827858
NMEA,$GAGSV,2,2,08,13,13,278,32,15,07,229,26,16,35,051,33,25,55,074,35,1*78,1763493827858
NMEA,$GQGSV,1,1,01,03,02,297,18,8*59,1763493827858
NMEA,$GBGSV,2,1,06,37,50,047,43,36,16,231,41,32,16,143,42,22,02,319,33,1*7E,1763493827858
NMEA,$GBGSV,2,2,06,20,73,158,47,19,53,313,43,1*71,1763493827858
NMEA,$GBGSV,2,1,05,19,53,313,42,20,73,158,42,32,16,143,35,36,16,231,39,3*79,1763493827858
NMEA,$GBGSV,2,2,05,37,50,047,40,3*47,1763493827858
NMEA,$GBGSV,2,1,05,19,53,313,34,20,73,158,39,32,16,143,28,36,16,231,29,5*7F,1763493827858
NMEA,$GBGSV,2,2,05,37,50,047,35,5*43,1763493827858
NMEA,$GNGSA,A,3,03,04,07,08,09,16,20,21,27,30,,,0.7,0.4,0.5,1*36,1763493827876
NMEA,$PSSGR,GSA,A,3,03,04,08,09,21,27,30,,,,,,0.7,0.4,0.5,1,8*40,1763493827876
NMEA,$GNGSA,A,3,65,72,75,76,,,,,,,,,0.7,0.4,0.5,2*31,1763493827876
NMEA,$GNGSA,A,3,02,03,05,08,13,15,16,25,,,,,0.7,0.4,0.5,3*3F,1763493827876
NMEA,$PSSGR,GSA,A,3,302,303,305,308,313,315,316,325,,,,,0.7,0.4,0.5,3,1*42,1763493827876
NMEA,$GNGSA,A,3,19,20,32,36,37,,,,,,,,0.7,0.4,0.5,4*38,1763493827876
NMEA,$PSSGR,GSA,A,3,219,220,232,236,237,,,,,,,,0.7,0.4,0.5,4,5*73,1763493827876
NMEA,$GNVTG,141.5,T,128.7,M,2.5,N,4.6,K,E*31,1763493827876
NMEA,$GNDTM,W84,,0000.000000,N,00000.000000,E,0.000,W84*41,1763493827876
NMEA,$GNRMC,192348.00,A,3725.883084,N,12209.293035,W,2.5,141.5,181125,12.8,E,E,V*7B,1763493827876
NMEA,$GNGNS,192348.00,3725.883084,N,12209.293035,W,EEEEEE,27,0.4,22.0,-32.6,,,V*24,1763493827876
NMEA,$GNGGA,192348.00,3725.883084,N,12209.293035,W,6,12,0.4,22.0,M,-32.6,M,,*75,1763493827876
NMEA,$PSMSG,magcal=PASS,bluesky=0*00,1763493827886
NMEA,$GPGSV,4,1,13,03,20,173,41,04,55,098,41,06,04,258,36,07,52,278,43,1*60,1763493828863
NMEA,$GPGSV,4,2,13,08,16,127,39,09,75,352,43,11,04,296,39,16,36,051,41,1*69,1763493828863
NMEA,$GPGSV,4,3,13,20,13,320,43,21,13,321,42,26,03,041,24,27,18,096,39,1*6D,1763493828863
NMEA,$GPGSV,4,4,13,30,24,263,42,1*52,1763493828863
NMEA,$GPGSV,3,1,10,03,20,173,29,04,55,098,39,06,04,258,30,08,16,127,26,8*6F,1763493828863
NMEA,$GPGSV,3,2,10,09,75,352,35,11,04,296,25,21,13,321,30,26,03,041,27,8*6F,1763493828863
NMEA,$GPGSV,3,3,10,27,18,096,37,30,24,263,36,8*6C,1763493828863
NMEA,$GLGSV,1,1,04,12,61,225,41,11,55,029,42,01,78,094,40,08,24,134,47,1*79,1763493828863
NMEA,$GAGSV,3,1,10,02,48,173,42,03,68,069,40,05,20,107,39,08,47,314,39,7*77,1763493828863
NMEA,$GAGSV,3,2,10,13,13,278,37,15,07,229,28,16,35,051,38,25,55,074,42,7*76,1763493828863
NMEA,$GAGSV,3,3,10,26,03,325,32,30,04,202,32,7*76,1763493828863
NMEA,$GAGSV,2,1,08,02,48,173,38,03,68,069,31,05,20,107,28,08,47,314,33,1*78,1763493828863
NMEA,$GAGSV,2,2,08,13,13,278,32,15,07,229,25,16,35,051,35,25,55,074,37,1*7F,1763493828863
NMEA,$GQGSV,1,1,01,03,02,297,18,8*59,1763493828863
NMEA,$GBGSV,2,1,06,37,50,047,43,36,16,231,41,32,16,143,42,22,02,319,33,1*7E,1763493828863
NMEA,$GBGSV,2,2,06,20,73,158,47,19,53,313,43,1*71,1763493828863
NMEA,$GBGSV,2,1,05,19,53,313,42,20,73,158,42,32,16,143,35,36,16,231,39,3*79,1763493828863
NMEA,$GBGSV,2,2,05,37,50,047,39,3*49,1763493828863
NMEA,$GBGSV,2,1,05,19,53,313,31,20,73,158,37,32,16,143,29,36,16,231,30,5*7D,1763493828863
NMEA,$GBGSV,2,2,05,37,50,047,36,5*40,1763493828863
NMEA,$GNGSA,A,3,03,04,07,08,09,16,20,21,27,30,,,0.7,0.4,0.5,1*36,1763493828875
NMEA,$PSSGR,GSA,A,3,03,04,08,09,21,27,30,,,,,,0.7,0.4,0.5,1,8*40,1763493828875
NMEA,$GNGSA,A,3,65,72,75,76,,,,,,,,,0.7,0.4,0.5,2*31,1763493828875
NMEA,$GNGSA,A,3,02,03,05,08,13,15,16,25,,,,,0.7,0.4,0.5,3*3F,1763493828875
NMEA,$PSSGR,GSA,A,3,302,303,305,308,313,315,316,325,,,,,0.7,0.4,0.5,3,1*42,1763493828875
NMEA,$GNGSA,A,3,19,20,32,36,37,,,,,,,,0.7,0.4,0.5,4*38,1763493828875
NMEA,$PSSGR,GSA,A,3,219,220,232,236,237,,,,,,,,0.7,0.4,0.5,4,5*73,1763493828875
NMEA,$GNVTG,138.7,T,125.9,M,2.3,N,4.2,K,E*3C,1763493828875
NMEA,$GNDTM,W84,,0000.000000,N,00000.000000,E,0.000,W84*41,1763493828875
NMEA,$GNRMC,192349.00,A,3725.882580,N,12209.292516,W,2.3,138.7,181125,12.8,E,E,V*75,1763493828875
NMEA,$GNGNS,192349.00,3725.882580,N,12209.292516,W,EEEEEE,27,0.4,22.0,-32.6,,,V*20,1763493828875
NMEA,$GNGGA,192349.00,3725.882580,N,12209.292516,W,6,12,0.4,22.0,M,-32.6,M,,*71,1763493828875
NMEA,$PSMSG,magcal=PASS,bluesky=0*00,1763493828878
NMEA,$GPGSV,4,1,13,03,20,173,40,04,55,098,40,06,04,258,38,07,52,278,43,1*6E,1763493829860
NMEA,$GPGSV,4,2,13,08,16,127,36,09,75,352,42,11,04,296,39,16,36,051,42,1*64,1763493829860
NMEA,$GPGSV,4,3,13,20,13,320,44,21,13,321,40,26,03,041,26,27,18,096,39,1*6A,1763493829860
NMEA,$GPGSV,4,4,13,30,24,263,42,1*52,1763493829860
NMEA,$GPGSV,3,1,10,03,20,173,32,04,55,098,37,06,04,258,24,08,16,127,27,8*6F,1763493829860
NMEA,$GPGSV,3,2,10,09,75,352,35,11,04,296,24,21,13,321,34,26,03,041,34,8*68,1763493829860
NMEA,$GPGSV,3,3,10,27,18,096,35,30,24,263,32,8*6A,1763493829860
NMEA,$GLGSV,1,1,04,12,61,225,40,11,55,029,41,01,78,094,40,08,24,134,46,1*7A,1763493829860
NMEA,$GAGSV,3,1,10,02,48,173,41,03,68,069,40,05,20,107,37,08,47,314,40,7*74,1763493829860
NMEA,$GAGSV,3,2,10,13,13,278,37,15,07,229,31,16,35,051,39,25,55,074,41,7*7C,1763493829860
NMEA,$GAGSV,3,3,10,26,03,325,32,30,04,202,32,7*76,1763493829860
NMEA,$GAGSV,2,1,08,02,48,173,37,03,68,069,28,05,20,107,29,08,47,314,28,1*74,1763493829860
NMEA,$GAGSV,2,2,08,13,13,278,32,15,07,229,27,16,35,051,34,25,55,074,35,1*7E,1763493829860
NMEA,$GQGSV,1,1,01,03,02,297,26,1*5D,1763493829860
NMEA,$GQGSV,1,1,01,03,02,297,18,8*59,1763493829860
NMEA,$GBGSV,2,1,06,37,50,047,43,36,16,231,41,32,16,143,42,22,02,319,33,1*7E,1763493829860
NMEA,$GBGSV,2,2,06,20,73,158,47,19,53,313,43,1*71,1763493829860
NMEA,$GBGSV,2,1,05,19,53,313,42,20,73,158,40,32,16,143,38,36,16,231,37,3*78,1763493829860
NMEA,$GBGSV,2,2,05,37,50,047,39,3*49,1763493829860
NMEA,$GBGSV,2,1,05,19,53,313,30,20,73,158,38,32,16,143,29,36,16,231,30,5*73,1763493829860
NMEA,$GBGSV,2,2,05,37,50,047,36,5*40,1763493829860
NMEA,$GNGSA,A,3,03,04,07,08,09,16,20,21,27,30,,,0.7,0.4,0.5,1*36,1763493829874
NMEA,$PSSGR,GSA,A,3,03,04,08,09,21,27,30,,,,,,0.7,0.4,0.5,1,8*40,1763493829874
NMEA,$GNGSA,A,3,65,72,75,76,,,,,,,,,0.7,0.4,0.5,2*31,1763493829874
NMEA,$GNGSA,A,3,02,03,05,08,13,15,16,25,,,,,0.7,0.4,0.5,3*3F,1763493829874
NMEA,$PSSGR,GSA,A,3,302,303,305,308,313,315,316,325,,,,,0.7,0.4,0.5,3,1*42,1763493829874
NMEA,$GNGSA,A,3,19,20,32,36,37,,,,,,,,0.7,0.4,0.5,4*38,1763493829874
NMEA,$PSSGR,GSA,A,3,219,220,232,236,237,,,,,,,,0.7,0.4,0.5,4,5*73,1763493829874
NMEA,$GNVTG,138.8,T,126.0,M,2.2,N,4.1,K,E*3B,1763493829874
NMEA,$GNDTM,W84,,0000.000000,N,00000.000000,E,0.000,W84*41,1763493829874
NMEA,$GNRMC,192350.00,A,3725.882135,N,12209.292061,W,2.2,138.8,181125,12.8,E,E,V*7C,1763493829874
NMEA,$GNGNS,192350.00,3725.882135,N,12209.292061,W,EEEEEE,27,0.4,21.9,-32.6,,,V*2D,1763493829874
NMEA,$GNGGA,192350.00,3725.882135,N,12209.292061,W,6,12,0.4,21.9,M,-32.6,M,,*7C,1763493829874
NMEA,$PSMSG,magcal=PASS,bluesky=0*00,1763493829878
NMEA,$GPGSV,4,1,13,03,20,173,42,04,55,098,43,06,04,258,36,07,52,278,45,1*67,1763493830857
NMEA,$GPGSV,4,2,13,08,16,127,36,09,75,352,43,11,04,296,40,16,36,051,41,1*68,1763493830857
NMEA,$GPGSV,4,3,13,20,13,320,43,21,13,321,39,26,03,041,24,27,18,096,34,1*6C,1763493830857
NMEA,$GPGSV,4,4,13,30,24,263,42,1*52,1763493830857
NMEA,$GPGSV,3,1,10,03,20,173,31,04,55,098,39,06,04,258,24,08,16,127,24,8*61,1763493830857
NMEA,$GPGSV,3,2,10,09,75,352,32,11,04,296,29,21,13,321,34,26,03,041,26,8*61,1763493830857
NMEA,$GPGSV,3,3,10,27,18,096,34,30,24,263,32,8*6B,1763493830857
NMEA,$GLGSV,1,1,04,12,61,225,39,11,55,029,40,01,78,094,36,08,24,134,44,1*76,1763493830857
NMEA,$GAGSV,3,1,10,02,48,173,40,03,68,069,41,05,20,107,36,08,47,314,40,7*75,1763493830857
NMEA,$GAGSV,3,2,10,13,13,278,37,15,07,229,33,16,35,051,38,25,55,074,42,7*7C,1763493830857
NMEA,$GAGSV,3,3,10,26,03,325,32,30,04,202,32,7*76,1763493830857
NMEA,$GAGSV,2,1,08,02,48,173,38,03,68,069,27,05,20,107,25,08,47,314,28,1*78,1763493830857
NMEA,$GAGSV,2,2,08,13,13,278,32,15,07,229,27,16,35,051,31,25,55,074,33,1*7D,1763493830857
NMEA,$GQGSV,1,1,01,03,02,297,26,1*5D,1763493830857
NMEA,$GQGSV,1,1,01,03,02,297,18,8*59,1763493830857
NMEA,$GBGSV,2,1,06,37,50,047,43,36,16,231,41,32,16,143,42,22,02,319,33,1*7E,1763493830857
NMEA,$GBGSV,2,2,06,20,73,158,47,19,53,313,43,1*71,1763493830857
NMEA,$GBGSV,2,1,05,19,53,313,40,20,73,158,40,32,16,143,38,36,16,231,35,3*78,1763493830857
NMEA,$GBGSV,2,2,05,37,50,047,39,3*49,1763493830857
NMEA,$GBGSV,2,1,05,19,53,313,29,20,73,158,37,32,16,143,26,36,16,231,30,5*7B,1763493830857
NMEA,$GBGSV,2,2,05,37,50,047,36,5*40,1763493830857
NMEA,$GNGSA,A,3,03,04,07,08,09,16,20,21,27,30,,,0.7,0.4,0.5,1*36,1763493830871
NMEA,$PSSGR,GSA,A,3,03,04,08,09,21,27,30,,,,,,0.7,0.4,0.5,1,8*40,1763493830871
NMEA,$GNGSA,A,3,65,72,75,76,,,,,,,,,0.7,0.4,0.5,2*31,1763493830871
NMEA,$GNGSA,A,3,02,03,05,08,13,15,16,25,,,,,0.7,0.4,0.5,3*3F,1763493830871
NMEA,$PSSGR,GSA,A,3,302,303,305,308,313,315,316,325,,,,,0.7,0.4,0.5,3,1*42,1763493830871
NMEA,$GNGSA,A,3,19,20,32,36,37,,,,,,,,0.7,0.4,0.5,4*38,1763493830871
NMEA,$PSSGR,GSA,A,3,219,220,232,236,237,,,,,,,,0.7,0.4,0.5,4,5*73,1763493830871
NMEA,$GNVTG,138.1,T,125.3,M,2.3,N,4.2,K,E*30,1763493830871
NMEA,$GNDTM,W84,,0000.000000,N,00000.000000,E,0.000,W84*41,1763493830871
NMEA,$GNRMC,192351.00,A,3725.881667,N,12209.291539,W,2.3,138.1,181125,12.8,E,E,V*7D,1763493830871
NMEA,$GNGNS,192351.00,3725.881667,N,12209.291539,W,EEEEEE,27,0.4,22.0,-32.6,,,V*2E,1763493830871
NMEA,$GNGGA,192351.00,3725.881667,N,12209.291539,W,6,12,0.4,22.0,M,-32.6,M,,*7F,1763493830871
NMEA,$PSMSG,magcal=PASS,bluesky=0*00,1763493830875
NMEA,$GPGSV,4,1,13,03,20,173,42,04,55,098,41,06,04,258,36,07,52,278,44,1*64,1763493831865
NMEA,$GPGSV,4,2,13,08,16,127,38,09,75,352,43,11,04,296,39,16,36,051,40,1*69,1763493831865
NMEA,$GPGSV,4,3,13,20,13,320,43,21,13,321,39,26,03,041,29,27,18,096,35,1*60,1763493831865
NMEA,$GPGSV,4,4,13,30,24,263,42,1*52,1763493831865
NMEA,$GPGSV,3,1,10,03,20,173,32,04,55,098,38,06,04,258,26,08,16,127,30,8*64,1763493831865
NMEA,$GPGSV,3,2,10,09,75,352,33,11,04,296,27,21,13,321,32,26,03,041,27,8*69,1763493831865
NMEA,$GPGSV,3,3,10,27,18,096,34,30,24,263,32,8*6B,1763493831865
NMEA,$GLGSV,1,1,04,12,61,225,41,11,55,029,39,01,78,094,37,08,24,134,45,1*77,1763493831865
NMEA,$GAGSV,3,1,10,02,48,173,40,03,68,069,39,05,20,107,36,08,47,314,42,7*78,1763493831865
NMEA,$GAGSV,3,2,10,13,13,278,34,15,07,229,31,16,35,051,38,25,55,074,40,7*7F,1763493831865
NMEA,$GAGSV,3,3,10,26,03,325,32,30,04,202,32,7*76,1763493831865
NMEA,$GAGSV,2,1,08,02,48,173,36,03,68,069,30,05,20,107,32,08,47,314,28,1*76,1763493831865
NMEA,$GAGSV,2,2,08,13,13,278,34,15,07,229,21,16,35,051,31,25,55,074,34,1*7A,1763493831865
NMEA,$GQGSV,1,1,01,03,02,297,26,1*5D,1763493831865
NMEA,$GQGSV,1,1,01,03,02,297,18,8*59,1763493831865
NMEA,$GBGSV,2,1,06,37,50,047,43,36,16,231,41,32,16,143,42,22,02,319,33,1*7E,1763493831865
NMEA,$GBGSV,2,2,06,20,73,158,47,19,53,313,43,1*71,1763493831865
NMEA,$GBGSV,2,1,05,19,53,313,40,20,73,158,40,32,16,143,39,36,16,231,35,3*79,1763493831865
NMEA,$GBGSV,2,2,05,37,50,047,38,3*48,1763493831865
NMEA,$GBGSV,2,1,05,19,53,313,31,20,73,158,38,32,16,143,28,36,16,231,27,5*75,1763493831865
NMEA,$GBGSV,2,2,05,37,50,047,37,5*41,1763493831865
NMEA,$GNGSA,A,3,03,04,07,08,09,16,20,21,27,30,,,0.7,0.4,0.5,1*36,1763493831892
NMEA,$PSSGR,GSA,A,3,03,04,08,09,21,27,30,,,,,,0.7,0.4,0.5,1,8*40,1763493831892
NMEA,$GNGSA,A,3,65,72,75,76,,,,,,,,,0.7,0.4,0.5,2*31,1763493831892
NMEA,$GNGSA,A,3,02,03,05,08,13,15,16,25,,,,,0.7,0.4,0.5,3*3F,1763493831892
NMEA,$PSSGR,GSA,A,3,302,303,305,308,313,315,316,325,,,,,0.7,0.4,0.5,3,1*42,1763493831892
NMEA,$GNGSA,A,3,19,20,32,36,37,,,,,,,,0.7,0.4,0.5,4*38,1763493831892
NMEA,$PSSGR,GSA,A,3,219,220,232,236,237,,,,,,,,0.7,0.4,0.5,4,5*73,1763493831892
NMEA,$GNVTG,137.5,T,124.7,M,2.2,N,4.1,K,E*3C,1763493831892
NMEA,$GNDTM,W84,,0000.000000,N,00000.000000,E,0.000,W84*41,1763493831892
NMEA,$GNRMC,192352.00,A,3725.881160,N,12209.291040,W,2.2,137.5,181125,12.8,E,E,V*7F,1763493831892
NMEA,$GNGNS,192352.00,3725.881160,N,12209.291040,W,EEEEEE,27,0.4,22.0,-32.6,,,V*26,1763493831892
NMEA,$GNGGA,192352.00,3725.881160,N,12209.291040,W,6,12,0.4,22.0,M,-32.6,M,,*77,1763493831892
NMEA,$PSMSG,magcal=PASS,bluesky=0*00,1763493831899
NMEA,$GPGSV,4,1,13,03,20,173,36,04,55,098,42,06,04,258,33,07,52,278,45,1*60,1763493832865
NMEA,$GPGSV,4,2,13,08,16,127,37,09,75,352,43,11,04,296,39,16,36,051,39,1*68,1763493832865
NMEA,$GPGSV,4,3,13,20,13,320,41,21,13,321,38,26,03,041,29,27,18,096,37,1*61,1763493832865
NMEA,$GPGSV,4,4,13,30,24,263,42,1*52,1763493832865
NMEA,$GPGSV,3,1,10,03,20,173,30,04,55,098,37,06,04,258,27,08,16,127,30,8*68,1763493832865
NMEA,$GPGSV,3,2,10,09,75,352,31,11,04,296,31,21,13,321,33,26,03,041,29,8*63,1763493832865
NMEA,$GPGSV,3,3,10,27,18,096,34,30,24,263,35,8*6C,1763493832865
NMEA,$GLGSV,1,1,04,12,61,225,42,11,55,029,41,01,78,094,33,08,24,134,44,1*7E,1763493832865
NMEA,$GAGSV,3,1,10,02,48,173,40,03,68,069,39,05,20,107,35,08,47,314,43,7*7A,1763493832865
NMEA,$GAGSV,3,2,10,13,13,278,35,15,07,229,36,16,35,051,36,25,55,074,41,7*76,1763493832865
NMEA,$GAGSV,3,3,10,26,03,325,32,30,04,202,32,7*76,1763493832865
NMEA,$GAGSV,2,1,08,02,48,173,35,03,68,069,28,05,20,107,31,08,47,314,25,1*72,1763493832865
NMEA,$GAGSV,2,2,08,13,13,278,32,15,07,229,24,16,35,051,32,25,55,074,35,1*7B,1763493832865
NMEA,$GQGSV,1,1,01,03,02,297,18,8*59,1763493832865
NMEA,$GBGSV,2,1,06,37,50,047,43,36,16,231,41,32,16,143,42,22,02,319,33,1*7E,1763493832865
NMEA,$GBGSV,2,2,06,20,73,158,47,19,53,313,43,1*71,1763493832865
NMEA,$GBGSV,2,1,05,19,53,313,40,20,73,158,43,32,16,143,36,36,16,231,35,3*75,1763493832865
NMEA,$GBGSV,2,2,05,37,50,047,39,3*49,1763493832865
NMEA,$GBGSV,2,1,05,19,53,313,27,20,73,158,32,32,16,143,28,36,16,231,34,5*7A,1763493832865
NMEA,$GBGSV,2,2,05,37,50,047,37,5*41,1763493832865
NMEA,$GNGSA,A,3,03,04,07,08,09,16,20,21,27,30,,,0.7,0.4,0.5,1*36,1763493832874
NMEA,$PSSGR,GSA,A,3,03,04,08,09,21,27,30,,,,,,0.7,0.4,0.5,1,8*40,1763493832874
NMEA,$GNGSA,A,3,65,72,75,76,,,,,,,,,0.7,0.4,0.5,2*31,1763493832874
NMEA,$GNGSA,A,3,02,03,05,08,13,15,16,25,,,,,0.7,0.4,0.5,3*3F,1763493832874
NMEA,$PSSGR,GSA,A,3,302,303,305,308,313,315,316,325,,,,,0.7,0.4,0.5,3,1*42,1763493832874
NMEA,$GNGSA,A,3,19,20,32,36,37,,,,,,,,0.7,0.4,0.5,4*38,1763493832874
NMEA,$PSSGR,GSA,A,3,219,220,232,236,237,,,,,,,,0.7,0.4,0.5,4,5*73,1763493832874
NMEA,$GNVTG,136.9,T,124.1,M,2.3,N,4.2,K,E*35,1763493832874
NMEA,$GNDTM,W84,,0000.000000,N,00000.000000,E,0.000,W84*41,1763493832874
NMEA,$GNRMC,192353.00,A,3725.880666,N,12209.290462,W,2.3,136.9,181125,12.8,E,E,V*77,1763493832874
NMEA,$GNGNS,192353.00,3725.880666,N,12209.290462,W,EEEEEE,27,0.4,22.0,-32.6,,,V*22,1763493832874
NMEA,$GNGGA,192353.00,3725.880666,N,12209.290462,W,6,12,0.4,22.0,M,-32.6,M,,*73,1763493832874
NMEA,$PSMSG,magcal=PASS,bluesky=0*00,1763493832878
NMEA,$GPGSV,4,1,13,03,20,173,40,04,55,098,41,06,04,258,35,07,52,278,43,1*62,1763493833859
NMEA,$GPGSV,4,2,13,08,16,127,37,09,75,352,42,11,04,296,39,16,36,051,40,1*67,1763493833859
NMEA,$GPGSV,4,3,13,20,13,320,40,21,13,321,39,26,03,041,25,27,18,096,36,1*6C,1763493833859
NMEA,$GPGSV,4,4,13,30,24,263,43,1*53,1763493833859
NMEA,$GPGSV,3,1,10,03,20,173,31,04,55,098,36,06,04,258,25,08,16,127,28,8*63,1763493833859
NMEA,$GPGSV,3,2,10,09,75,352,29,11,04,296,27,21,13,321,29,26,03,041,28,8*67,1763493833859
NMEA,$GPGSV,3,3,10,27,18,096,34,30,24,263,30,8*69,1763493833859
NMEA,$GLGSV,1,1,04,12,61,225,42,11,55,029,40,01,78,094,37,08,24,134,45,1*7A,1763493833859
NMEA,$GAGSV,3,1,10,02,48,173,39,03,68,069,39,05,20,107,36,08,47,314,41,7*75,1763493833859
NMEA,$GAGSV,3,2,10,13,13,278,37,15,07,229,33,16,35,051,36,25,55,074,41,7*71,1763493833859
NMEA,$GAGSV,3,3,10,26,03,325,32,30,04,202,32,7*76,1763493833859
NMEA,$GAGSV,2,1,08,02,48,173,35,03,68,069,27,05,20,107,29,08,47,314,31,1*71,1763493833859
NMEA,$GAGSV,2,2,08,13,13,278,28,15,07,229,25,16,35,051,33,25,55,074,33,1*76,1763493833859
NMEA,$GQGSV,1,1,01,03,02,297,18,8*59,1763493833859
NMEA,$GBGSV,2,1,06,37,50,047,43,36,16,231,41,32,16,143,42,22,02,319,33,1*7E,1763493833859
NMEA,$GBGSV,2,2,06,20,73,158,47,19,53,313,43,1*71,1763493833859
NMEA,$GBGSV,2,1,05,19,53,313,41,20,73,158,42,32,16,143,30,36,16,231,35,3*73,1763493833859
NMEA,$GBGSV,2,2,05,37,50,047,38,3*48,1763493833859
NMEA,$GBGSV,2,1,05,19,53,313,26,20,73,158,35,32,16,143,28,36,16,231,31,5*79,1763493833859
NMEA,$GBGSV,2,2,05,37,50,047,35,5*43,1763493833859
NMEA,$GNGSA,A,3,03,04,07,08,09,16,20,21,27,30,,,0.7,0.4,0.5,1*36,1763493833871
NMEA,$PSSGR,GSA,A,3,03,04,08,09,21,27,30,,,,,,0.7,0.4,0.5,1,8*40,1763493833871
NMEA,$GNGSA,A,3,65,72,75,76,,,,,,,,,0.7,0.4,0.5,2*31,1763493833871
NMEA,$GNGSA,A,3,02,03,05,08,13,15,16,25,,,,,0.7,0.4,0.5,3*3F,1763493833871
NMEA,$PSSGR,GSA,A,3,302,303,305,308,313,315,316,325,,,,,0.7,0.4,0.5,3,1*42,1763493833871
NMEA,$GNGSA,A,3,19,20,32,36,37,,,,,,,,0.7,0.4,0.5,4*38,1763493833871
NMEA,$PSSGR,GSA,A,3,219,220,232,236,237,,,,,,,,0.7,0.4,0.5,4,5*73,1763493833871
NMEA,$GNVTG,138.1,T,125.3,M,2.3,N,4.2,K,E*30,1763493833871
NMEA,$GNDTM,W84,,0000.000000,N,00000.000000,E,0.000,W84*41,1763493833871
NMEA,$GNRMC,192354.00,A,3725.880137,N,12209.289944,W,2.3,138.1,181125,12.8,E,E,V*74,1763493833871
NMEA,$GNGNS,192354.00,3725.880137,N,12209.289944,W,EEEEEE,27,0.4,22.0,-32.6,,,V*27,1763493833871
NMEA,$GNGGA,192354.00,3725.880137,N,12209.289944,W,6,12,0.4,22.0,M,-32.6,M,,*76,1763493833871
NMEA,$PSMSG,magcal=PASS,bluesky=0*00,1763493833874
NMEA,$GPGSV,4,1,13,03,20,173,39,04,55,098,43,06,04,258,35,07,52,278,43,1*6E,1763493834858
NMEA,$GPGSV,4,2,13,08,16,127,36,09,75,352,43,11,04,296,40,16,36,051,39,1*67,1763493834858
NMEA,$GPGSV,4,3,13,20,13,320,40,21,13,321,36,26,03,041,25,27,18,096,34,1*61,1763493834858
NMEA,$GPGSV,4,4,13,30,24,263,41,1*51,1763493834858
NMEA,$GPGSV,3,1,10,03,20,173,33,04,55,098,37,06,04,258,27,08,16,127,24,8*6E,1763493834858
NMEA,$GPGSV,3,2,10,09,75,352,28,11,04,296,28,21,13,321,30,26,03,041,31,8*69,1763493834858
NMEA,$GPGSV,3,3,10,27,18,096,37,30,24,263,32,8*68,1763493834858
NMEA,$GLGSV,1,1,04,12,61,225,40,11,55,029,41,01,78,094,35,08,24,134,42,1*7C,1763493834858
NMEA,$GAGSV,3,1,10,02,48,173,40,03,68,069,38,05,20,107,35,08,47,314,42,7*7A,1763493834858
NMEA,$GAGSV,3,2,10,13,13,278,40,15,07,229,37,16,35,051,36,25,55,074,42,7*76,1763493834858
NMEA,$GAGSV,3,3,10,26,03,325,32,30,04,202,32,7*76,1763493834858
NMEA,$GAGSV,2,1,08,02,48,173,34,03,68,069,26,05,20,107,31,08,47,314,31,1*78,1763493834858
NMEA,$GAGSV,2,2,08,13,13,278,32,15,07,229,29,16,35,051,34,25,55,074,34,1*71,1763493834858
NMEA,$GQGSV,1,1,01,03,02,297,28,1*53,1763493834858
NMEA,$GQGSV,1,1,01,03,02,297,18,8*59,1763493834858
NMEA,$GBGSV,2,1,06,37,50,047,43,36,16,231,41,32,16,143,42,22,02,319,33,1*7E,1763493834858
NMEA,$GBGSV,2,2,06,20,73,158,47,19,53,313,43,1*71,1763493834858
NMEA,$GBGSV,2,1,05,19,53,313,41,20,73,158,42,32,16,143,30,36,16,231,36,3*70,1763493834858
NMEA,$GBGSV,2,2,05,37,50,047,39,3*49,1763493834858
NMEA,$GBGSV,2,1,05,19,53,313,26,20,73,158,34,32,16,143,28,36,16,231,29,5*71,1763493834858
NMEA,$GBGSV,2,2,05,37,50,047,35,5*43,1763493834858
NMEA,$GNGSA,A,3,03,04,07,08,09,16,20,21,27,30,,,0.7,0.4,0.5,1*36,1763493834870
NMEA,$PSSGR,GSA,A,3,03,04,08,09,21,27,30,,,,,,0.7,0.4,0.5,1,8*40,1763493834870
NMEA,$GNGSA,A,3,65,72,75,76,,,,,,,,,0.7,0.4,0.5,2*31,1763493834870
NMEA,$GNGSA,A,3,02,03,05,08,13,15,16,25,,,,,0.7,0.4,0.5,3*3F,1763493834870
NMEA,$PSSGR,GSA,A,3,302,303,305,308,313,315,316,325,,,,,0.7,0.4,0.5,3,1*42,1763493834870
NMEA,$GNGSA,A,3,19,20,32,36,37,,,,,,,,0.7,0.4,0.5,4*38,1763493834870
NMEA,$PSSGR,GSA,A,3,219,220,232,236,237,,,,,,,,0.7,0.4,0.5,4,5*73,1763493834870
NMEA,$GNVTG,136.1,T,123.3,M,2.3,N,4.2,K,E*38,1763493834870
NMEA,$GNDTM,W84,,0000.000000,N,00000.000000,E,0.000,W84*41,1763493834870
NMEA,$GNRMC,192355.00,A,3725.879679,N,12209.289431,W,2.3,136.1,181125,12.8,E,E,V*7F,1763493834870
NMEA,$GNGNS,192355.00,3725.879679,N,12209.289431,W,EEEEEE,27,0.4,22.0,-32.6,,,V*22,1763493834870
NMEA,$GNGGA,192355.00,3725.879679,N,12209.289431,W,6,12,0.4,22.0,M,-32.6,M,,*73,1763493834870
NMEA,$PSMSG,magcal=PASS,bluesky=0*00,1763493834873
NMEA,$GPGSV,4,1,13,03,20,173,42,04,55,098,41,06,04,258,34,07,52,278,42,1*60,1763493835861
NMEA,$GPGSV,4,2,13,08,16,127,37,09,75,352,43,11,04,296,40,16,36,051,39,1*66,1763493835861
NMEA,$GPGSV,4,3,13,20,13,320,41,21,13,321,37,26,03,041,26,27,18,096,37,1*61,1763493835861
NMEA,$GPGSV,4,4,13,30,24,263,42,1*52,1763493835861
NMEA,$GPGSV,3,1,10,03,20,173,32,04,55,098,37,06,04,258,28,08,16,127,28,8*6C,1763493835861
NMEA,$GPGSV,3,2,10,09,75,352,30,11,04,296,27,21,13,321,28,26,03,041,29,8*6F,1763493835861
NMEA,$GPGSV,3,3,10,27,18,096,35,30,24,263,29,8*60,1763493835861
NMEA,$GLGSV,1,1,04,12,61,225,42,11,55,029,42,01,78,094,36,08,24,134,42,1*7E,1763493835861
NMEA,$GAGSV,3,1,10,02,48,173,38,03,68,069,39,05,20,107,39,08,47,314,42,7*78,1763493835861
NMEA,$GAGSV,3,2,10,13,13,278,40,15,07,229,37,16,35,051,35,25,55,074,41,7*76,1763493835861
NMEA,$GAGSV,3,3,10,26,03,325,32,30,04,202,32,7*76,1763493835861
NMEA,$GAGSV,2,1,08,02,48,173,36,03,68,069,27,05,20,107,30,08,47,314,32,1*79,1763493835861
NMEA,$GAGSV,2,2,08,13,13,278,32,15,07,229,25,16,35,051,30,25,55,074,36,1*7B,1763493835861
NMEA,$GQGSV,1,1,01,03,02,297,29,1*52,1763493835861
NMEA,$GQGSV,1,1,01,03,02,297,18,8*59,1763493835861
NMEA,$GBGSV,2,1,06,37,50,047,43,36,16,231,41,32,16,143,42,22,02,319,33,1*7E,1763493835861
NMEA,$GBGSV,2,2,06,20,73,158,47,19,53,313,43,1*71,1763493835861
NMEA,$GBGSV,2,1,05,19,53,313,42,20,73,158,43,32,16,143,30,36,16,231,36,3*72,1763493835861
NMEA,$GBGSV,2,2,05,37,50,047,38,3*48,1763493835861
NMEA,$GBGSV,2,1,05,19,53,313,26,20,73,158,36,32,16,143,29,36,16,231,26,5*7D,1763493835861
NMEA,$GBGSV,2,2,05,37,50,047,36,5*40,1763493835861
NMEA,$GNGSA,A,3,03,04,07,08,09,16,20,21,27,30,,,0.7,0.4,0.5,1*36,1763493835872
NMEA,$PSSGR,GSA,A,3,03,04,08,09,21,27,30,,,,,,0.7,0.4,0.5,1,8*40,1763493835872
NMEA,$GNGSA,A,3,65,72,75,76,,,,,,,,,0.7,0.4,0.5,2*31,1763493835872
NMEA,$GNGSA,A,3,02,03,05,08,13,15,16,25,,,,,0.7,0.4,0.5,3*3F,1763493835872
NMEA,$PSSGR,GSA,A,3,302,303,305,308,313,315,316,325,,,,,0.7,0.4,0.5,3,1*42,1763493835872
NMEA,$GNGSA,A,3,19,20,32,36,37,,,,,,,,0.7,0.4,0.5,4*38,1763493835872
NMEA,$PSSGR,GSA,A,3,219,220,232,236,237,,,,,,,,0.7,0.4,0.5,4,5*73,1763493835872
NMEA,$GNVTG,140.4,T,127.6,M,2.4,N,4.5,K,E*3D,1763493835872
NMEA,$GNDTM,W84,,0000.000000,N,00000.000000,E,0.000,W84*41,1763493835872
NMEA,$GNRMC,192356.00,A,3725.879132,N,12209.288883,W,2.4,140.4,181125,12.8,E,E,V*73,1763493835872
NMEA,$GNGNS,192356.00,3725.879132,N,12209.288883,W,EEEEEE,27,0.4,22.2,-32.6,,,V*2F,1763493835872
NMEA,$GNGGA,192356.00,3725.879132,N,12209.288883,W,6,12,0.4,22.2,M,-32.6,M,,*7E,1763493835872
NMEA,$PSMSG,magcal=PASS,bluesky=0*00,1763493835876
NMEA,$GPGSV,4,1,13,03,20,173,36,04,55,098,39,06,04,258,38,07,52,278,43,1*61,1763493836860
NMEA,$GPGSV,4,2,13,08,16,127,39,09,75,352,45,11,04,296,39,16,36,051,39,1*60,1763493836860
NMEA,$GPGSV,4,3,13,20,13,320,43,21,13,321,38,26,03,041,28,27,18,096,35,1*60,1763493836860
NMEA,$GPGSV,4,4,13,30,24,263,42,1*52,1763493836860
NMEA,$GPGSV,3,1,10,03,20,173,31,04,55,098,36,06,04,258,28,08,16,127,30,8*67,1763493836860
NMEA,$GPGSV,3,2,10,09,75,352,32,11,04,296,23,21,13,321,29,26,03,041,30,8*60,1763493836860
NMEA,$GPGSV,3,3,10,27,18,096,31,30,24,263,37,8*6B,1763493836860
NMEA,$GLGSV,1,1,04,12,61,225,41,11,55,029,42,01,78,094,38,08,24,134,45,1*74,1763493836860
NMEA,$GAGSV,3,1,10,02,48,173,40,03,68,069,38,05,20,107,38,08,47,314,42,7*77,1763493836860
NMEA,$GAGSV,3,2,10,13,13,278,35,15,07,229,35,16,35,051,36,25,55,074,39,7*7A,1763493836860
NMEA,$GAGSV,3,3,10,26,03,325,32,30,04,202,32,7*76,1763493836860
NMEA,$GAGSV,2,1,08,02,48,173,35,03,68,069,29,05,20,107,31,08,47,314,32,1*75,1763493836860
NMEA,$GAGSV,2,2,08,13,13,278,32,15,07,229,30,16,35,051,34,25,55,074,34,1*79,1763493836860
NMEA,$GQGSV,1,1,01,03,02,297,31,1*5B,1763493836860
NMEA,$GQGSV,1,1,01,03,02,297,18,8*59,1763493836860
NMEA,$GBGSV,2,1,06,37,50,047,43,36,16,231,41,32,16,143,42,22,02,319,33,1*7E,1763493836860
NMEA,$GBGSV,2,2,06,20,73,158,47,19,53,313,43,1*71,1763493836860
NMEA,$GBGSV,2,1,05,19,53,313,42,20,73,158,41,32,16,143,35,36,16,231,39,3*7A,1763493836860
NMEA,$GBGSV,2,2,05,37,50,047,39,3*49,1763493836860
NMEA,$GBGSV,2,1,05,19,53,313,30,20,73,158,37,32,16,143,28,36,16,231,29,5*75,1763493836860
NMEA,$GBGSV,2,2,05,37,50,047,37,5*41,1763493836860
NMEA,$GNGSA,A,3,03,04,07,08,09,16,20,21,27,30,,,0.7,0.4,0.5,1*36,1763493836870
NMEA,$PSSGR,GSA,A,3,03,04,08,09,21,27,30,,,,,,0.7,0.4,0.5,1,8*40,1763493836870
NMEA,$GNGSA,A,3,65,72,75,76,,,,,,,,,0.7,0.4,0.5,2*31,1763493836870
NMEA,$GNGSA,A,3,02,03,05,08,13,15,16,25,,,,,0.7,0.4,0.5,3*3F,1763493836870
NMEA,$PSSGR,GSA,A,3,302,303,305,308,313,315,316,325,,,,,0.7,0.4,0.5,3,1*42,1763493836870
NMEA,$GNGSA,A,3,19,20,32,36,37,,,,,,,,0.7,0.4,0.5,4*38,1763493836870
NMEA,$PSSGR,GSA,A,3,219,220,232,236,237,,,,,,,,0.7,0.4,0.5,4,5*73,1763493836870
NMEA,$GNVTG,138.6,T,125.8,M,2.2,N,4.0,K,E*3F,1763493836870
NMEA,$GNDTM,W84,,0000.000000,N,00000.000000,E,0.000,W84*41,1763493836870
NMEA,$GNRMC,192357.00,A,3725.878657,N,12209.288389,W,2.2,138.6,181125,12.8,E,E,V*7D,1763493836870
NMEA,$GNGNS,192357.00,3725.878657,N,12209.288389,W,EEEEEE,27,0.4,22.0,-32.6,,,V*28,1763493836870
NMEA,$GNGGA,192357.00,3725.878657,N,12209.288389,W,6,12,0.4,22.0,M,-32.6,M,,*79,1763493836870
NMEA,$PSMSG,magcal=PASS,bluesky=0*00,1763493836873
NMEA,$GPGSV,4,1,13,03,20,173,39,04,55,098,43,06,04,258,39,07,52,278,42,1*63,1763493837858
NMEA,$GPGSV,4,2,13,08,16,127,40,09,75,352,43,11,04,296,38,16,36,051,41,1*66,1763493837858
NMEA,$GPGSV,4,3,13,20,13,320,42,21,13,321,36,26,03,041,28,27,18,096,41,1*6C,1763493837858
NMEA,$GPGSV,4,4,13,30,24,263,41,1*51,1763493837858
NMEA,$GPGSV,3,1,10,03,20,173,31,04,55,098,39,06,04,258,28,08,16,127,24,8*6D,1763493837858
NMEA,$GPGSV,3,2,10,09,75,352,29,11,04,296,29,21,13,321,31,26,03,041,29,8*61,1763493837858
NMEA,$GPGSV,3,3,10,27,18,096,35,30,24,263,31,8*69,1763493837858
NMEA,$GLGSV,1,1,04,12,61,225,42,11,55,029,40,01,78,094,36,08,24,134,45,1*7B,1763493837858
NMEA,$GAGSV,3,1,10,02,48,173,39,03,68,069,41,05,20,107,39,08,47,314,42,7*76,1763493837858
NMEA,$GAGSV,3,2,10,13,13,278,35,15,07,229,35,16,35,051,39,25,55,074,40,7*7B,1763493837858
NMEA,$GAGSV,3,3,10,26,03,325,32,30,04,202,32,7*76,1763493837858
NMEA,$GAGSV,2,1,08,02,48,173,33,03,68,069,29,05,20,107,31,08,47,314,27,1*77,1763493837858
NMEA,$GAGSV,2,2,08,13,13,278,28,15,07,229,30,16,35,051,33,25,55,074,36,1*77,1763493837858
NMEA,$GQGSV,1,1,01,03,02,297,29,1*52,1763493837858
NMEA,$GQGSV,1,1,01,03,02,297,18,8*59,1763493837858
NMEA,$GBGSV,2,1,06,37,50,047,43,36,16,231,41,32,16,143,42,22,02,319,33,1*7E,1763493837858
NMEA,$GBGSV,2,2,06,20,73,158,47,19,53,313,43,1*71,1763493837858
NMEA,$GBGSV,2,1,05,19,53,313,41,20,73,158,40,32,16,143,33,36,16,231,34,3*73,1763493837858
NMEA,$GBGSV,2,2,05,37,50,047,39,3*49,1763493837858
NMEA,$GBGSV,2,1,05,19,53,313,30,20,73,158,35,32,16,143,29,36,16,231,32,5*7C,1763493837858
NMEA,$GBGSV,2,2,05,37,50,047,36,5*40,1763493837858
NMEA,$GNGSA,A,3,03,04,07,08,09,16,20,21,27,30,,,0.7,0.4,0.5,1*36,1763493837873
NMEA,$PSSGR,GSA,A,3,03,04,08,09,21,27,30,,,,,,0.7,0.4,0.5,1,8*40,1763493837873
NMEA,$GNGSA,A,3,65,72,75,76,,,,,,,,,0.7,0.4,0.5,2*31,1763493837873
NMEA,$GNGSA,A,3,02,03,05,08,13,15,16,25,,,,,0.7,0.4,0.5,3*3F,1763493837873
NMEA,$PSSGR,GSA,A,3,302,303,305,308,313,315,316,325,,,,,0.7,0.4,0.5,3,1*42,1763493837873
NMEA,$GNGSA,A,3,19,20,32,36,37,,,,,,,,0.7,0.4,0.5,4*38,1763493837873
NMEA,$PSSGR,GSA,A,3,219,220,232,236,237,,,,,,,,0.7,0.4,0.5,4,5*73,1763493837873
NMEA,$GNVTG,135.5,T,122.7,M,2.3,N,4.2,K,E*3A,1763493837873
NMEA,$GNDTM,W84,,0000.000000,N,00000.000000,E,0.000,W84*41,1763493837873
NMEA,$GNRMC,192358.00,A,3725.878203,N,12209.287812,W,2.3,135.5,181125,12.8,E,E,V*7E,1763493837873
NMEA,$GNGNS,192358.00,3725.878203,N,12209.287812,W,EEEEEE,27,0.4,22.0,-32.6,,,V*24,1763493837873
NMEA,$GNGGA,192358.00,3725.878203,N,12209.287812,W,6,12,0.4,22.0,M,-32.6,M,,*75,1763493837873
NMEA,$PSMSG,magcal=PASS,bluesky=0*00,1763493837878
NMEA,$GPGSV,4,1,13,03,20,173,42,04,55,098,43,06,04,258,38,07,52,278,44,1*68,1763493838854
NMEA,$GPGSV,4,2,13,08,16,127,39,09,75,352,43,11,04,296,39,16,36,051,41,1*69,1763493838854
NMEA,$GPGSV,4,3,13,20,13,320,41,21,13,321,36,26,03,041,26,27,18,096,38,1*6F,1763493838854
NMEA,$GPGSV,4,4,13,30,24,263,42,1*52,1763493838854
NMEA,$GPGSV,3,1,10,03,20,173,32,04,55,098,39,06,04,258,31,08,16,127,25,8*67,1763493838854
NMEA,$GPGSV,3,2,10,09,75,352,30,11,04,296,27,21,13,321,31,26,03,041,27,8*69,1763493838854
NMEA,$GPGSV,3,3,10,27,18,096,35,30,24,263,28,8*61,1763493838854
NMEA,$GLGSV,1,1,04,12,61,225,41,11,55,029,42,01,78,094,37,08,24,134,43,1*7D,1763493838854
NMEA,$GAGSV,3,1,10,02,48,173,41,03,68,069,41,05,20,107,39,08,47,314,41,7*7A,1763493838854
NMEA,$GAGSV,3,2,10,13,13,278,38,15,07,229,38,16,35,051,38,25,55,074,40,7*7A,1763493838854
NMEA,$GAGSV,3,3,10,26,03,325,32,30,04,202,32,7*76,1763493838854
NMEA,$GAGSV,2,1,08,02,48,173,25,03,68,069,31,05,20,107,28,08,47,314,28,1*7E,1763493838854
NMEA,$GAGSV,2,2,08,13,13,278,28,15,07,229,28,16,35,051,31,25,55,074,37,1*7D,1763493838854
NMEA,$GQGSV,1,1,01,03,02,297,27,1*5C,1763493838854
NMEA,$GQGSV,1,1,01,03,02,297,18,8*59,1763493838854
NMEA,$GBGSV,2,1,06,37,50,047,43,36,16,231,41,32,16,143,42,22,02,319,33,1*7E,1763493838854
NMEA,$GBGSV,2,2,06,20,73,158,47,19,53,313,43,1*71,1763493838854
NMEA,$GBGSV,2,1,05,19,53,313,39,20,73,158,40,32,16,143,30,36,16,231,37,3*7C,1763493838854
NMEA,$GBGSV,2,2,05,37,50,047,38,3*48,1763493838854
NMEA,$GBGSV,2,1,05,19,53,313,30,20,73,158,34,32,16,143,26,36,16,231,32,5*72,1763493838854
NMEA,$GBGSV,2,2,05,37,50,047,36,5*40,1763493838854
NMEA,$GNGSA,A,3,03,04,07,08,09,16,20,21,27,30,,,0.7,0.4,0.5,1*36,1763493838865
NMEA,$PSSGR,GSA,A,3,03,04,08,09,21,27,30,,,,,,0.7,0.4,0.5,1,8*40,1763493838865
NMEA,$GNGSA,A,3,65,72,75,76,,,,,,,,,0.7,0.4,0.5,2*31,1763493838865
NMEA,$GNGSA,A,3,02,03,05,08,13,15,16,25,,,,,0.7,0.4,0.5,3*3F,1763493838865
NMEA,$PSSGR,GSA,A,3,302,303,305,308,313,315,316,325,,,,,0.7,0.4,0.5,3,1*42,1763493838865
NMEA,$GNGSA,A,3,19,20,32,36,37,,,,,,,,0.7,0.4,0.5,4*38,1763493838865
NMEA,$PSSGR,GSA,A,3,219,220,232,236,237,,,,,,,,0.7,0.4,0.5,4,5*73,1763493838865
NMEA,$GNVTG,136.7,T,123.9,M,2.3,N,4.2,K,E*34,1763493838865
NMEA,$GNDTM,W84,,0000.000000,N,00000.000000,E,0.000,W84*41,1763493838865
NMEA,$GNRMC,192359.00,A,3725.877754,N,12209.287258,W,2.3,136.7,181125,12.8,E,E,V*72,1763493838865
NMEA,$GNGNS,192359.00,3725.877754,N,12209.287258,W,EEEEEE,27,0.4,22.0,-32.6,,,V*29,1763493838865
NMEA,$GNGGA,192359.00,3725.877754,N,12209.287258,W,6,12,0.4,22.0,M,-32.6,M,,*78,1763493838865
NMEA,$PSMSG,magcal=PASS,bluesky=0*00,1763493838868
NMEA,$GPGSV,4,1,13,03,20,173,39,04,55,098,43,06,04,258,40,07,52,278,43,1*6C,1763493839855
NMEA,$GPGSV,4,2,13,08,16,127,42,09,75,352,43,11,04,296,43,16,36,051,41,1*68,1763493839855
NMEA,$GPGSV,4,3,13,20,13,320,40,21,13,321,38,26,03,041,27,27,18,096,38,1*61,1763493839855
NMEA,$GPGSV,4,4,13,30,24,263,42,1*52,1763493839855
NMEA,$GPGSV,3,1,10,03,20,173,29,04,55,098,39,06,04,258,30,08,16,127,32,8*6A,1763493839855
NMEA,$GPGSV,3,2,10,09,75,352,32,11,04,296,23,21,13,321,31,26,03,041,30,8*69,1763493839855
NMEA,$GPGSV,3,3,10,27,18,096,36,30,24,263,33,8*68,1763493839855
NMEA,$GLGSV,1,1,04,12,61,225,42,11,55,029,42,01,78,094,38,08,24,134,46,1*74,1763493839855
NMEA,$GAGSV,3,1,10,02,48,173,40,03,68,069,40,05,20,107,40,08,47,314,41,7*74,1763493839855
NMEA,$GAGSV,3,2,10,13,13,278,38,15,07,229,35,16,35,051,38,25,55,074,42,7*75,1763493839855
NMEA,$GAGSV,3,3,10,26,03,325,32,30,04,202,32,7*76,1763493839855
NMEA,$GAGSV,2,1,08,02,48,173,31,03,68,069,31,05,20,107,32,08,47,314,27,1*7F,1763493839855
NMEA,$GAGSV,2,2,08,13,13,278,30,15,07,229,33,16,35,051,34,25,55,074,36,1*7A,1763493839855
NMEA,$GQGSV,1,1,01,03,02,297,28,1*53,1763493839855
NMEA,$GQGSV,1,1,01,03,02,297,18,8*59,1763493839855
NMEA,$GBGSV,2,1,06,37,50,047,43,36,16,231,41,32,16,143,42,22,02,319,33,1*7E,1763493839855
NMEA,$GBGSV,2,2,06,20,73,158,47,19,53,313,43,1*71,1763493839855
NMEA,$GBGSV,2,1,05,19,53,313,41,20,73,158,40,32,16,143,29,36,16,231,34,3*78,1763493839855
NMEA,$GBGSV,2,2,05,37,50,047,40,3*47,1763493839855
NMEA,$GBGSV,2,1,05,19,53,313,27,20,73,158,34,32,16,143,28,36,16,231,30,5*78,1763493839855
NMEA,$GBGSV,2,2,05,37,50,047,37,5*41,1763493839855
NMEA,$GNGSA,A,3,03,04,07,08,09,16,20,21,27,30,,,0.7,0.4,0.5,1*36,1763493839866
NMEA,$PSSGR,GSA,A,3,03,04,08,09,21,27,30,,,,,,0.7,0.4,0.5,1,8*40,1763493839866
NMEA,$GNGSA,A,3,65,72,75,76,,,,,,,,,0.7,0.4,0.5,2*31,1763493839866
NMEA,$GNGSA,A,3,02,03,05,08,13,15,16,25,,,,,0.7,0.4,0.5,3*3F,1763493839866
NMEA,$PSSGR,GSA,A,3,302,303,305,308,313,315,316,325,,,,,0.7,0.4,0.5,3,1*42,1763493839866
NMEA,$GNGSA,A,3,19,20,32,36,37,,,,,,,,0.7,0.4,0.5,4*38,1763493839866
NMEA,$PSSGR,GSA,A,3,219,220,232,236,237,,,,,,,,0.7,0.4,0.5,4,5*73,1763493839866
NMEA,$GNVTG,138.6,T,125.8,M,2.6,N,4.8,K,E*33,1763493839866
NMEA,$GNDTM,W84,,0000.000000,N,00000.000000,E,0.000,W84*41,1763493839866
NMEA,$GNRMC,192400.00,A,3725.877210,N,12209.286705,W,2.6,138.6,181125,12.8,E,E,V*7A,1763493839866
NMEA,$GNGNS,192400.00,3725.877210,N,12209.286705,W,EEEEEE,27,0.4,22.0,-32.6,,,V*2B,1763493839866
NMEA,$GNGGA,192400.00,3725.877210,N,12209.286705,W,6,12,0.4,22.0,M,-32.6,M,,*7A,1763493839866
NMEA,$PSMSG,magcal=PASS,bluesky=0*00,1763493839870
NMEA,$GPGSV,4,1,13,03,20,173,40,04,55,098,43,06,04,258,41,07,52,278,42,1*62,1763493840858
NMEA,$GPGSV,4,2,13,08,16,127,39,09,75,352,44,11,04,296,39,16,36,051,39,1*61,1763493840858
NMEA,$GPGSV,4,3,13,20,13,320,40,21,13,321,40,26,03,041,28,27,18,096,39,1*60,1763493840858
NMEA,$GPGSV,4,4,13,30,24,263,43,1*53,1763493840858
NMEA,$GPGSV,3,1,10,03,20,173,31,04,55,098,36,06,04,258,30,08,16,127,29,8*66,1763493840858
NMEA,$GPGSV,3,2,10,09,75,352,32,11,04,296,22,21,13,321,28,26,03,041,30,8*60,1763493840858
NMEA,$GPGSV,3,3,10,27,18,096,36,30,24,263,29,8*63,1763493840858
NMEA,$GLGSV,1,1,04,12,61,225,42,11,55,029,42,01,78,094,40,08,24,134,45,1*78,1763493840858
NMEA,$GAGSV,3,1,10,02,48,173,42,03,68,069,40,05,20,107,38,08,47,314,40,7*78,1763493840858
NMEA,$GAGSV,3,2,10,13,13,278,38,15,07,229,36,16,35,051,36,25,55,074,41,7*7B,1763493840858
NMEA,$GAGSV,3,3,10,26,03,325,32,30,04,202,32,7*76,1763493840858
NMEA,$GAGSV,2,1,08,02,48,173,35,03,68,069,26,05,20,107,28,08,47,314,30,1*70,1763493840858
NMEA,$GAGSV,2,2,08,13,13,278,30,15,07,229,25,16,35,051,32,25,55,074,37,1*7A,1763493840858
NMEA,$GQGSV,1,1,01,03,02,297,26,1*5D,1763493840858
NMEA,$GQGSV,1,1,01,03,02,297,18,8*59,1763493840858
NMEA,$GBGSV,2,1,06,37,50,047,43,36,16,231,41,32,16,143,42,22,02,319,33,1*7E,1763493840858
NMEA,$GBGSV,2,2,06,20,73,158,47,19,53,313,43,1*71,1763493840858
NMEA,$GBGSV,2,1,05,19,53,313,42,20,73,158,41,32,16,143,40,36,16,231,36,3*77,1763493840858
NMEA,$GBGSV,2,2,05,37,50,047,40,3*47,1763493840858
NMEA,$GBGSV,2,1,05,19,53,313,31,20,73,158,37,32,16,143,24,36,16,231,28,5*79,1763493840858
NMEA,$GBGSV,2,2,05,37,50,047,36,5*40,1763493840858
NMEA,$GNGSA,A,3,03,04,07,08,09,16,20,21,27,30,,,0.7,0.4,0.5,1*36,1763493840879
NMEA,$PSSGR,GSA,A,3,03,04,08,09,21,27,30,,,,,,0.7,0.4,0.5,1,8*40,1763493840879
NMEA,$GNGSA,A,3,65,72,75,76,,,,,,,,,0.7,0.4,0.5,2*31,1763493840879
NMEA,$GNGSA,A,3,02,03,05,08,13,15,16,25,,,,,0.7,0.4,0.5,3*3F,1763493840879
NMEA,$PSSGR,GSA,A,3,302,303,305,308,313,315,316,325,,,,,0.7,0.4,0.5,3,1*42,1763493840879
NMEA,$GNGSA,A,3,19,20,32,36,37,,,,,,,,0.7,0.4,0.5,4*38,1763493840879
NMEA,$PSSGR,GSA,A,3,219,220,232,236,237,,,,,,,,0.7,0.4,0.5,4,5*73,1763493840879
NMEA,$GNVTG,134.0,T,121.2,M,2.6,N,4.8,K,E*37,1763493840879
NMEA,$GNDTM,W84,,0000.000000,N,00000.000000,E,0.000,W84*41,1763493840879
NMEA,$GNRMC,192401.00,A,3725.876691,N,12209.285998,W,2.6,134.0,181125,12.8,E,E,V*74,1763493840879
NMEA,$GNGNS,192401.00,3725.876691,N,12209.285998,W,EEEEEE,27,0.4,21.9,-32.6,,,V*25,1763493840879
NMEA,$GNGGA,192401.00,3725.876691,N,12209.285998,W,6,12,0.4,21.9,M,-32.6,M,,*74,1763493840879
NMEA,$PSMSG,magcal=PASS,bluesky=0*00,1763493840884
NMEA,$GPGSV,4,1,13,03,20,173,40,04,55,098,42,06,04,258,38,07,52,278,39,1*61,1763493841860
NMEA,$GPGSV,4,2,13,08,16,127,41,09,75,352,43,11,04,296,41,16,36,051,41,1*69,1763493841860
NMEA,$GPGSV,4,3,13,20,13,320,43,21,13,321,41,26,03,041,27,27,18,096,39,1*6D,1763493841860
NMEA,$GPGSV,4,4,13,30,24,263,42,1*52,1763493841860
NMEA,$GPGSV,3,1,10,03,20,173,36,04,55,098,35,06,04,258,28,08,16,127,30,8*63,1763493841860
NMEA,$GPGSV,3,2,10,09,75,352,37,11,04,296,26,21,13,321,30,26,03,041,30,8*68,1763493841860
NMEA,$GPGSV,3,3,10,27,18,096,35,30,24,263,30,8*68,1763493841860
NMEA,$GLGSV,1,1,04,12,61,225,39,11,55,029,38,01,78,094,39,08,24,134,46,1*74,1763493841860
NMEA,$GAGSV,3,1,10,02,48,173,42,03,68,069,39,05,20,107,39,08,47,314,39,7*79,1763493841860
NMEA,$GAGSV,3,2,10,13,13,278,40,15,07,229,36,16,35,051,38,25,55,074,41,7*7A,1763493841860
NMEA,$GAGSV,3,3,10,26,03,325,32,30,04,202,32,7*76,1763493841860
NMEA,$GAGSV,2,1,08,02,48,173,38,03,68,069,32,05,20,107,29,08,47,314,33,1*7A,1763493841860
NMEA,$GAGSV,2,2,08,13,13,278,28,15,07,229,31,16,35,051,35,25,55,074,34,1*72,1763493841860
NMEA,$GQGSV,1,1,01,03,02,297,26,1*5D,1763493841860
NMEA,$GQGSV,1,1,01,03,02,297,18,8*59,1763493841860
NMEA,$GBGSV,2,1,06,37,50,047,43,36,16,231,41,32,16,143,42,22,02,319,33,1*7E,1763493841860
NMEA,$GBGSV,2,2,06,20,73,158,47,19,53,313,43,1*71,1763493841860
NMEA,$GBGSV,2,1,05,19,53,313,41,20,73,158,43,32,16,143,42,36,16,231,37,3*75,1763493841860
NMEA,$GBGSV,2,2,05,37,50,047,41,3*46,1763493841860
NMEA,$GBGSV,2,1,05,19,53,313,34,20,73,158,39,32,16,143,24,36,16,231,29,5*73,1763493841860
NMEA,$GBGSV,2,2,05,37,50,047,36,5*40,1763493841860
NMEA,$GNGSA,A,3,03,04,07,08,09,16,20,21,27,30,,,0.7,0.4,0.5,1*36,1763493841880
NMEA,$PSSGR,GSA,A,3,03,04,08,09,21,27,30,,,,,,0.7,0.4,0.5,1,8*40,1763493841880
NMEA,$GNGSA,A,3,65,72,75,76,,,,,,,,,0.7,0.4,0.5,2*31,1763493841880
NMEA,$GNGSA,A,3,02,03,05,08,13,15,16,25,,,,,0.7,0.4,0.5,3*3F,1763493841880
NMEA,$PSSGR,GSA,A,3,302,303,305,308,313,315,316,325,,,,,0.7,0.4,0.5,3,1*42,1763493841880
NMEA,$GNGSA,A,3,19,20,32,36,37,,,,,,,,0.7,0.4,0.5,4*38,1763493841880
NMEA,$PSSGR,GSA,A,3,219,220,232,236,237,,,,,,,,0.7,0.4,0.5,4,5*73,1763493841880
NMEA,$GNVTG,134.3,T,121.5,M,2.3,N,4.3,K,E*3D,1763493841880
NMEA,$GNDTM,W84,,0000.000000,N,00000.000000,E,0.000,W84*41,1763493841880
NMEA,$GNRMC,192402.00,A,3725.876222,N,12209.285399,W,2.3,134.3,181125,12.8,E,E,V*76,1763493841880
NMEA,$GNGNS,192402.00,3725.876222,N,12209.285399,W,EEEEEE,27,0.4,21.9,-32.6,,,V*21,1763493841880
NMEA,$GNGGA,192402.00,3725.876222,N,12209.285399,W,6,12,0.4,21.9,M,-32.6,M,,*70,1763493841880
NMEA,$PSMSG,magcal=PASS,bluesky=0*00,1763493841883
NMEA,$GPGSV,4,1,13,03,20,173,41,04,55,098,43,06,04,258,40,07,52,278,40,1*60,1763493842856
NMEA,$GPGSV,4,2,13,08,16,127,42,09,75,352,42,11,04,296,42,16,36,051,40,1*69,1763493842856
NMEA,$GPGSV,4,3,13,20,13,320,44,21,13,321,41,26,03,041,25,27,18,096,39,1*68,1763493842856
NMEA,$GPGSV,4,4,13,30,24,263,42,1*52,1763493842856
NMEA,$GPGSV,3,1,10,03,20,173,34,04,55,098,33,06,04,258,24,08,16,127,26,8*6C,1763493842856
NMEA,$GPGSV,3,2,10,09,75,352,38,11,04,296,29,21,13,321,29,26,03,041,29,8*68,1763493842856
NMEA,$GPGSV,3,3,10,27,18,096,33,30,24,263,32,8*6C,1763493842856
NMEA,$GLGSV,1,1,04,12,61,225,41,11,55,029,40,01,78,094,41,08,24,134,44,1*79,1763493842856
NMEA,$GAGSV,3,1,10,02,48,173,43,03,68,069,39,05,20,107,37,08,47,314,39,7*76,1763493842856
NMEA,$GAGSV,3,2,10,13,13,278,38,15,07,229,34,16,35,051,37,25,55,074,39,7*77,1763493842856
NMEA,$GAGSV,3,3,10,26,03,325,32,30,04,202,32,7*76,1763493842856
NMEA,$GAGSV,2,1,08,02,48,173,37,03,68,069,33,05,20,107,29,08,47,314,33,1*74,1763493842856
NMEA,$GAGSV,2,2,08,13,13,278,25,15,07,229,26,16,35,051,34,25,55,074,31,1*7D,1763493842856
NMEA,$GQGSV,1,1,01,03,02,297,18,8*59,1763493842856
NMEA,$GBGSV,2,1,06,37,50,047,43,36,16,231,41,32,16,143,42,22,02,319,33,1*7E,1763493842856
NMEA,$GBGSV,2,2,06,20,73,158,47,19,53,313,43,1*71,1763493842856
NMEA,$GBGSV,2,1,05,19,53,313,42,20,73,158,44,32,16,143,41,36,16,231,37,3*72,1763493842856
NMEA,$GBGSV,2,2,05,37,50,047,41,3*46,1763493842856
NMEA,$GBGSV,2,1,05,19,53,313,35,20,73,158,40,32,16,143,18,36,16,231,28,5*72,1763493842856
NMEA,$GBGSV,2,2,05,37,50,047,35,5*43,1763493842856
NMEA,$GNGSA,A,3,03,04,07,08,09,16,20,21,27,30,,,0.7,0.4,0.5,1*36,1763493842865
NMEA,$PSSGR,GSA,A,3,03,04,08,09,21,27,30,,,,,,0.7,0.4,0.5,1,8*40,1763493842865
NMEA,$GNGSA,A,3,65,72,75,76,,,,,,,,,0.7,0.4,0.5,2*31,1763493842865
NMEA,$GNGSA,A,3,02,03,05,08,13,15,16,25,,,,,0.7,0.4,0.5,3*3F,1763493842865
NMEA,$PSSGR,GSA,A,3,302,303,305,308,313,315,316,325,,,,,0.7,0.4,0.5,3,1*42,1763493842865
NMEA,$GNGSA,A,3,19,20,32,36,37,,,,,,,,0.7,0.4,0.5,4*38,1763493842865
NMEA,$PSSGR,GSA,A,3,219,220,232,236,237,,,,,,,,0.7,0.4,0.5,4,5*73,1763493842865
NMEA,$GNVTG,136.8,T,124.0,M,2.4,N,4.4,K,E*34,1763493842865
NMEA,$GNDTM,W84,,0000.000000,N,00000.000000,E,0.000,W84*41,1763493842865
NMEA,$GNRMC,192403.00,A,3725.875754,N,12209.284800,W,2.4,136.8,181125,12.8,E,E,V*74,1763493842865
NMEA,$GNGNS,192403.00,3725.875754,N,12209.284800,W,EEEEEE,27,0.4,21.7,-32.6,,,V*23,1763493842865
NMEA,$GNGGA,192403.00,3725.875754,N,12209.284800,W,6,12,0.4,21.7,M,-32.6,M,,*72,1763493842865
NMEA,$PSMSG,magcal=PASS,bluesky=0*00,1763493842873
NMEA,$GPGSV,4,1,13,03,20,173,43,04,55,098,43,06,04,258,38,07,52,278,41,1*6C,1763493843855
NMEA,$GPGSV,4,2,13,08,16,127,40,09,75,352,41,11,04,296,42,16,36,051,40,1*68,1763493843855
NMEA,$GPGSV,4,3,13,20,13,320,45,21,13,321,41,26,03,041,27,27,18,096,38,1*6A,1763493843855
NMEA,$GPGSV,4,4,13,30,24,263,42,1*52,1763493843855
NMEA,$GPGSV,3,1,10,03,20,173,31,04,55,098,31,06,04,258,34,08,16,127,30,8*6D,1763493843855
NMEA,$GPGSV,3,2,10,09,75,352,35,11,04,296,21,21,13,321,24,26,03,041,23,8*6A,1763493843855
NMEA,$GPGSV,3,3,10,27,18,096,31,30,24,263,31,8*6D,1763493843855
NMEA,$GLGSV,1,1,04,12,61,225,39,11,55,029,41,01,78,094,40,08,24,134,46,1*74,1763493843855
NMEA,$GAGSV,2,1,08,02,48,173,43,03,68,069,38,05,20,107,36,08,47,314,36,7*71,1763493843855
NMEA,$GAGSV,2,2,08,13,13,278,37,15,07,229,34,16,35,051,36,25,55,074,37,7*7F,1763493843855
NMEA,$GAGSV,2,1,08,02,48,173,34,03,68,069,32,05,20,107,29,08,47,314,36,1*73,1763493843855
NMEA,$GAGSV,2,2,08,13,13,278,28,15,07,229,23,16,35,051,33,25,55,074,30,1*73,1763493843855
NMEA,$GQGSV,1,1,01,03,02,297,18,8*59,1763493843855
NMEA,$GBGSV,2,1,05,19,53,313,41,20,73,158,44,32,16,143,36,36,16,231,37,3*71,1763493843855
NMEA,$GBGSV,2,2,05,37,50,047,41,3*46,1763493843855
NMEA,$GBGSV,2,1,05,19,53,313,36,20,73,158,39,32,16,143,27,36,16,231,30,5*7A,1763493843855
NMEA,$GBGSV,2,2,05,37,50,047,33,5*45,1763493843855
NMEA,$GNGSA,A,3,03,04,07,08,09,16,20,21,27,30,,,0.7,0.4,0.5,1*36,1763493843870
NMEA,$PSSGR,GSA,A,3,03,04,08,09,21,27,30,,,,,,0.7,0.4,0.5,1,8*40,1763493843870
NMEA,$GNGSA,A,3,65,72,75,76,,,,,,,,,0.7,0.4,0.5,2*31,1763493843870
NMEA,$GNGSA,A,3,02,03,05,08,13,15,16,25,,,,,0.7,0.4,0.5,3*3F,1763493843870
NMEA,$PSSGR,GSA,A,3,302,303,305,308,313,315,316,325,,,,,0.7,0.4,0.5,3,1*42,1763493843870
NMEA,$GNGSA,A,3,19,20,32,36,37,,,,,,,,0.7,0.4,0.5,4*38,1763493843870
NMEA,$PSSGR,GSA,A,3,219,220,232,236,237,,,,,,,,0.7,0.4,0.5,4,5*73,1763493843870
NMEA,$GNVTG,140.7,T,127.9,M,2.4,N,4.4,K,E*30,1763493843870
NMEA,$GNDTM,W84,,0000.000000,N,00000.000000,E,0.000,W84*41,1763493843870
NMEA,$GNRMC,192404.00,A,3725.875224,N,12209.284231,W,2.4,140.7,181125,12.8,E,E,V*77,1763493843870
NMEA,$GNGNS,192404.00,3725.875224,N,12209.284231,W,EEEEEE,27,0.4,21.7,-32.6,,,V*2E,1763493843870
NMEA,$GNGGA,192404.00,3725.875224,N,12209.284231,W,6,12,0.4,21.7,M,-32.6,M,,*7F,1763493843870
NMEA,$PSMSG,magcal=PASS,bluesky=0*00,1763493843873
NMEA,$GPGSV,4,1,13,03,20,173,41,04,55,098,42,06,04,258,38,07,52,278,42,1*6C,1763493844856
NMEA,$GPGSV,4,2,13,08,16,127,39,09,75,352,44,11,04,296,41,16,36,051,41,1*61,1763493844856
NMEA,$GPGSV,4,3,13,20,13,320,43,21,13,321,40,26,03,041,30,27,18,096,39,1*6A,1763493844856
NMEA,$GPGSV,4,4,13,30,24,263,43,1*53,1763493844856
NMEA,$GPGSV,3,1,10,03,20,173,33,04,55,098,34,06,04,258,30,08,16,127,26,8*69,1763493844856
NMEA,$GPGSV,3,2,10,09,75,352,36,11,04,296,24,21,13,321,28,26,03,041,28,8*6B,1763493844856
NMEA,$GPGSV,3,3,10,27,18,096,31,30,24,263,30,8*6C,1763493844856
NMEA,$GLGSV,1,1,04,12,61,225,43,11,55,029,41,01,78,094,39,08,24,134,45,1*74,1763493844856
NMEA,$GAGSV,3,1,10,02,48,173,43,03,68,069,41,05,20,107,39,08,47,314,40,7*79,1763493844856
NMEA,$GAGSV,3,2,10,13,13,278,37,15,07,229,35,16,35,051,38,25,55,074,41,7*79,1763493844856
NMEA,$GAGSV,3,3,10,26,03,325,34,30,04,202,27,7*74,1763493844856
NMEA,$GAGSV,2,1,08,02,48,173,33,03,68,069,29,05,20,107,25,08,47,314,32,1*76,1763493844856
NMEA,$GAGSV,2,2,08,13,13,278,27,15,07,229,31,16,35,051,33,25,55,074,30,1*7F,1763493844856
NMEA,$GQGSV,1,1,01,03,02,297,18,8*59,1763493844856
NMEA,$GBGSV,2,1,06,37,50,047,43,36,16,231,41,32,16,143,42,22,02,319,35,1*78,1763493844856
NMEA,$GBGSV,2,2,06,20,73,158,46,19,53,313,44,1*77,1763493844856
NMEA,$GBGSV,2,1,05,19,53,313,42,20,73,158,43,32,16,143,37,36,16,231,38,3*7B,1763493844856
NMEA,$GBGSV,2,2,05,37,50,047,42,3*45,1763493844856
NMEA,$GBGSV,2,1,06,19,53,313,33,20,73,158,39,22,02,319,30,32,16,143,28,5*78,1763493844856
NMEA,$GBGSV,2,2,06,36,16,231,31,37,50,047,35,5*70,1763493844856
NMEA,$GNGSA,A,3,03,04,07,08,09,16,20,21,27,30,,,0.6,0.4,0.5,1*37,1763493844868
NMEA,$PSSGR,GSA,A,3,03,04,08,09,21,27,30,,,,,,0.6,0.4,0.5,1,8*41,1763493844868
NMEA,$GNGSA,A,3,65,72,75,76,,,,,,,,,0.6,0.4,0.5,2*30,1763493844868
NMEA,$GNGSA,A,3,02,03,05,08,13,15,16,25,,,,,0.6,0.4,0.5,3*3E,1763493844868
NMEA,$PSSGR,GSA,A,3,302,303,305,308,313,315,316,325,,,,,0.6,0.4,0.5,3,1*43,1763493844868
NMEA,$GNGSA,A,3,19,20,32,36,37,,,,,,,,0.6,0.4,0.5,4*39,1763493844868
NMEA,$PSSGR,GSA,A,3,219,220,232,236,237,,,,,,,,0.6,0.4,0.5,4,5*72,1763493844868
NMEA,$GNVTG,135.8,T,123.0,M,2.4,N,4.5,K,E*31,1763493844868
NMEA,$GNDTM,W84,,0000.000000,N,00000.000000,E,0.000,W84*41,1763493844868
NMEA,$GNRMC,192405.00,A,3725.874656,N,12209.283614,W,2.4,135.8,181125,12.8,E,E,V*7F,1763493844868
NMEA,$GNGNS,192405.00,3725.874656,N,12209.283614,W,EEEEEE,27,0.4,21.7,-32.6,,,V*2B,1763493844868
NMEA,$GNGGA,192405.00,3725.874656,N,12209.283614,W,6,12,0.4,21.7,M,-32.6,M,,*7A,1763493844868
NMEA,$PSMSG,magcal=PASS,bluesky=0*00,1763493844873
NMEA,$GPGSV,4,1,13,03,20,173,42,04,55,098,42,06,04,258,38,07,52,278,43,1*6E,1763493845863
NMEA,$GPGSV,4,2,13,08,16,127,40,09,75,352,44,11,04,296,43,16,36,051,40,1*6C,1763493845863
NMEA,$GPGSV,4,3,13,20,13,320,43,21,13,321,41,26,03,041,27,27,18,096,38,1*6C,1763493845863
NMEA,$GPGSV,4,4,13,30,24,263,43,1*53,1763493845863
NMEA,$GPGSV,3,1,10,03,20,173,33,04,55,098,33,06,04,258,31,08,16,127,29,8*60,1763493845863
NMEA,$GPGSV,3,2,10,09,75,352,36,11,04,296,26,21,13,321,29,26,03,041,28,8*68,1763493845863
NMEA,$GPGSV,3,3,10,27,18,096,30,30,24,263,29,8*65,1763493845863
NMEA,$GLGSV,1,1,04,12,61,225,42,11,55,029,41,01,78,094,40,08,24,134,46,1*78,1763493845863
NMEA,$GAGSV,3,1,10,02,48,173,44,03,68,069,41,05,20,107,39,08,47,314,41,7*7F,1763493845863
NMEA,$GAGSV,3,2,10,13,13,278,40,15,07,229,39,16,35,051,39,25,55,074,41,7*74,1763493845863
NMEA,$GAGSV,3,3,10,26,03,325,34,30,04,202,23,7*70,1763493845863
NMEA,$GAGSV,2,1,08,02,48,173,32,03,68,069,31,05,20,107,24,08,47,314,33,1*7E,1763493845863
NMEA,$GAGSV,2,2,08,13,13,278,29,15,07,229,25,16,35,051,30,25,55,074,32,1*75,1763493845863
NMEA,$GQGSV,1,1,01,03,02,297,26,1*5D,1763493845863
NMEA,$GQGSV,1,1,01,03,02,297,18,8*59,1763493845863
NMEA,$GBGSV,2,1,06,37,50,047,42,36,16,231,40,32,16,143,41,22,02,319,36,1*78,1763493845863
NMEA,$GBGSV,2,2,06,20,73,158,46,19,53,313,44,1*77,1763493845863
NMEA,$GBGSV,2,1,05,19,53,313,43,20,73,158,43,32,16,143,39,36,16,231,38,3*74,1763493845863
NMEA,$GBGSV,2,2,05,37,50,047,41,3*46,1763493845863
NMEA,$GBGSV,2,1,06,19,53,313,33,20,73,158,38,22,02,319,30,32,16,143,30,5*70,1763493845863
NMEA,$GBGSV,2,2,06,36,16,231,30,37,50,047,36,5*72,1763493845863
NMEA,$GNGSA,A,3,03,04,07,08,09,16,20,21,27,30,,,0.6,0.4,0.5,1*37,1763493845880
NMEA,$PSSGR,GSA,A,3,03,04,08,09,21,27,30,,,,,,0.6,0.4,0.5,1,8*41,1763493845880
NMEA,$GNGSA,A,3,65,72,75,76,,,,,,,,,0.6,0.4,0.5,2*30,1763493845880
NMEA,$GNGSA,A,3,02,03,05,08,13,15,16,25,,,,,0.6,0.4,0.5,3*3E,1763493845880
NMEA,$PSSGR,GSA,A,3,302,303,305,308,313,315,316,325,,,,,0.6,0.4,0.5,3,1*43,1763493845880
NMEA,$GNGSA,A,3,19,20,32,36,37,,,,,,,,0.6,0.4,0.5,4*39,1763493845880
NMEA,$PSSGR,GSA,A,3,219,220,232,236,237,,,,,,,,0.6,0.4,0.5,4,5*72,1763493845880
NMEA,$GNVTG,140.9,T,128.1,M,2.4,N,4.4,K,E*39,1763493845880
NMEA,$GNDTM,W84,,0000.000000,N,00000.000000,E,0.000,W84*41,1763493845880
NMEA,$GNRMC,192406.00,A,3725.874104,N,12209.283091,W,2.4,140.9,181125,12.8,E,E,V*74,1763493845880
NMEA,$GNGNS,192406.00,3725.874104,N,12209.283091,W,EEEEEE,27,0.4,21.8,-32.6,,,V*2C,1763493845880
NMEA,$GNGGA,192406.00,3725.874104,N,12209.283091,W,6,12,0.4,21.8,M,-32.6,M,,*7D,1763493845880
NMEA,$PSMSG,magcal=PASS,bluesky=0*00,1763493845883
NMEA,$GPGSV,4,1,13,03,20,173,41,04,55,098,43,06,04,258,37,07,52,278,43,1*63,1763493846862
NMEA,$GPGSV,4,2,13,08,16,127,33,09,75,352,45,11,04,296,41,16,36,051,41,1*6A,1763493846862
NMEA,$GPGSV,4,3,13,20,13,320,43,21,13,321,40,26,03,041,25,27,18,096,39,1*6E,1763493846862
NMEA,$GPGSV,4,4,13,30,24,263,43,1*53,1763493846862
NMEA,$GPGSV,3,1,10,03,20,173,30,04,55,098,33,06,04,258,32,08,16,127,23,8*6A,1763493846862
NMEA,$GPGSV,3,2,10,09,75,352,35,11,04,296,30,21,13,321,29,26,03,041,24,8*60,1763493846862
NMEA,$GPGSV,3,3,10,27,18,096,35,30,24,263,28,8*61,1763493846862
NMEA,$GLGSV,1,1,04,12,61,225,43,11,55,029,42,01,78,094,40,08,24,134,48,1*74,1763493846862
NMEA,$GAGSV,3,1,10,02,48,173,44,03,68,069,41,05,20,107,39,08,47,314,41,7*7F,1763493846862
NMEA,$GAGSV,3,2,10,13,13,278,37,15,07,229,36,16,35,051,40,25,55,074,40,7*74,1763493846862
NMEA,$GAGSV,3,3,10,26,03,325,35,30,04,202,27,7*75,1763493846862
NMEA,$GAGSV,2,1,08,02,48,173,33,03,68,069,31,05,20,107,28,08,47,314,32,1*72,1763493846862
NMEA,$GAGSV,2,2,08,13,13,278,30,15,07,229,30,16,35,051,33,25,55,074,33,1*7B,1763493846862
NMEA,$GQGSV,1,1,01,03,02,297,18,8*59,1763493846862
NMEA,$GBGSV,2,1,06,37,50,047,43,36,16,231,38,32,16,143,40,22,02,319,37,1*76,1763493846862
NMEA,$GBGSV,2,2,06,20,73,158,47,19,53,313,44,1*76,1763493846862
NMEA,$GBGSV,2,1,05,19,53,313,42,20,73,158,42,32,16,143,40,36,16,231,38,3*7A,1763493846862
NMEA,$GBGSV,2,2,05,37,50,047,42,3*45,1763493846862
NMEA,$GBGSV,2,1,07,19,53,313,32,20,73,158,36,22,02,319,31,23,02,049,22,5*72,1763493846862
NMEA,$GBGSV,2,2,07,32,16,143,24,36,16,231,28,37,50,047,35,5*4F,1763493846862
NMEA,$GNGSA,A,3,03,04,07,08,09,16,20,21,27,30,,,0.6,0.4,0.5,1*37,1763493846875
NMEA,$PSSGR,GSA,A,3,03,04,08,09,21,27,30,,,,,,0.6,0.4,0.5,1,8*41,1763493846875
NMEA,$GNGSA,A,3,65,72,75,76,,,,,,,,,0.6,0.4,0.5,2*30,1763493846875
NMEA,$GNGSA,A,3,02,03,05,08,13,15,16,25,,,,,0.6,0.4,0.5,3*3E,1763493846875
NMEA,$PSSGR,GSA,A,3,302,303,305,308,313,315,316,325,,,,,0.6,0.4,0.5,3,1*43,1763493846875
NMEA,$GNGSA,A,3,19,20,32,36,37,,,,,,,,0.6,0.4,0.5,4*39,1763493846875
NMEA,$PSSGR,GSA,A,3,219,220,232,236,237,,,,,,,,0.6,0.4,0.5,4,5*72,1763493846875
NMEA,$GNVTG,138.7,T,125.9,M,2.3,N,4.3,K,E*3D,1763493846875
NMEA,$GNDTM,W84,,0000.000000,N,00000.000000,E,0.000,W84*41,1763493846875
NMEA,$GNRMC,192407.00,A,3725.873625,N,12209.282517,W,2.3,138.7,181125,12.8,E,E,V*7A,1763493846875
NMEA,$GNGNS,192407.00,3725.873625,N,12209.282517,W,EEEEEE,27,0.4,21.7,-32.6,,,V*2B,1763493846875
NMEA,$GNGGA,192407.00,3725.873625,N,12209.282517,W,6,12,0.4,21.7,M,-32.6,M,,*7A,1763493846875
NMEA,$PSMSG,magcal=PASS,bluesky=0*00,1763493846879
NMEA,$GPGSV,4,1,13,03,20,173,41,04,55,098,44,06,04,258,38,07,52,278,43,1*6B,1763493847862
NMEA,$GPGSV,4,2,13,08,16,127,35,09,75,352,44,11,04,296,41,16,36,051,41,1*6D,1763493847862
NMEA,$GPGSV,4,3,13,20,13,320,42,21,13,321,40,26,03,041,25,27,18,096,40,1*61,1763493847862
NMEA,$GPGSV,4,4,13,30,24,263,43,1*53,1763493847862
NMEA,$GPGSV,3,1,10,03,20,173,30,04,55,098,32,06,04,258,24,08,16,127,23,8*6C,1763493847862
NMEA,$GPGSV,3,2,10,09,75,352,35,11,04,296,32,21,13,321,30,26,03,041,27,8*69,1763493847862
NMEA,$GPGSV,3,3,10,27,18,096,34,30,24,263,31,8*68,1763493847862
NMEA,$GLGSV,1,1,04,12,61,225,42,11,55,029,42,01,78,094,41,08,24,134,47,1*7B,1763493847862
NMEA,$GAGSV,3,1,10,02,48,173,44,03,68,069,41,05,20,107,40,08,47,314,40,7*70,1763493847862
NMEA,$GAGSV,3,2,10,13,13,278,35,15,07,229,39,16,35,051,39,25,55,074,40,7*77,1763493847862
NMEA,$GAGSV,3,3,10,26,03,325,36,30,04,202,28,7*79,1763493847862
NMEA,$GAGSV,2,1,08,02,48,173,33,03,68,069,29,05,20,107,29,08,47,314,33,1*7B,1763493847862
NMEA,$GAGSV,2,2,08,13,13,278,31,15,07,229,25,16,35,051,31,25,55,074,32,1*7D,1763493847862
NMEA,$GQGSV,1,1,01,03,02,297,18,8*59,1763493847862
NMEA,$GBGSV,2,1,06,37,50,047,43,36,16,231,41,32,16,143,41,22,02,319,37,1*79,1763493847862
NMEA,$GBGSV,2,2,06,20,73,158,48,19,53,313,44,1*79,1763493847862
NMEA,$GBGSV,2,1,05,19,53,313,42,20,73,158,44,32,16,143,40,36,16,231,38,3*7C,1763493847862
NMEA,$GBGSV,2,2,05,37,50,047,42,3*45,1763493847862
NMEA,$GBGSV,2,1,07,19,53,313,32,20,73,158,36,22,02,319,32,23,02,049,22,5*71,1763493847862
NMEA,$GBGSV,2,2,07,32,16,143,29,36,16,231,30,37,50,047,35,5*4B,1763493847862
NMEA,$GNGSA,A,3,03,04,07,08,09,16,20,21,27,30,,,0.6,0.4,0.5,1*37,1763493847870
NMEA,$PSSGR,GSA,A,3,03,04,08,09,21,27,30,,,,,,0.6,0.4,0.5,1,8*41,1763493847870
NMEA,$GNGSA,A,3,65,72,75,76,,,,,,,,,0.6,0.4,0.5,2*30,1763493847870
NMEA,$GNGSA,A,3,02,03,05,08,13,15,16,25,,,,,0.6,0.4,0.5,3*3E,1763493847870
NMEA,$PSSGR,GSA,A,3,302,303,305,308,313,315,316,325,,,,,0.6,0.4,0.5,3,1*43,1763493847870
NMEA,$GNGSA,A,3,19,20,32,36,37,,,,,,,,0.6,0.4,0.5,4*39,1763493847870
NMEA,$PSSGR,GSA,A,3,219,220,232,236,237,,,,,,,,0.6,0.4,0.5,4,5*72,1763493847870
NMEA,$GNVTG,139.4,T,126.6,M,2.4,N,4.4,K,E*33,1763493847870
NMEA,$GNDTM,W84,,0000.000000,N,00000.000000,E,0.000,W84*41,1763493847870
NMEA,$GNRMC,192408.00,A,3725.873064,N,12209.282005,W,2.4,139.4,181125,12.8,E,E,V*75,1763493847870
NMEA,$GNGNS,192408.00,3725.873064,N,12209.282005,W,EEEEEE,27,0.4,21.7,-32.6,,,V*21,1763493847870
NMEA,$GNGGA,192408.00,3725.873064,N,12209.282005,W,6,12,0.4,21.7,M,-32.6,M,,*70,1763493847870
NMEA,$PSMSG,magcal=PASS,bluesky=0*00,1763493847873
NMEA,$GPGSV,4,1,13,03,20,173,41,04,55,098,42,06,04,258,37,07,52,278,45,1*64,1763493848858
NMEA,$GPGSV,4,2,13,08,16,127,36,09,75,352,45,11,04,296,42,16,36,051,42,1*6F,1763493848858
NMEA,$GPGSV,4,3,13,20,13,320,44,21,13,321,41,26,03,041,28,27,18,096,40,1*6B,1763493848858
NMEA,$GPGSV,4,4,13,30,24,263,43,1*53,1763493848858
NMEA,$GPGSV,3,1,10,03,20,173,31,04,55,098,35,06,04,258,33,08,16,127,25,8*6A,1763493848858
NMEA,$GPGSV,3,2,10,09,75,352,33,11,04,296,32,21,13,321,24,26,03,041,23,8*6E,1763493848858
NMEA,$GPGSV,3,3,10,27,18,096,34,30,24,263,34,8*6D,1763493848858
NMEA,$GLGSV,1,1,04,12,61,225,41,11,55,029,42,01,78,094,40,08,24,134,48,1*76,1763493848858
NMEA,$GAGSV,3,1,10,02,48,173,44,03,68,069,41,05,20,107,42,08,47,314,41,7*73,1763493848858
NMEA,$GAGSV,3,2,10,13,13,278,35,15,07,229,36,16,35,051,40,25,55,074,39,7*78,1763493848858
NMEA,$GAGSV,3,3,10,26,03,325,35,30,04,202,27,7*75,1763493848858
NMEA,$GAGSV,2,1,08,02,48,173,35,03,68,069,26,05,20,107,25,08,47,314,32,1*7F,1763493848858
NMEA,$GAGSV,2,2,08,13,13,278,29,15,07,229,24,16,35,051,33,25,55,074,33,1*76,1763493848858
NMEA,$GQGSV,1,1,01,03,02,297,27,1*5C,1763493848858
NMEA,$GQGSV,1,1,01,03,02,297,16,8*57,1763493848858
NMEA,$GBGSV,2,1,06,37,50,047,43,36,16,231,40,32,16,143,42,22,02,319,36,1*7A,1763493848858
NMEA,$GBGSV,2,2,06,20,73,158,47,19,53,313,44,1*76,1763493848858
NMEA,$GBGSV,2,1,05,19,53,313,42,20,73,158,43,32,16,143,37,36,16,231,38,3*7B,1763493848858
NMEA,$GBGSV,2,2,05,37,50,047,42,3*45,1763493848858
NMEA,$GBGSV,2,1,07,19,53,313,33,20,73,158,37,22,02,319,31,23,02,049,22,5*72,1763493848858
NMEA,$GBGSV,2,2,07,32,16,143,24,36,16,231,30,37,50,047,36,5*45,1763493848858
NMEA,$GNGSA,A,3,03,04,07,08,09,16,20,21,27,30,,,0.6,0.4,0.5,1*37,1763493848868
NMEA,$PSSGR,GSA,A,3,03,04,08,09,21,27,30,,,,,,0.6,0.4,0.5,1,8*41,1763493848868
NMEA,$GNGSA,A,3,65,72,75,76,,,,,,,,,0.6,0.4,0.5,2*30,1763493848868
NMEA,$GNGSA,A,3,02,03,05,08,13,15,16,25,,,,,0.6,0.4,0.5,3*3E,1763493848868
NMEA,$PSSGR,GSA,A,3,302,303,305,308,313,315,316,325,,,,,0.6,0.4,0.5,3,1*43,1763493848868
NMEA,$GNGSA,A,3,19,20,32,36,37,,,,,,,,0.6,0.4,0.5,4*39,1763493848868
NMEA,$PSSGR,GSA,A,3,219,220,232,236,237,,,,,,,,0.6,0.4,0.5,4,5*72,1763493848868
NMEA,$GNVTG,140.3,T,127.5,M,2.4,N,4.4,K,E*38,1763493848868
NMEA,$GNDTM,W84,,0000.000000,N,00000.000000,E,0.000,W84*41,1763493848868
NMEA,$GNRMC,192409.00,A,3725.872500,N,12209.281530,W,2.4,140.3,181125,12.8,E,E,V*7B,1763493848868
NMEA,$GNGNS,192409.00,3725.872500,N,12209.281530,W,EEEEEE,27,0.4,21.7,-32.6,,,V*26,1763493848868
NMEA,$GNGGA,192409.00,3725.872500,N,12209.281530,W,6,12,0.4,21.7,M,-32.6,M,,*77,1763493848868
NMEA,$PSMSG,magcal=PASS,bluesky=0*00,1763493848875
NMEA,$GPGSV,4,1,13,03,20,173,44,04,55,098,43,06,04,258,37,07,52,278,41,1*64,1763493849857
NMEA,$GPGSV,4,2,13,08,16,127,34,09,75,352,42,11,04,296,42,16,36,051,41,1*69,1763493849857
NMEA,$GPGSV,4,3,13,20,13,320,44,21,13,321,40,26,03,041,28,27,18,096,37,1*6A,1763493849857
NMEA,$GPGSV,4,4,13,30,24,263,43,1*53,1763493849857
NMEA,$GPGSV,3,1,10,03,20,173,35,04,55,098,34,06,04,258,28,08,16,127,24,8*64,1763493849857
NMEA,$GPGSV,3,2,10,09,75,352,36,11,04,296,31,21,13,321,30,26,03,041,22,8*6C,1763493849857
NMEA,$GPGSV,3,3,10,27,18,096,34,30,24,263,31,8*68,1763493849857
NMEA,$GLGSV,1,1,04,12,61,225,42,11,55,029,42,01,78,094,43,08,24,134,46,1*78,1763493849857
NMEA,$GAGSV,3,1,10,02,48,173,47,03,68,069,40,05,20,107,40,08,47,314,38,7*7D,1763493849857
NMEA,$GAGSV,3,2,10,13,13,278,39,15,07,229,36,16,35,051,40,25,55,074,42,7*78,1763493849857
NMEA,$GAGSV,3,3,10,26,03,325,34,30,04,202,30,7*72,1763493849857
NMEA,$GAGSV,2,1,08,02,48,173,34,03,68,069,33,05,20,107,31,08,47,314,35,1*78,1763493849857
NMEA,$GAGSV,2,2,08,13,13,278,31,15,07,229,27,16,35,051,34,25,55,074,29,1*70,1763493849857
NMEA,$GQGSV,1,1,01,03,02,297,25,1*5E,1763493849857
NMEA,$GQGSV,1,1,01,03,02,297,24,8*56,1763493849857
NMEA,$GBGSV,2,1,06,37,50,047,43,36,16,231,42,32,16,143,44,22,02,319,35,1*7D,1763493849857
NMEA,$GBGSV,2,2,06,20,73,158,48,19,53,313,44,1*79,1763493849857
NMEA,$GBGSV,2,1,05,19,53,313,44,20,73,158,47,32,16,143,41,36,16,231,40,3*77,1763493849857
NMEA,$GBGSV,2,2,05,37,50,047,43,3*44,1763493849857
NMEA,$GBGSV,2,1,07,19,53,313,37,20,73,158,38,22,02,319,29,23,02,049,23,5*71,1763493849857
NMEA,$GBGSV,2,2,07,32,16,143,27,36,16,231,31,37,50,047,36,5*47,1763493849857
NMEA,$GNGSA,A,3,03,04,07,08,09,16,20,21,27,30,,,0.6,0.4,0.5,1*37,1763493849871
NMEA,$PSSGR,GSA,A,3,03,04,08,09,21,27,30,,,,,,0.6,0.4,0.5,1,8*41,1763493849871
NMEA,$GNGSA,A,3,65,72,75,76,,,,,,,,,0.6,0.4,0.5,2*30,1763493849871
NMEA,$GNGSA,A,3,02,03,05,08,13,15,16,25,,,,,0.6,0.4,0.5,3*3E,1763493849871
NMEA,$PSSGR,GSA,A,3,302,303,305,308,313,315,316,325,,,,,0.6,0.4,0.5,3,1*43,1763493849871
NMEA,$GNGSA,A,3,19,20,32,36,37,,,,,,,,0.6,0.4,0.5,4*39,1763493849871
NMEA,$PSSGR,GSA,A,3,219,220,232,236,237,,,,,,,,0.6,0.4,0.5,4,5*72,1763493849871
NMEA,$GNVTG,141.6,T,128.8,M,2.5,N,4.6,K,E*3D,1763493849871
NMEA,$GNDTM,W84,,0000.000000,N,00000.000000,E,0.000,W84*41,1763493849871
NMEA,$GNRMC,192410.00,A,3725.871961,N,12209.281035,W,2.5,141.6,181125,12.8,E,E,V*7E,1763493849871
NMEA,$GNGNS,192410.00,3725.871961,N,12209.281035,W,EEEEEE,27,0.4,21.7,-32.6,,,V*26,1763493849871
NMEA,$GNGGA,192410.00,3725.871961,N,12209.281035,W,6,12,0.4,21.7,M,-32.6,M,,*77,1763493849871
NMEA,$PSMSG,magcal=PASS,bluesky=0*00,1763493849874
NMEA,$GPGSV,4,1,13,03,20,173,45,04,55,098,43,06,04,258,39,07,52,278,41,1*6B,1763493850856
NMEA,$GPGSV,4,2,13,08,16,127,37,09,75,352,41,11,04,296,43,16,36,051,40,1*69,1763493850856
NMEA,$GPGSV,4,3,13,20,13,320,41,21,13,321,41,26,03,041,28,27,18,096,40,1*6E,1763493850856
NMEA,$GPGSV,4,4,13,30,24,263,43,1*53,1763493850856
NMEA,$GPGSV,3,1,10,03,20,173,34,04,55,098,34,06,04,258,29,08,16,127,29,8*69,1763493850856
NMEA,$GPGSV,3,2,10,09,75,352,36,11,04,296,31,21,13,321,28,26,03,041,24,8*63,1763493850856
NMEA,$GPGSV,3,3,10,27,18,096,35,30,24,263,33,8*6B,1763493850856
NMEA,$GLGSV,1,1,04,12,61,225,41,11,55,029,42,01,78,094,42,08,24,134,48,1*74,1763493850856
NMEA,$GAGSV,3,1,10,02,48,173,45,03,68,069,39,05,20,107,42,08,47,314,38,7*73,1763493850856
NMEA,$GAGSV,3,2,10,13,13,278,41,15,07,229,36,16,35,051,39,25,55,074,45,7*7E,1763493850856
NMEA,$GAGSV,3,3,10,26,03,325,30,30,04,202,28,7*7F,1763493850856
NMEA,$GAGSV,2,1,08,02,48,173,38,03,68,069,34,05,20,107,29,08,47,314,35,1*7A,1763493850856
NMEA,$GAGSV,2,2,08,13,13,278,31,15,07,229,22,16,35,051,34,25,55,074,29,1*75,1763493850856
NMEA,$GQGSV,1,1,01,03,02,297,26,1*5D,1763493850856
NMEA,$GQGSV,1,1,01,03,02,297,24,8*56,1763493850856
NMEA,$GBGSV,2,1,06,37,50,047,42,36,16,231,41,32,16,143,43,22,02,319,35,1*78,1763493850856
NMEA,$GBGSV,2,2,06,20,73,158,47,19,53,313,43,1*71,1763493850856
NMEA,$GBGSV,2,1,05,19,53,313,43,20,73,158,47,32,16,143,42,36,16,231,40,3*73,1763493850856
NMEA,$GBGSV,2,2,05,37,50,047,42,3*45,1763493850856
NMEA,$GBGSV,2,1,07,19,53,313,37,20,73,158,37,22,02,319,32,23,02,049,25,5*72,1763493850856
NMEA,$GBGSV,2,2,07,32,16,143,28,36,16,231,28,37,50,047,34,5*42,1763493850856
NMEA,$GNGSA,A,3,03,04,07,08,09,16,20,21,27,30,,,0.6,0.4,0.5,1*37,1763493850867
NMEA,$PSSGR,GSA,A,3,03,04,08,09,21,27,30,,,,,,0.6,0.4,0.5,1,8*41,1763493850867
NMEA,$GNGSA,A,3,65,72,75,76,,,,,,,,,0.6,0.4,0.5,2*30,1763493850867
NMEA,$GNGSA,A,3,02,03,05,08,13,15,16,25,,,,,0.6,0.4,0.5,3*3E,1763493850867
NMEA,$PSSGR,GSA,A,3,302,303,305,308,313,315,316,325,,,,,0.6,0.4,0.5,3,1*43,1763493850867
NMEA,$GNGSA,A,3,19,20,32,36,37,,,,,,,,0.6,0.4,0.5,4*39,1763493850867
NMEA,$PSSGR,GSA,A,3,219,220,232,236,237,,,,,,,,0.6,0.4,0.5,4,5*72,1763493850867
NMEA,$GNVTG,138.6,T,125.8,M,2.4,N,4.5,K,E*3C,1763493850867
NMEA,$GNDTM,W84,,0000.000000,N,00000.000000,E,0.000,W84*41,1763493850867
NMEA,$GNRMC,192411.00,A,3725.871419,N,12209.280477,W,2.4,138.6,181125,12.8,E,E,V*71,1763493850867
NMEA,$GNGNS,192411.00,3725.871419,N,12209.280477,W,EEEEEE,27,0.4,21.8,-32.6,,,V*29,1763493850867
NMEA,$GNGGA,192411.00,3725.871419,N,12209.280477,W,6,12,0.4,21.8,M,-32.6,M,,*78,1763493850867
NMEA,$PSMSG,magcal=PASS,bluesky=0*00,1763493850871
NMEA,$GPGSV,4,1,13,03,20,173,42,04,55,098,46,06,04,258,38,07,52,278,41,1*68,1763493851857
NMEA,$GPGSV,4,2,13,08,16,127,39,09,75,352,42,11,04,296,41,16,36,051,42,1*64,1763493851857
NMEA,$GPGSV,4,3,13,20,13,320,41,21,13,321,41,26,03,041,26,27,18,096,40,1*60,1763493851857
NMEA,$GPGSV,4,4,13,30,24,263,43,1*53,1763493851857
NMEA,$GPGSV,3,1,10,03,20,173,37,04,55,098,30,06,04,258,29,08,16,127,29,8*6E,1763493851857
NMEA,$GPGSV,3,2,10,09,75,352,37,11,04,296,29,21,13,321,32,26,03,041,24,8*60,1763493851857
NMEA,$GPGSV,3,3,10,27,18,096,34,30,24,263,34,8*6D,1763493851857
NMEA,$GLGSV,1,1,04,12,61,225,42,11,55,029,42,01,78,094,39,08,24,134,46,1*75,1763493851857
NMEA,$GAGSV,3,1,10,02,48,173,42,03,68,069,40,05,20,107,40,08,47,314,37,7*77,1763493851857
NMEA,$GAGSV,3,2,10,13,13,278,43,15,07,229,35,16,35,051,40,25,55,074,45,7*71,1763493851857
NMEA,$GAGSV,3,3,10,26,03,325,31,30,04,202,28,7*7E,1763493851857
NMEA,$GAGSV,2,1,08,02,48,173,36,03,68,069,35,05,20,107,33,08,47,314,35,1*7E,1763493851857
NMEA,$GAGSV,2,2,08,13,13,278,30,15,07,229,22,16,35,051,34,25,55,074,29,1*74,1763493851857
NMEA,$GQGSV,1,1,01,03,02,297,29,1*52,1763493851857
NMEA,$GQGSV,1,1,01,03,02,297,24,8*56,1763493851857
NMEA,$GBGSV,2,1,06,37,50,047,42,36,16,231,42,32,16,143,45,22,02,319,38,1*70,1763493851857
NMEA,$GBGSV,2,2,06,20,73,158,46,19,53,313,41,1*72,1763493851857
NMEA,$GBGSV,2,1,05,19,53,313,43,20,73,158,46,32,16,143,43,36,16,231,40,3*73,1763493851857
NMEA,$GBGSV,2,2,05,37,50,047,42,3*45,1763493851857
NMEA,$GBGSV,2,1,07,19,53,313,36,20,73,158,37,22,02,319,32,23,02,049,21,5*77,1763493851857
NMEA,$GBGSV,2,2,07,32,16,143,23,36,16,231,30,37,50,047,32,5*46,1763493851857
NMEA,$GNGSA,A,3,03,04,07,08,09,16,20,21,27,30,,,0.6,0.4,0.5,1*37,1763493851871
NMEA,$PSSGR,GSA,A,3,03,04,08,09,21,27,30,,,,,,0.6,0.4,0.5,1,8*41,1763493851871
NMEA,$GNGSA,A,3,65,72,75,76,,,,,,,,,0.6,0.4,0.5,2*30,1763493851871
NMEA,$GNGSA,A,3,02,03,05,08,13,15,16,25,,,,,0.6,0.4,0.5,3*3E,1763493851871
NMEA,$PSSGR,GSA,A,3,302,303,305,308,313,315,316,325,,,,,0.6,0.4,0.5,3,1*43,1763493851871
NMEA,$GNGSA,A,3,19,20,32,36,37,,,,,,,,0.6,0.4,0.5,4*39,1763493851871
NMEA,$PSSGR,GSA,A,3,219,220,232,236,237,,,,,,,,0.6,0.4,0.5,4,5*72,1763493851871
NMEA,$GNVTG,135.2,T,122.4,M,2.4,N,4.5,K,E*3E,1763493851871
NMEA,$GNDTM,W84,,0000.000000,N,00000.000000,E,0.000,W84*41,1763493851871
NMEA,$GNRMC,192412.00,A,3725.870914,N,12209.279881,W,2.4,135.2,181125,12.8,E,E,V*79,1763493851871
NMEA,$GNGNS,192412.00,3725.870914,N,12209.279881,W,EEEEEE,27,0.4,21.9,-32.6,,,V*29,1763493851871
NMEA,$GNGGA,192412.00,3725.870914,N,12209.279881,W,6,12,0.4,21.9,M,-32.6,M,,*78,1763493851871
NMEA,$PSMSG,magcal=PASS,bluesky=0*00,1763493851881
NMEA,$GPGSV,4,1,13,03,20,173,44,04,55,098,46,06,04,258,38,07,52,278,40,1*6F,1763493852858
NMEA,$GPGSV,4,2,13,08,16,127,37,09,75,352,40,11,04,296,41,16,36,051,41,1*6B,1763493852858
NMEA,$GPGSV,4,3,13,20,13,320,41,21,13,321,41,26,03,041,30,27,18,096,39,1*69,1763493852858
NMEA,$GPGSV,4,4,13,30,24,263,41,1*51,1763493852858
NMEA,$GPGSV,3,1,10,03,20,173,34,04,55,098,29,06,04,258,28,08,16,127,26,8*6B,1763493852858
NMEA,$GPGSV,3,2,10,09,75,352,35,11,04,296,34,21,13,321,31,26,03,041,27,8*6E,1763493852858
NMEA,$GPGSV,3,3,10,27,18,096,34,30,24,263,28,8*60,1763493852858
NMEA,$GLGSV,1,1,04,12,61,225,39,11,55,029,40,01,78,094,41,08,24,134,47,1*75,1763493852858
NMEA,$GAGSV,3,1,10,02,48,173,42,03,68,069,40,05,20,107,40,08,47,314,37,7*77,1763493852858
NMEA,$GAGSV,3,2,10,13,13,278,40,15,07,229,36,16,35,051,39,25,55,074,45,7*7F,1763493852858
NMEA,$GAGSV,3,3,10,26,03,325,31,30,04,202,30,7*77,1763493852858
NMEA,$GAGSV,2,1,08,02,48,173,34,03,68,069,36,05,20,107,32,08,47,314,35,1*7E,1763493852858
NMEA,$GAGSV,2,2,08,13,13,278,30,15,07,229,22,16,35,051,33,25,55,074,26,1*7C,1763493852858
NMEA,$GQGSV,1,1,01,03,02,297,28,1*53,1763493852858
NMEA,$GQGSV,1,1,01,03,02,297,21,8*53,1763493852858
NMEA,$GBGSV,2,1,06,37,50,047,43,36,16,231,42,32,16,143,45,22,02,319,38,1*71,1763493852858
NMEA,$GBGSV,2,2,06,20,73,158,47,19,53,313,44,1*76,1763493852858
NMEA,$GBGSV,2,1,05,19,53,313,44,20,73,158,47,32,16,143,42,36,16,231,40,3*74,1763493852858
NMEA,$GBGSV,2,2,05,37,50,047,42,3*45,1763493852858
NMEA,$GBGSV,2,1,07,19,53,313,35,20,73,158,37,22,02,319,32,23,02,049,23,5*76,1763493852858
NMEA,$GBGSV,2,2,07,32,16,143,23,36,16,231,27,37,50,047,33,5*41,1763493852858
NMEA,$GNGSA,A,3,03,04,07,08,09,16,20,21,27,30,,,0.6,0.4,0.5,1*37,1763493852869
NMEA,$PSSGR,GSA,A,3,03,04,08,09,21,27,30,,,,,,0.6,0.4,0.5,1,8*41,1763493852869
NMEA,$GNGSA,A,3,65,72,75,76,,,,,,,,,0.6,0.4,0.5,2*30,1763493852869
NMEA,$GNGSA,A,3,02,03,05,08,13,15,16,25,,,,,0.6,0.4,0.5,3*3E,1763493852869
NMEA,$PSSGR,GSA,A,3,302,303,305,308,313,315,316,325,,,,,0.6,0.4,0.5,3,1*43,1763493852869
NMEA,$GNGSA,A,3,19,20,32,36,37,,,,,,,,0.6,0.4,0.5,4*39,1763493852869
NMEA,$PSSGR,GSA,A,3,219,220,232,236,237,,,,,,,,0.6,0.4,0.5,4,5*72,1763493852869
NMEA,$GNVTG,135.3,T,122.5,M,2.4,N,4.5,K,E*3E,1763493852869
NMEA,$GNDTM,W84,,0000.000000,N,00000.000000,E,0.000,W84*41,1763493852869
NMEA,$GNRMC,192413.00,A,3725.870466,N,12209.279295,W,2.4,135.3,181125,12.8,E,E,V*7E,1763493852869
NMEA,$GNGNS,192413.00,3725.870466,N,12209.279295,W,EEEEEE,27,0.4,21.8,-32.6,,,V*2E,1763493852869
NMEA,$GNGGA,192413.00,3725.870466,N,12209.279295,W,6,12,0.4,21.8,M,-32.6,M,,*7F,1763493852869
NMEA,$PSMSG,magcal=PASS,bluesky=0*00,1763493852873
NMEA,$GPGSV,4,1,13,03,20,173,45,04,55,098,46,06,04,258,39,07,52,278,42,1*6D,1763493853860
NMEA,$GPGSV,4,2,13,08,16,127,40,09,75,352,44,11,04,296,45,16,36,051,42,1*68,1763493853860
NMEA,$GPGSV,4,3,13,20,13,320,42,21,13,321,41,26,03,041,29,27,18,096,40,1*6C,1763493853860
NMEA,$GPGSV,4,4,13,30,24,263,40,1*50,1763493853860
NMEA,$GPGSV,3,1,10,03,20,173,40,04,55,098,32,06,04,258,28,08,16,127,26,8*62,1763493853860
NMEA,$GPGSV,3,2,10,09,75,352,36,11,04,296,34,21,13,321,33,26,03,041,26,8*6E,1763493853860
NMEA,$GPGSV,3,3,10,27,18,096,34,30,24,263,31,8*68,1763493853860
NMEA,$GLGSV,1,1,04,12,61,225,43,11,55,029,42,01,78,094,39,08,24,134,46,1*74,1763493853860
NMEA,$GAGSV,3,1,10,02,48,173,41,03,68,069,42,05,20,107,38,08,47,314,40,7*79,1763493853860
NMEA,$GAGSV,3,2,10,13,13,278,41,15,07,229,37,16,35,051,40,25,55,074,44,7*70,1763493853860
NMEA,$GAGSV,3,3,10,26,03,325,33,30,04,202,26,7*72,1763493853860
NMEA,$GAGSV,2,1,08,02,48,173,34,03,68,069,36,05,20,107,33,08,47,314,33,1*79,1763493853860
NMEA,$GAGSV,2,2,08,13,13,278,34,15,07,229,19,16,35,051,33,25,55,074,33,1*74,1763493853860
NMEA,$GQGSV,1,1,01,03,02,297,28,1*53,1763493853860
NMEA,$GQGSV,1,1,01,03,02,297,22,8*50,1763493853860
NMEA,$GBGSV,2,1,06,37,50,047,42,36,16,231,42,32,16,143,46,22,02,319,36,1*7D,1763493853860
NMEA,$GBGSV,2,2,06,20,73,158,45,19,53,313,42,1*72,1763493853860
NMEA,$GBGSV,2,1,05,19,53,313,42,20,73,158,45,32,16,143,44,36,16,231,41,3*77,1763493853860
NMEA,$GBGSV,2,2,05,37,50,047,42,3*45,1763493853860
NMEA,$GBGSV,2,1,07,19,53,313,36,20,73,158,37,22,02,319,31,23,02,049,28,5*7D,1763493853860
NMEA,$GBGSV,2,2,07,32,16,143,23,36,16,231,30,37,50,047,29,5*4C,1763493853860
NMEA,$GNGSA,A,3,03,04,07,08,09,16,20,21,27,30,,,0.6,0.4,0.5,1*37,1763493853876
NMEA,$PSSGR,GSA,A,3,03,04,08,09,21,27,30,,,,,,0.6,0.4,0.5,1,8*41,1763493853876
NMEA,$GNGSA,A,3,65,72,75,76,,,,,,,,,0.6,0.4,0.5,2*30,1763493853876
NMEA,$GNGSA,A,3,02,03,05,08,13,15,16,25,,,,,0.6,0.4,0.5,3*3E,1763493853876
NMEA,$PSSGR,GSA,A,3,302,303,305,308,313,315,316,325,,,,,0.6,0.4,0.5,3,1*43,1763493853876
NMEA,$GNGSA,A,3,19,20,32,36,37,,,,,,,,0.6,0.4,0.5,4*39,1763493853876
NMEA,$PSSGR,GSA,A,3,219,220,232,236,237,,,,,,,,0.6,0.4,0.5,4,5*72,1763493853876
NMEA,$GNVTG,136.2,T,123.4,M,2.6,N,4.9,K,E*32,1763493853876
NMEA,$GNDTM,W84,,0000.000000,N,00000.000000,E,0.000,W84*41,1763493853876
NMEA,$GNRMC,192414.00,A,3725.869976,N,12209.278655,W,2.6,136.2,181125,12.8,E,E,V*74,1763493853876
NMEA,$GNGNS,192414.00,3725.869976,N,12209.278655,W,EEEEEE,27,0.4,21.8,-32.6,,,V*24,1763493853876
NMEA,$GNGGA,192414.00,3725.869976,N,12209.278655,W,6,12,0.4,21.8,M,-32.6,M,,*75,1763493853876
NMEA,$PSMSG,magcal=PASS,bluesky=0*00,1763493853880
NMEA,$GPGSV,4,1,13,03,20,173,44,04,55,098,46,06,04,258,38,07,52,278,40,1*6F,1763493854860
NMEA,$GPGSV,4,2,13,08,16,127,36,09,75,352,42,11,04,296,42,16,36,051,41,1*6B,1763493854860
NMEA,$GPGSV,4,3,13,20,13,320,42,21,13,321,41,26,03,041,27,27,18,096,39,1*6C,1763493854860
NMEA,$GPGSV,4,4,13,30,24,263,42,1*52,1763493854860
NMEA,$GPGSV,3,1,10,03,20,173,41,04,55,098,31,06,04,258,24,08,16,127,24,8*6E,1763493854860
NMEA,$GPGSV,3,2,10,09,75,352,37,11,04,296,35,21,13,321,32,26,03,041,21,8*68,1763493854860
NMEA,$GPGSV,3,3,10,27,18,096,33,30,24,263,31,8*6F,1763493854860
NMEA,$GLGSV,1,1,04,12,61,225,40,11,55,029,40,01,78,094,40,08,24,134,47,1*7A,1763493854860
NMEA,$GAGSV,3,1,10,02,48,173,44,03,68,069,38,05,20,107,38,08,47,314,38,7*7E,1763493854860
NMEA,$GAGSV,3,2,10,13,13,278,40,15,07,229,37,16,35,051,39,25,55,074,44,7*7F,1763493854860
NMEA,$GAGSV,3,3,10,26,03,325,31,30,04,202,23,7*75,1763493854860
NMEA,$GAGSV,2,1,08,02,48,173,37,03,68,069,35,05,20,107,31,08,47,314,34,1*7C,1763493854860
NMEA,$GAGSV,2,2,08,13,13,278,31,15,07,229,24,16,35,051,30,25,55,074,26,1*78,1763493854860
NMEA,$GQGSV,1,1,01,03,02,297,28,1*53,1763493854860
NMEA,$GQGSV,1,1,01,03,02,297,23,8*51,1763493854860
NMEA,$GBGSV,2,1,06,37,50,047,43,36,16,231,42,32,16,143,45,22,02,319,37,1*7E,1763493854860
NMEA,$GBGSV,2,2,06,20,73,158,47,19,53,313,42,1*70,1763493854860
NMEA,$GBGSV,2,1,05,19,53,313,43,20,73,158,46,32,16,143,43,36,16,231,39,3*7D,1763493854860
NMEA,$GBGSV,2,2,05,37,50,047,42,3*45,1763493854860
NMEA,$GBGSV,2,1,07,19,53,313,35,20,73,158,39,22,02,319,30,23,02,049,27,5*7E,1763493854860
NMEA,$GBGSV,2,2,07,32,16,143,21,36,16,231,25,37,50,047,34,5*46,1763493854860
NMEA,$GNGSA,A,3,03,04,07,08,09,16,20,21,27,30,,,0.6,0.4,0.5,1*37,1763493854884
NMEA,$PSSGR,GSA,A,3,03,04,08,09,21,27,30,,,,,,0.6,0.4,0.5,1,8*41,1763493854884
NMEA,$GNGSA,A,3,65,72,75,76,,,,,,,,,0.6,0.4,0.5,2*30,1763493854884
NMEA,$GNGSA,A,3,02,03,05,08,13,15,16,25,,,,,0.6,0.4,0.5,3*3E,1763493854884
NMEA,$PSSGR,GSA,A,3,302,303,305,308,313,315,316,325,,,,,0.6,0.4,0.5,3,1*43,1763493854884
NMEA,$GNGSA,A,3,19,20,32,36,37,,,,,,,,0.6,0.4,0.5,4*39,1763493854884
NMEA,$PSSGR,GSA,A,3,219,220,232,236,237,,,,,,,,0.6,0.4,0.5,4,5*72,1763493854884
NMEA,$GNVTG,134.7,T,121.9,M,2.3,N,4.3,K,E*35,1763493854884
NMEA,$GNDTM,W84,,0000.000000,N,00000.000000,E,0.000,W84*41,1763493854884
NMEA,$GNRMC,192415.00,A,3725.869516,N,12209.278059,W,2.3,134.7,181125,12.8,E,E,V*77,1763493854884
NMEA,$GNGNS,192415.00,3725.869516,N,12209.278059,W,EEEEEE,27,0.4,21.7,-32.6,,,V*2A,1763493854884
NMEA,$GNGGA,192415.00,3725.869516,N,12209.278059,W,6,12,0.4,21.7,M,-32.6,M,,*7B,1763493854884
NMEA,$PSMSG,magcal=PASS,bluesky=0*00,1763493854889
NMEA,$GPGSV,4,1,13,03,20,173,38,04,55,098,43,06,04,258,39,07,52,278,43,1*63,1763493855860
NMEA,$GPGSV,4,2,13,08,16,127,41,09,75,352,43,11,04,296,44,16,36,051,39,1*63,1763493855860
NMEA,$GPGSV,4,3,13,20,13,320,43,21,13,321,40,26,03,041,27,27,18,096,39,1*6C,1763493855860
NMEA,$GPGSV,4,4,13,30,24,263,41,1*51,1763493855860
NMEA,$GPGSV,3,1,10,03,20,173,35,04,55,098,35,06,04,258,29,08,16,127,29,8*69,1763493855860
NMEA,$GPGSV,3,2,10,09,75,352,36,11,04,296,37,21,13,321,34,26,03,041,21,8*6D,1763493855860
NMEA,$GPGSV,3,3,10,27,18,096,33,30,24,263,30,8*6E,1763493855860
NMEA,$GLGSV,1,1,04,12,61,225,41,11,55,029,40,01,78,094,42,08,24,134,46,1*78,1763493855860
NMEA,$GAGSV,3,1,10,02,48,173,45,03,68,069,37,05,20,107,42,08,47,314,39,7*7C,1763493855860
NMEA,$GAGSV,3,2,10,13,13,278,40,15,07,229,34,16,35,051,37,25,55,074,41,7*77,1763493855860
NMEA,$GAGSV,3,3,10,26,03,325,30,30,04,202,23,7*74,1763493855860
NMEA,$GAGSV,2,1,08,02,48,173,40,03,68,069,32,05,20,107,32,08,47,314,33,1*7F,1763493855860
NMEA,$GAGSV,2,2,08,13,13,278,30,15,07,229,24,16,35,051,32,25,55,074,31,1*7D,1763493855860
NMEA,$GQGSV,1,1,01,03,02,297,23,8*51,1763493855860
NMEA,$GBGSV,2,1,06,37,50,047,44,36,16,231,42,32,16,143,45,22,02,319,35,1*7B,1763493855860
NMEA,$GBGSV,2,2,06,20,73,158,48,19,53,313,44,1*79,1763493855860
NMEA,$GBGSV,2,1,05,19,53,313,43,20,73,158,46,32,16,143,42,36,16,231,39,3*7C,1763493855860
NMEA,$GBGSV,2,2,05,37,50,047,43,3*44,1763493855860
NMEA,$GBGSV,2,1,07,19,53,313,34,20,73,158,39,22,02,319,31,23,02,049,25,5*7C,1763493855860
NMEA,$GBGSV,2,2,07,32,16,143,21,36,16,231,26,37,50,047,35,5*44,1763493855860
NMEA,$GNGSA,A,3,03,04,07,08,09,16,20,21,27,30,,,0.6,0.4,0.5,1*37,1763493855873
NMEA,$PSSGR,GSA,A,3,03,04,08,09,21,27,30,,,,,,0.6,0.4,0.5,1,8*41,1763493855873
NMEA,$GNGSA,A,3,65,72,75,76,,,,,,,,,0.6,0.4,0.5,2*30,1763493855873
NMEA,$GNGSA,A,3,02,03,05,08,13,15,16,25,,,,,0.6,0.4,0.5,3*3E,1763493855873
NMEA,$PSSGR,GSA,A,3,302,303,305,308,313,316,325,,,,,,0.6,0.4,0.5,3,1*74,1763493855873
NMEA,$GNGSA,A,3,19,20,32,36,37,,,,,,,,0.6,0.4,0.5,4*39,1763493855873
NMEA,$PSSGR,GSA,A,3,219,220,232,236,237,,,,,,,,0.6,0.4,0.5,4,5*72,1763493855873
NMEA,$GNVTG,138.6,T,125.8,M,2.4,N,4.5,K,E*3C,1763493855873
NMEA,$GNDTM,W84,,0000.000000,N,00000.000000,E,0.000,W84*41,1763493855873
NMEA,$GNRMC,192416.00,A,3725.869001,N,12209.277490,W,2.4,138.6,181125,12.8,E,E,V*73,1763493855873
NMEA,$GNGNS,192416.00,3725.869001,N,12209.277490,W,EEEEEE,27,0.4,21.7,-32.6,,,V*24,1763493855873
NMEA,$GNGGA,192416.00,3725.869001,N,12209.277490,W,6,12,0.4,21.7,M,-32.6,M,,*75,1763493855873
NMEA,$PSMSG,magcal=PASS,bluesky=0*00,1763493855882
NMEA,$GPGSV,4,1,13,03,20,173,36,04,55,098,41,06,04,258,39,07,52,278,43,1*6F,1763493856862
NMEA,$GPGSV,4,2,13,08,16,127,43,09,75,352,45,11,04,296,43,16,36,051,39,1*60,1763493856862
NMEA,$GPGSV,4,3,13,20,13,320,43,21,13,321,40,26,03,041,27,27,18,096,38,1*6D,1763493856862
NMEA,$GPGSV,4,4,13,30,24,263,43,1*53,1763493856862
NMEA,$GPGSV,3,1,10,03,20,173,38,04,55,098,37,06,04,258,30,08,16,127,28,8*6F,1763493856862
NMEA,$GPGSV,3,2,10,09,75,352,35,11,04,296,32,21,13,321,34,26,03,041,20,8*6A,1763493856862
NMEA,$GPGSV,3,3,10,27,18,096,32,30,24,263,37,8*68,1763493856862
NMEA,$GLGSV,1,1,04,12,61,225,45,11,55,029,41,01,78,094,41,08,24,134,46,1*7E,1763493856862
NMEA,$GAGSV,3,1,10,02,48,173,44,03,68,069,41,05,20,107,43,08,47,314,41,7*72,1763493856862
NMEA,$GAGSV,3,2,10,13,13,278,41,15,07,229,34,16,35,051,36,25,55,074,40,7*76,1763493856862
NMEA,$GAGSV,3,3,10,26,03,325,31,30,04,202,21,7*77,1763493856862
NMEA,$GAGSV,2,1,08,02,48,173,36,03,68,069,28,05,20,107,30,08,47,314,31,1*75,1763493856862
NMEA,$GAGSV,2,2,08,13,13,278,31,15,07,229,19,16,35,051,33,25,55,074,33,1*71,1763493856862
NMEA,$GQGSV,1,1,01,03,02,297,23,8*51,1763493856862
NMEA,$GBGSV,2,1,06,37,50,047,43,36,16,231,41,32,16,143,43,22,02,319,36,1*7A,1763493856862
NMEA,$GBGSV,2,2,06,20,73,158,46,19,53,313,45,1*76,1763493856862
NMEA,$GBGSV,2,1,05,19,53,313,42,20,73,158,42,32,16,143,42,36,16,231,38,3*78,1763493856862
NMEA,$GBGSV,2,2,05,37,50,047,42,3*45,1763493856862
NMEA,$GBGSV,2,1,07,19,53,313,31,20,73,158,38,22,02,319,30,23,02,049,26,5*7A,1763493856862
NMEA,$GBGSV,2,2,07,32,16,143,21,36,16,231,26,37,50,047,36,5*47,1763493856862
NMEA,$GNGSA,A,3,03,04,07,08,09,16,20,21,27,30,,,0.6,0.4,0.5,1*37,1763493856872
NMEA,$PSSGR,GSA,A,3,03,04,08,09,21,27,30,,,,,,0.6,0.4,0.5,1,8*41,1763493856872
NMEA,$GNGSA,A,3,65,72,75,76,,,,,,,,,0.6,0.4,0.5,2*30,1763493856872
NMEA,$GNGSA,A,3,02,03,05,08,13,15,16,25,,,,,0.6,0.4,0.5,3*3E,1763493856872
NMEA,$PSSGR,GSA,A,3,302,303,305,308,313,316,325,,,,,,0.6,0.4,0.5,3,1*74,1763493856872
NMEA,$GNGSA,A,3,19,20,32,36,37,,,,,,,,0.6,0.4,0.5,4*39,1763493856872
NMEA,$PSSGR,GSA,A,3,219,220,232,236,237,,,,,,,,0.6,0.4,0.5,4,5*72,1763493856872
NMEA,$GNVTG,140.1,T,127.3,M,2.4,N,4.4,K,E*3C,1763493856872
NMEA,$GNDTM,W84,,0000.000000,N,00000.000000,E,0.000,W84*41,1763493856872
NMEA,$GNRMC,192417.00,A,3725.868488,N,12209.276960,W,2.4,140.1,181125,12.8,E,E,V*7D,1763493856872
NMEA,$GNGNS,192417.00,3725.868488,N,12209.276960,W,EEEEEE,27,0.4,21.7,-32.6,,,V*22,1763493856872
NMEA,$GNGGA,192417.00,3725.868488,N,12209.276960,W,6,12,0.4,21.7,M,-32.6,M,,*73,1763493856872
NMEA,$PSMSG,magcal=PASS,bluesky=0*00,1763493856875
NMEA,$GPGSV,4,1,13,03,20,173,44,04,55,098,44,06,04,258,38,07,52,278,43,1*6E,1763493857859
NMEA,$GPGSV,4,2,13,08,16,127,41,09,75,352,43,11,04,296,43,16,36,051,41,1*6B,1763493857859
NMEA,$GPGSV,4,3,13,20,13,320,44,21,13,321,42,26,03,041,25,27,18,096,36,1*64,1763493857859
NMEA,$GPGSV,4,4,13,30,24,263,41,1*51,1763493857859
NMEA,$GPGSV,3,1,10,03,20,173,40,04,55,098,33,06,04,258,28,08,16,127,30,8*64,1763493857859
NMEA,$GPGSV,3,2,10,09,75,352,37,11,04,296,31,21,13,321,34,26,03,041,20,8*6B,1763493857859
NMEA,$GPGSV,3,3,10,27,18,096,34,30,24,263,34,8*6D,1763493857859
NMEA,$GLGSV,1,1,04,12,61,225,43,11,55,029,40,01,78,094,41,08,24,134,46,1*79,1763493857859
NMEA,$GAGSV,3,1,10,02,48,173,45,03,68,069,41,05,20,107,39,08,47,314,39,7*71,1763493857859
NMEA,$GAGSV,3,2,10,13,13,278,40,15,07,229,31,16,35,051,39,25,55,074,41,7*7C,1763493857859
NMEA,$GAGSV,3,3,10,26,03,325,31,30,04,202,22,7*74,1763493857859
NMEA,$GAGSV,2,1,08,02,48,173,35,03,68,069,35,05,20,107,33,08,47,314,33,1*7B,1763493857859
NMEA,$GAGSV,2,2,08,13,13,278,32,15,07,229,21,16,35,051,32,25,55,074,29,1*73,1763493857859
NMEA,$GQGSV,1,1,01,03,02,297,28,1*53,1763493857859
NMEA,$GQGSV,1,1,01,03,02,297,20,8*52,1763493857859
NMEA,$GBGSV,2,1,06,37,50,047,43,36,16,231,42,32,16,143,44,22,02,319,37,1*7F,1763493857859
NMEA,$GBGSV,2,2,06,20,73,158,48,19,53,313,44,1*79,1763493857859
NMEA,$GBGSV,2,1,05,19,53,313,43,20,73,158,46,32,16,143,41,36,16,231,39,3*7F,1763493857859
NMEA,$GBGSV,2,2,05,37,50,047,42,3*45,1763493857859
NMEA,$GBGSV,2,1,07,19,53,313,34,20,73,158,37,22,02,319,30,23,02,049,29,5*7F,1763493857859
NMEA,$GBGSV,2,2,07,32,16,143,27,36,16,231,30,37,50,047,34,5*44,1763493857859
NMEA,$GNGSA,A,3,03,04,07,08,09,16,20,21,27,30,,,0.6,0.4,0.5,1*37,1763493857873
NMEA,$PSSGR,GSA,A,3,03,04,08,09,21,27,30,,,,,,0.6,0.4,0.5,1,8*41,1763493857873
NMEA,$GNGSA,A,3,65,72,75,76,,,,,,,,,0.6,0.4,0.5,2*30,1763493857873
NMEA,$GNGSA,A,3,02,03,05,08,13,15,16,25,,,,,0.6,0.4,0.5,3*3E,1763493857873
NMEA,$PSSGR,GSA,A,3,302,303,305,308,313,316,325,,,,,,0.6,0.4,0.5,3,1*74,1763493857873
NMEA,$GNGSA,A,3,19,20,32,36,37,,,,,,,,0.6,0.4,0.5,4*39,1763493857873
NMEA,$PSSGR,GSA,A,3,219,220,232,236,237,,,,,,,,0.6,0.4,0.5,4,5*72,1763493857873
NMEA,$GNVTG,137.1,T,124.3,M,2.6,N,4.8,K,E*31,1763493857873
NMEA,$GNDTM,W84,,0000.000000,N,00000.000000,E,0.000,W84*41,1763493857873
NMEA,$GNRMC,192418.00,A,3725.867951,N,12209.276391,W,2.6,137.1,181125,12.8,E,E,V*72,1763493857873
NMEA,$GNGNS,192418.00,3725.867951,N,12209.276391,W,EEEEEE,27,0.4,21.4,-32.6,,,V*2C,1763493857873
NMEA,$GNGGA,192418.00,3725.867951,N,12209.276391,W,6,12,0.4,21.4,M,-32.6,M,,*7D,1763493857873
NMEA,$PSMSG,magcal=PASS,bluesky=0*00,1763493857877
NMEA,$GPGSV,4,1,13,03,20,173,44,04,55,098,44,06,04,258,38,07,52,278,41,1*6C,1763493858860
NMEA,$GPGSV,4,2,13,08,16,127,41,09,75,352,42,11,04,296,45,16,36,051,41,1*6C,1763493858860
NMEA,$GPGSV,4,3,13,20,13,320,44,21,13,321,42,26,03,041,25,27,18,096,37,1*65,1763493858860
NMEA,$GPGSV,4,4,13,30,24,263,41,1*51,1763493858860
NMEA,$GPGSV,3,1,10,03,20,173,34,04,55,098,31,06,04,258,29,08,16,127,29,8*6C,1763493858860
NMEA,$GPGSV,3,2,10,09,75,352,37,11,04,296,34,21,13,321,29,26,03,041,21,8*63,1763493858860
NMEA,$GPGSV,3,3,10,27,18,096,34,30,24,263,29,8*61,1763493858860
NMEA,$GLGSV,1,1,04,12,61,225,43,11,55,029,41,01,78,094,39,08,24,134,43,1*72,1763493858860
NMEA,$GAGSV,3,1,10,02,48,173,44,03,68,069,42,05,20,107,39,08,47,314,39,7*73,1763493858860
NMEA,$GAGSV,3,2,10,13,13,278,41,15,07,229,29,16,35,051,39,25,55,074,41,7*74,1763493858860
NMEA,$GAGSV,3,3,10,26,03,325,31,30,04,202,25,7*73,1763493858860
NMEA,$GAGSV,2,1,08,02,48,173,34,03,68,069,37,05,20,107,32,08,47,314,34,1*7E,1763493858860
NMEA,$GAGSV,2,2,08,13,13,278,31,15,07,229,21,16,35,051,31,25,55,074,32,1*79,1763493858860
NMEA,$GQGSV,1,1,01,03,02,297,21,8*53,1763493858860
NMEA,$GBGSV,2,1,06,37,50,047,43,36,16,231,42,32,16,143,44,22,02,319,38,1*70,1763493858860
NMEA,$GBGSV,2,2,06,20,73,158,46,19,53,313,44,1*77,1763493858860
NMEA,$GBGSV,2,1,05,19,53,313,44,20,73,158,46,32,16,143,43,36,16,231,40,3*74,1763493858860
NMEA,$GBGSV,2,2,05,37,50,047,42,3*45,1763493858860
NMEA,$GBGSV,2,1,07,19,53,313,36,20,73,158,35,22,02,319,32,23,02,049,30,5*75,1763493858860
NMEA,$GBGSV,2,2,07,32,16,143,28,36,16,231,29,37,50,047,32,5*45,1763493858860
NMEA,$GNGSA,A,3,03,04,07,08,09,16,20,21,27,30,,,0.6,0.4,0.5,1*37,1763493858884
NMEA,$PSSGR,GSA,A,3,03,04,08,09,21,27,30,,,,,,0.6,0.4,0.5,1,8*41,1763493858884
NMEA,$GNGSA,A,3,65,72,75,76,,,,,,,,,0.6,0.4,0.5,2*30,1763493858884
NMEA,$GNGSA,A,3,02,03,05,08,13,15,16,25,,,,,0.6,0.4,0.5,3*3E,1763493858884
NMEA,$PSSGR,GSA,A,3,302,303,305,308,313,316,325,,,,,,0.6,0.4,0.5,3,1*74,1763493858884
NMEA,$GNGSA,A,3,19,20,32,36,37,,,,,,,,0.6,0.4,0.5,4*39,1763493858884
NMEA,$PSSGR,GSA,A,3,219,220,232,236,237,,,,,,,,0.6,0.4,0.5,4,5*72,1763493858884
NMEA,$GNVTG,135.9,T,123.1,M,2.5,N,4.7,K,E*32,1763493858884
NMEA,$GNDTM,W84,,0000.000000,N,00000.000000,E,0.000,W84*41,1763493858884
NMEA,$GNRMC,192419.00,A,3725.867431,N,12209.275728,W,2.5,135.9,181125,12.8,E,E,V*74,1763493858884
NMEA,$GNGNS,192419.00,3725.867431,N,12209.275728,W,EEEEEE,27,0.4,21.1,-32.6,,,V*26,1763493858884
NMEA,$GNGGA,192419.00,3725.867431,N,12209.275728,W,6,12,0.4,21.1,M,-32.6,M,,*77,1763493858884
NMEA,$PSMSG,magcal=PASS,bluesky=0*00,1763493858887
NMEA,$GPGSV,4,1,13,03,20,173,44,04,55,098,39,06,04,258,39,07,52,278,43,1*65,1763493859857
NMEA,$GPGSV,4,2,13,08,16,127,42,09,75,352,42,11,04,296,45,16,36,051,40,1*6E,1763493859857
NMEA,$GPGSV,4,3,13,20,13,320,44,21,13,321,41,26,03,041,26,27,18,096,40,1*65,1763493859857
NMEA,$GPGSV,4,4,13,30,24,263,44,1*54,1763493859857
NMEA,$GPGSV,3,1,10,03,20,173,29,04,55,098,30,06,04,258,29,08,16,127,27,8*6F,1763493859857
NMEA,$GPGSV,3,2,10,09,75,352,38,11,04,296,30,21,13,321,27,26,03,041,21,8*66,1763493859857
NMEA,$GPGSV,3,3,10,27,18,096,34,30,24,263,33,8*6A,1763493859857
NMEA,$GLGSV,1,1,04,12,61,225,40,11,55,029,41,01,78,094,40,08,24,134,44,1*78,1763493859857
NMEA,$GAGSV,3,1,10,02,48,173,44,03,68,069,40,05,20,107,39,08,47,314,38,7*70,1763493859857
NMEA,$GAGSV,3,2,10,13,13,278,42,15,07,229,28,16,35,051,39,25,55,074,38,7*78,1763493859857
NMEA,$GAGSV,3,3,10,26,03,325,29,30,04,202,24,7*7B,1763493859857
NMEA,$GAGSV,2,1,08,02,48,173,34,03,68,069,35,05,20,107,32,08,47,314,34,1*7C,1763493859857
NMEA,$GAGSV,2,2,08,13,13,278,32,15,07,229,21,16,35,051,32,25,55,074,29,1*73,1763493859857
NMEA,$GQGSV,1,1,01,03,02,297,22,8*50,1763493859857
NMEA,$GBGSV,2,1,06,37,50,047,43,36,16,231,43,32,16,143,43,22,02,319,38,1*76,1763493859857
NMEA,$GBGSV,2,2,06,20,73,158,46,19,53,313,45,1*76,1763493859857
NMEA,$GBGSV,2,1,05,19,53,313,45,20,73,158,45,32,16,143,42,36,16,231,41,3*76,1763493859857
NMEA,$GBGSV,2,2,05,37,50,047,42,3*45,1763493859857
NMEA,$GBGSV,2,1,07,19,53,313,36,20,73,158,38,22,02,319,31,23,02,049,26,5*7C,1763493859857
NMEA,$GBGSV,2,2,07,32,16,143,31,36,16,231,32,37,50,047,35,5*40,1763493859857
NMEA,$GNGSA,A,3,03,04,07,08,09,16,20,21,27,30,,,0.6,0.4,0.5,1*37,1763493859876
NMEA,$PSSGR,GSA,A,3,03,04,08,09,21,27,30,,,,,,0.6,0.4,0.5,1,8*41,1763493859876
NMEA,$GNGSA,A,3,65,72,75,76,,,,,,,,,0.6,0.4,0.5,2*30,1763493859876
NMEA,$GNGSA,A,3,02,03,05,08,13,15,16,25,,,,,0.6,0.4,0.5,3*3E,1763493859876
NMEA,$PSSGR,GSA,A,3,302,303,305,308,313,316,325,,,,,,0.6,0.4,0.5,3,1*74,1763493859876
NMEA,$GNGSA,A,3,19,20,32,36,37,,,,,,,,0.6,0.4,0.5,4*39,1763493859876
NMEA,$PSSGR,GSA,A,3,219,220,232,236,237,,,,,,,,0.6,0.4,0.5,4,5*72,1763493859876
NMEA,$GNVTG,135.1,T,122.3,M,2.2,N,4.1,K,E*38,1763493859876
NMEA,$GNDTM,W84,,0000.000000,N,00000.000000,E,0.000,W84*41,1763493859876
NMEA,$GNRMC,192420.00,A,3725.866957,N,12209.275192,W,2.2,135.1,181125,12.8,E,E,V*7A,1763493859876
NMEA,$GNGNS,192420.00,3725.866957,N,12209.275192,W,EEEEEE,27,0.4,21.1,-32.6,,,V*27,1763493859876
NMEA,$GNGGA,192420.00,3725.866957,N,12209.275192,W,6,12,0.4,21.1,M,-32.6,M,,*76,1763493859876
NMEA,$PSMSG,magcal=PASS,bluesky=0*00,1763493859882
NMEA,$GPGSV,4,1,13,03,20,173,42,04,55,098,42,06,04,258,41,07,52,278,44,1*67,1763493860857
NMEA,$GPGSV,4,2,13,08,16,127,45,09,75,352,44,11,04,296,45,16,36,051,39,1*61,1763493860857
NMEA,$GPGSV,4,3,13,20,13,320,44,21,13,321,40,26,03,041,26,27,18,096,40,1*64,1763493860857
NMEA,$GPGSV,4,4,13,30,24,263,45,1*55,1763493860857
NMEA,$GPGSV,3,1,10,03,20,173,26,04,55,098,36,06,04,258,25,08,16,127,28,8*65,1763493860857
NMEA,$GPGSV,3,2,10,09,75,352,37,11,04,296,29,21,13,321,27,26,03,041,21,8*61,1763493860857
NMEA,$GPGSV,3,3,10,27,18,096,32,30,24,263,31,8*6E,1763493860857
NMEA,$GLGSV,1,1,04,12,61,225,42,11,55,029,41,01,78,094,39,08,24,134,45,1*75,1763493860857
NMEA,$GAGSV,3,1,10,02,48,173,41,03,68,069,41,05,20,107,41,08,47,314,40,7*74,1763493860857
NMEA,$GAGSV,3,2,10,13,13,278,41,15,07,229,24,16,35,051,37,25,55,074,38,7*79,1763493860857
NMEA,$GAGSV,3,3,10,26,03,325,28,30,04,202,24,7*7A,1763493860857
NMEA,$GAGSV,2,1,08,02,48,173,33,03,68,069,30,05,20,107,28,08,47,314,32,1*73,1763493860857
NMEA,$GAGSV,2,2,08,13,13,278,29,15,07,229,18,16,35,051,33,25,55,074,30,1*7A,1763493860857
NMEA,$GQGSV,1,1,01,03,02,297,28,1*53,1763493860857
NMEA,$GQGSV,1,1,01,03,02,297,22,8*50,1763493860857
NMEA,$GBGSV,2,1,06,37,50,047,43,36,16,231,41,32,16,143,43,22,02,319,36,1*7A,1763493860857
NMEA,$GBGSV,2,2,06,20,73,158,44,19,53,313,46,1*77,1763493860857
NMEA,$GBGSV,2,1,05,19,53,313,43,20,73,158,40,32,16,143,42,36,16,231,37,3*74,1763493860857
NMEA,$GBGSV,2,2,05,37,50,047,41,3*46,1763493860857
NMEA,$GBGSV,2,1,07,19,53,313,33,20,73,158,39,22,02,319,31,23,02,049,25,5*7B,1763493860857
NMEA,$GBGSV,2,2,07,32,16,143,28,36,16,231,34,37,50,047,36,5*4D,1763493860857
NMEA,$GNGSA,A,3,03,04,07,08,09,16,20,21,27,30,,,0.6,0.4,0.5,1*37,1763493860875
NMEA,$PSSGR,GSA,A,3,03,04,08,09,21,27,30,,,,,,0.6,0.4,0.5,1,8*41,1763493860875
NMEA,$GNGSA,A,3,65,72,75,76,,,,,,,,,0.6,0.4,0.5,2*30,1763493860875
NMEA,$GNGSA,A,3,02,03,05,08,13,15,16,25,,,,,0.6,0.4,0.5,3*3E,1763493860875
NMEA,$PSSGR,GSA,A,3,302,303,305,308,313,316,325,,,,,,0.6,0.4,0.5,3,1*74,1763493860875
NMEA,$GNGSA,A,3,19,20,32,36,37,,,,,,,,0.6,0.4,0.5,4*39,1763493860875
NMEA,$PSSGR,GSA,A,3,219,220,232,236,237,,,,,,,,0.6,0.4,0.5,4,5*72,1763493860875
NMEA,$GNVTG,137.7,T,124.9,M,2.2,N,4.0,K,E*31,1763493860875
NMEA,$GNDTM,W84,,0000.000000,N,00000.000000,E,0.000,W84*41,1763493860875
NMEA,$GNRMC,192421.00,A,3725.866479,N,12209.274732,W,2.2,137.7,181125,12.8,E,E,V*73,1763493860875
NMEA,$GNGNS,192421.00,3725.866479,N,12209.274732,W,EEEEEE,27,0.4,21.1,-32.6,,,V*2A,1763493860875
NMEA,$GNGGA,192421.00,3725.866479,N,12209.274732,W,6,12,0.4,21.1,M,-32.6,M,,*7B,1763493860875
NMEA,$PSMSG,magcal=PASS,bluesky=0*00,1763493860882
NMEA,$GPGSV,4,1,13,03,20,173,42,04,55,098,41,06,04,258,41,07,52,278,43,1*63,1763493861865
NMEA,$GPGSV,4,2,13,08,16,127,46,09,75,352,44,11,04,296,45,16,36,051,39,1*62,1763493861865
NMEA,$GPGSV,4,3,13,20,13,320,44,21,13,321,41,26,03,041,26,27,18,096,42,1*67,1763493861865
NMEA,$GPGSV,4,4,13,30,24,263,44,1*54,1763493861865
NMEA,$GPGSV,3,1,10,03,20,173,26,04,55,098,35,06,04,258,22,08,16,127,27,8*6E,1763493861865
NMEA,$GPGSV,3,2,10,09,75,352,38,11,04,296,29,21,13,321,31,26,03,041,24,8*6C,1763493861865
NMEA,$GPGSV,3,3,10,27,18,096,34,30,24,263,30,8*69,1763493861865
NMEA,$GLGSV,1,1,04,12,61,225,44,11,55,029,41,01,78,094,41,08,24,134,45,1*7C,1763493861865
NMEA,$GAGSV,3,1,10,02,48,173,44,03,68,069,41,05,20,107,41,08,47,314,40,7*71,1763493861865
NMEA,$GAGSV,3,2,10,13,13,278,41,15,07,229,25,16,35,051,36,25,55,074,39,7*78,1763493861865
NMEA,$GAGSV,3,3,10,26,03,325,31,30,04,202,28,7*7E,1763493861865
NMEA,$GAGSV,2,1,08,02,48,173,32,03,68,069,29,05,20,107,28,08,47,314,35,1*7D,1763493861865
NMEA,$GAGSV,2,2,08,13,13,278,30,15,07,229,18,16,35,051,33,25,55,074,28,1*7B,1763493861865
NMEA,$GQGSV,1,1,01,03,02,297,27,1*5C,1763493861865
NMEA,$GQGSV,1,1,01,03,02,297,22,8*50,1763493861865
NMEA,$GBGSV,2,1,06,37,50,047,44,36,16,231,39,32,16,143,45,22,02,319,36,1*74,1763493861865
NMEA,$GBGSV,2,2,06,20,73,158,46,19,53,313,45,1*76,1763493861865
NMEA,$GBGSV,2,1,05,19,53,313,42,20,73,158,44,32,16,143,41,36,16,231,37,3*72,1763493861865
NMEA,$GBGSV,2,2,05,37,50,047,42,3*45,1763493861865
NMEA,$GBGSV,2,1,07,19,53,313,36,20,73,158,37,22,02,319,29,23,02,049,26,5*7A,1763493861865
NMEA,$GBGSV,2,2,07,32,16,143,27,36,16,231,34,37,50,047,36,5*42,1763493861865
NMEA,$GNGSA,A,3,03,04,07,08,09,16,20,21,27,30,,,0.6,0.4,0.5,1*37,1763493861875
NMEA,$PSSGR,GSA,A,3,03,04,08,09,21,27,30,,,,,,0.6,0.4,0.5,1,8*41,1763493861875
NMEA,$GNGSA,A,3,65,72,75,76,,,,,,,,,0.6,0.4,0.5,2*30,1763493861875
NMEA,$GNGSA,A,3,02,03,05,08,13,15,16,25,,,,,0.6,0.4,0.5,3*3E,1763493861875
NMEA,$PSSGR,GSA,A,3,302,303,305,308,313,316,325,,,,,,0.6,0.4,0.5,3,1*74,1763493861875
NMEA,$GNGSA,A,3,19,20,32,36,37,,,,,,,,0.6,0.4,0.5,4*39,1763493861875
NMEA,$PSSGR,GSA,A,3,219,220,232,236,237,,,,,,,,0.6,0.4,0.5,4,5*72,1763493861875
NMEA,$GNVTG,140.1,T,127.3,M,1.6,N,3.0,K,E*3E,1763493861875
NMEA,$GNDTM,W84,,0000.000000,N,00000.000000,E,0.000,W84*41,1763493861875
NMEA,$GNRMC,192422.00,A,3725.866122,N,12209.274306,W,1.6,140.1,181125,12.8,E,E,V*79,1763493861875
NMEA,$GNGNS,192422.00,3725.866122,N,12209.274306,W,EEEEEE,27,0.4,21.2,-32.6,,,V*22,1763493861875
NMEA,$GNGGA,192422.00,3725.866122,N,12209.274306,W,6,12,0.4,21.2,M,-32.6,M,,*73,1763493861875
NMEA,$PSMSG,magcal=PASS,bluesky=0*00,1763493861882
NMEA,$GPGSV,4,1,13,03,20,173,40,04,55,098,39,06,04,258,45,07,52,278,44,1*6D,1763493862868
NMEA,$GPGSV,4,2,13,08,16,127,38,09,75,352,44,11,04,296,42,16,36,051,43,1*61,1763493862868
NMEA,$GPGSV,4,3,13,20,13,320,42,21,13,321,38,26,03,041,26,27,18,096,38,1*62,1763493862868
NMEA,$GPGSV,4,4,13,30,24,263,44,1*54,1763493862868
NMEA,$GPGSV,3,1,10,03,20,173,36,04,55,098,36,06,04,258,29,08,16,127,33,8*62,1763493862868
NMEA,$GPGSV,3,2,10,09,75,352,38,11,04,296,30,21,13,321,31,26,03,041,24,8*64,1763493862868
NMEA,$GPGSV,3,3,10,27,18,096,36,30,24,263,30,8*6B,1763493862868
NMEA,$GLGSV,1,1,04,12,61,225,43,11,55,029,42,01,78,094,37,08,24,134,41,1*7D,1763493862868
NMEA,$GAGSV,3,1,10,02,48,173,40,03,68,069,40,05,20,107,37,08,47,314,41,7*74,1763493862868
NMEA,$GAGSV,3,2,10,13,13,278,42,15,07,229,31,16,35,051,40,25,55,074,39,7*7F,1763493862868
NMEA,$GAGSV,3,3,10,26,03,325,30,30,04,202,31,7*77,1763493862868
NMEA,$GAGSV,2,1,08,02,48,173,34,03,68,069,31,05,20,107,32,08,47,314,35,1*79,1763493862868
NMEA,$GAGSV,2,2,08,13,13,278,31,15,07,229,18,16,35,051,33,25,55,074,35,1*76,1763493862868
NMEA,$GQGSV,1,1,01,03,02,297,27,1*5C,1763493862868
NMEA,$GQGSV,1,1,01,03,02,297,22,8*50,1763493862868
NMEA,$GBGSV,2,1,07,37,50,047,42,36,16,231,41,32,16,143,40,23,02,049,20,1*79,1763493862868
NMEA,$GBGSV,2,2,07,22,02,319,35,20,73,158,45,19,53,313,45,1*4B,1763493862868
NMEA,$GBGSV,2,1,05,19,53,313,41,20,73,158,41,32,16,143,37,36,16,231,41,3*74,1763493862868
NMEA,$GBGSV,2,2,05,37,50,047,40,3*47,1763493862868
NMEA,$GBGSV,2,1,07,19,53,313,37,20,73,158,33,22,02,319,25,23,02,049,22,5*77,1763493862868
NMEA,$GBGSV,2,2,07,32,16,143,30,36,16,231,29,37,50,047,37,5*49,1763493862868
NMEA,$GNGSA,A,3,03,04,07,08,09,16,20,21,27,30,,,0.6,0.4,0.5,1*37,1763493862885
NMEA,$PSSGR,GSA,A,3,03,04,08,09,21,27,30,,,,,,0.6,0.4,0.5,1,8*41,1763493862885
NMEA,$GNGSA,A,3,65,72,75,76,,,,,,,,,0.6,0.4,0.5,2*30,1763493862885
NMEA,$GNGSA,A,3,02,03,05,08,13,15,16,25,,,,,0.6,0.4,0.5,3*3E,1763493862885
NMEA,$PSSGR,GSA,A,3,302,303,305,308,313,316,325,,,,,,0.6,0.4,0.5,3,1*74,1763493862885
NMEA,$GNGSA,A,3,19,20,32,36,37,,,,,,,,0.6,0.4,0.5,4*39,1763493862885
NMEA,$PSSGR,GSA,A,3,219,220,232,236,237,,,,,,,,0.6,0.4,0.5,4,5*72,1763493862885
NMEA,$GNVTG,140.1,T,127.3,M,0.5,N,0.9,K,E*36,1763493862885
NMEA,$GNDTM,W84,,0000.000000,N,00000.000000,E,0.000,W84*41,1763493862885
NMEA,$GNRMC,192423.00,A,3725.865928,N,12209.274346,W,0.5,140.1,181125,12.8,E,E,V*7F,1763493862885
NMEA,$GNGNS,192423.00,3725.865928,N,12209.274346,W,EEEEEE,27,0.4,21.3,-32.6,,,V*27,1763493862885
NMEA,$GNGGA,192423.00,3725.865928,N,12209.274346,W,6,12,0.4,21.3,M,-32.6,M,,*76,1763493862885
NMEA,$PSMSG,magcal=PASS,bluesky=0*00,1763493862889
NMEA,$GPGSV,4,1,13,03,20,173,34,04,55,098,41,06,04,258,47,07,52,278,45,1*62,1763493863859
NMEA,$GPGSV,4,2,13,08,16,127,33,09,75,352,45,11,04,296,43,16,36,051,40,1*69,1763493863859
NMEA,$GPGSV,4,3,13,20,13,320,42,21,13,321,42,26,03,041,31,27,18,096,35,1*64,1763493863859
NMEA,$GPGSV,4,4,13,30,24,263,45,1*55,1763493863859
NMEA,$GPGSV,3,1,10,03,20,173,36,04,55,098,36,06,04,258,29,08,16,127,36,8*67,1763493863859
NMEA,$GPGSV,3,2,10,09,75,352,37,11,04,296,33,21,13,321,30,26,03,041,24,8*69,1763493863859
NMEA,$GPGSV,3,3,10,27,18,096,35,30,24,263,32,8*6A,1763493863859
NMEA,$GLGSV,1,1,04,12,61,225,45,11,55,029,43,01,78,094,38,08,24,134,37,1*74,1763493863859
NMEA,$GAGSV,3,1,10,02,48,173,45,03,68,069,40,05,20,107,36,08,47,314,41,7*70,1763493863859
NMEA,$GAGSV,3,2,10,13,13,278,41,15,07,229,34,16,35,051,39,25,55,074,41,7*78,1763493863859
NMEA,$GAGSV,3,3,10,26,03,325,29,30,04,202,25,7*7A,1763493863859
NMEA,$GAGSV,2,1,08,02,48,173,32,03,68,069,30,05,20,107,32,08,47,314,38,1*73,1763493863859
NMEA,$GAGSV,2,2,08,13,13,278,35,15,07,229,19,16,35,051,30,25,55,074,34,1*71,1763493863859
NMEA,$GQGSV,1,1,01,03,02,297,22,8*50,1763493863859
NMEA,$GBGSV,2,1,07,37,50,047,43,36,16,231,43,32,16,143,36,23,02,049,29,1*72,1763493863859
NMEA,$GBGSV,2,2,07,22,02,319,33,20,73,158,46,19,53,313,45,1*4E,1763493863859
NMEA,$GBGSV,2,1,05,19,53,313,44,20,73,158,43,32,16,143,33,36,16,231,42,3*74,1763493863859
NMEA,$GBGSV,2,2,05,37,50,047,41,3*46,1763493863859
NMEA,$GBGSV,2,1,07,19,53,313,35,20,73,158,35,22,02,319,24,23,02,049,22,5*72,1763493863859
NMEA,$GBGSV,2,2,07,32,16,143,36,36,16,231,26,37,50,047,36,5*41,1763493863859
NMEA,$GNGSA,A,3,03,04,07,08,09,16,20,21,27,30,,,0.6,0.4,0.5,1*37,1763493863881
NMEA,$PSSGR,GSA,A,3,03,04,08,09,21,27,30,,,,,,0.6,0.4,0.5,1,8*41,1763493863881
NMEA,$GNGSA,A,3,65,72,75,76,,,,,,,,,0.6,0.4,0.5,2*30,1763493863881
NMEA,$GNGSA,A,3,02,03,05,08,13,15,16,25,,,,,0.6,0.4,0.5,3*3E,1763493863881
NMEA,$PSSGR,GSA,A,3,302,303,305,308,313,316,325,,,,,,0.6,0.4,0.5,3,1*74,1763493863881
NMEA,$GNGSA,A,3,19,20,32,36,37,,,,,,,,0.6,0.4,0.5,4*39,1763493863881
NMEA,$PSSGR,GSA,A,3,219,220,232,236,237,,,,,,,,0.6,0.4,0.5,4,5*72,1763493863881
NMEA,$GNVTG,228.1,T,215.3,M,1.8,N,3.4,K,E*3B,1763493863881
NMEA,$GNDTM,W84,,0000.000000,N,00000.000000,E,0.000,W84*41,1763493863881
NMEA,$GNRMC,192424.00,A,3725.865557,N,12209.274784,W,1.8,228.1,181125,12.8,E,E,V*77,1763493863881
NMEA,$GNGNS,192424.00,3725.865557,N,12209.274784,W,EEEEEE,27,0.4,21.4,-32.6,,,V*29,1763493863881
NMEA,$GNGGA,192424.00,3725.865557,N,12209.274784,W,6,12,0.4,21.4,M,-32.6,M,,*78,1763493863881
NMEA,$PSMSG,magcal=PASS,bluesky=0*00,1763493863888
NMEA,$GPGSV,4,1,13,03,20,173,35,04,55,098,41,06,04,258,47,07,52,278,45,1*63,1763493864858
NMEA,$GPGSV,4,2,13,08,16,127,35,09,75,352,45,11,04,296,44,16,36,051,41,1*69,1763493864858
NMEA,$GPGSV,4,3,13,20,13,320,41,21,13,321,40,26,03,041,31,27,18,096,39,1*69,1763493864858
NMEA,$GPGSV,4,4,13,30,24,263,46,1*56,1763493864858
NMEA,$GPGSV,3,1,10,03,20,173,35,04,55,098,34,06,04,258,31,08,16,127,36,8*6F,1763493864858
NMEA,$GPGSV,3,2,10,09,75,352,37,11,04,296,31,21,13,321,26,26,03,041,24,8*6C,1763493864858
NMEA,$GPGSV,3,3,10,27,18,096,33,30,24,263,30,8*6E,1763493864858
NMEA,$GLGSV,1,1,04,12,61,225,45,11,55,029,44,01,78,094,37,08,24,134,38,1*73,1763493864858
NMEA,$GAGSV,3,1,10,02,48,173,45,03,68,069,40,05,20,107,37,08,47,314,41,7*71,1763493864858
NMEA,$GAGSV,3,2,10,13,13,278,43,15,07,229,33,16,35,051,40,25,55,074,41,7*73,1763493864858
NMEA,$GAGSV,3,3,10,26,03,325,29,30,04,202,25,7*7A,1763493864858
NMEA,$GAGSV,2,1,08,02,48,173,34,03,68,069,28,05,20,107,31,08,47,314,36,1*71,1763493864858
NMEA,$GAGSV,2,2,08,13,13,278,34,15,07,229,25,16,35,051,30,25,55,074,34,1*7F,1763493864858
NMEA,$GQGSV,1,1,01,03,02,297,22,8*50,1763493864858
NMEA,$GBGSV,2,1,07,37,50,047,44,36,16,231,42,32,16,143,36,23,02,049,29,1*74,1763493864858
NMEA,$GBGSV,2,2,07,22,02,319,26,20,73,158,46,19,53,313,45,1*4A,1763493864858
NMEA,$GBGSV,2,1,05,19,53,313,43,20,73,158,42,32,16,143,34,36,16,231,39,3*79,1763493864858
NMEA,$GBGSV,2,2,05,37,50,047,41,3*46,1763493864858
NMEA,$GBGSV,2,1,07,19,53,313,36,20,73,158,35,22,02,319,25,23,02,049,20,5*72,1763493864858
NMEA,$GBGSV,2,2,07,32,16,143,34,36,16,231,27,37,50,047,36,5*42,1763493864858
NMEA,$GNGSA,A,3,03,04,07,08,09,16,20,21,27,30,,,0.6,0.4,0.5,1*37,1763493864870
NMEA,$PSSGR,GSA,A,3,03,04,08,09,21,27,30,,,,,,0.6,0.4,0.5,1,8*41,1763493864870
NMEA,$GNGSA,A,3,65,72,75,76,,,,,,,,,0.6,0.4,0.5,2*30,1763493864870
NMEA,$GNGSA,A,3,02,03,05,08,13,15,16,25,,,,,0.6,0.4,0.5,3*3E,1763493864870
NMEA,$PSSGR,GSA,A,3,302,303,305,308,313,316,325,,,,,,0.6,0.4,0.5,3,1*74,1763493864870
NMEA,$GNGSA,A,3,19,20,32,36,37,,,,,,,,0.6,0.4,0.5,4*39,1763493864870
NMEA,$PSSGR,GSA,A,3,219,220,232,236,237,,,,,,,,0.6,0.4,0.5,4,5*72,1763493864870
NMEA,$GNVTG,227.5,T,214.7,M,2.1,N,3.9,K,E*32,1763493864870
NMEA,$GNDTM,W84,,0000.000000,N,00000.000000,E,0.000,W84*41,1763493864870
NMEA,$GNRMC,192425.00,A,3725.865034,N,12209.275354,W,2.1,227.5,181125,12.8,E,E,V*7F,1763493864870
NMEA,$GNGNS,192425.00,3725.865034,N,12209.275354,W,EEEEEE,27,0.4,21.4,-32.6,,,V*20,1763493864870
NMEA,$GNGGA,192425.00,3725.865034,N,12209.275354,W,6,12,0.4,21.4,M,-32.6,M,,*71,1763493864870
NMEA,$PSMSG,magcal=PASS,bluesky=0*00,1763493864874
NMEA,$GPGSV,4,1,13,03,20,173,38,04,55,098,42,06,04,258,47,07,52,278,45,1*6D,1763493865861
NMEA,$GPGSV,4,2,13,08,16,127,36,09,75,352,43,11,04,296,44,16,36,051,39,1*63,1763493865861
NMEA,$GPGSV,4,3,13,20,13,320,41,21,13,321,40,26,03,041,29,27,18,096,36,1*6F,1763493865861
NMEA,$GPGSV,4,4,13,30,24,263,45,1*55,1763493865861
NMEA,$GPGSV,3,1,10,03,20,173,35,04,55,098,35,06,04,258,28,08,16,127,36,8*66,1763493865861
NMEA,$GPGSV,3,2,10,09,75,352,37,11,04,296,28,21,13,321,21,26,03,041,24,8*63,1763493865861
NMEA,$GPGSV,3,3,10,27,18,096,35,30,24,263,32,8*6A,1763493865861
NMEA,$GLGSV,1,1,04,12,61,225,46,11,55,029,43,01,78,094,38,08,24,134,38,1*78,1763493865861
NMEA,$GAGSV,3,1,10,02,48,173,45,03,68,069,40,05,20,107,37,08,47,314,41,7*71,1763493865861
NMEA,$GAGSV,3,2,10,13,13,278,41,15,07,229,35,16,35,051,37,25,55,074,40,7*76,1763493865861
NMEA,$GAGSV,3,3,10,26,03,325,29,30,04,202,23,7*7C,1763493865861
NMEA,$GAGSV,2,1,08,02,48,173,34,03,68,069,30,05,20,107,30,08,47,314,36,1*79,1763493865861
NMEA,$GAGSV,2,2,08,13,13,278,33,15,07,229,23,16,35,051,32,25,55,074,33,1*7B,1763493865861
NMEA,$GQGSV,1,1,01,03,02,297,22,8*50,1763493865861
NMEA,$GBGSV,2,1,07,37,50,047,42,36,16,231,44,32,16,143,35,23,02,049,29,1*77,1763493865861
NMEA,$GBGSV,2,2,07,22,02,319,27,20,73,158,46,19,53,313,45,1*4B,1763493865861
NMEA,$GBGSV,2,1,05,19,53,313,43,20,73,158,44,32,16,143,33,36,16,231,41,3*77,1763493865861
NMEA,$GBGSV,2,2,05,37,50,047,39,3*49,1763493865861
NMEA,$GBGSV,2,1,07,19,53,313,34,20,73,158,35,22,02,319,23,23,02,049,22,5*74,1763493865861
NMEA,$GBGSV,2,2,07,32,16,143,34,36,16,231,30,37,50,047,34,5*46,1763493865861
NMEA,$GNGSA,A,3,03,04,07,08,09,16,20,21,27,30,,,0.6,0.4,0.5,1*37,1763493865880
NMEA,$PSSGR,GSA,A,3,03,04,08,09,21,27,30,,,,,,0.6,0.4,0.5,1,8*41,1763493865880
NMEA,$GNGSA,A,3,65,72,75,76,,,,,,,,,0.6,0.4,0.5,2*30,1763493865880
NMEA,$GNGSA,A,3,02,03,05,08,13,15,16,25,,,,,0.6,0.4,0.5,3*3E,1763493865880
NMEA,$PSSGR,GSA,A,3,302,303,305,308,313,316,325,,,,,,0.6,0.4,0.5,3,1*74,1763493865880
NMEA,$GNGSA,A,3,19,20,32,36,37,,,,,,,,0.6,0.4,0.5,4*39,1763493865880
NMEA,$PSSGR,GSA,A,3,219,220,232,236,237,,,,,,,,0.6,0.4,0.5,4,5*72,1763493865880
NMEA,$GNVTG,228.3,T,215.5,M,2.3,N,4.2,K,E*36,1763493865880
NMEA,$GNDTM,W84,,0000.000000,N,00000.000000,E,0.000,W84*41,1763493865880
NMEA,$GNRMC,192426.00,A,3725.864524,N,12209.275926,W,2.3,228.3,181125,12.8,E,E,V*7D,1763493865880
NMEA,$GNGNS,192426.00,3725.864524,N,12209.275926,W,EEEEEE,27,0.4,21.4,-32.6,,,V*29,1763493865880
NMEA,$GNGGA,192426.00,3725.864524,N,12209.275926,W,6,12,0.4,21.4,M,-32.6,M,,*78,1763493865880
NMEA,$PSMSG,magcal=PASS,bluesky=0*00,1763493865883
NMEA,$GPGSV,4,1,13,03,20,173,36,04,55,098,41,06,04,258,47,07,52,278,44,1*61,1763493866859
NMEA,$GPGSV,4,2,13,08,16,127,34,09,75,352,42,11,04,296,43,16,36,051,44,1*6D,1763493866859
NMEA,$GPGSV,4,3,13,20,13,320,40,21,13,321,38,26,03,041,31,27,18,096,35,1*6B,1763493866859
NMEA,$GPGSV,4,4,13,30,24,263,44,1*54,1763493866859
NMEA,$GPGSV,3,1,10,03,20,173,36,04,55,098,36,06,04,258,26,08,16,127,36,8*68,1763493866859
NMEA,$GPGSV,3,2,10,09,75,352,38,11,04,296,28,21,13,321,28,26,03,041,24,8*65,1763493866859
NMEA,$GPGSV,3,3,10,27,18,096,33,30,24,263,34,8*6A,1763493866859
NMEA,$GLGSV,1,1,04,12,61,225,45,11,55,029,41,01,78,094,36,08,24,134,39,1*76,1763493866859
NMEA,$GAGSV,3,1,10,02,48,173,44,03,68,069,40,05,20,107,36,08,47,314,41,7*71,1763493866859
NMEA,$GAGSV,3,2,10,13,13,278,43,15,07,229,33,16,35,051,41,25,55,074,41,7*72,1763493866859
NMEA,$GAGSV,3,3,10,26,03,325,21,30,04,202,24,7*73,1763493866859
NMEA,$GAGSV,2,1,08,02,48,173,35,03,68,069,30,05,20,107,30,08,47,314,35,1*7B,1763493866859
NMEA,$GAGSV,2,2,08,13,13,278,35,15,07,229,23,16,35,051,32,25,55,074,33,1*7D,1763493866859
NMEA,$GQGSV,1,1,01,03,02,297,22,8*50,1763493866859
NMEA,$GBGSV,2,1,06,37,50,047,43,36,16,231,43,32,16,143,33,22,02,319,25,1*7D,1763493866859
NMEA,$GBGSV,2,2,06,20,73,158,46,19,53,313,45,1*76,1763493866859
NMEA,$GBGSV,2,1,05,19,53,313,43,20,73,158,42,32,16,143,32,36,16,231,40,3*71,1763493866859
NMEA,$GBGSV,2,2,05,37,50,047,40,3*47,1763493866859
NMEA,$GBGSV,2,1,07,19,53,313,31,20,73,158,35,22,02,319,23,23,02,049,21,5*72,1763493866859
NMEA,$GBGSV,2,2,07,32,16,143,35,36,16,231,29,37,50,047,37,5*4C,1763493866859
NMEA,$GNGSA,A,3,03,04,07,08,09,16,20,21,27,30,,,0.6,0.4,0.5,1*37,1763493866868
NMEA,$PSSGR,GSA,A,3,03,04,08,09,21,27,30,,,,,,0.6,0.4,0.5,1,8*41,1763493866868
NMEA,$GNGSA,A,3,65,72,75,76,,,,,,,,,0.6,0.4,0.5,2*30,1763493866868
NMEA,$GNGSA,A,3,02,03,05,08,13,15,16,25,,,,,0.6,0.4,0.5,3*3E,1763493866868
NMEA,$PSSGR,GSA,A,3,302,303,305,308,313,316,325,,,,,,0.6,0.4,0.5,3,1*74,1763493866868
NMEA,$GNGSA,A,3,19,20,32,36,37,,,,,,,,0.6,0.4,0.5,4*39,1763493866868
NMEA,$PSSGR,GSA,A,3,219,220,232,236,237,,,,,,,,0.6,0.4,0.5,4,5*72,1763493866868
NMEA,$GNVTG,228.8,T,216.0,M,2.2,N,4.1,K,E*39,1763493866868
NMEA,$GNDTM,W84,,0000.000000,N,00000.000000,E,0.000,W84*41,1763493866868
NMEA,$GNRMC,192427.00,A,3725.864054,N,12209.276538,W,2.2,228.8,181125,12.8,E,E,V*74,1763493866868
NMEA,$GNGNS,192427.00,3725.864054,N,12209.276538,W,EEEEEE,27,0.4,21.6,-32.6,,,V*28,1763493866868
NMEA,$GNGGA,192427.00,3725.864054,N,12209.276538,W,6,12,0.4,21.6,M,-32.6,M,,*79,1763493866868
NMEA,$PSMSG,magcal=PASS,bluesky=0*00,1763493866874
NMEA,$GPGSV,4,1,13,03,20,173,35,04,55,098,41,06,04,258,46,07,52,278,46,1*61,1763493867856
NMEA,$GPGSV,4,2,13,08,16,127,34,09,75,352,43,11,04,296,43,16,36,051,42,1*6A,1763493867856
NMEA,$GPGSV,4,3,13,20,13,320,40,21,13,321,37,26,03,041,31,27,18,096,38,1*69,1763493867856
NMEA,$GPGSV,4,4,13,30,24,263,44,1*54,1763493867856
NMEA,$GPGSV,3,1,10,03,20,173,36,04,55,098,36,06,04,258,29,08,16,127,36,8*67,1763493867856
NMEA,$GPGSV,3,2,10,09,75,352,38,11,04,296,30,21,13,321,29,26,03,041,17,8*6D,1763493867856
NMEA,$GPGSV,3,3,10,27,18,096,35,30,24,263,32,8*6A,1763493867856
NMEA,$GLGSV,1,1,04,12,61,225,45,11,55,029,41,01,78,094,37,08,24,134,39,1*77,1763493867856
NMEA,$GAGSV,3,1,10,02,48,173,43,03,68,069,41,05,20,107,36,08,47,314,42,7*74,1763493867856
NMEA,$GAGSV,3,2,10,13,13,278,43,15,07,229,34,16,35,051,39,25,55,074,41,7*7A,1763493867856
NMEA,$GAGSV,3,3,10,26,03,325,24,30,04,202,22,7*70,1763493867856
NMEA,$GAGSV,2,1,08,02,48,173,37,03,68,069,30,05,20,107,31,08,47,314,28,1*74,1763493867856
NMEA,$GAGSV,2,2,08,13,13,278,32,15,07,229,20,16,35,051,32,25,55,074,35,1*7F,1763493867856
NMEA,$GQGSV,1,1,01,03,02,297,22,8*50,1763493867856
NMEA,$GBGSV,2,1,06,37,50,047,42,36,16,231,43,32,16,143,35,22,02,319,29,1*76,1763493867856
NMEA,$GBGSV,2,2,06,20,73,158,45,19,53,313,44,1*74,1763493867856
NMEA,$GBGSV,2,1,05,19,53,313,43,20,73,158,41,32,16,143,35,36,16,231,41,3*74,1763493867856
NMEA,$GBGSV,2,2,05,37,50,047,40,3*47,1763493867856
NMEA,$GBGSV,2,1,07,19,53,313,36,20,73,158,34,22,02,319,23,23,02,049,21,5*74,1763493867856
NMEA,$GBGSV,2,2,07,32,16,143,34,36,16,231,28,37,50,047,37,5*4C,1763493867856
NMEA,$GNGSA,A,3,03,04,07,08,09,16,20,21,27,30,,,0.6,0.4,0.5,1*37,1763493867868
NMEA,$PSSGR,GSA,A,3,03,04,08,09,21,27,30,,,,,,0.6,0.4,0.5,1,8*41,1763493867868
NMEA,$GNGSA,A,3,65,72,75,76,,,,,,,,,0.6,0.4,0.5,2*30,1763493867868
NMEA,$GNGSA,A,3,02,03,05,08,13,15,16,25,,,,,0.6,0.4,0.5,3*3E,1763493867868
NMEA,$PSSGR,GSA,A,3,302,303,305,308,313,316,325,,,,,,0.6,0.4,0.5,3,1*74,1763493867868
NMEA,$GNGSA,A,3,19,20,32,36,37,,,,,,,,0.6,0.4,0.5,4*39,1763493867868
NMEA,$PSSGR,GSA,A,3,219,220,232,237,,,,,,,,,0.6,0.4,0.5,4,5*45,1763493867868
NMEA,$GNVTG,228.3,T,215.5,M,2.5,N,4.6,K,E*34,1763493867868
NMEA,$GNDTM,W84,,0000.000000,N,00000.000000,E,0.000,W84*41,1763493867868
NMEA,$GNRMC,192428.00,A,3725.863552,N,12209.277243,W,2.5,228.3,181125,12.8,E,E,V*79,1763493867868
NMEA,$GNGNS,192428.00,3725.863552,N,12209.277243,W,EEEEEE,27,0.4,21.6,-32.6,,,V*29,1763493867868
NMEA,$GNGGA,192428.00,3725.863552,N,12209.277243,W,6,12,0.4,21.6,M,-32.6,M,,*78,1763493867868
NMEA,$PSMSG,magcal=PASS,bluesky=0*00,1763493867873
NMEA,$GPGSV,4,1,13,03,20,173,36,04,55,098,41,06,04,258,44,07,52,278,45,1*63,1763493868858
NMEA,$GPGSV,4,2,13,08,16,127,33,09,75,352,43,11,04,296,42,16,36,051,40,1*6E,1763493868858
NMEA,$GPGSV,4,3,13,20,13,320,40,21,13,321,37,26,03,041,31,27,18,096,39,1*68,1763493868858
NMEA,$GPGSV,4,4,13,30,24,263,44,1*54,1763493868858
NMEA,$GPGSV,3,1,10,03,20,173,36,04,55,098,35,06,04,258,24,08,16,127,34,8*6B,1763493868858
NMEA,$GPGSV,3,2,10,09,75,352,38,11,04,296,23,21,13,321,23,26,03,041,23,8*62,1763493868858
NMEA,$GPGSV,3,3,10,27,18,096,35,30,24,263,32,8*6A,1763493868858
NMEA,$GLGSV,1,1,04,12,61,225,43,11,55,029,42,01,78,094,37,08,24,134,40,1*7C,1763493868858
NMEA,$GAGSV,3,1,10,02,48,173,42,03,68,069,41,05,20,107,38,08,47,314,41,7*78,1763493868858
NMEA,$GAGSV,3,2,10,13,13,278,43,15,07,229,34,16,35,051,38,25,55,074,41,7*7B,1763493868858
NMEA,$GAGSV,3,3,10,26,03,325,24,30,04,202,26,7*74,1763493868858
NMEA,$GAGSV,2,1,08,02,48,173,38,03,68,069,31,05,20,107,31,08,47,314,32,1*71,1763493868858
NMEA,$GAGSV,2,2,08,13,13,278,34,15,07,229,20,16,35,051,32,25,55,074,35,1*79,1763493868858
NMEA,$GQGSV,1,1,01,03,02,297,22,8*50,1763493868858
NMEA,$GBGSV,2,1,06,37,50,047,43,36,16,231,42,32,16,143,37,22,02,319,29,1*74,1763493868858
NMEA,$GBGSV,2,2,06,20,73,158,45,19,53,313,45,1*75,1763493868858
NMEA,$GBGSV,2,1,05,19,53,313,43,20,73,158,42,32,16,143,35,36,16,231,40,3*76,1763493868858
NMEA,$GBGSV,2,2,05,37,50,047,40,3*47,1763493868858
NMEA,$GBGSV,2,1,07,19,53,313,36,20,73,158,35,22,02,319,23,23,02,049,22,5*76,1763493868858
NMEA,$GBGSV,2,2,07,32,16,143,32,36,16,231,22,37,50,047,38,5*4F,1763493868858
NMEA,$GNGSA,A,3,03,04,07,08,09,16,20,21,27,30,,,0.6,0.4,0.5,1*37,1763493868871
NMEA,$PSSGR,GSA,A,3,03,04,08,09,21,27,30,,,,,,0.6,0.4,0.5,1,8*41,1763493868871
NMEA,$GNGSA,A,3,65,72,75,76,,,,,,,,,0.6,0.4,0.5,2*30,1763493868871
NMEA,$GNGSA,A,3,02,03,05,08,13,15,16,25,,,,,0.6,0.4,0.5,3*3E,1763493868871
NMEA,$PSSGR,GSA,A,3,302,303,305,308,313,316,325,,,,,,0.6,0.4,0.5,3,1*74,1763493868871
NMEA,$GNGSA,A,3,19,20,32,36,37,,,,,,,,0.6,0.4,0.5,4*39,1763493868871
NMEA,$PSSGR,GSA,A,3,219,220,232,236,237,,,,,,,,0.6,0.4,0.5,4,5*72,1763493868871
NMEA,$GNVTG,223.4,T,210.6,M,2.3,N,4.2,K,E*3C,1763493868871
NMEA,$GNDTM,W84,,0000.000000,N,00000.000000,E,0.000,W84*41,1763493868871
NMEA,$GNRMC,192429.00,A,3725.863071,N,12209.277822,W,2.3,223.4,181125,12.8,E,E,V*7B,1763493868871
NMEA,$GNGNS,192429.00,3725.863071,N,12209.277822,W,EEEEEE,27,0.4,21.5,-32.6,,,V*22,1763493868871
NMEA,$GNGGA,192429.00,3725.863071,N,12209.277822,W,6,12,0.4,21.5,M,-32.6,M,,*73,1763493868871
NMEA,$PSMSG,magcal=PASS,bluesky=0*00,1763493868876
NMEA,$GPGSV,4,1,13,03,20,173,37,04,55,098,42,06,04,258,43,07,52,278,46,1*65,1763493869855
NMEA,$GPGSV,4,2,13,08,16,127,33,09,75,352,43,11,04,296,40,16,36,051,39,1*62,1763493869855
NMEA,$GPGSV,4,3,13,20,13,320,40,21,13,321,37,26,03,041,30,27,18,096,38,1*68,1763493869855
NMEA,$GPGSV,4,4,13,30,24,263,45,1*55,1763493869855
NMEA,$GPGSV,3,1,10,03,20,173,37,04,55,098,35,06,04,258,21,08,16,127,35,8*6E,1763493869855
NMEA,$GPGSV,3,2,10,09,75,352,38,11,04,296,25,21,13,321,25,26,03,041,21,8*60,1763493869855
NMEA,$GPGSV,3,3,10,27,18,096,36,30,24,263,34,8*6F,1763493869855
NMEA,$GLGSV,1,1,04,12,61,225,46,11,55,029,43,01,78,094,38,08,24,134,40,1*77,1763493869855
NMEA,$GAGSV,3,1,10,02,48,173,42,03,68,069,40,05,20,107,37,08,47,314,40,7*77,1763493869855
NMEA,$GAGSV,3,2,10,13,13,278,42,15,07,229,34,16,35,051,36,25,55,074,41,7*74,1763493869855
NMEA,$GAGSV,3,3,10,26,03,325,23,30,04,202,24,7*71,1763493869855
NMEA,$GAGSV,2,1,08,02,48,173,36,03,68,069,29,05,20,107,30,08,47,314,34,1*71,1763493869855
NMEA,$GAGSV,2,2,08,13,13,278,35,15,07,229,24,16,35,051,33,25,55,074,35,1*7D,1763493869855
NMEA,$GQGSV,1,1,01,03,02,297,22,8*50,1763493869855
NMEA,$GBGSV,2,1,06,37,50,047,43,36,16,231,42,32,16,143,37,22,02,319,29,1*74,1763493869855
NMEA,$GBGSV,2,2,06,20,73,158,46,19,53,313,46,1*75,1763493869855
NMEA,$GBGSV,2,1,05,19,53,313,43,20,73,158,44,32,16,143,35,36,16,231,41,3*71,1763493869855
NMEA,$GBGSV,2,2,05,37,50,047,41,3*46,1763493869855
NMEA,$GBGSV,2,1,07,19,53,313,35,20,73,158,38,22,02,319,23,23,02,049,22,5*78,1763493869855
NMEA,$GBGSV,2,2,07,32,16,143,32,36,16,231,24,37,50,047,38,5*49,1763493869855
NMEA,$GNGSA,A,3,03,04,07,08,09,16,20,21,27,30,,,0.6,0.4,0.5,1*37,1763493869862
NMEA,$PSSGR,GSA,A,3,03,04,08,09,21,27,30,,,,,,0.6,0.4,0.5,1,8*41,1763493869862
NMEA,$GNGSA,A,3,65,72,75,76,,,,,,,,,0.6,0.4,0.5,2*30,1763493869862
NMEA,$GNGSA,A,3,02,03,05,08,13,15,16,25,,,,,0.6,0.4,0.5,3*3E,1763493869862
NMEA,$PSSGR,GSA,A,3,302,303,305,308,313,316,325,,,,,,0.6,0.4,0.5,3,1*74,1763493869862
NMEA,$GNGSA,A,3,19,20,32,36,37,,,,,,,,0.6,0.4,0.5,4*39,1763493869862
NMEA,$PSSGR,GSA,A,3,219,220,232,236,237,,,,,,,,0.6,0.4,0.5,4,5*72,1763493869862
NMEA,$GNVTG,228.8,T,216.0,M,2.4,N,4.5,K,E*3B,1763493869862
NMEA,$GNDTM,W84,,0000.000000,N,00000.000000,E,0.000,W84*41,1763493869862
NMEA,$GNRMC,192430.00,A,3725.862613,N,12209.278456,W,2.4,228.8,181125,12.8,E,E,V*70,1763493869862
NMEA,$GNGNS,192430.00,3725.862613,N,12209.278456,W,EEEEEE,27,0.4,21.5,-32.6,,,V*29,1763493869862
NMEA,$GNGGA,192430.00,3725.862613,N,12209.278456,W,6,12,0.4,21.5,M,-32.6,M,,*78,1763493869862
NMEA,$PSMSG,magcal=PASS,bluesky=0*00,1763493869865
NMEA,$GPGSV,4,1,13,03,20,173,32,04,55,098,42,06,04,258,44,07,52,278,44,1*65,1763493870860
NMEA,$GPGSV,4,2,13,08,16,127,34,09,75,352,44,11,04,296,42,16,36,051,41,1*6F,1763493870860
NMEA,$GPGSV,4,3,13,20,13,320,40,21,13,321,38,26,03,041,30,27,18,096,39,1*66,1763493870860
NMEA,$GPGSV,4,4,13,30,24,263,44,1*54,1763493870860
NMEA,$GPGSV,3,1,10,03,20,173,30,04,55,098,37,06,04,258,23,08,16,127,35,8*69,1763493870860
NMEA,$GPGSV,3,2,10,09,75,352,37,11,04,296,23,21,13,321,26,26,03,041,23,8*68,1763493870860
NMEA,$GPGSV,3,3,10,27,18,096,36,30,24,263,30,8*6B,1763493870860
NMEA,$GLGSV,1,1,04,12,61,225,45,11,55,029,41,01,78,094,37,08,24,134,40,1*79,1763493870860
NMEA,$GAGSV,3,1,10,02,48,173,39,03,68,069,40,05,20,107,36,08,47,314,39,7*74,1763493870860
NMEA,$GAGSV,3,2,10,13,13,278,42,15,07,229,31,16,35,051,39,25,55,074,40,7*7F,1763493870860
NMEA,$GAGSV,3,3,10,26,03,325,25,30,04,202,24,7*77,1763493870860
NMEA,$GAGSV,2,1,08,02,48,173,36,03,68,069,31,05,20,107,32,08,47,314,31,1*7F,1763493870860
NMEA,$GAGSV,2,2,08,13,13,278,35,15,07,229,21,16,35,051,32,25,55,074,35,1*79,1763493870860
NMEA,$GQGSV,1,1,01,03,02,297,24,1*5F,1763493870860
NMEA,$GQGSV,1,1,01,03,02,297,22,8*50,1763493870860
NMEA,$GBGSV,2,1,07,37,50,047,41,36,16,231,44,32,16,143,35,23,02,049,29,1*74,1763493870860
NMEA,$GBGSV,2,2,07,22,02,319,32,20,73,158,47,19,53,313,45,1*4E,1763493870860
NMEA,$GBGSV,2,1,05,19,53,313,41,20,73,158,42,32,16,143,34,36,16,231,42,3*77,1763493870860
NMEA,$GBGSV,2,2,05,37,50,047,40,3*47,1763493870860
NMEA,$GBGSV,2,1,07,19,53,313,35,20,73,158,36,22,02,319,19,23,02,049,22,5*7F,1763493870860
NMEA,$GBGSV,2,2,07,32,16,143,33,36,16,231,23,37,50,047,37,5*40,1763493870860
NMEA,$GNGSA,A,3,03,04,07,08,09,16,20,21,27,30,,,0.6,0.4,0.5,1*37,1763493870874
NMEA,$PSSGR,GSA,A,3,03,04,08,09,21,27,30,,,,,,0.6,0.4,0.5,1,8*41,1763493870874
NMEA,$GNGSA,A,3,65,72,75,76,,,,,,,,,0.6,0.4,0.5,2*30,1763493870874
NMEA,$GNGSA,A,3,02,03,05,08,13,15,16,25,,,,,0.6,0.4,0.5,3*3E,1763493870874
NMEA,$PSSGR,GSA,A,3,302,303,305,308,313,316,325,,,,,,0.6,0.4,0.5,3,1*74,1763493870874
NMEA,$GNGSA,A,3,19,20,32,36,37,,,,,,,,0.6,0.4,0.5,4*39,1763493870874
NMEA,$PSSGR,GSA,A,3,219,220,232,236,237,,,,,,,,0.6,0.4,0.5,4,5*72,1763493870874
NMEA,$GNVTG,227.8,T,215.0,M,2.4,N,4.4,K,E*36,1763493870874
NMEA,$GNDTM,W84,,0000.000000,N,00000.000000,E,0.000,W84*41,1763493870874
NMEA,$GNRMC,192431.00,A,3725.862165,N,12209.279052,W,2.4,227.8,181125,12.8,E,E,V*79,1763493870874
NMEA,$GNGNS,192431.00,3725.862165,N,12209.279052,W,EEEEEE,27,0.4,21.6,-32.6,,,V*2C,1763493870874
NMEA,$GNGGA,192431.00,3725.862165,N,12209.279052,W,6,12,0.4,21.6,M,-32.6,M,,*7D,1763493870874
NMEA,$PSMSG,magcal=PASS,bluesky=0*00,1763493870877
NMEA,$GPGSV,4,1,13,03,20,173,34,04,55,098,41,06,04,258,43,07,52,278,46,1*65,1763493871857
NMEA,$GPGSV,4,2,13,08,16,127,35,09,75,352,43,11,04,296,42,16,36,051,43,1*6B,1763493871857
NMEA,$GPGSV,4,3,13,20,13,320,40,21,13,321,37,26,03,041,30,27,18,096,40,1*67,1763493871857
NMEA,$GPGSV,4,4,13,30,24,263,46,1*56,1763493871857
NMEA,$GPGSV,3,1,10,03,20,173,34,04,55,098,36,06,04,258,28,08,16,127,35,8*67,1763493871857
NMEA,$GPGSV,3,2,10,09,75,352,36,11,04,296,25,21,13,321,28,26,03,041,23,8*61,1763493871857
NMEA,$GPGSV,3,3,10,27,18,096,34,30,24,263,29,8*61,1763493871857
NMEA,$GLGSV,1,1,04,12,61,225,42,11,55,029,43,01,78,094,38,08,24,134,37,1*73,1763493871857
NMEA,$GAGSV,3,1,10,02,48,173,43,03,68,069,41,05,20,107,36,08,47,314,43,7*75,1763493871857
NMEA,$GAGSV,3,2,10,13,13,278,43,15,07,229,33,16,35,051,40,25,55,074,40,7*72,1763493871857
NMEA,$GAGSV,3,3,10,26,03,325,25,30,04,202,19,7*79,1763493871857
NMEA,$GAGSV,2,1,08,02,48,173,38,03,68,069,32,05,20,107,32,08,47,314,35,1*76,1763493871857
NMEA,$GAGSV,2,2,08,13,13,278,32,15,07,229,21,16,35,051,32,25,55,074,34,1*7F,1763493871857
NMEA,$GQGSV,1,1,01,03,02,297,25,1*5E,1763493871857
NMEA,$GQGSV,1,1,01,03,02,297,22,8*50,1763493871857
NMEA,$GBGSV,2,1,07,37,50,047,42,36,16,231,43,32,16,143,34,23,02,049,30,1*79,1763493871857
NMEA,$GBGSV,2,2,07,22,02,319,33,20,73,158,46,19,53,313,44,1*4F,1763493871857
NMEA,$GBGSV,2,1,05,19,53,313,43,20,73,158,44,32,16,143,32,36,16,231,40,3*77,1763493871857
NMEA,$GBGSV,2,2,05,37,50,047,40,3*47,1763493871857
NMEA,$GBGSV,2,1,07,19,53,313,39,20,73,158,32,22,02,319,19,23,02,049,22,5*77,1763493871857
NMEA,$GBGSV,2,2,07,32,16,143,35,36,16,231,23,37,50,047,36,5*47,1763493871857
NMEA,$GNGSA,A,3,03,04,07,08,09,16,20,21,27,30,,,0.6,0.4,0.5,1*37,1763493871869
NMEA,$PSSGR,GSA,A,3,03,04,08,09,21,27,30,,,,,,0.6,0.4,0.5,1,8*41,1763493871869
NMEA,$GNGSA,A,3,65,72,75,76,,,,,,,,,0.6,0.4,0.5,2*30,1763493871869
NMEA,$GNGSA,A,3,02,03,05,08,13,15,16,25,,,,,0.6,0.4,0.5,3*3E,1763493871869
NMEA,$PSSGR,GSA,A,3,302,303,305,308,313,316,325,,,,,,0.6,0.4,0.5,3,1*74,1763493871869
NMEA,$GNGSA,A,3,19,20,32,36,37,,,,,,,,0.6,0.4,0.5,4*39,1763493871869
NMEA,$PSSGR,GSA,A,3,219,220,232,236,237,,,,,,,,0.6,0.4,0.5,4,5*72,1763493871869
NMEA,$GNVTG,230.0,T,217.2,M,2.3,N,4.2,K,E*39,1763493871869
NMEA,$GNDTM,W84,,0000.000000,N,00000.000000,E,0.000,W84*41,1763493871869
NMEA,$GNRMC,192432.00,A,3725.861706,N,12209.279662,W,2.3,230.0,181125,12.8,E,E,V*76,1763493871869
NMEA,$GNGNS,192432.00,3725.861706,N,12209.279662,W,EEEEEE,27,0.4,21.6,-32.6,,,V*2A,1763493871869
NMEA,$GNGGA,192432.00,3725.861706,N,12209.279662,W,6,12,0.4,21.6,M,-32.6,M,,*7B,1763493871869
NMEA,$PSMSG,magcal=PASS,bluesky=0*00,1763493871876
NMEA,$GPGSV,4,1,13,03,20,173,36,04,55,098,41,06,04,258,43,07,52,278,46,1*67,1763493872856
NMEA,$GPGSV,4,2,13,08,16,127,35,09,75,352,43,11,04,296,38,16,36,051,41,1*64,1763493872856
NMEA,$GPGSV,4,3,13,20,13,320,41,21,13,321,40,26,03,041,30,27,18,096,39,1*68,1763493872856
NMEA,$GPGSV,4,4,13,30,24,263,46,1*56,1763493872856
NMEA,$GPGSV,3,1,10,03,20,173,36,04,55,098,36,06,04,258,29,08,16,127,35,8*64,1763493872856
NMEA,$GPGSV,3,2,10,09,75,352,36,11,04,296,28,21,13,321,26,26,03,041,22,8*63,1763493872856
NMEA,$GPGSV,3,3,10,27,18,096,35,30,24,263,31,8*69,1763493872856
NMEA,$GLGSV,1,1,04,12,61,225,43,11,55,029,43,01,78,094,37,08,24,134,35,1*7F,1763493872856
NMEA,$GAGSV,3,1,10,02,48,173,43,03,68,069,41,05,20,107,36,08,47,314,41,7*77,1763493872856
NMEA,$GAGSV,3,2,10,13,13,278,42,15,07,229,34,16,35,051,39,25,55,074,41,7*7B,1763493872856
NMEA,$GAGSV,3,3,10,26,03,325,27,30,04,202,23,7*72,1763493872856
NMEA,$GAGSV,2,1,08,02,48,173,37,03,68,069,31,05,20,107,31,08,47,314,37,1*7B,1763493872856
NMEA,$GAGSV,2,2,08,13,13,278,32,15,07,229,22,16,35,051,33,25,55,074,34,1*7D,1763493872856
NMEA,$GQGSV,1,1,01,03,02,297,25,1*5E,1763493872856
NMEA,$GQGSV,1,1,01,03,02,297,22,8*50,1763493872856
NMEA,$GBGSV,2,1,07,37,50,047,43,36,16,231,44,32,16,143,32,23,02,049,29,1*71,1763493872856
NMEA,$GBGSV,2,2,07,22,02,319,30,20,73,158,46,19,53,313,44,1*4C,1763493872856
NMEA,$GBGSV,2,1,05,19,53,313,45,20,73,158,44,32,16,143,31,36,16,231,42,3*70,1763493872856
NMEA,$GBGSV,2,2,05,37,50,047,41,3*46,1763493872856
NMEA,$GBGSV,2,1,07,19,53,313,39,20,73,158,35,22,02,319,19,23,02,049,22,5*70,1763493872856
NMEA,$GBGSV,2,2,07,32,16,143,29,36,16,231,24,37,50,047,35,5*4E,1763493872856
NMEA,$GNGSA,A,3,03,04,07,08,09,16,20,21,27,30,,,0.6,0.4,0.5,1*37,1763493872870
NMEA,$PSSGR,GSA,A,3,03,04,08,09,21,27,30,,,,,,0.6,0.4,0.5,1,8*41,1763493872870
NMEA,$GNGSA,A,3,65,72,75,76,,,,,,,,,0.6,0.4,0.5,2*30,1763493872870
NMEA,$GNGSA,A,3,02,03,05,08,13,15,16,25,,,,,0.6,0.4,0.5,3*3E,1763493872870
NMEA,$PSSGR,GSA,A,3,302,303,305,308,313,316,325,,,,,,0.6,0.4,0.5,3,1*74,1763493872870
NMEA,$GNGSA,A,3,19,20,32,36,37,,,,,,,,0.6,0.4,0.5,4*39,1763493872870
NMEA,$PSSGR,GSA,A,3,219,220,232,236,237,,,,,,,,0.6,0.4,0.5,4,5*72,1763493872870
NMEA,$GNVTG,227.0,T,214.2,M,2.5,N,4.6,K,E*3E,1763493872870
NMEA,$GNDTM,W84,,0000.000000,N,00000.000000,E,0.000,W84*41,1763493872870
NMEA,$GNRMC,192433.00,A,3725.861237,N,12209.280247,W,2.5,227.0,181125,12.8,E,E,V*75,1763493872870
NMEA,$GNGNS,192433.00,3725.861237,N,12209.280247,W,EEEEEE,27,0.4,21.7,-32.6,,,V*28,1763493872870
NMEA,$GNGGA,192433.00,3725.861237,N,12209.280247,W,6,12,0.4,21.7,M,-32.6,M,,*79,1763493872870
NMEA,$PSMSG,magcal=PASS,bluesky=0*00,1763493872874
NMEA,$GPGSV,4,1,13,03,20,173,36,04,55,098,42,06,04,258,42,07,52,278,45,1*66,1763493873860
NMEA,$GPGSV,4,2,13,08,16,127,32,09,75,352,44,11,04,296,35,16,36,051,40,1*68,1763493873860
NMEA,$GPGSV,4,3,13,20,13,320,37,21,13,321,37,26,03,041,31,27,18,096,38,1*69,1763493873860
NMEA,$GPGSV,4,4,13,30,24,263,44,1*54,1763493873860
NMEA,$GPGSV,3,1,10,03,20,173,35,04,55,098,36,06,04,258,28,08,16,127,33,8*60,1763493873860
NMEA,$GPGSV,3,2,10,09,75,352,35,11,04,296,28,21,13,321,22,26,03,041,23,8*65,1763493873860
NMEA,$GPGSV,3,3,10,27,18,096,35,30,24,263,32,8*6A,1763493873860
NMEA,$GLGSV,1,1,04,12,61,225,44,11,55,029,42,01,78,094,36,08,24,134,38,1*75,1763493873860
NMEA,$GAGSV,3,1,10,02,48,173,42,03,68,069,40,05,20,107,37,08,47,314,40,7*77,1763493873860
NMEA,$GAGSV,3,2,10,13,13,278,43,15,07,229,37,16,35,051,38,25,55,074,40,7*79,1763493873860
NMEA,$GAGSV,3,3,10,26,03,325,25,30,04,202,29,7*7A,1763493873860
NMEA,$GAGSV,2,1,08,02,48,173,37,03,68,069,33,05,20,107,31,08,47,314,36,1*78,1763493873860
NMEA,$GAGSV,2,2,08,13,13,278,31,15,07,229,22,16,35,051,32,25,55,074,31,1*7A,1763493873860
NMEA,$GQGSV,1,1,01,03,02,297,22,8*50,1763493873860
NMEA,$GBGSV,2,1,07,37,50,047,43,36,16,231,46,32,16,143,36,23,02,049,29,1*77,1763493873860
NMEA,$GBGSV,2,2,07,22,02,319,29,20,73,158,45,19,53,313,44,1*47,1763493873860
NMEA,$GBGSV,2,1,05,19,53,313,42,20,73,158,44,32,16,143,35,36,16,231,43,3*72,1763493873860
NMEA,$GBGSV,2,2,05,37,50,047,42,3*45,1763493873860
NMEA,$GBGSV,2,1,07,19,53,313,40,20,73,158,32,22,02,319,19,23,02,049,22,5*79,1763493873860
NMEA,$GBGSV,2,2,07,32,16,143,35,36,16,231,28,37,50,047,32,5*48,1763493873860
NMEA,$GNGSA,A,3,03,04,07,08,09,16,20,21,27,30,,,0.6,0.4,0.5,1*37,1763493873875
NMEA,$PSSGR,GSA,A,3,03,04,08,09,21,27,30,,,,,,0.6,0.4,0.5,1,8*41,1763493873875
NMEA,$GNGSA,A,3,65,72,75,76,,,,,,,,,0.6,0.4,0.5,2*30,1763493873875
NMEA,$GNGSA,A,3,02,03,05,08,13,15,16,25,,,,,0.6,0.4,0.5,3*3E,1763493873875
NMEA,$PSSGR,GSA,A,3,302,303,305,308,313,316,325,,,,,,0.6,0.4,0.5,3,1*74,1763493873875
NMEA,$GNGSA,A,3,19,20,32,36,37,,,,,,,,0.6,0.4,0.5,4*39,1763493873875
NMEA,$PSSGR,GSA,A,3,219,220,232,236,237,,,,,,,,0.6,0.4,0.5,4,5*72,1763493873875
NMEA,$GNVTG,229.0,T,216.2,M,2.4,N,4.5,K,E*30,1763493873875
NMEA,$GNDTM,W84,,0000.000000,N,00000.000000,E,0.000,W84*41,1763493873875
NMEA,$GNRMC,192434.00,A,3725.860796,N,12209.280818,W,2.4,229.0,181125,12.8,E,E,V*72,1763493873875
NMEA,$GNGNS,192434.00,3725.860796,N,12209.280818,W,EEEEEE,27,0.4,21.9,-32.6,,,V*2E,1763493873875
NMEA,$GNGGA,192434.00,3725.860796,N,12209.280818,W,6,12,0.4,21.9,M,-32.6,M,,*7F,1763493873875
NMEA,$PSMSG,magcal=PASS,bluesky=0*00,1763493873879
NMEA,$GPGSV,4,1,13,03,20,173,37,04,55,098,40,06,04,258,42,07,52,278,44,1*64,1763493874859
NMEA,$GPGSV,4,2,13,08,16,127,36,09,75,352,44,11,04,296,42,16,36,051,39,1*62,1763493874859
NMEA,$GPGSV,4,3,13,20,13,320,37,21,13,321,37,26,03,041,30,27,18,096,38,1*68,1763493874859
NMEA,$GPGSV,4,4,13,30,24,263,45,1*55,1763493874859
NMEA,$GPGSV,3,1,10,03,20,173,34,04,55,098,29,06,04,258,26,08,16,127,36,8*64,1763493874859
NMEA,$GPGSV,3,2,10,09,75,352,36,11,04,296,25,21,13,321,28,26,03,041,24,8*66,1763493874859
NMEA,$GPGSV,3,3,10,27,18,096,33,30,24,263,32,8*6C,1763493874859
NMEA,$GLGSV,1,1,04,12,61,225,43,11,55,029,41,01,78,094,35,08,24,134,38,1*72,1763493874859
NMEA,$GAGSV,3,1,10,02,48,173,42,03,68,069,40,05,20,107,33,08,47,314,42,7*71,1763493874859
NMEA,$GAGSV,3,2,10,13,13,278,43,15,07,229,35,16,35,051,38,25,55,074,41,7*7A,1763493874859
NMEA,$GAGSV,3,3,10,26,03,325,25,30,04,202,23,7*70,1763493874859
NMEA,$GAGSV,2,1,08,02,48,173,33,03,68,069,34,05,20,107,27,08,47,314,33,1*79,1763493874859
NMEA,$GAGSV,2,2,08,13,13,278,28,15,07,229,22,16,35,051,33,25,55,074,29,1*7A,1763493874859
NMEA,$GQGSV,1,1,01,03,02,297,22,8*50,1763493874859
NMEA,$GBGSV,2,1,07,37,50,047,43,36,16,231,45,32,16,143,37,23,02,049,29,1*75,1763493874859
NMEA,$GBGSV,2,2,07,22,02,319,29,20,73,158,45,19,53,313,44,1*47,1763493874859
NMEA,$GBGSV,2,1,05,19,53,313,42,20,73,158,45,32,16,143,36,36,16,231,44,3*77,1763493874859
NMEA,$GBGSV,2,2,05,37,50,047,41,3*46,1763493874859
NMEA,$GBGSV,2,1,07,19,53,313,36,20,73,158,31,22,02,319,19,23,02,049,22,5*7B,1763493874859
NMEA,$GBGSV,2,2,07,32,16,143,34,36,16,231,28,37,50,047,27,5*4D,1763493874859
NMEA,$GNGSA,A,3,03,04,07,08,09,16,20,21,27,30,,,0.6,0.4,0.5,1*37,1763493874869
NMEA,$PSSGR,GSA,A,3,03,04,08,09,21,27,30,,,,,,0.6,0.4,0.5,1,8*41,1763493874869
NMEA,$GNGSA,A,3,65,72,75,76,,,,,,,,,0.6,0.4,0.5,2*30,1763493874869
NMEA,$GNGSA,A,3,02,03,05,08,13,15,16,25,,,,,0.6,0.4,0.5,3*3E,1763493874869
NMEA,$PSSGR,GSA,A,3,302,303,305,308,313,316,325,,,,,,0.6,0.4,0.5,3,1*74,1763493874869
NMEA,$GNGSA,A,3,19,20,32,36,37,,,,,,,,0.6,0.4,0.5,4*39,1763493874869
NMEA,$PSSGR,GSA,A,3,219,220,232,236,237,,,,,,,,0.6,0.4,0.5,4,5*72,1763493874869
NMEA,$GNVTG,227.6,T,214.8,M,2.3,N,4.3,K,E*31,1763493874869
NMEA,$GNDTM,W84,,0000.000000,N,00000.000000,E,0.000,W84*41,1763493874869
NMEA,$GNRMC,192435.00,A,3725.860305,N,12209.281366,W,2.3,227.6,181125,12.8,E,E,V*71,1763493874869
NMEA,$GNGNS,192435.00,3725.860305,N,12209.281366,W,EEEEEE,27,0.4,21.9,-32.6,,,V*22,1763493874869
NMEA,$GNGGA,192435.00,3725.860305,N,12209.281366,W,6,12,0.4,21.9,M,-32.6,M,,*73,1763493874869
NMEA,$PSMSG,magcal=PASS,bluesky=0*00,1763493874872
NMEA,$GPGSV,4,1,13,03,20,173,37,04,55,098,39,06,04,258,42,07,52,278,45,1*6B,1763493875857
NMEA,$GPGSV,4,2,13,08,16,127,35,09,75,352,43,11,04,296,40,16,36,051,40,1*6A,1763493875857
NMEA,$GPGSV,4,3,13,20,13,320,37,21,13,321,37,26,03,041,29,27,18,096,33,1*6B,1763493875857
NMEA,$GPGSV,4,4,13,30,24,263,45,1*55,1763493875857
NMEA,$GPGSV,3,1,10,03,20,173,36,04,55,098,32,06,04,258,22,08,16,127,35,8*6B,1763493875857
NMEA,$GPGSV,3,2,10,09,75,352,36,11,04,296,25,21,13,321,24,26,03,041,22,8*6C,1763493875857
NMEA,$GPGSV,3,3,10,27,18,096,30,30,24,263,33,8*6E,1763493875857
NMEA,$GLGSV,1,1,04,12,61,225,45,11,55,029,41,01,78,094,36,08,24,134,39,1*76,1763493875857
NMEA,$GAGSV,3,1,10,02,48,173,44,03,68,069,41,05,20,107,38,08,47,314,41,7*7E,1763493875857
NMEA,$GAGSV,3,2,10,13,13,278,43,15,07,229,36,16,35,051,38,25,55,074,39,7*76,1763493875857
NMEA,$GAGSV,3,3,10,26,03,325,25,30,04,202,23,7*70,1763493875857
NMEA,$GAGSV,2,1,08,02,48,173,37,03,68,069,33,05,20,107,31,08,47,314,33,1*7D,1763493875857
NMEA,$GAGSV,2,2,08,13,13,278,29,15,07,229,23,16,35,051,33,25,55,074,33,1*71,1763493875857
NMEA,$GQGSV,1,1,01,03,02,297,22,8*50,1763493875857
NMEA,$GBGSV,2,1,07,37,50,047,43,36,16,231,45,32,16,143,37,23,02,049,29,1*75,1763493875857
NMEA,$GBGSV,2,2,07,22,02,319,29,20,73,158,45,19,53,313,44,1*47,1763493875857
NMEA,$GBGSV,2,1,05,19,53,313,43,20,73,158,44,32,16,143,36,36,16,231,42,3*71,1763493875857
NMEA,$GBGSV,2,2,05,37,50,047,41,3*46,1763493875857
NMEA,$GBGSV,2,1,07,19,53,313,37,20,73,158,33,22,02,319,19,23,02,049,16,5*7F,1763493875857
NMEA,$GBGSV,2,2,07,32,16,143,34,36,16,231,28,37,50,047,32,5*49,1763493875857
NMEA,$GNGSA,A,3,03,04,07,08,09,16,20,21,27,30,,,0.6,0.4,0.5,1*37,1763493875873
NMEA,$PSSGR,GSA,A,3,03,04,08,09,21,27,30,,,,,,0.6,0.4,0.5,1,8*41,1763493875873
NMEA,$GNGSA,A,3,65,72,75,76,,,,,,,,,0.6,0.4,0.5,2*30,1763493875873
NMEA,$GNGSA,A,3,02,03,05,08,13,15,16,25,,,,,0.6,0.4,0.5,3*3E,1763493875873
NMEA,$PSSGR,GSA,A,3,302,303,305,308,313,316,325,,,,,,0.6,0.4,0.5,3,1*74,1763493875873
NMEA,$GNGSA,A,3,19,20,32,36,37,,,,,,,,0.6,0.4,0.5,4*39,1763493875873
NMEA,$PSSGR,GSA,A,3,219,220,232,236,237,,,,,,,,0.6,0.4,0.5,4,5*72,1763493875873
NMEA,$GNVTG,225.2,T,212.4,M,2.4,N,4.5,K,E*3C,1763493875873
NMEA,$GNDTM,W84,,0000.000000,N,00000.000000,E,0.000,W84*41,1763493875873
NMEA,$GNRMC,192436.00,A,3725.859830,N,12209.281968,W,2.4,225.2,181125,12.8,E,E,V*70,1763493875873
NMEA,$GNGNS,192436.00,3725.859830,N,12209.281968,W,EEEEEE,27,0.4,21.8,-32.6,,,V*23,1763493875873
NMEA,$GNGGA,192436.00,3725.859830,N,12209.281968,W,6,12,0.4,21.8,M,-32.6,M,,*72,1763493875873
NMEA,$PSMSG,magcal=PASS,bluesky=0*00,1763493875876
NMEA,$GPGSV,4,1,13,03,20,173,37,04,55,098,41,06,04,258,44,07,52,278,45,1*62,1763493876863
NMEA,$GPGSV,4,2,13,08,16,127,36,09,75,352,44,11,04,296,40,16,36,051,41,1*6F,1763493876863
NMEA,$GPGSV,4,3,13,20,13,320,37,21,13,321,34,26,03,041,30,27,18,096,40,1*64,1763493876863
NMEA,$GPGSV,4,4,13,30,24,263,45,1*55,1763493876863
NMEA,$GPGSV,3,1,10,03,20,173,33,04,55,098,36,06,04,258,21,08,16,127,35,8*69,1763493876863
NMEA,$GPGSV,3,2,10,09,75,352,38,11,04,296,25,21,13,321,26,26,03,041,23,8*61,1763493876863
NMEA,$GPGSV,3,3,10,27,18,096,35,30,24,263,33,8*6B,1763493876863
NMEA,$GLGSV,1,1,04,12,61,225,46,11,55,029,43,01,78,094,37,08,24,134,39,1*76,1763493876863
NMEA,$GAGSV,3,1,10,02,48,173,43,03,68,069,41,05,20,107,36,08,47,314,40,7*76,1763493876863
NMEA,$GAGSV,3,2,10,13,13,278,43,15,07,229,36,16,35,051,38,25,55,074,42,7*7A,1763493876863
NMEA,$GAGSV,3,3,10,26,03,325,25,30,04,202,23,7*70,1763493876863
NMEA,$GAGSV,2,1,08,02,48,173,37,03,68,069,25,05,20,107,29,08,47,314,26,1*77,1763493876863
NMEA,$GAGSV,2,2,08,13,13,278,33,15,07,229,23,16,35,051,33,25,55,074,36,1*7F,1763493876863
NMEA,$GQGSV,1,1,01,03,02,297,22,8*50,1763493876863
NMEA,$GBGSV,2,1,07,37,50,047,43,36,16,231,45,32,16,143,37,23,02,049,29,1*75,1763493876863
NMEA,$GBGSV,2,2,07,22,02,319,29,20,73,158,45,19,53,313,44,1*47,1763493876863
NMEA,$GBGSV,2,1,05,19,53,313,40,20,73,158,43,32,16,143,36,36,16,231,38,3*78,1763493876863
NMEA,$GBGSV,2,2,05,37,50,047,40,3*47,1763493876863
NMEA,$GBGSV,2,1,07,19,53,313,36,20,73,158,36,22,02,319,23,23,02,049,23,5*74,1763493876863
NMEA,$GBGSV,2,2,07,32,16,143,35,36,16,231,24,37,50,047,37,5*41,1763493876863
NMEA,$GNGSA,A,3,03,04,07,08,09,16,20,21,27,30,,,0.6,0.4,0.5,1*37,1763493876886
NMEA,$PSSGR,GSA,A,3,03,04,08,09,21,27,30,,,,,,0.6,0.4,0.5,1,8*41,1763493876886
NMEA,$GNGSA,A,3,65,72,75,76,,,,,,,,,0.6,0.4,0.5,2*30,1763493876886
NMEA,$GNGSA,A,3,02,03,05,08,13,15,16,25,,,,,0.6,0.4,0.5,3*3E,1763493876886
NMEA,$PSSGR,GSA,A,3,302,303,305,308,313,316,325,,,,,,0.6,0.4,0.5,3,1*74,1763493876886
NMEA,$GNGSA,A,3,19,20,32,36,37,,,,,,,,0.6,0.4,0.5,4*39,1763493876886
NMEA,$PSSGR,GSA,A,3,219,220,232,236,237,,,,,,,,0.6,0.4,0.5,4,5*72,1763493876886
NMEA,$GNVTG,223.7,T,210.9,M,2.0,N,3.7,K,E*31,1763493876886
NMEA,$GNDTM,W84,,0000.000000,N,00000.000000,E,0.000,W84*41,1763493876886
NMEA,$GNRMC,192437.00,A,3725.859450,N,12209.282504,W,2.0,223.7,181125,12.8,E,E,V*79,1763493876886
NMEA,$GNGNS,192437.00,3725.859450,N,12209.282504,W,EEEEEE,27,0.4,21.9,-32.6,,,V*2C,1763493876886
NMEA,$GNGGA,192437.00,3725.859450,N,12209.282504,W,6,12,0.4,21.9,M,-32.6,M,,*7D,1763493876886
NMEA,$PSMSG,magcal=PASS,bluesky=0*00,1763493876898
NMEA,$GPGSV,4,1,13,03,20,173,36,04,55,098,41,06,04,258,42,07,52,278,44,1*64,1763493877860
NMEA,$GPGSV,4,2,13,08,16,127,36,09,75,352,45,11,04,296,40,16,36,051,45,1*6A,1763493877860
NMEA,$GPGSV,4,3,13,20,13,320,37,21,13,321,30,26,03,041,27,27,18,096,39,1*68,1763493877860
NMEA,$GPGSV,4,4,13,30,24,263,44,1*54,1763493877860
NMEA,$GPGSV,3,1,10,03,20,173,33,04,55,098,38,06,04,258,28,08,16,127,36,8*6D,1763493877860
NMEA,$GPGSV,3,2,10,09,75,352,37,11,04,296,27,21,13,321,24,26,03,041,21,8*6C,1763493877860
NMEA,$GPGSV,3,3,10,27,18,096,34,30,24,263,35,8*6C,1763493877860
NMEA,$GLGSV,1,1,04,12,61,225,41,11,55,029,43,01,78,094,38,08,24,134,40,1*70,1763493877860
NMEA,$GAGSV,3,1,10,02,48,173,39,03,68,069,37,05,20,107,37,08,47,314,40,7*7B,1763493877860
NMEA,$GAGSV,3,2,10,13,13,278,41,15,07,229,38,16,35,051,43,25,55,074,39,7*76,1763493877860
NMEA,$GAGSV,3,3,10,26,03,325,25,30,04,202,23,7*70,1763493877860
NMEA,$GAGSV,2,1,08,02,48,173,37,03,68,069,32,05,20,107,32,08,47,314,30,1*7C,1763493877860
NMEA,$GAGSV,2,2,08,13,13,278,32,15,07,229,22,16,35,051,33,25,55,074,35,1*7C,1763493877860
NMEA,$GQGSV,1,1,01,03,02,297,22,8*50,1763493877860
NMEA,$GBGSV,2,1,07,37,50,047,43,36,16,231,45,32,16,143,37,23,02,049,29,1*75,1763493877860
NMEA,$GBGSV,2,2,07,22,02,319,29,20,73,158,45,19,53,313,44,1*47,1763493877860
NMEA,$GBGSV,2,1,05,19,53,313,42,20,73,158,42,32,16,143,35,36,16,231,37,3*77,1763493877860
NMEA,$GBGSV,2,2,05,37,50,047,42,3*45,1763493877860
NMEA,$GBGSV,2,1,05,19,53,313,35,20,73,158,32,32,16,143,34,36,16,231,24,5*75,1763493877860
NMEA,$GBGSV,2,2,05,37,50,047,39,5*4F,1763493877860
NMEA,$GNGSA,A,3,03,04,07,08,09,16,20,21,27,30,,,0.6,0.4,0.5,1*37,1763493877869
NMEA,$PSSGR,GSA,A,3,03,04,08,09,21,27,30,,,,,,0.6,0.4,0.5,1,8*41,1763493877869
NMEA,$GNGSA,A,3,65,72,75,76,,,,,,,,,0.6,0.4,0.5,2*30,1763493877869
NMEA,$GNGSA,A,3,02,03,05,08,13,15,16,25,,,,,0.6,0.4,0.5,3*3E,1763493877869
NMEA,$PSSGR,GSA,A,3,302,303,305,308,313,316,325,,,,,,0.6,0.4,0.5,3,1*74,1763493877869
NMEA,$GNGSA,A,3,19,20,32,36,37,,,,,,,,0.6,0.4,0.5,4*39,1763493877869
NMEA,$PSSGR,GSA,A,3,219,220,232,236,237,,,,,,,,0.6,0.4,0.5,4,5*72,1763493877869
NMEA,$GNVTG,234.2,T,221.4,M,2.3,N,4.3,K,E*3D,1763493877869
NMEA,$GNDTM,W84,,0000.000000,N,00000.000000,E,0.000,W84*41,1763493877869
NMEA,$GNRMC,192438.00,A,3725.859101,N,12209.283175,W,2.3,234.2,181125,12.8,E,E,V*74,1763493877869
NMEA,$GNGNS,192438.00,3725.859101,N,12209.283175,W,EEEEEE,27,0.4,21.7,-32.6,,,V*2F,1763493877869
NMEA,$GNGGA,192438.00,3725.859101,N,12209.283175,W,6,12,0.4,21.7,M,-32.6,M,,*7E,1763493877869
NMEA,$PSMSG,magcal=PASS,bluesky=0*00,1763493877872
NMEA,$GPGSV,4,1,13,03,20,173,36,04,55,098,41,06,04,258,42,07,52,278,47,1*67,1763493878861
NMEA,$GPGSV,4,2,13,08,16,127,35,09,75,352,44,11,04,296,36,16,36,051,38,1*63,1763493878861
NMEA,$GPGSV,4,3,13,20,13,320,40,21,13,321,36,26,03,041,29,27,18,096,37,1*6E,1763493878861
NMEA,$GPGSV,4,4,13,30,24,263,44,1*54,1763493878861
NMEA,$GPGSV,3,1,10,03,20,173,34,04,55,098,36,06,04,258,26,08,16,127,36,8*6A,1763493878861
NMEA,$GPGSV,3,2,10,09,75,352,36,11,04,296,24,21,13,321,24,26,03,041,22,8*6D,1763493878861
NMEA,$GPGSV,3,3,10,27,18,096,34,30,24,263,33,8*6A,1763493878861
NMEA,$GLGSV,1,1,04,12,61,225,44,11,55,029,41,01,78,094,37,08,24,134,36,1*79,1763493878861
NMEA,$GAGSV,3,1,10,02,48,173,44,03,68,069,36,05,20,107,37,08,47,314,42,7*72,1763493878861
NMEA,$GAGSV,3,2,10,13,13,278,42,15,07,229,36,16,35,051,35,25,55,074,38,7*7B,1763493878861
NMEA,$GAGSV,3,3,10,26,03,325,25,30,04,202,23,7*70,1763493878861
NMEA,$GAGSV,2,1,08,02,48,173,36,03,68,069,31,05,20,107,28,08,47,314,36,1*73,1763493878861
NMEA,$GAGSV,2,2,08,13,13,278,25,15,07,229,22,16,35,051,34,25,55,074,31,1*79,1763493878861
NMEA,$GQGSV,1,1,01,03,02,297,22,8*50,1763493878861
NMEA,$GBGSV,2,1,07,37,50,047,43,36,16,231,45,32,16,143,37,23,02,049,29,1*75,1763493878861
NMEA,$GBGSV,2,2,07,22,02,319,29,20,73,158,45,19,53,313,44,1*47,1763493878861
NMEA,$GBGSV,2,1,05,19,53,313,43,20,73,158,42,32,16,143,32,36,16,231,33,3*75,1763493878861
NMEA,$GBGSV,2,2,05,37,50,047,41,3*46,1763493878861
NMEA,$GBGSV,2,1,05,19,53,313,37,20,73,158,34,32,16,143,35,36,16,231,21,5*75,1763493878861
NMEA,$GBGSV,2,2,05,37,50,047,32,5*44,1763493878861
NMEA,$GNGSA,A,3,03,04,07,08,09,16,20,21,27,30,,,0.6,0.4,0.5,1*37,1763493878872
NMEA,$PSSGR,GSA,A,3,03,04,08,09,21,27,30,,,,,,0.6,0.4,0.5,1,8*41,1763493878872
NMEA,$GNGSA,A,3,65,72,75,76,,,,,,,,,0.6,0.4,0.5,2*30,1763493878872
NMEA,$GNGSA,A,3,02,03,05,08,13,15,16,25,,,,,0.6,0.4,0.5,3*3E,1763493878872
NMEA,$PSSGR,GSA,A,3,302,303,305,308,313,316,325,,,,,,0.6,0.4,0.5,3,1*74,1763493878872
NMEA,$GNGSA,A,3,19,20,32,36,37,,,,,,,,0.6,0.4,0.5,4*39,1763493878872
NMEA,$PSSGR,GSA,A,3,219,220,232,236,237,,,,,,,,0.6,0.4,0.5,4,5*72,1763493878872
NMEA,$GNVTG,225.7,T,212.9,M,2.2,N,4.1,K,E*36,1763493878872
NMEA,$GNDTM,W84,,0000.000000,N,00000.000000,E,0.000,W84*41,1763493878872
NMEA,$GNRMC,192439.00,A,3725.858682,N,12209.283749,W,2.2,225.7,181125,12.8,E,E,V*75,1763493878872
NMEA,$GNGNS,192439.00,3725.858682,N,12209.283749,W,EEEEEE,27,0.4,21.6,-32.6,,,V*2B,1763493878872
NMEA,$GNGGA,192439.00,3725.858682,N,12209.283749,W,6,12,0.4,21.6,M,-32.6,M,,*7A,1763493878872
NMEA,$PSMSG,magcal=PASS,bluesky=0*00,1763493878880
NMEA,$GPGSV,4,1,13,03,20,173,31,04,55,098,42,06,04,258,40,07,52,278,46,1*60,1763493879859
NMEA,$GPGSV,4,2,13,08,16,127,35,09,75,352,43,11,04,296,37,16,36,051,38,1*65,1763493879859
NMEA,$GPGSV,4,3,13,20,13,320,39,21,13,321,35,26,03,041,26,27,18,096,38,1*63,1763493879859
NMEA,$GPGSV,4,4,13,30,24,263,44,1*54,1763493879859
NMEA,$GPGSV,3,1,10,03,20,173,32,04,55,098,34,06,04,258,23,08,16,127,36,8*6B,1763493879859
NMEA,$GPGSV,3,2,10,09,75,352,37,11,04,296,25,21,13,321,28,26,03,041,22,8*61,1763493879859
NMEA,$GPGSV,3,3,10,27,18,096,35,30,24,263,30,8*68,1763493879859
NMEA,$GLGSV,1,1,04,12,61,225,45,11,55,029,42,01,78,094,38,08,24,134,37,1*75,1763493879859
NMEA,$GAGSV,3,1,10,02,48,173,43,03,68,069,37,05,20,107,37,08,47,314,41,7*77,1763493879859
NMEA,$GAGSV,3,2,10,13,13,278,44,15,07,229,37,16,35,051,37,25,55,074,39,7*7F,1763493879859
NMEA,$GAGSV,3,3,10,26,03,325,25,30,04,202,23,7*70,1763493879859
NMEA,$GAGSV,2,1,08,02,48,173,35,03,68,069,32,05,20,107,31,08,47,314,30,1*7D,1763493879859
NMEA,$GAGSV,2,2,08,13,13,278,32,15,07,229,24,16,35,051,33,25,55,074,31,1*7E,1763493879859
NMEA,$GQGSV,1,1,01,03,02,297,22,8*50,1763493879859
NMEA,$GBGSV,2,1,07,37,50,047,43,36,16,231,45,32,16,143,37,23,02,049,29,1*75,1763493879859
NMEA,$GBGSV,2,2,07,22,02,319,29,20,73,158,45,19,53,313,44,1*47,1763493879859
NMEA,$GBGSV,2,1,05,19,53,313,42,20,73,158,44,32,16,143,33,36,16,231,37,3*77,1763493879859
NMEA,$GBGSV,2,2,05,37,50,047,41,3*46,1763493879859
NMEA,$GBGSV,2,1,05,19,53,313,35,20,73,158,35,32,16,143,36,36,16,231,22,5*76,1763493879859
NMEA,$GBGSV,2,2,05,37,50,047,31,5*47,1763493879859
NMEA,$GNGSA,A,3,03,04,07,08,09,16,20,21,27,30,,,0.6,0.4,0.5,1*37,1763493879879
NMEA,$PSSGR,GSA,A,3,03,04,08,09,21,27,30,,,,,,0.6,0.4,0.5,1,8*41,1763493879879
NMEA,$GNGSA,A,3,65,72,75,76,,,,,,,,,0.6,0.4,0.5,2*30,1763493879879
NMEA,$GNGSA,A,3,02,03,05,08,13,15,16,25,,,,,0.6,0.4,0.5,3*3E,1763493879879
NMEA,$PSSGR,GSA,A,3,302,303,305,308,313,316,325,,,,,,0.6,0.4,0.5,3,1*74,1763493879879
NMEA,$GNGSA,A,3,19,20,32,36,37,,,,,,,,0.6,0.4,0.5,4*39,1763493879879
NMEA,$PSSGR,GSA,A,3,219,220,232,236,237,,,,,,,,0.6,0.4,0.5,4,5*72,1763493879879
NMEA,$GNVTG,229.5,T,216.7,M,2.2,N,4.1,K,E*32,1763493879879
NMEA,$GNDTM,W84,,0000.000000,N,00000.000000,E,0.000,W84*41,1763493879879
NMEA,$GNRMC,192440.00,A,3725.858306,N,12209.284328,W,2.2,229.5,181125,12.8,E,E,V*78,1763493879879
NMEA,$GNGNS,192440.00,3725.858306,N,12209.284328,W,EEEEEE,27,0.4,21.6,-32.6,,,V*28,1763493879879
NMEA,$GNGGA,192440.00,3725.858306,N,12209.284328,W,6,12,0.4,21.6,M,-32.6,M,,*79,1763493879879
NMEA,$PSMSG,magcal=PASS,bluesky=0*00,1763493879884
NMEA,$GPGSV,3,1,12,04,55,098,41,06,04,258,38,07,52,278,45,08,16,127,34,1*63,1763493880858
NMEA,$GPGSV,3,2,12,09,75,352,43,11,04,296,36,16,36,051,38,20,13,320,39,1*64,1763493880858
NMEA,$GPGSV,3,3,12,21,13,321,38,26,03,041,27,27,18,096,38,30,24,263,44,1*60,1763493880858
NMEA,$GPGSV,3,1,10,03,20,173,28,04,55,098,33,06,04,258,22,08,16,127,37,8*67,1763493880858
NMEA,$GPGSV,3,2,10,09,75,352,37,11,04,296,24,21,13,321,29,26,03,041,20,8*63,1763493880858
NMEA,$GPGSV,3,3,10,27,18,096,33,30,24,263,30,8*6E,1763493880858
NMEA,$GLGSV,1,1,04,12,61,225,45,11,55,029,41,01,78,094,38,08,24,134,35,1*74,1763493880858
NMEA,$GAGSV,3,1,10,02,48,173,42,03,68,069,38,05,20,107,36,08,47,314,41,7*78,1763493880858
NMEA,$GAGSV,3,2,10,13,13,278,40,15,07,229,37,16,35,051,37,25,55,074,38,7*7A,1763493880858
NMEA,$GAGSV,3,3,10,26,03,325,25,30,04,202,23,7*70,1763493880858
NMEA,$GAGSV,2,1,08,02,48,173,34,03,68,069,31,05,20,107,31,08,47,314,29,1*77,1763493880858
NMEA,$GAGSV,2,2,08,13,13,278,25,15,07,229,23,16,35,051,31,25,55,074,31,1*7D,1763493880858
NMEA,$GQGSV,1,1,01,03,02,297,22,8*50,1763493880858
NMEA,$GBGSV,2,1,07,37,50,047,43,36,16,231,45,32,16,143,37,23,02,049,29,1*75,1763493880858
NMEA,$GBGSV,2,2,07,22,02,319,29,20,73,158,45,19,53,313,44,1*47,1763493880858
NMEA,$GBGSV,2,1,05,19,53,313,41,20,73,158,43,32,16,143,32,36,16,231,37,3*72,1763493880858
NMEA,$GBGSV,2,2,05,37,50,047,41,3*46,1763493880858
NMEA,$GBGSV,2,1,05,19,53,313,36,20,73,158,33,32,16,143,35,36,16,231,22,5*70,1763493880858
NMEA,$GBGSV,2,2,05,37,50,047,32,5*44,1763493880858
NMEA,$GNGSA,A,3,03,04,07,08,09,16,20,21,27,30,,,0.7,0.4,0.5,1*36,1763493880880
NMEA,$PSSGR,GSA,A,3,03,04,08,09,21,27,30,,,,,,0.7,0.4,0.5,1,8*40,1763493880880
NMEA,$GNGSA,A,3,65,72,75,76,,,,,,,,,0.7,0.4,0.5,2*31,1763493880880
NMEA,$GNGSA,A,3,02,03,05,08,13,15,16,25,,,,,0.7,0.4,0.5,3*3F,1763493880880
NMEA,$PSSGR,GSA,A,3,302,303,305,308,313,316,325,,,,,,0.7,0.4,0.5,3,1*75,1763493880880
NMEA,$GNGSA,A,3,19,20,32,36,37,,,,,,,,0.7,0.4,0.5,4*38,1763493880880
NMEA,$PSSGR,GSA,A,3,219,220,232,236,237,,,,,,,,0.7,0.4,0.5,4,5*73,1763493880880
NMEA,$GNVTG,227.4,T,214.6,M,2.4,N,4.5,K,E*3C,1763493880880
NMEA,$GNDTM,W84,,0000.000000,N,00000.000000,E,0.000,W84*41,1763493880880
NMEA,$GNRMC,192441.00,A,3725.857879,N,12209.284935,W,2.4,227.4,181125,12.8,E,E,V*7A,1763493880880
NMEA,$GNGNS,192441.00,3725.857879,N,12209.284935,W,EEEEEE,27,0.4,21.5,-32.6,,,V*20,1763493880880
NMEA,$GNGGA,192441.00,3725.857879,N,12209.284935,W,6,12,0.4,21.5,M,-32.6,M,,*71,1763493880880
NMEA,$PSMSG,magcal=PASS,bluesky=0*00,1763493880885
NMEA,$GPGSV,4,1,13,03,20,173,31,04,55,098,40,06,04,258,40,07,52,278,45,1*61,1763493881860
NMEA,$GPGSV,4,2,13,08,16,127,37,09,75,352,44,11,04,296,42,16,36,051,38,1*62,1763493881860
NMEA,$GPGSV,4,3,13,20,13,320,39,21,13,321,37,26,03,041,28,27,18,096,38,1*6F,1763493881860
NMEA,$GPGSV,4,4,13,30,24,263,45,1*55,1763493881860
NMEA,$GPGSV,3,1,10,03,20,173,23,04,55,098,29,06,04,258,23,08,16,127,34,8*65,1763493881860
NMEA,$GPGSV,3,2,10,09,75,352,36,11,04,296,26,21,13,321,30,26,03,041,20,8*68,1763493881860
NMEA,$GPGSV,3,3,10,27,18,096,34,30,24,263,33,8*6A,1763493881860
NMEA,$GLGSV,1,1,04,12,61,225,44,11,55,029,41,01,78,094,38,08,24,134,36,1*76,1763493881860
NMEA,$GAGSV,3,1,10,02,48,173,42,03,68,069,39,05,20,107,36,08,47,314,39,7*76,1763493881860
NMEA,$GAGSV,3,2,10,13,13,278,41,15,07,229,35,16,35,051,37,25,55,074,40,7*76,1763493881860
NMEA,$GAGSV,3,3,10,26,03,325,25,30,04,202,23,7*70,1763493881860
NMEA,$GAGSV,2,1,08,02,48,173,28,03,68,069,32,05,20,107,31,08,47,314,26,1*76,1763493881860
NMEA,$GAGSV,2,2,08,13,13,278,30,15,07,229,23,16,35,051,33,25,55,074,29,1*72,1763493881860
NMEA,$GQGSV,1,1,01,03,02,297,22,8*50,1763493881860
NMEA,$GBGSV,2,1,07,37,50,047,43,36,16,231,45,32,16,143,37,23,02,049,29,1*75,1763493881860
NMEA,$GBGSV,2,2,07,22,02,319,29,20,73,158,45,19,53,313,44,1*47,1763493881860
NMEA,$GBGSV,2,1,05,19,53,313,41,20,73,158,43,32,16,143,35,36,16,231,39,3*7B,1763493881860
NMEA,$GBGSV,2,2,05,37,50,047,43,3*44,1763493881860
NMEA,$GBGSV,2,1,05,19,53,313,31,20,73,158,33,32,16,143,32,36,16,231,24,5*76,1763493881860
NMEA,$GBGSV,2,2,05,37,50,047,29,5*4E,1763493881860
NMEA,$GNGSA,A,3,03,04,07,08,09,16,20,21,27,30,,,0.7,0.4,0.5,1*36,1763493881874
NMEA,$PSSGR,GSA,A,3,03,04,08,09,21,27,30,,,,,,0.7,0.4,0.5,1,8*40,1763493881874
NMEA,$GNGSA,A,3,65,72,75,76,,,,,,,,,0.7,0.4,0.5,2*31,1763493881874
NMEA,$GNGSA,A,3,02,03,05,08,13,15,16,25,,,,,0.7,0.4,0.5,3*3F,1763493881874
NMEA,$PSSGR,GSA,A,3,302,303,305,308,313,316,325,,,,,,0.7,0.4,0.5,3,1*75,1763493881874
NMEA,$GNGSA,A,3,19,20,32,36,37,,,,,,,,0.7,0.4,0.5,4*38,1763493881874
NMEA,$PSSGR,GSA,A,3,219,220,232,236,237,,,,,,,,0.7,0.4,0.5,4,5*73,1763493881874
NMEA,$GNVTG,230.1,T,217.3,M,2.4,N,4.4,K,E*38,1763493881874
NMEA,$GNDTM,W84,,0000.000000,N,00000.000000,E,0.000,W84*41,1763493881874
NMEA,$GNRMC,192442.00,A,3725.857426,N,12209.285516,W,2.4,230.1,181125,12.8,E,E,V*70,1763493881874
NMEA,$GNGNS,192442.00,3725.857426,N,12209.285516,W,EEEEEE,27,0.4,21.5,-32.6,,,V*29,1763493881874
NMEA,$GNGGA,192442.00,3725.857426,N,12209.285516,W,6,12,0.4,21.5,M,-32.6,M,,*78,1763493881874
NMEA,$PSMSG,magcal=PASS,bluesky=0*00,1763493881877
NMEA,$GPGSV,4,1,13,03,20,173,32,04,55,098,41,06,04,258,38,07,52,278,44,1*6D,1763493882860
NMEA,$GPGSV,4,2,13,08,16,127,37,09,75,352,43,11,04,296,40,16,36,051,41,1*69,1763493882860
NMEA,$GPGSV,4,3,13,20,13,320,39,21,13,321,38,26,03,041,29,27,18,096,39,1*60,1763493882860
NMEA,$GPGSV,4,4,13,30,24,263,45,1*55,1763493882860
NMEA,$GPGSV,3,1,10,03,20,173,24,04,55,098,29,06,04,258,23,08,16,127,35,8*63,1763493882860
NMEA,$GPGSV,3,2,10,09,75,352,36,11,04,296,22,21,13,321,29,26,03,041,20,8*64,1763493882860
NMEA,$GPGSV,3,3,10,27,18,096,34,30,24,263,31,8*68,1763493882860
NMEA,$GLGSV,1,1,04,12,61,225,42,11,55,029,41,01,78,094,38,08,24,134,37,1*71,1763493882860
NMEA,$GAGSV,3,1,10,02,48,173,40,03,68,069,40,05,20,107,36,08,47,314,40,7*74,1763493882860
NMEA,$GAGSV,3,2,10,13,13,278,41,15,07,229,32,16,35,051,40,25,55,074,41,7*70,1763493882860
NMEA,$GAGSV,3,3,10,26,03,325,25,30,04,202,23,7*70,1763493882860
NMEA,$GAGSV,2,1,08,02,48,173,28,03,68,069,36,05,20,107,31,08,47,314,28,1*7C,1763493882860
NMEA,$GAGSV,2,2,08,13,13,278,27,15,07,229,23,16,35,051,32,25,55,074,29,1*75,1763493882860
NMEA,$GQGSV,1,1,01,03,02,297,26,1*5D,1763493882860
NMEA,$GQGSV,1,1,01,03,02,297,22,8*50,1763493882860
NMEA,$GBGSV,2,1,07,37,50,047,43,36,16,231,45,32,16,143,37,23,02,049,29,1*75,1763493882860
NMEA,$GBGSV,2,2,07,22,02,319,29,20,73,158,45,19,53,313,44,1*47,1763493882860
NMEA,$GBGSV,2,1,05,19,53,313,43,20,73,158,42,32,16,143,36,36,16,231,42,3*77,1763493882860
NMEA,$GBGSV,2,2,05,37,50,047,42,3*45,1763493882860
NMEA,$GBGSV,2,1,05,19,53,313,32,20,73,158,33,32,16,143,33,36,16,231,25,5*75,1763493882860
NMEA,$GBGSV,2,2,05,37,50,047,26,5*41,1763493882860
NMEA,$GNGSA,A,3,03,04,07,08,09,16,20,21,27,30,,,0.7,0.4,0.5,1*36,1763493882882
NMEA,$PSSGR,GSA,A,3,03,04,08,09,21,27,30,,,,,,0.7,0.4,0.5,1,8*40,1763493882882
NMEA,$GNGSA,A,3,65,72,75,76,,,,,,,,,0.7,0.4,0.5,2*31,1763493882882
NMEA,$GNGSA,A,3,02,03,05,08,13,15,16,25,,,,,0.7,0.4,0.5,3*3F,1763493882882
NMEA,$PSSGR,GSA,A,3,302,303,305,308,313,316,325,,,,,,0.7,0.4,0.5,3,1*75,1763493882882
NMEA,$GNGSA,A,3,19,20,32,36,37,,,,,,,,0.7,0.4,0.5,4*38,1763493882882
NMEA,$PSSGR,GSA,A,3,219,220,232,236,237,,,,,,,,0.7,0.4,0.5,4,5*73,1763493882882
NMEA,$GNVTG,228.5,T,215.7,M,2.2,N,4.1,K,E*30,1763493882882
NMEA,$GNDTM,W84,,0000.000000,N,00000.000000,E,0.000,W84*41,1763493882882
NMEA,$GNRMC,192443.00,A,3725.856983,N,12209.286049,W,2.2,228.5,181125,12.8,E,E,V*75,1763493882882
NMEA,$GNGNS,192443.00,3725.856983,N,12209.286049,W,EEEEEE,27,0.4,21.4,-32.6,,,V*26,1763493882882
NMEA,$GNGGA,192443.00,3725.856983,N,12209.286049,W,6,12,0.4,21.4,M,-32.6,M,,*77,1763493882882
NMEA,$PSMSG,magcal=PASS,bluesky=0*00,1763493882889
NMEA,$GPGSV,4,1,13,03,20,173,34,04,55,098,40,06,04,258,39,07,52,278,46,1*69,1763493883860
NMEA,$GPGSV,4,2,13,08,16,127,37,09,75,352,44,11,04,296,39,16,36,051,39,1*6F,1763493883860
NMEA,$GPGSV,4,3,13,20,13,320,39,21,13,321,38,26,03,041,27,27,18,096,38,1*6F,1763493883860
NMEA,$GPGSV,4,4,13,30,24,263,46,1*56,1763493883860
NMEA,$GPGSV,3,1,10,03,20,173,27,04,55,098,29,06,04,258,20,08,16,127,35,8*63,1763493883860
NMEA,$GPGSV,3,2,10,09,75,352,37,11,04,296,21,21,13,321,30,26,03,041,17,8*6A,1763493883860
NMEA,$GPGSV,3,3,10,27,18,096,33,30,24,263,33,8*6D,1763493883860
NMEA,$GLGSV,1,1,04,12,61,225,45,11,55,029,41,01,78,094,39,08,24,134,38,1*78,1763493883860
NMEA,$GAGSV,3,1,10,02,48,173,41,03,68,069,40,05,20,107,37,08,47,314,38,7*7B,1763493883860
NMEA,$GAGSV,3,2,10,13,13,278,42,15,07,229,31,16,35,051,38,25,55,074,41,7*7F,1763493883860
NMEA,$GAGSV,3,3,10,26,03,325,25,30,04,202,23,7*70,1763493883860
NMEA,$GAGSV,2,1,08,02,48,173,28,03,68,069,35,05,20,107,30,08,47,314,27,1*71,1763493883860
NMEA,$GAGSV,2,2,08,13,13,278,32,15,07,229,17,16,35,051,31,25,55,074,29,1*75,1763493883860
NMEA,$GQGSV,1,1,01,03,02,297,26,1*5D,1763493883860
NMEA,$GBGSV,2,1,07,37,50,047,43,36,16,231,45,32,16,143,37,23,02,049,29,1*75,1763493883860
NMEA,$GBGSV,2,2,07,22,02,319,29,20,73,158,45,19,53,313,44,1*47,1763493883860
NMEA,$GBGSV,2,1,05,19,53,313,42,20,73,158,42,32,16,143,36,36,16,231,39,3*7A,1763493883860
NMEA,$GBGSV,2,2,05,37,50,047,41,3*46,1763493883860
NMEA,$GBGSV,2,1,05,19,53,313,31,20,73,158,33,32,16,143,35,36,16,231,32,5*76,1763493883860
NMEA,$GBGSV,2,2,05,37,50,047,27,5*40,1763493883860
NMEA,$GNGSA,A,3,03,04,07,08,09,16,20,21,27,30,,,0.7,0.4,0.5,1*36,1763493883871
NMEA,$PSSGR,GSA,A,3,03,04,08,09,21,27,30,,,,,,0.7,0.4,0.5,1,8*40,1763493883871
NMEA,$GNGSA,A,3,65,72,75,76,,,,,,,,,0.7,0.4,0.5,2*31,1763493883871
NMEA,$GNGSA,A,3,02,03,05,08,13,15,16,25,,,,,0.7,0.4,0.5,3*3F,1763493883871
NMEA,$PSSGR,GSA,A,3,302,303,305,308,313,316,325,,,,,,0.7,0.4,0.5,3,1*75,1763493883871
NMEA,$GNGSA,A,3,19,20,32,36,37,,,,,,,,0.7,0.4,0.5,4*38,1763493883871
NMEA,$PSSGR,GSA,A,3,219,220,232,236,237,,,,,,,,0.7,0.4,0.5,4,5*73,1763493883871
NMEA,$GNVTG,229.5,T,216.7,M,2.3,N,4.3,K,E*31,1763493883871
NMEA,$GNDTM,W84,,0000.000000,N,00000.000000,E,0.000,W84*41,1763493883871
NMEA,$GNRMC,192444.00,A,3725.856525,N,12209.286655,W,2.3,229.5,181125,12.8,E,E,V*79,1763493883871
NMEA,$GNGNS,192444.00,3725.856525,N,12209.286655,W,EEEEEE,27,0.4,21.5,-32.6,,,V*2B,1763493883871
NMEA,$GNGGA,192444.00,3725.856525,N,12209.286655,W,6,12,0.4,21.5,M,-32.6,M,,*7A,1763493883871
NMEA,$PSMSG,magcal=PASS,bluesky=0*00,1763493883875
NMEA,$GPGSV,4,1,13,03,20,173,32,04,55,098,41,06,04,258,37,07,52,278,46,1*60,1763493884860
NMEA,$GPGSV,4,2,13,08,16,127,34,09,75,352,44,11,04,296,38,16,36,051,37,1*63,1763493884860
NMEA,$GPGSV,4,3,13,20,13,320,39,21,13,321,36,26,03,041,28,27,18,096,38,1*6E,1763493884860
NMEA,$GPGSV,4,4,13,30,24,263,44,1*54,1763493884860
NMEA,$GPGSV,3,1,10,03,20,173,27,04,55,098,33,06,04,258,24,08,16,127,36,8*6F,1763493884860
NMEA,$GPGSV,3,2,10,09,75,352,37,11,04,296,22,21,13,321,27,26,03,041,17,8*6F,1763493884860
NMEA,$GPGSV,3,3,10,27,18,096,35,30,24,263,33,8*6B,1763493884860
NMEA,$GLGSV,1,1,04,12,61,225,42,11,55,029,41,01,78,094,38,08,24,134,37,1*71,1763493884860
NMEA,$GAGSV,3,1,10,02,48,173,43,03,68,069,39,05,20,107,37,08,47,314,40,7*78,1763493884860
NMEA,$GAGSV,3,2,10,13,13,278,42,15,07,229,28,16,35,051,37,25,55,074,40,7*79,1763493884860
NMEA,$GAGSV,3,3,10,26,03,325,25,30,04,202,23,7*70,1763493884860
NMEA,$GAGSV,2,1,08,02,48,173,34,03,68,069,32,05,20,107,31,08,47,314,34,1*78,1763493884860
NMEA,$GAGSV,2,2,08,13,13,278,30,15,07,229,17,16,35,051,32,25,55,074,32,1*7E,1763493884860
NMEA,$GQGSV,1,1,01,03,02,297,22,1*59,1763493884860
NMEA,$GBGSV,2,1,07,37,50,047,43,36,16,231,45,32,16,143,37,23,02,049,29,1*75,1763493884860
NMEA,$GBGSV,2,2,07,22,02,319,29,20,73,158,45,19,53,313,44,1*47,1763493884860
NMEA,$GBGSV,2,1,05,19,53,313,45,20,73,158,43,32,16,143,35,36,16,231,40,3*71,1763493884860
NMEA,$GBGSV,2,2,05,37,50,047,40,3*47,1763493884860
NMEA,$GBGSV,2,1,05,19,53,313,38,20,73,158,33,32,16,143,34,36,16,231,23,5*7E,1763493884860
NMEA,$GBGSV,2,2,05,37,50,047,31,5*47,1763493884860
NMEA,$GNGSA,A,3,03,04,07,08,09,16,20,21,27,30,,,0.7,0.4,0.5,1*36,1763493884871
NMEA,$PSSGR,GSA,A,3,03,04,08,09,21,27,30,,,,,,0.7,0.4,0.5,1,8*40,1763493884871
NMEA,$GNGSA,A,3,65,72,75,76,,,,,,,,,0.7,0.4,0.5,2*31,1763493884871
NMEA,$GNGSA,A,3,02,03,05,08,13,15,16,25,,,,,0.7,0.4,0.5,3*3F,1763493884871
NMEA,$PSSGR,GSA,A,3,302,303,305,308,313,316,325,,,,,,0.7,0.4,0.5,3,1*75,1763493884871
NMEA,$GNGSA,A,3,19,20,32,36,37,,,,,,,,0.7,0.4,0.5,4*38,1763493884871
NMEA,$PSSGR,GSA,A,3,219,220,232,236,237,,,,,,,,0.7,0.4,0.5,4,5*73,1763493884871
NMEA,$GNVTG,227.3,T,214.5,M,2.4,N,4.4,K,E*39,1763493884871
NMEA,$GNDTM,W84,,0000.000000,N,00000.000000,E,0.000,W84*41,1763493884871
NMEA,$GNRMC,192445.00,A,3725.856035,N,12209.287264,W,2.4,227.3,181125,12.8,E,E,V*74,1763493884871
NMEA,$GNGNS,192445.00,3725.856035,N,12209.287264,W,EEEEEE,27,0.4,21.6,-32.6,,,V*2A,1763493884871
NMEA,$GNGGA,192445.00,3725.856035,N,12209.287264,W,6,12,0.4,21.6,M,-32.6,M,,*7B,1763493884871
NMEA,$PSMSG,magcal=PASS,bluesky=0*00,1763493884874
NMEA,$GPGSV,4,1,13,03,20,173,35,04,55,098,41,06,04,258,36,07,52,278,44,1*64,1763493885861
NMEA,$GPGSV,4,2,13,08,16,127,36,09,75,352,44,11,04,296,39,16,36,051,39,1*6E,1763493885861
NMEA,$GPGSV,4,3,13,20,13,320,41,21,13,321,38,26,03,041,29,27,18,096,39,1*6F,1763493885861
NMEA,$GPGSV,4,4,13,30,24,263,44,1*54,1763493885861
NMEA,$GPGSV,3,1,10,03,20,173,32,04,55,098,31,06,04,258,23,08,16,127,37,8*6F,1763493885861
NMEA,$GPGSV,3,2,10,09,75,352,35,11,04,296,30,21,13,321,28,26,03,041,17,8*61,1763493885861
NMEA,$GPGSV,3,3,10,27,18,096,35,30,24,263,31,8*69,1763493885861
NMEA,$GLGSV,1,1,04,12,61,225,42,11,54,029,42,01,77,099,36,08,23,134,37,1*78,1763493885861
NMEA,$GAGSV,3,1,10,02,48,173,41,03,68,069,40,05,20,107,36,08,47,314,40,7*75,1763493885861
NMEA,$GAGSV,3,2,10,13,13,278,41,15,07,229,28,16,35,051,38,25,55,074,41,7*74,1763493885861
NMEA,$GAGSV,3,3,10,26,03,325,25,30,04,202,23,7*70,1763493885861
NMEA,$GAGSV,2,1,08,02,48,173,31,03,68,069,34,05,20,107,31,08,47,314,32,1*7D,1763493885861
NMEA,$GAGSV,2,2,08,13,13,278,32,15,07,229,17,16,35,051,34,25,55,074,29,1*70,1763493885861
NMEA,$GQGSV,1,1,01,03,02,297,22,1*59,1763493885861
NMEA,$GBGSV,2,1,07,37,50,047,43,36,16,231,45,32,16,143,37,23,02,049,29,1*75,1763493885861
NMEA,$GBGSV,2,2,07,22,02,319,29,20,73,158,45,19,53,313,44,1*47,1763493885861
NMEA,$GBGSV,2,1,05,19,53,313,44,20,73,158,43,32,16,143,35,36,16,231,41,3*71,1763493885861
NMEA,$GBGSV,2,2,05,37,50,047,40,3*47,1763493885861
NMEA,$GBGSV,2,1,05,19,53,313,34,20,73,158,32,32,16,143,35,36,16,231,28,5*79,1763493885861
NMEA,$GBGSV,2,2,05,37,50,047,26,5*41,1763493885861
NMEA,$GNGSA,A,3,03,04,07,08,09,16,20,21,27,30,,,0.7,0.4,0.5,1*36,1763493885874
NMEA,$PSSGR,GSA,A,3,03,04,08,09,21,27,30,,,,,,0.7,0.4,0.5,1,8*40,1763493885874
NMEA,$GNGSA,A,3,65,72,75,76,,,,,,,,,0.7,0.4,0.5,2*31,1763493885874
NMEA,$GNGSA,A,3,02,03,05,08,13,15,16,25,,,,,0.7,0.4,0.5,3*3F,1763493885874
NMEA,$PSSGR,GSA,A,3,302,303,305,308,313,316,325,,,,,,0.7,0.4,0.5,3,1*75,1763493885874
NMEA,$GNGSA,A,3,19,20,32,36,37,,,,,,,,0.7,0.4,0.5,4*38,1763493885874
NMEA,$PSSGR,GSA,A,3,219,220,232,236,237,,,,,,,,0.7,0.4,0.5,4,5*73,1763493885874
NMEA,$GNVTG,224.0,T,211.2,M,2.3,N,4.3,K,E*3B,1763493885874
NMEA,$GNDTM,W84,,0000.000000,N,00000.000000,E,0.000,W84*41,1763493885874
NMEA,$GNRMC,192446.00,A,3725.855535,N,12209.287803,W,2.3,224.0,181125,12.8,E,E,V*7D,1763493885874
NMEA,$GNGNS,192446.00,3725.855535,N,12209.287803,W,EEEEEE,27,0.4,21.6,-32.6,,,V*24,1763493885874
NMEA,$GNGGA,192446.00,3725.855535,N,12209.287803,W,6,12,0.4,21.6,M,-32.6,M,,*75,1763493885874
NMEA,$PSMSG,magcal=PASS,bluesky=0*00,1763493885880
NMEA,$GPGSV,4,1,13,03,20,173,38,04,55,098,41,06,04,258,37,07,52,278,46,1*6A,1763493886861
NMEA,$GPGSV,4,2,13,08,16,127,34,09,75,352,44,11,04,296,38,16,36,051,37,1*63,1763493886861
NMEA,$GPGSV,4,3,13,20,13,320,41,21,13,321,39,26,03,041,30,27,18,096,40,1*68,1763493886861
NMEA,$GPGSV,4,4,13,30,24,263,44,1*54,1763493886861
NMEA,$GPGSV,3,1,10,03,20,173,35,04,55,098,30,06,04,258,24,08,16,127,36,8*6F,1763493886861
NMEA,$GPGSV,3,2,10,09,75,352,34,11,04,296,28,21,13,321,29,26,03,041,18,8*67,1763493886861
NMEA,$GPGSV,3,3,10,27,18,096,35,30,24,263,31,8*69,1763493886861
NMEA,$GLGSV,1,1,04,12,61,225,43,11,54,029,42,01,77,099,38,08,23,134,38,1*78,1763493886861
NMEA,$GAGSV,3,1,10,02,48,173,42,03,68,069,40,05,20,107,37,08,47,314,37,7*77,1763493886861
NMEA,$GAGSV,3,2,10,13,13,278,42,15,07,229,22,16,35,051,36,25,55,074,39,7*7C,1763493886861
NMEA,$GAGSV,3,3,10,26,03,325,25,30,04,202,23,7*70,1763493886861
NMEA,$GAGSV,2,1,08,02,48,173,30,03,68,069,34,05,20,107,31,08,47,314,34,1*7A,1763493886861
NMEA,$GAGSV,2,2,08,13,13,278,31,15,07,229,19,16,35,051,33,25,55,074,29,1*7A,1763493886861
NMEA,$GBGSV,2,1,07,37,50,047,43,36,16,231,45,32,16,143,37,23,02,049,29,1*75,1763493886861
NMEA,$GBGSV,2,2,07,22,02,319,29,20,73,158,45,19,53,313,44,1*47,1763493886861
NMEA,$GBGSV,2,1,05,19,53,313,44,20,73,158,44,32,16,143,36,36,16,231,42,3*76,1763493886861
NMEA,$GBGSV,2,2,05,37,50,047,40,3*47,1763493886861
NMEA,$GBGSV,2,1,05,19,53,313,36,20,73,158,33,32,16,143,34,36,16,231,27,5*74,1763493886861
NMEA,$GBGSV,2,2,05,37,50,047,29,5*4E,1763493886861
NMEA,$GNGSA,A,3,03,04,07,08,09,16,20,21,27,30,,,0.7,0.4,0.5,1*36,1763493886880
NMEA,$PSSGR,GSA,A,3,03,04,08,09,21,27,30,,,,,,0.7,0.4,0.5,1,8*40,1763493886880
NMEA,$GNGSA,A,3,65,72,75,76,,,,,,,,,0.7,0.4,0.5,2*31,1763493886880
NMEA,$GNGSA,A,3,02,03,05,08,13,15,16,25,,,,,0.7,0.4,0.5,3*3F,1763493886880
NMEA,$PSSGR,GSA,A,3,302,303,305,308,313,316,325,,,,,,0.7,0.4,0.5,3,1*75,1763493886880
NMEA,$GNGSA,A,3,19,20,32,36,37,,,,,,,,0.7,0.4,0.5,4*38,1763493886880
NMEA,$PSSGR,GSA,A,3,219,220,232,236,237,,,,,,,,0.7,0.4,0.5,4,5*73,1763493886880
NMEA,$GNVTG,225.7,T,212.9,M,2.4,N,4.4,K,E*35,1763493886880
NMEA,$GNDTM,W84,,0000.000000,N,00000.000000,E,0.000,W84*41,1763493886880
NMEA,$GNRMC,192447.00,A,3725.855028,N,12209.288397,W,2.4,225.7,181125,12.8,E,E,V*7D,1763493886880
NMEA,$GNGNS,192447.00,3725.855028,N,12209.288397,W,EEEEEE,27,0.4,21.6,-32.6,,,V*25,1763493886880
NMEA,$GNGGA,192447.00,3725.855028,N,12209.288397,W,6,12,0.4,21.6,M,-32.6,M,,*74,1763493886880
NMEA,$PSMSG,magcal=PASS,bluesky=0*00,1763493886886
NMEA,$GPGSV,4,1,13,03,20,173,39,04,55,098,41,06,04,258,38,07,52,278,45,1*67,1763493887860
NMEA,$GPGSV,4,2,13,08,16,127,34,09,75,352,44,11,04,296,39,16,36,051,39,1*6C,1763493887860
NMEA,$GPGSV,4,3,13,20,13,320,41,21,13,321,40,26,03,041,30,27,18,096,39,1*68,1763493887860
NMEA,$GPGSV,4,4,13,30,24,263,44,1*54,1763493887860
NMEA,$GPGSV,3,1,10,03,20,173,34,04,55,098,30,06,04,258,22,08,16,127,35,8*6B,1763493887860
NMEA,$GPGSV,3,2,10,09,75,352,34,11,04,296,28,21,13,321,29,26,03,041,18,8*67,1763493887860
NMEA,$GPGSV,3,3,10,27,18,096,35,30,24,263,30,8*68,1763493887860
NMEA,$GLGSV,1,1,04,12,61,225,44,11,54,029,42,01,77,099,38,08,23,134,37,1*70,1763493887860
NMEA,$GAGSV,3,1,10,02,48,173,42,03,68,069,39,05,20,107,37,08,47,314,37,7*79,1763493887860
NMEA,$GAGSV,3,2,10,13,13,278,40,15,07,229,25,16,35,051,37,25,55,074,39,7*78,1763493887860
NMEA,$GAGSV,3,3,10,26,03,325,25,30,04,202,23,7*70,1763493887860
NMEA,$GAGSV,2,1,08,02,48,173,31,03,68,069,34,05,20,107,30,08,47,314,35,1*7B,1763493887860
NMEA,$GAGSV,2,2,08,13,13,278,30,15,07,229,19,16,35,051,34,25,55,074,29,1*7C,1763493887860
NMEA,$GBGSV,2,1,07,37,50,047,43,36,16,231,45,32,16,143,37,23,02,049,29,1*75,1763493887860
NMEA,$GBGSV,2,2,07,22,02,319,29,20,73,158,45,19,53,313,44,1*47,1763493887860
NMEA,$GBGSV,2,1,05,19,53,313,44,20,73,158,44,32,16,143,36,36,16,231,40,3*74,1763493887860
NMEA,$GBGSV,2,2,05,37,50,047,42,3*45,1763493887860
NMEA,$GBGSV,2,1,05,19,53,313,34,20,73,158,31,32,16,143,34,36,16,231,27,5*74,1763493887860
NMEA,$GBGSV,2,2,05,37,50,047,29,5*4E,1763493887860
NMEA,$GNGSA,A,3,03,04,07,08,09,16,20,21,27,30,,,0.7,0.4,0.5,1*36,1763493887879
NMEA,$PSSGR,GSA,A,3,03,04,08,09,21,27,30,,,,,,0.7,0.4,0.5,1,8*40,1763493887879
NMEA,$GNGSA,A,3,65,72,75,76,,,,,,,,,0.7,0.4,0.5,2*31,1763493887879
NMEA,$GNGSA,A,3,02,03,05,08,13,15,16,25,,,,,0.7,0.4,0.5,3*3F,1763493887879
NMEA,$PSSGR,GSA,A,3,302,303,305,308,313,316,325,,,,,,0.7,0.4,0.5,3,1*75,1763493887879
NMEA,$GNGSA,A,3,19,20,32,36,37,,,,,,,,0.7,0.4,0.5,4*38,1763493887879
NMEA,$PSSGR,GSA,A,3,219,220,232,236,237,,,,,,,,0.7,0.4,0.5,4,5*73,1763493887879
NMEA,$GNVTG,227.9,T,215.1,M,2.4,N,4.4,K,E*36,1763493887879
NMEA,$GNDTM,W84,,0000.000000,N,00000.000000,E,0.000,W84*41,1763493887879
NMEA,$GNRMC,192448.00,A,3725.854512,N,12209.289010,W,2.4,227.9,181125,12.8,E,E,V*7E,1763493887879
NMEA,$GNGNS,192448.00,3725.854512,N,12209.289010,W,EEEEEE,27,0.4,21.6,-32.6,,,V*2A,1763493887879
NMEA,$GNGGA,192448.00,3725.854512,N,12209.289010,W,6,12,0.4,21.6,M,-32.6,M,,*7B,1763493887879
NMEA,$PSMSG,magcal=PASS,bluesky=0*00,1763493887884
NMEA,$GPGSV,4,1,13,03,20,173,39,04,55,098,41,06,04,258,37,07,52,278,44,1*69,1763493888861
NMEA,$GPGSV,4,2,13,08,16,127,35,09,75,352,44,11,04,296,39,16,36,051,41,1*62,1763493888861
NMEA,$GPGSV,4,3,13,20,13,320,38,21,13,321,37,26,03,041,30,27,18,096,38,1*67,1763493888861
NMEA,$GPGSV,4,4,13,30,24,263,44,1*54,1763493888861
NMEA,$GPGSV,3,1,10,03,20,173,34,04,55,098,30,06,04,258,22,08,16,127,37,8*69,1763493888861
NMEA,$GPGSV,3,2,10,09,75,352,33,11,04,296,25,21,13,321,28,26,03,041,18,8*6C,1763493888861
NMEA,$GPGSV,3,3,10,27,18,096,35,30,24,263,32,8*6A,1763493888861
NMEA,$GLGSV,1,1,04,12,61,225,42,11,54,029,42,01,77,099,38,08,23,134,37,1*76,1763493888861
NMEA,$GAGSV,3,1,10,02,48,173,44,03,68,069,40,05,20,107,37,08,47,314,39,7*7F,1763493888861
NMEA,$GAGSV,3,2,10,13,13,278,42,15,07,229,26,16,35,051,39,25,55,074,39,7*77,1763493888861
NMEA,$GAGSV,3,3,10,26,03,325,25,30,04,202,23,7*70,1763493888861
NMEA,$GAGSV,2,1,08,02,48,173,29,03,68,069,35,05,20,107,30,08,47,314,34,1*72,1763493888861
NMEA,$GAGSV,2,2,08,13,13,278,25,15,07,229,19,16,35,051,34,25,55,074,28,1*79,1763493888861
NMEA,$GBGSV,2,1,07,37,50,047,43,36,16,231,45,32,16,143,37,23,02,049,29,1*75,1763493888861
NMEA,$GBGSV,2,2,07,22,02,319,29,20,73,158,45,19,53,313,44,1*47,1763493888861
NMEA,$GBGSV,2,1,05,19,53,313,44,20,73,158,43,32,16,143,35,36,16,231,37,3*70,1763493888861
NMEA,$GBGSV,2,2,05,37,50,047,43,3*44,1763493888861
NMEA,$GBGSV,2,1,05,19,53,313,34,20,73,158,30,32,16,143,35,36,16,231,29,5*7A,1763493888861
NMEA,$GBGSV,2,2,05,37,50,047,28,5*4F,1763493888861
NMEA,$GNGSA,A,3,03,04,07,08,09,16,20,21,27,30,,,0.7,0.4,0.5,1*36,1763493888877
NMEA,$PSSGR,GSA,A,3,03,04,08,09,21,27,30,,,,,,0.7,0.4,0.5,1,8*40,1763493888877
NMEA,$GNGSA,A,3,65,72,75,76,,,,,,,,,0.7,0.4,0.5,2*31,1763493888877
NMEA,$GNGSA,A,3,02,03,05,08,13,15,16,25,,,,,0.7,0.4,0.5,3*3F,1763493888877
NMEA,$PSSGR,GSA,A,3,302,303,305,308,313,316,325,,,,,,0.7,0.4,0.5,3,1*75,1763493888877
NMEA,$GNGSA,A,3,19,20,32,36,37,,,,,,,,0.7,0.4,0.5,4*38,1763493888877
NMEA,$PSSGR,GSA,A,3,219,220,232,236,237,,,,,,,,0.7,0.4,0.5,4,5*73,1763493888877
NMEA,$GNVTG,226.1,T,213.3,M,2.3,N,4.3,K,E*3B,1763493888877
NMEA,$GNDTM,W84,,0000.000000,N,00000.000000,E,0.000,W84*41,1763493888877
NMEA,$GNRMC,192449.00,A,3725.853982,N,12209.289577,W,2.3,226.1,181125,12.8,E,E,V*77,1763493888877
NMEA,$GNGNS,192449.00,3725.853982,N,12209.289577,W,EEEEEE,27,0.4,21.8,-32.6,,,V*23,1763493888877
NMEA,$GNGGA,192449.00,3725.853982,N,12209.289577,W,6,12,0.4,21.8,M,-32.6,M,,*72,1763493888877
NMEA,$PSMSG,magcal=PASS,bluesky=0*00,1763493888882
NMEA,$GPGSV,4,1,13,03,20,173,38,04,55,098,41,06,04,258,37,07,52,278,44,1*68,1763493889859
NMEA,$GPGSV,4,2,13,08,16,127,35,09,75,352,43,11,04,296,35,16,36,051,39,1*66,1763493889859
NMEA,$GPGSV,4,3,13,20,13,320,39,21,13,321,38,26,03,041,32,27,18,096,38,1*6B,1763493889859
NMEA,$GPGSV,4,4,13,30,24,263,44,1*54,1763493889859
NMEA,$GPGSV,3,1,10,03,20,173,34,04,55,098,32,06,04,258,22,08,16,127,36,8*6A,1763493889859
NMEA,$GPGSV,3,2,10,09,75,352,36,11,04,296,25,21,13,321,25,26,03,041,18,8*64,1763493889859
NMEA,$GPGSV,3,3,10,27,18,096,34,30,24,263,32,8*6B,1763493889859
NMEA,$GLGSV,1,1,04,12,61,225,45,11,54,029,41,01,77,099,38,08,23,134,37,1*72,1763493889859
NMEA,$GAGSV,3,1,10,02,48,173,44,03,68,069,40,05,20,107,37,08,47,314,40,7*71,1763493889859
NMEA,$GAGSV,3,2,10,13,13,278,41,15,07,229,31,16,35,051,39,25,55,074,40,7*7C,1763493889859
NMEA,$GAGSV,3,3,10,26,03,325,25,30,04,202,23,7*70,1763493889859
NMEA,$GAGSV,2,1,08,02,48,173,33,03,68,069,34,05,20,107,32,08,47,314,31,1*7F,1763493889859
NMEA,$GAGSV,2,2,08,13,13,278,30,15,07,229,19,16,35,051,34,25,55,074,29,1*7C,1763493889859
NMEA,$GBGSV,2,1,07,37,50,047,43,36,16,231,45,32,16,143,37,23,02,049,29,1*75,1763493889859
NMEA,$GBGSV,2,2,07,22,02,319,29,20,73,158,45,19,53,313,44,1*47,1763493889859
NMEA,$GBGSV,2,1,05,19,53,313,43,20,73,158,44,32,16,143,35,36,16,231,39,3*7E,1763493889859
NMEA,$GBGSV,2,2,05,37,50,047,42,3*45,1763493889859
NMEA,$GBGSV,2,1,05,19,53,313,33,20,73,158,34,32,16,143,36,36,16,231,27,5*74,1763493889859
NMEA,$GBGSV,2,2,05,37,50,047,31,5*47,1763493889859
NMEA,$GNGSA,A,3,03,04,07,08,09,16,20,21,27,30,,,0.7,0.4,0.5,1*36,1763493889882
NMEA,$PSSGR,GSA,A,3,03,04,08,09,21,27,30,,,,,,0.7,0.4,0.5,1,8*40,1763493889882
NMEA,$GNGSA,A,3,65,72,75,76,,,,,,,,,0.7,0.4,0.5,2*31,1763493889882
NMEA,$GNGSA,A,3,02,03,05,08,13,15,16,25,,,,,0.7,0.4,0.5,3*3F,1763493889882
NMEA,$PSSGR,GSA,A,3,302,303,305,308,313,316,325,,,,,,0.7,0.4,0.5,3,1*75,1763493889882
NMEA,$GNGSA,A,3,19,20,32,36,37,,,,,,,,0.7,0.4,0.5,4*38,1763493889882
NMEA,$PSSGR,GSA,A,3,219,220,232,236,237,,,,,,,,0.7,0.4,0.5,4,5*73,1763493889882
NMEA,$GNVTG,230.9,T,218.1,M,2.4,N,4.5,K,E*3C,1763493889882
NMEA,$GNDTM,W84,,0000.000000,N,00000.000000,E,0.000,W84*41,1763493889882
NMEA,$GNRMC,192450.00,A,3725.853576,N,12209.290247,W,2.4,230.9,181125,12.8,E,E,V*7C,1763493889882
NMEA,$GNGNS,192450.00,3725.853576,N,12209.290247,W,EEEEEE,27,0.4,21.8,-32.6,,,V*20,1763493889882
NMEA,$GNGGA,192450.00,3725.853576,N,12209.290247,W,6,12,0.4,21.8,M,-32.6,M,,*71,1763493889882
NMEA,$PSMSG,magcal=PASS,bluesky=0*00,1763493889889
NMEA,$GPGSV,4,1,13,03,20,173,36,04,55,098,41,06,04,258,34,07,52,278,45,1*64,1763493890860
NMEA,$GPGSV,4,2,13,08,16,127,34,09,75,352,43,11,04,296,38,16,36,051,40,1*64,1763493890860
NMEA,$GPGSV,4,3,13,20,13,320,39,21,13,321,36,26,03,041,29,27,18,096,39,1*6E,1763493890860
NMEA,$GPGSV,4,4,13,30,24,263,43,1*53,1763493890860
NMEA,$GPGSV,3,1,10,03,20,173,36,04,55,098,32,06,04,258,24,08,16,127,36,8*6E,1763493890860
NMEA,$GPGSV,3,2,10,09,75,352,36,11,04,296,28,21,13,321,27,26,03,041,18,8*6B,1763493890860
NMEA,$GPGSV,3,3,10,27,18,096,35,30,24,263,32,8*6A,1763493890860
NMEA,$GLGSV,1,1,04,12,61,225,45,11,54,029,40,01,77,099,38,08,23,134,37,1*73,1763493890860
NMEA,$GAGSV,3,1,10,02,48,173,43,03,68,069,40,05,20,107,35,08,47,314,39,7*7A,1763493890860
NMEA,$GAGSV,3,2,10,13,13,278,40,15,07,229,32,16,35,051,38,25,55,074,39,7*71,1763493890860
NMEA,$GAGSV,3,3,10,26,03,325,25,30,04,202,23,7*70,1763493890860
NMEA,$GAGSV,2,1,08,02,48,173,33,03,68,069,33,05,20,107,33,08,47,314,28,1*71,1763493890860
NMEA,$GAGSV,2,2,08,13,13,278,32,15,07,229,19,16,35,051,33,25,55,074,30,1*71,1763493890860
NMEA,$GBGSV,2,1,07,37,50,047,43,36,16,231,45,32,16,143,37,23,02,049,29,1*75,1763493890860
NMEA,$GBGSV,2,2,07,22,02,319,29,20,73,158,45,19,53,313,44,1*47,1763493890860
NMEA,$GBGSV,2,1,05,19,53,313,43,20,73,158,43,32,16,143,35,36,16,231,39,3*79,1763493890860
NMEA,$GBGSV,2,2,05,37,50,047,41,3*46,1763493890860
NMEA,$GBGSV,2,1,05,19,53,313,36,20,73,158,34,32,16,143,35,36,16,231,27,5*72,1763493890860
NMEA,$GBGSV,2,2,05,37,50,047,31,5*47,1763493890860
NMEA,$GNGSA,A,3,03,04,07,08,09,16,20,21,27,30,,,0.7,0.4,0.5,1*36,1763493890873
NMEA,$PSSGR,GSA,A,3,03,04,08,09,21,27,30,,,,,,0.7,0.4,0.5,1,8*40,1763493890873
NMEA,$GNGSA,A,3,65,72,75,76,,,,,,,,,0.7,0.4,0.5,2*31,1763493890873
NMEA,$GNGSA,A,3,02,03,05,08,13,15,16,25,,,,,0.7,0.4,0.5,3*3F,1763493890873
NMEA,$PSSGR,GSA,A,3,302,303,305,308,313,316,325,,,,,,0.7,0.4,0.5,3,1*75,1763493890873
NMEA,$GNGSA,A,3,19,20,32,36,37,,,,,,,,0.7,0.4,0.5,4*38,1763493890873
NMEA,$PSSGR,GSA,A,3,219,220,232,236,237,,,,,,,,0.7,0.4,0.5,4,5*73,1763493890873
NMEA,$GNVTG,226.5,T,213.7,M,2.4,N,4.4,K,E*3B,1763493890873
NMEA,$GNDTM,W84,,0000.000000,N,00000.000000,E,0.000,W84*41,1763493890873
NMEA,$GNRMC,192451.00,A,3725.853122,N,12209.290874,W,2.4,226.5,181125,12.8,E,E,V*79,1763493890873
NMEA,$GNGNS,192451.00,3725.853122,N,12209.290874,W,EEEEEE,27,0.4,22.0,-32.6,,,V*25,1763493890873
NMEA,$GNGGA,192451.00,3725.853122,N,12209.290874,W,6,12,0.4,22.0,M,-32.6,M,,*74,1763493890873
NMEA,$PSMSG,magcal=PASS,bluesky=0*00,1763493890894
NMEA,$GPGSV,4,1,13,03,20,173,38,04,55,098,41,06,04,258,36,07,52,278,44,1*69,1763493891860
NMEA,$GPGSV,4,2,13,08,16,127,37,09,75,352,44,11,04,296,41,16,36,051,39,1*60,1763493891860
NMEA,$GPGSV,4,3,13,20,13,320,40,21,13,321,39,26,03,041,28,27,18,096,39,1*6E,1763493891860
NMEA,$GPGSV,4,4,13,30,24,263,44,1*54,1763493891860
NMEA,$GPGSV,3,1,10,03,20,173,34,04,55,098,31,06,04,258,23,08,16,127,36,8*68,1763493891860
NMEA,$GPGSV,3,2,10,09,75,352,35,11,04,296,33,21,13,321,24,26,03,041,18,8*61,1763493891860
NMEA,$GPGSV,3,3,10,27,18,096,32,30,24,263,33,8*6C,1763493891860
NMEA,$GLGSV,1,1,04,12,61,225,45,11,54,029,41,01,77,099,37,08,23,134,37,1*7D,1763493891860
NMEA,$GAGSV,3,1,10,02,48,173,43,03,68,069,39,05,20,107,37,08,47,314,39,7*76,1763493891860
NMEA,$GAGSV,3,2,10,13,13,278,39,15,07,229,32,16,35,051,38,25,55,074,40,7*71,1763493891860
NMEA,$GAGSV,3,3,10,26,03,325,25,30,04,202,23,7*70,1763493891860
NMEA,$GAGSV,2,1,08,02,48,173,29,03,68,069,34,05,20,107,31,08,47,314,29,1*7E,1763493891860
NMEA,$GAGSV,2,2,08,13,13,278,33,15,07,229,19,16,35,051,32,25,55,074,29,1*79,1763493891860
NMEA,$GBGSV,2,1,07,37,50,047,43,36,16,231,45,32,16,143,37,23,02,049,29,1*75,1763493891860
NMEA,$GBGSV,2,2,07,22,02,319,29,20,73,158,45,19,53,313,44,1*47,1763493891860
NMEA,$GBGSV,2,1,05,19,53,313,43,20,73,158,43,32,16,143,35,36,16,231,42,3*75,1763493891860
NMEA,$GBGSV,2,2,05,37,50,047,44,3*43,1763493891860
NMEA,$GBGSV,2,1,05,19,53,313,31,20,73,158,31,32,16,143,34,36,16,231,30,5*77,1763493891860
NMEA,$GBGSV,2,2,05,37,50,047,29,5*4E,1763493891860
NMEA,$GNGSA,A,3,03,04,07,08,09,16,20,21,27,30,,,0.7,0.4,0.5,1*36,1763493891869
NMEA,$PSSGR,GSA,A,3,03,04,08,09,21,27,30,,,,,,0.7,0.4,0.5,1,8*40,1763493891869
NMEA,$GNGSA,A,3,65,72,75,76,,,,,,,,,0.7,0.4,0.5,2*31,1763493891869
NMEA,$GNGSA,A,3,02,03,05,08,13,15,16,25,,,,,0.7,0.4,0.5,3*3F,1763493891869
NMEA,$PSSGR,GSA,A,3,302,303,305,308,313,316,325,,,,,,0.7,0.4,0.5,3,1*75,1763493891869
NMEA,$GNGSA,A,3,19,20,32,36,37,,,,,,,,0.7,0.4,0.5,4*38,1763493891869
NMEA,$PSSGR,GSA,A,3,219,220,232,236,237,,,,,,,,0.7,0.4,0.5,4,5*73,1763493891869
NMEA,$GNVTG,228.3,T,215.5,M,2.4,N,4.5,K,E*36,1763493891869
NMEA,$GNDTM,W84,,0000.000000,N,00000.000000,E,0.000,W84*41,1763493891869
NMEA,$GNRMC,192452.00,A,3725.852691,N,12209.291509,W,2.4,228.3,181125,12.8,E,E,V*7A,1763493891869
NMEA,$GNGNS,192452.00,3725.852691,N,12209.291509,W,EEEEEE,27,0.4,22.1,-32.6,,,V*2F,1763493891869
NMEA,$GNGGA,192452.00,3725.852691,N,12209.291509,W,6,12,0.4,22.1,M,-32.6,M,,*7E,1763493891869
NMEA,$PSMSG,magcal=PASS,bluesky=0*00,1763493891872
NMEA,$GPGSV,4,1,13,03,20,173,37,04,55,098,40,06,04,258,39,07,52,278,44,1*68,1763493892861
NMEA,$GPGSV,4,2,13,08,16,127,37,09,75,352,44,11,04,296,41,16,36,051,36,1*6F,1763493892861
NMEA,$GPGSV,4,3,13,20,13,320,41,21,13,321,39,26,03,041,28,27,18,096,39,1*6F,1763493892861
NMEA,$GPGSV,4,4,13,30,24,263,46,1*56,1763493892861
NMEA,$GPGSV,3,1,10,03,20,173,34,04,55,098,30,06,04,258,22,08,16,127,35,8*6B,1763493892861
NMEA,$GPGSV,3,2,10,09,75,352,36,11,04,296,30,21,13,321,29,26,03,041,19,8*6D,1763493892861
NMEA,$GPGSV,3,3,10,27,18,096,33,30,24,263,33,8*6D,1763493892861
NMEA,$GLGSV,1,1,04,12,61,225,43,11,54,029,41,01,77,099,37,08,23,134,37,1*7B,1763493892861
NMEA,$GAGSV,3,1,10,02,48,173,42,03,68,069,39,05,20,107,38,08,47,314,39,7*78,1763493892861
NMEA,$GAGSV,3,2,10,13,13,278,42,15,07,229,32,16,35,051,35,25,55,074,40,7*70,1763493892861
NMEA,$GAGSV,3,3,10,26,03,325,25,30,04,202,23,7*70,1763493892861
NMEA,$GAGSV,2,1,08,02,48,173,29,03,68,069,35,05,20,107,32,08,47,314,25,1*70,1763493892861
NMEA,$GAGSV,2,2,08,13,13,278,30,15,07,229,19,16,35,051,32,25,55,074,28,1*7B,1763493892861
NMEA,$GBGSV,2,1,07,37,50,047,43,36,16,231,45,32,16,143,37,23,02,049,29,1*75,1763493892861
NMEA,$GBGSV,2,2,07,22,02,319,29,20,73,158,45,19,53,313,44,1*47,1763493892861
NMEA,$GBGSV,2,1,05,19,53,313,43,20,73,158,43,32,16,143,36,36,16,231,39,3*7A,1763493892861
NMEA,$GBGSV,2,2,05,37,50,047,42,3*45,1763493892861
NMEA,$GBGSV,2,1,05,19,53,313,33,20,73,158,33,32,16,143,35,36,16,231,32,5*74,1763493892861
NMEA,$GBGSV,2,2,05,37,50,047,30,5*46,1763493892861
NMEA,$GNGSA,A,3,03,04,07,08,09,16,20,21,27,30,,,0.7,0.4,0.5,1*36,1763493892879
NMEA,$PSSGR,GSA,A,3,03,04,08,09,21,27,30,,,,,,0.7,0.4,0.5,1,8*40,1763493892879
NMEA,$GNGSA,A,3,65,72,75,76,,,,,,,,,0.7,0.4,0.5,2*31,1763493892879
NMEA,$GNGSA,A,3,02,03,05,08,13,15,16,25,,,,,0.7,0.4,0.5,3*3F,1763493892879
NMEA,$PSSGR,GSA,A,3,302,303,305,308,313,316,325,,,,,,0.7,0.4,0.5,3,1*75,1763493892879
NMEA,$GNGSA,A,3,19,20,32,36,37,,,,,,,,0.7,0.4,0.5,4*38,1763493892879
NMEA,$PSSGR,GSA,A,3,219,220,232,236,237,,,,,,,,0.7,0.4,0.5,4,5*73,1763493892879
NMEA,$GNVTG,229.9,T,217.1,M,2.3,N,4.2,K,E*3B,1763493892879
NMEA,$GNDTM,W84,,0000.000000,N,00000.000000,E,0.000,W84*41,1763493892879
NMEA,$GNRMC,192453.00,A,3725.852301,N,12209.292120,W,2.3,229.9,181125,12.8,E,E,V*77,1763493892879
NMEA,$GNGNS,192453.00,3725.852301,N,12209.292120,W,EEEEEE,27,0.4,22.2,-32.6,,,V*2D,1763493892879
NMEA,$GNGGA,192453.00,3725.852301,N,12209.292120,W,6,12,0.4,22.2,M,-32.6,M,,*7C,1763493892879
NMEA,$PSMSG,magcal=PASS,bluesky=0*00,1763493892892
NMEA,$GPGSV,4,1,13,03,20,173,37,04,55,098,40,06,04,258,32,07,52,278,45,1*62,1763493893856
NMEA,$GPGSV,4,2,13,08,16,127,38,09,75,352,44,11,04,296,41,16,36,051,36,1*60,1763493893856
NMEA,$GPGSV,4,3,13,20,13,320,40,21,13,321,39,26,03,041,23,27,18,096,38,1*64,1763493893856
NMEA,$GPGSV,4,4,13,30,24,263,46,1*56,1763493893856
NMEA,$GPGSV,3,1,10,03,20,173,35,04,55,098,30,06,04,258,21,08,16,127,36,8*6A,1763493893856
NMEA,$GPGSV,3,2,10,09,75,352,37,11,04,296,32,21,13,321,30,26,03,041,19,8*66,1763493893856
NMEA,$GPGSV,3,3,10,27,18,096,34,30,24,263,33,8*6A,1763493893856
NMEA,$GLGSV,1,1,04,12,61,225,44,11,54,029,41,01,77,099,39,08,23,134,36,1*73,1763493893856
NMEA,$GAGSV,3,1,10,02,48,173,43,03,68,069,39,05,20,107,36,08,47,314,40,7*79,1763493893856
NMEA,$GAGSV,3,2,10,13,13,278,42,15,07,229,30,16,35,051,35,25,55,074,40,7*72,1763493893856
NMEA,$GAGSV,3,3,10,26,03,325,25,30,04,202,23,7*70,1763493893856
NMEA,$GAGSV,2,1,08,02,48,173,30,03,68,069,34,05,20,107,32,08,47,314,28,1*74,1763493893856
NMEA,$GAGSV,2,2,08,13,13,278,32,15,07,229,19,16,35,051,31,25,55,074,30,1*73,1763493893856
NMEA,$GBGSV,2,1,07,37,50,047,43,36,16,231,45,32,16,143,37,23,02,049,29,1*75,1763493893856
NMEA,$GBGSV,2,2,07,22,02,319,29,20,73,158,45,19,53,313,44,1*47,1763493893856
NMEA,$GBGSV,2,1,05,19,53,313,42,20,73,158,44,32,16,143,36,36,16,231,40,3*72,1763493893856
NMEA,$GBGSV,2,2,05,37,50,047,42,3*45,1763493893856
NMEA,$GBGSV,2,1,05,19,53,313,32,20,73,158,34,32,16,143,34,36,16,231,30,5*71,1763493893856
NMEA,$GBGSV,2,2,05,37,50,047,30,5*46,1763493893856
NMEA,$GNGSA,A,3,03,04,07,08,09,16,20,21,27,30,,,0.7,0.4,0.5,1*36,1763493893870
NMEA,$PSSGR,GSA,A,3,03,04,08,09,21,27,30,,,,,,0.7,0.4,0.5,1,8*40,1763493893870
NMEA,$GNGSA,A,3,65,72,75,76,,,,,,,,,0.7,0.4,0.5,2*31,1763493893870
NMEA,$GNGSA,A,3,02,03,05,08,13,15,16,25,,,,,0.7,0.4,0.5,3*3F,1763493893870
NMEA,$PSSGR,GSA,A,3,302,303,305,308,313,316,325,,,,,,0.7,0.4,0.5,3,1*75,1763493893870
NMEA,$GNGSA,A,3,19,20,32,36,37,,,,,,,,0.7,0.4,0.5,4*38,1763493893870
NMEA,$PSSGR,GSA,A,3,219,220,232,236,237,,,,,,,,0.7,0.4,0.5,4,5*73,1763493893870
NMEA,$GNVTG,225.4,T,212.6,M,2.4,N,4.4,K,E*39,1763493893870
NMEA,$GNDTM,W84,,0000.000000,N,00000.000000,E,0.000,W84*41,1763493893870
NMEA,$GNRMC,192454.00,A,3725.851859,N,12209.292709,W,2.4,225.4,181125,12.8,E,E,V*7E,1763493893870
NMEA,$GNGNS,192454.00,3725.851859,N,12209.292709,W,EEEEEE,27,0.4,22.2,-32.6,,,V*22,1763493893870
NMEA,$GNGGA,192454.00,3725.851859,N,12209.292709,W,6,12,0.4,22.2,M,-32.6,M,,*73,1763493893870
NMEA,$PSMSG,magcal=PASS,bluesky=0*00,1763493893873
NMEA,$GPGSV,3,1,12,03,20,173,35,04,55,098,41,07,52,278,45,08,16,127,36,1*65,1763493894856
NMEA,$GPGSV,3,2,12,09,75,352,43,11,04,296,41,16,36,051,31,20,13,320,38,1*6C,1763493894856
NMEA,$GPGSV,3,3,12,21,13,321,35,26,03,041,26,27,18,096,39,30,24,263,44,1*6D,1763493894856
NMEA,$GPGSV,3,1,10,03,20,173,32,04,55,098,29,06,04,258,21,08,16,127,35,8*66,1763493894856
NMEA,$GPGSV,3,2,10,09,75,352,33,11,04,296,33,21,13,321,25,26,03,041,19,8*67,1763493894856
NMEA,$GPGSV,3,3,10,27,18,096,32,30,24,263,27,8*69,1763493894856
NMEA,$GLGSV,1,1,04,12,61,225,44,11,54,029,40,01,77,099,39,08,23,134,37,1*73,1763493894856
NMEA,$GAGSV,3,1,10,02,48,173,40,03,68,069,36,05,20,107,35,08,47,314,37,7*76,1763493894856
NMEA,$GAGSV,3,2,10,13,13,278,40,15,07,229,27,16,35,051,30,25,55,074,37,7*73,1763493894856
NMEA,$GAGSV,3,3,10,26,03,325,25,30,04,202,23,7*70,1763493894856
NMEA,$GAGSV,2,1,08,02,48,173,29,03,68,069,31,05,20,107,30,08,47,314,32,1*70,1763493894856
NMEA,$GAGSV,2,2,08,13,13,278,32,15,07,229,14,16,35,051,29,25,55,074,27,1*71,1763493894856
NMEA,$GBGSV,2,1,07,37,50,047,43,36,16,231,45,32,16,143,37,23,02,049,29,1*75,1763493894856
NMEA,$GBGSV,2,2,07,22,02,319,29,20,73,158,45,19,53,313,44,1*47,1763493894856
NMEA,$GBGSV,2,1,05,19,53,313,41,20,73,158,41,32,16,143,34,36,16,231,39,3*78,1763493894856
NMEA,$GBGSV,2,2,05,37,50,047,39,3*49,1763493894856
NMEA,$GBGSV,2,1,05,19,53,313,24,20,73,158,31,32,16,143,33,36,16,231,27,5*72,1763493894856
NMEA,$GBGSV,2,2,05,37,50,047,26,5*41,1763493894856
NMEA,$GNGSA,A,3,03,04,07,08,09,16,20,21,27,30,,,0.7,0.4,0.5,1*36,1763493894868
NMEA,$PSSGR,GSA,A,3,03,04,08,09,21,27,30,,,,,,0.7,0.4,0.5,1,8*40,1763493894868
NMEA,$GNGSA,A,3,65,72,75,76,,,,,,,,,0.7,0.4,0.5,2*31,1763493894868
NMEA,$GNGSA,A,3,02,03,05,08,13,15,16,25,,,,,0.7,0.4,0.5,3*3F,1763493894868
NMEA,$PSSGR,GSA,A,3,302,303,305,308,313,316,325,,,,,,0.7,0.4,0.5,3,1*75,1763493894868
NMEA,$GNGSA,A,3,19,20,32,36,37,,,,,,,,0.7,0.4,0.5,4*38,1763493894868
NMEA,$PSSGR,GSA,A,3,219,220,232,236,237,,,,,,,,0.7,0.4,0.5,4,5*73,1763493894868
NMEA,$GNVTG,228.4,T,215.6,M,2.3,N,4.3,K,E*33,1763493894868
NMEA,$GNDTM,W84,,0000.000000,N,00000.000000,E,0.000,W84*41,1763493894868
NMEA,$GNRMC,192455.00,A,3725.851412,N,12209.293326,W,2.3,228.4,181125,12.8,E,E,V*7E,1763493894868
NMEA,$GNGNS,192455.00,3725.851412,N,12209.293326,W,EEEEEE,27,0.4,22.3,-32.6,,,V*29,1763493894868
NMEA,$GNGGA,192455.00,3725.851412,N,12209.293326,W,6,12,0.4,22.3,M,-32.6,M,,*78,1763493894868
NMEA,$PSMSG,magcal=PASS,bluesky=0*00,1763493894871
NMEA,$GPGSV,4,1,13,03,20,173,38,04,55,098,40,06,04,258,28,07,52,278,43,1*60,1763493895857
NMEA,$GPGSV,4,2,13,08,16,127,37,09,75,352,43,11,04,296,39,16,36,051,35,1*64,1763493895857
NMEA,$GPGSV,4,3,13,20,13,320,42,21,13,321,41,26,03,041,25,27,18,096,38,1*6F,1763493895857
NMEA,$GPGSV,4,4,13,30,24,263,44,1*54,1763493895857
NMEA,$GPGSV,3,1,10,03,20,173,31,04,55,098,29,06,04,258,21,08,16,127,33,8*63,1763493895857
NMEA,$GPGSV,3,2,10,09,75,352,33,11,04,296,27,21,13,321,26,26,03,041,23,8*68,1763493895857
NMEA,$GPGSV,3,3,10,27,18,096,32,30,24,263,28,8*66,1763493895857
NMEA,$GLGSV,1,1,04,12,61,225,44,11,54,029,42,01,77,099,38,08,23,134,37,1*70,1763493895857
NMEA,$GAGSV,3,1,10,02,48,173,40,03,68,069,37,05,20,107,34,08,47,314,36,7*77,1763493895857
NMEA,$GAGSV,3,2,10,13,13,278,40,15,07,229,28,16,35,051,32,25,55,074,36,7*7F,1763493895857
NMEA,$GAGSV,3,3,10,26,03,325,25,30,04,202,23,7*70,1763493895857
NMEA,$GAGSV,2,1,08,02,48,173,25,03,68,069,30,05,20,107,30,08,47,314,31,1*7E,1763493895857
NMEA,$GAGSV,2,2,08,13,13,278,32,15,07,229,14,16,35,051,29,25,55,074,26,1*70,1763493895857
NMEA,$GBGSV,2,1,07,37,50,047,43,36,16,231,45,32,16,143,37,23,02,049,29,1*75,1763493895857
NMEA,$GBGSV,2,2,07,22,02,319,29,20,73,158,45,19,53,313,44,1*47,1763493895857
NMEA,$GBGSV,2,1,05,19,53,313,41,20,73,158,40,32,16,143,33,36,16,231,39,3*7E,1763493895857
NMEA,$GBGSV,2,2,05,37,50,047,40,3*47,1763493895857
NMEA,$GBGSV,2,1,05,19,53,313,29,20,73,158,29,32,16,143,30,36,16,231,30,5*73,1763493895857
NMEA,$GBGSV,2,2,05,37,50,047,25,5*42,1763493895857
NMEA,$GNGSA,A,3,03,04,07,08,09,16,20,21,27,30,,,0.7,0.4,0.5,1*36,1763493895870
NMEA,$PSSGR,GSA,A,3,03,04,08,09,21,27,30,,,,,,0.7,0.4,0.5,1,8*40,1763493895870
NMEA,$GNGSA,A,3,65,72,75,76,,,,,,,,,0.7,0.4,0.5,2*31,1763493895870
NMEA,$GNGSA,A,3,02,03,05,08,13,15,16,25,,,,,0.7,0.4,0.5,3*3F,1763493895870
NMEA,$PSSGR,GSA,A,3,302,303,305,308,313,316,325,,,,,,0.7,0.4,0.5,3,1*75,1763493895870
NMEA,$GNGSA,A,3,19,20,32,36,37,,,,,,,,0.7,0.4,0.5,4*38,1763493895870
NMEA,$PSSGR,GSA,A,3,219,220,232,236,237,,,,,,,,0.7,0.4,0.5,4,5*73,1763493895870
NMEA,$GNVTG,226.8,T,214.0,M,2.2,N,4.1,K,E*35,1763493895870
NMEA,$GNDTM,W84,,0000.000000,N,00000.000000,E,0.000,W84*41,1763493895870
NMEA,$GNRMC,192456.00,A,3725.850986,N,12209.293869,W,2.2,226.8,181125,12.8,E,E,V*7F,1763493895870
NMEA,$GNGNS,192456.00,3725.850986,N,12209.293869,W,EEEEEE,27,0.4,22.6,-32.6,,,V*2E,1763493895870
NMEA,$GNGGA,192456.00,3725.850986,N,12209.293869,W,6,12,0.4,22.6,M,-32.6,M,,*7F,1763493895870
NMEA,$PSMSG,magcal=PASS,bluesky=0*00,1763493895873
NMEA,$GPGSV,4,1,13,03,20,173,39,04,55,098,42,06,04,258,34,07,52,278,46,1*6B,1763493896855
NMEA,$GPGSV,4,2,13,08,16,127,37,09,75,352,43,11,04,296,43,16,36,051,36,1*6A,1763493896855
NMEA,$GPGSV,4,3,13,20,13,320,41,21,13,321,39,26,03,041,27,27,18,096,39,1*60,1763493896855
NMEA,$GPGSV,4,4,13,30,24,263,45,1*55,1763493896855
NMEA,$GPGSV,3,1,10,03,20,173,35,04,55,098,32,06,04,258,23,08,16,127,37,8*6B,1763493896855
NMEA,$GPGSV,3,2,10,09,75,352,36,11,04,296,26,21,13,321,27,26,03,041,24,8*6A,1763493896855
NMEA,$GPGSV,3,3,10,27,18,096,35,30,24,263,31,8*69,1763493896855
NMEA,$GLGSV,1,1,04,12,61,225,46,11,54,029,42,01,77,099,39,08,23,134,38,1*7C,1763493896855
NMEA,$GAGSV,3,1,10,02,48,173,45,03,68,069,41,05,20,107,38,08,47,314,40,7*7E,1763493896855
NMEA,$GAGSV,3,2,10,13,13,278,42,15,07,229,25,16,35,051,35,25,55,074,41,7*77,1763493896855
NMEA,$GAGSV,3,3,10,26,03,325,25,30,04,202,23,7*70,1763493896855
NMEA,$GAGSV,2,1,08,02,48,173,33,03,68,069,32,05,20,107,33,08,47,314,35,1*7C,1763493896855
NMEA,$GAGSV,2,2,08,13,13,278,34,15,07,229,14,16,35,051,32,25,55,074,31,1*7A,1763493896855
NMEA,$GBGSV,2,1,07,37,50,047,43,36,16,231,45,32,16,143,37,23,02,049,29,1*75,1763493896855
NMEA,$GBGSV,2,2,07,22,02,319,29,20,73,158,45,19,53,313,44,1*47,1763493896855
NMEA,$GBGSV,2,1,05,19,53,313,45,20,73,158,45,32,16,143,34,36,16,231,41,3*77,1763493896855
NMEA,$GBGSV,2,2,05,37,50,047,42,3*45,1763493896855
NMEA,$GBGSV,2,1,05,19,53,313,35,20,73,158,35,32,16,143,34,36,16,231,26,5*70,1763493896855
NMEA,$GBGSV,2,2,05,37,50,047,32,5*44,1763493896855
NMEA,$GNGSA,A,3,03,04,07,08,09,16,20,21,27,30,,,0.7,0.4,0.5,1*36,1763493896869
NMEA,$PSSGR,GSA,A,3,03,04,08,09,21,27,30,,,,,,0.7,0.4,0.5,1,8*40,1763493896869
NMEA,$GNGSA,A,3,65,72,75,76,,,,,,,,,0.7,0.4,0.5,2*31,1763493896869
NMEA,$GNGSA,A,3,02,03,05,08,13,15,16,25,,,,,0.7,0.4,0.5,3*3F,1763493896869
NMEA,$PSSGR,GSA,A,3,302,303,305,308,313,316,325,,,,,,0.7,0.4,0.5,3,1*75,1763493896869
NMEA,$GNGSA,A,3,19,20,32,36,37,,,,,,,,0.7,0.4,0.5,4*38,1763493896869
NMEA,$PSSGR,GSA,A,3,219,220,232,236,237,,,,,,,,0.7,0.4,0.5,4,5*73,1763493896869
NMEA,$GNVTG,227.6,T,214.8,M,2.3,N,4.2,K,E*30,1763493896869
NMEA,$GNDTM,W84,,0000.000000,N,00000.000000,E,0.000,W84*41,1763493896869
NMEA,$GNRMC,192457.00,A,3725.850550,N,12209.294443,W,2.3,227.6,181125,12.8,E,E,V*74,1763493896869
NMEA,$GNGNS,192457.00,3725.850550,N,12209.294443,W,EEEEEE,27,0.4,22.7,-32.6,,,V*2A,1763493896869
NMEA,$GNGGA,192457.00,3725.850550,N,12209.294443,W,6,12,0.4,22.7,M,-32.6,M,,*7B,1763493896869
NMEA,$PSMSG,magcal=PASS,bluesky=0*00,1763493896875
NMEA,$GPGSV,4,1,13,03,20,173,39,04,55,098,41,06,04,258,34,07,52,278,46,1*68,1763493897863
NMEA,$GPGSV,4,2,13,08,16,127,35,09,75,352,43,11,04,296,41,16,36,051,38,1*64,1763493897863
NMEA,$GPGSV,4,3,13,20,13,320,41,21,13,321,38,26,03,041,29,27,18,096,39,1*6F,1763493897863
NMEA,$GPGSV,4,4,13,30,24,263,45,1*55,1763493897863
NMEA,$GPGSV,3,1,10,03,20,173,35,04,55,098,32,06,04,258,25,08,16,127,37,8*6D,1763493897863
NMEA,$GPGSV,3,2,10,09,75,352,34,11,04,296,23,21,13,321,28,26,03,041,24,8*62,1763493897863
NMEA,$GPGSV,3,3,10,27,18,096,35,30,24,263,25,8*6C,1763493897863
NMEA,$GLGSV,1,1,04,12,61,225,45,11,54,029,43,01,77,099,39,08,23,134,40,1*71,1763493897863
NMEA,$GAGSV,3,1,10,02,48,173,45,03,68,069,40,05,20,107,38,08,47,314,41,7*7E,1763493897863
NMEA,$GAGSV,3,2,10,13,13,278,41,15,07,229,24,16,35,051,38,25,55,074,40,7*79,1763493897863
NMEA,$GAGSV,3,3,10,26,03,325,27,30,04,202,23,7*72,1763493897863
NMEA,$GAGSV,2,1,08,02,48,173,34,03,68,069,33,05,20,107,32,08,47,314,36,1*78,1763493897863
NMEA,$GAGSV,2,2,08,13,13,278,35,15,07,229,14,16,35,051,32,25,55,074,32,1*78,1763493897863
NMEA,$GBGSV,2,1,06,37,50,047,43,36,16,231,43,32,16,143,30,22,02,319,32,1*78,1763493897863
NMEA,$GBGSV,2,2,06,20,73,158,45,19,53,313,45,1*75,1763493897863
NMEA,$GBGSV,2,1,05,19,53,313,45,20,73,158,45,32,16,143,31,36,16,231,40,3*73,1763493897863
NMEA,$GBGSV,2,2,05,37,50,047,42,3*45,1763493897863
NMEA,$GBGSV,2,1,05,19,53,313,34,20,73,158,34,32,16,143,33,36,16,231,27,5*76,1763493897863
NMEA,$GBGSV,2,2,05,37,50,047,33,5*45,1763493897863
NMEA,$GNGSA,A,3,03,04,07,08,09,16,20,21,27,30,,,0.6,0.4,0.5,1*37,1763493897880
NMEA,$PSSGR,GSA,A,3,03,04,08,09,21,27,30,,,,,,0.6,0.4,0.5,1,8*41,1763493897880
NMEA,$GNGSA,A,3,65,72,75,76,,,,,,,,,0.6,0.4,0.5,2*30,1763493897880
NMEA,$GNGSA,A,3,02,03,05,08,13,15,16,25,,,,,0.6,0.4,0.5,3*3E,1763493897880
NMEA,$PSSGR,GSA,A,3,302,303,305,308,313,316,325,,,,,,0.6,0.4,0.5,3,1*74,1763493897880
NMEA,$GNGSA,A,3,19,20,32,36,37,,,,,,,,0.6,0.4,0.5,4*39,1763493897880
NMEA,$PSSGR,GSA,A,3,219,220,232,236,237,,,,,,,,0.6,0.4,0.5,4,5*72,1763493897880
NMEA,$GNVTG,226.1,T,213.3,M,2.3,N,4.3,K,E*3B,1763493897880
NMEA,$GNDTM,W84,,0000.000000,N,00000.000000,E,0.000,W84*41,1763493897880
NMEA,$GNRMC,192458.00,A,3725.850080,N,12209.295097,W,2.3,226.1,181125,12.8,E,E,V*79,1763493897880
NMEA,$GNGNS,192458.00,3725.850080,N,12209.295097,W,EEEEEE,27,0.4,22.6,-32.6,,,V*20,1763493897880
NMEA,$GNGGA,192458.00,3725.850080,N,12209.295097,W,6,12,0.4,22.6,M,-32.6,M,,*71,1763493897880
NMEA,$PSMSG,magcal=PASS,bluesky=0*00,1763493897884
NMEA,$GPGSV,4,1,13,03,20,173,40,04,55,098,41,06,04,258,31,07,52,278,46,1*63,1763493898862
NMEA,$GPGSV,4,2,13,08,16,127,36,09,75,352,45,11,04,296,40,16,36,051,40,1*6F,1763493898862
NMEA,$GPGSV,4,3,13,20,13,320,42,21,13,321,41,26,03,041,32,27,18,096,39,1*68,1763493898862
NMEA,$GPGSV,4,4,13,30,24,263,45,1*55,1763493898862
NMEA,$GPGSV,3,1,10,03,20,173,33,04,55,098,31,06,04,258,23,08,16,127,36,8*6F,1763493898862
NMEA,$GPGSV,3,2,10,09,75,352,32,11,04,296,26,21,13,321,25,26,03,041,20,8*68,1763493898862
NMEA,$GPGSV,3,3,10,27,18,096,36,30,24,263,31,8*6A,1763493898862
NMEA,$GLGSV,1,1,04,12,61,225,45,11,54,029,42,01,77,099,39,08,23,134,35,1*72,1763493898862
NMEA,$GAGSV,3,1,10,02,48,173,44,03,68,069,40,05,20,107,37,08,47,314,39,7*7F,1763493898862
NMEA,$GAGSV,3,2,10,13,13,278,42,15,07,229,23,16,35,051,39,25,55,074,41,7*7D,1763493898862
NMEA,$GAGSV,3,3,10,26,03,325,28,30,04,202,22,7*7C,1763493898862
NMEA,$GAGSV,2,1,08,02,48,173,31,03,68,069,35,05,20,107,33,08,47,314,34,1*78,1763493898862
NMEA,$GAGSV,2,2,08,13,13,278,28,15,07,229,19,16,35,051,33,25,55,074,28,1*73,1763493898862
NMEA,$GBGSV,2,1,06,37,50,047,44,36,16,231,44,32,16,143,28,22,02,319,30,1*73,1763493898862
NMEA,$GBGSV,2,2,06,20,73,158,43,19,53,313,43,1*75,1763493898862
NMEA,$GBGSV,2,1,05,19,53,313,45,20,73,158,44,32,16,143,28,36,16,231,41,3*7B,1763493898862
NMEA,$GBGSV,2,2,05,37,50,047,43,3*44,1763493898862
NMEA,$GBGSV,2,1,06,19,53,313,34,20,73,158,32,22,02,319,20,32,16,143,34,5*78,1763493898862
NMEA,$GBGSV,2,2,06,36,16,231,27,37,50,047,26,5*75,1763493898862
NMEA,$GNGSA,A,3,03,04,07,08,09,16,20,21,27,30,,,0.6,0.4,0.5,1*37,1763493898878
NMEA,$PSSGR,GSA,A,3,03,04,08,09,21,27,30,,,,,,0.6,0.4,0.5,1,8*41,1763493898878
NMEA,$GNGSA,A,3,65,72,75,76,,,,,,,,,0.6,0.4,0.5,2*30,1763493898878
NMEA,$GNGSA,A,3,02,03,05,08,13,15,16,25,,,,,0.6,0.4,0.5,3*3E,1763493898878
NMEA,$PSSGR,GSA,A,3,302,303,305,308,313,316,325,,,,,,0.6,0.4,0.5,3,1*74,1763493898878
NMEA,$GNGSA,A,3,19,20,32,36,37,,,,,,,,0.6,0.4,0.5,4*39,1763493898878
NMEA,$PSSGR,GSA,A,3,219,220,232,236,237,,,,,,,,0.6,0.4,0.5,4,5*72,1763493898878
NMEA,$GNVTG,229.0,T,216.2,M,2.4,N,4.4,K,E*31,1763493898878
NMEA,$GNDTM,W84,,0000.000000,N,00000.000000,E,0.000,W84*41,1763493898878
NMEA,$GNRMC,192459.00,A,3725.849626,N,12209.295734,W,2.4,229.0,181125,12.8,E,E,V*7D,1763493898878
NMEA,$GNGNS,192459.00,3725.849626,N,12209.295734,W,EEEEEE,27,0.4,22.7,-32.6,,,V*2C,1763493898878
NMEA,$GNGGA,192459.00,3725.849626,N,12209.295734,W,6,12,0.4,22.7,M,-32.6,M,,*7D,1763493898878
NMEA,$PSMSG,magcal=PASS,bluesky=0*00,1763493898881
NMEA,$GPGSV,4,1,13,03,19,173,41,04,54,099,41,06,04,258,29,07,52,279,44,1*62,1763493899861
NMEA,$GPGSV,4,2,13,08,17,127,36,09,75,354,44,11,04,296,40,16,35,051,41,1*6B,1763493899861
NMEA,$GPGSV,4,3,13,20,13,320,42,21,14,320,40,26,03,041,30,27,18,095,38,1*6F,1763493899861
NMEA,$GPGSV,4,4,13,30,24,263,43,1*53,1763493899861
NMEA,$GPGSV,3,1,10,03,19,173,34,04,54,099,28,06,04,258,23,08,17,127,36,8*6B,1763493899861
NMEA,$GPGSV,3,2,10,09,75,354,36,11,04,296,26,21,14,320,28,26,03,041,24,8*65,1763493899861
NMEA,$GPGSV,3,3,10,27,18,095,34,30,24,263,32,8*68,1763493899861
NMEA,$GLGSV,1,1,04,12,61,225,42,11,54,029,41,01,77,099,37,08,23,134,36,1*7B,1763493899861
NMEA,$GAGSV,3,1,10,02,49,173,43,03,67,071,39,05,20,107,37,08,47,315,41,7*7F,1763493899861
NMEA,$GAGSV,3,2,10,13,13,277,43,15,06,228,26,16,35,050,40,25,54,072,41,7*7E,1763493899861
NMEA,$GAGSV,3,3,10,26,03,325,31,30,05,202,22,7*75,1763493899861
NMEA,$GAGSV,2,1,08,02,49,173,26,03,67,071,33,05,20,107,32,08,47,315,29,1*73,1763493899861
NMEA,$GAGSV,2,2,08,13,13,277,34,15,06,228,19,16,35,050,32,25,54,072,27,1*79,1763493899861
NMEA,$GBGSV,2,1,06,37,49,047,43,36,17,231,45,32,16,143,31,22,03,319,33,1*76,1763493899861
NMEA,$GBGSV,2,2,06,20,72,159,41,19,54,312,44,1*76,1763493899861
NMEA,$GBGSV,2,1,05,19,54,312,44,20,72,159,42,32,16,143,28,36,17,231,43,3*79,1763493899861
NMEA,$GBGSV,2,2,05,37,49,047,42,3*4D,1763493899861
NMEA,$GBGSV,2,1,07,19,54,312,30,20,72,159,32,22,03,319,23,23,01,050,18,5*72,1763493899861
NMEA,$GBGSV,2,2,07,32,16,143,28,36,17,231,22,37,49,047,31,5*44,1763493899861
NMEA,$GNGSA,A,3,03,04,07,08,09,16,20,21,27,30,,,0.6,0.4,0.5,1*37,1763493899877
NMEA,$PSSGR,GSA,A,3,03,04,08,09,21,27,30,,,,,,0.6,0.4,0.5,1,8*41,1763493899877
NMEA,$GNGSA,A,3,65,72,75,76,,,,,,,,,0.6,0.4,0.5,2*30,1763493899877
NMEA,$GNGSA,A,3,02,03,05,08,13,15,16,25,,,,,0.6,0.4,0.5,3*3E,1763493899877
NMEA,$PSSGR,GSA,A,3,302,303,305,308,313,316,325,,,,,,0.6,0.4,0.5,3,1*74,1763493899877
NMEA,$GNGSA,A,3,19,20,32,36,37,,,,,,,,0.6,0.4,0.5,4*39,1763493899877
NMEA,$PSSGR,GSA,A,3,219,220,232,236,237,,,,,,,,0.6,0.4,0.5,4,5*72,1763493899877
NMEA,$GNVTG,229.5,T,216.7,M,2.4,N,4.4,K,E*31,1763493899877
NMEA,$GNDTM,W84,,0000.000000,N,00000.000000,E,0.000,W84*41,1763493899877
NMEA,$GNRMC,192500.00,A,3725.849198,N,12209.296378,W,2.4,229.5,181125,12.8,E,E,V*78,1763493899877
NMEA,$GNGNS,192500.00,3725.849198,N,12209.296378,W,EEEEEE,27,0.4,22.5,-32.6,,,V*2E,1763493899877
NMEA,$GNGGA,192500.00,3725.849198,N,12209.296378,W,6,12,0.4,22.5,M,-32.6,M,,*7F,1763493899877
NMEA,$PSMSG,magcal=PASS,bluesky=0*00,1763493899881
NMEA,$GPGSV,4,1,13,03,19,173,39,04,54,099,42,06,04,258,34,07,52,279,45,1*63,1763493900857
NMEA,$GPGSV,4,2,13,08,17,127,38,09,75,354,44,11,04,296,37,16,35,051,39,1*6A,1763493900857
NMEA,$GPGSV,4,3,13,20,13,320,42,21,14,320,41,26,03,041,31,27,18,095,37,1*60,1763493900857
NMEA,$GPGSV,4,4,13,30,24,263,45,1*55,1763493900857
NMEA,$GPGSV,3,1,10,03,19,173,35,04,54,099,29,06,04,258,23,08,17,127,36,8*6B,1763493900857
NMEA,$GPGSV,3,2,10,09,75,354,37,11,04,296,21,21,14,320,28,26,03,041,24,8*63,1763493900857
NMEA,$GPGSV,3,3,10,27,18,095,36,30,24,263,32,8*6A,1763493900857
NMEA,$GLGSV,1,1,04,12,61,225,42,11,54,029,41,01,77,099,39,08,23,134,31,1*72,1763493900857
NMEA,$GAGSV,3,1,10,02,49,173,43,03,67,071,39,05,20,107,36,08,47,315,40,7*7F,1763493900857
NMEA,$GAGSV,3,2,10,13,13,277,41,15,06,228,28,16,35,050,39,25,54,072,41,7*7C,1763493900857
NMEA,$GAGSV,3,3,10,26,03,325,29,30,05,202,21,7*7F,1763493900857
NMEA,$GAGSV,2,1,08,02,49,173,31,03,67,071,34,05,20,107,32,08,47,315,30,1*7A,1763493900857
NMEA,$GAGSV,2,2,08,13,13,277,29,15,06,228,19,16,35,050,31,25,54,072,27,1*76,1763493900857
NMEA,$GBGSV,2,1,06,37,49,047,43,36,17,231,42,32,16,143,28,22,03,319,30,1*7A,1763493900857
NMEA,$GBGSV,2,2,06,20,72,159,42,19,54,312,44,1*75,1763493900857
NMEA,$GBGSV,2,1,05,19,54,312,44,20,72,159,44,32,16,143,27,36,17,231,41,3*72,1763493900857
NMEA,$GBGSV,2,2,05,37,49,047,41,3*4E,1763493900857
NMEA,$GBGSV,2,1,07,19,54,312,35,20,72,159,34,22,03,319,23,23,01,050,18,5*71,1763493900857
NMEA,$GBGSV,2,2,07,32,16,143,28,36,17,231,22,37,49,047,33,5*46,1763493900857
NMEA,$GNGSA,A,3,03,04,07,08,09,16,20,21,27,30,,,0.6,0.4,0.5,1*37,1763493900875
NMEA,$PSSGR,GSA,A,3,03,04,08,09,21,27,30,,,,,,0.6,0.4,0.5,1,8*41,1763493900875
NMEA,$GNGSA,A,3,65,72,75,76,,,,,,,,,0.6,0.4,0.5,2*30,1763493900875
NMEA,$GNGSA,A,3,02,03,05,08,13,15,16,25,,,,,0.6,0.4,0.5,3*3E,1763493900875
NMEA,$PSSGR,GSA,A,3,302,303,305,308,313,316,325,,,,,,0.6,0.4,0.5,3,1*74,1763493900875
NMEA,$GNGSA,A,3,19,20,32,36,37,,,,,,,,0.6,0.4,0.5,4*39,1763493900875
NMEA,$PSSGR,GSA,A,3,219,220,232,236,237,,,,,,,,0.6,0.4,0.5,4,5*72,1763493900875
NMEA,$GNVTG,228.5,T,215.7,M,2.4,N,4.4,K,E*33,1763493900875
NMEA,$GNDTM,W84,,0000.000000,N,00000.000000,E,0.000,W84*41,1763493900875
NMEA,$GNRMC,192501.00,A,3725.848778,N,12209.297013,W,2.4,228.5,181125,12.8,E,E,V*7E,1763493900875
NMEA,$GNGNS,192501.00,3725.848778,N,12209.297013,W,EEEEEE,27,0.4,22.4,-32.6,,,V*28,1763493900875
NMEA,$GNGGA,192501.00,3725.848778,N,12209.297013,W,6,12,0.4,22.4,M,-32.6,M,,*79,1763493900875
NMEA,$PSMSG,magcal=PASS,bluesky=0*00,1763493900880
NMEA,$GPGSV,4,1,13,03,19,173,40,04,54,099,41,06,04,258,31,07,52,279,44,1*6A,1763493901861
NMEA,$GPGSV,4,2,13,08,17,127,36,09,75,354,44,11,04,296,35,16,35,051,39,1*66,1763493901861
NMEA,$GPGSV,4,3,13,20,13,320,42,21,14,320,40,26,03,041,33,27,18,095,38,1*6C,1763493901861
NMEA,$GPGSV,4,4,13,30,24,263,44,1*54,1763493901861
NMEA,$GPGSV,3,1,10,03,19,173,33,04,54,099,29,06,04,258,23,08,17,127,36,8*6D,1763493901861
NMEA,$GPGSV,3,2,10,09,75,354,36,11,04,296,21,21,14,320,27,26,03,041,25,8*6C,1763493901861
NMEA,$GPGSV,3,3,10,27,18,095,36,30,24,263,26,8*6F,1763493901861
NMEA,$GLGSV,1,1,04,12,61,225,43,11,54,029,41,01,77,099,39,08,23,134,35,1*77,1763493901861
NMEA,$GAGSV,3,1,10,02,49,173,42,03,67,071,39,05,20,107,37,08,47,315,40,7*7F,1763493901861
NMEA,$GAGSV,3,2,10,13,13,277,42,15,06,228,22,16,35,050,37,25,54,072,41,7*7B,1763493901861
NMEA,$GAGSV,3,3,10,26,03,325,28,30,05,202,21,7*7E,1763493901861
NMEA,$GAGSV,2,1,08,02,49,173,27,03,67,071,34,05,20,107,32,08,47,315,28,1*74,1763493901861
NMEA,$GAGSV,2,2,08,13,13,277,31,15,06,228,19,16,35,050,31,25,54,072,28,1*70,1763493901861
NMEA,$GBGSV,2,1,06,37,49,047,42,36,17,231,43,32,16,143,28,22,03,319,28,1*73,1763493901861
NMEA,$GBGSV,2,2,06,20,72,159,41,19,54,312,44,1*76,1763493901861
NMEA,$GBGSV,2,1,05,19,54,312,45,20,72,159,43,32,16,143,28,36,17,231,40,3*7A,1763493901861
NMEA,$GBGSV,2,2,05,37,49,047,42,3*4D,1763493901861
NMEA,$GBGSV,2,1,07,19,54,312,34,20,72,159,32,22,03,319,19,23,01,050,18,5*7F,1763493901861
NMEA,$GBGSV,2,2,07,32,16,143,28,36,17,231,22,37,49,047,30,5*45,1763493901861
NMEA,$GNGSA,A,3,03,04,07,08,09,16,20,21,27,30,,,0.6,0.4,0.5,1*37,1763493901877
NMEA,$PSSGR,GSA,A,3,03,04,08,09,21,27,30,,,,,,0.6,0.4,0.5,1,8*41,1763493901877
NMEA,$GNGSA,A,3,65,72,75,76,,,,,,,,,0.6,0.4,0.5,2*30,1763493901877
NMEA,$GNGSA,A,3,02,03,05,08,13,15,16,25,,,,,0.6,0.4,0.5,3*3E,1763493901877
NMEA,$PSSGR,GSA,A,3,302,303,305,308,313,316,325,,,,,,0.6,0.4,0.5,3,1*74,1763493901877
NMEA,$GNGSA,A,3,19,20,32,36,37,,,,,,,,0.6,0.4,0.5,4*39,1763493901877
NMEA,$PSSGR,GSA,A,3,219,220,232,236,237,,,,,,,,0.6,0.4,0.5,4,5*72,1763493901877
NMEA,$GNVTG,224.5,T,211.7,M,2.4,N,4.4,K,E*3B,1763493901877
NMEA,$GNDTM,W84,,0000.000000,N,00000.000000,E,0.000,W84*41,1763493901877
NMEA,$GNRMC,192502.00,A,3725.848301,N,12209.297629,W,2.4,224.5,181125,12.8,E,E,V*74,1763493901877
NMEA,$GNGNS,192502.00,3725.848301,N,12209.297629,W,EEEEEE,27,0.4,22.3,-32.6,,,V*29,1763493901877
NMEA,$GNGGA,192502.00,3725.848301,N,12209.297629,W,6,12,0.4,22.3,M,-32.6,M,,*78,1763493901877
NMEA,$PSMSG,magcal=PASS,bluesky=0*00,1763493901882
NMEA,$GPGSV,3,1,12,03,19,173,38,04,54,099,41,07,52,279,43,08,17,127,38,1*6A,1763493902857
NMEA,$GPGSV,3,2,12,09,75,354,43,11,04,296,33,16,35,051,41,20,13,320,43,1*67,1763493902857
NMEA,$GPGSV,3,3,12,21,14,320,42,26,03,041,31,27,18,095,39,30,24,263,44,1*6E,1763493902857
NMEA,$GPGSV,3,1,10,03,19,173,35,04,54,099,32,06,04,258,23,08,17,127,34,8*63,1763493902857
NMEA,$GPGSV,3,2,10,09,75,354,36,11,04,296,21,21,14,320,28,26,03,041,24,8*62,1763493902857
NMEA,$GPGSV,3,3,10,27,18,095,35,30,24,263,31,8*6A,1763493902857
NMEA,$GLGSV,1,1,04,12,61,225,43,11,54,029,42,01,77,099,37,08,23,134,29,1*77,1763493902857
NMEA,$GAGSV,3,1,10,02,49,173,42,03,67,071,40,05,20,107,36,08,47,315,40,7*70,1763493902857
NMEA,$GAGSV,3,2,10,13,13,277,41,15,06,228,24,16,35,050,40,25,54,072,41,7*7E,1763493902857
NMEA,$GAGSV,3,3,10,26,03,325,31,30,05,202,25,7*72,1763493902857
NMEA,$GAGSV,2,1,08,02,49,173,31,03,67,071,35,05,20,107,32,08,47,315,30,1*7B,1763493902857
NMEA,$GAGSV,2,2,08,13,13,277,30,15,06,228,19,16,35,050,30,25,54,072,30,1*79,1763493902857
NMEA,$GBGSV,2,1,07,37,49,047,42,36,17,231,43,32,16,143,26,23,01,050,26,1*7F,1763493902857
NMEA,$GBGSV,2,2,07,22,03,319,29,20,72,159,44,19,54,312,45,1*40,1763493902857
NMEA,$GBGSV,2,1,05,19,54,312,45,20,72,159,42,32,16,143,24,36,17,231,41,3*76,1763493902857
NMEA,$GBGSV,2,2,05,37,49,047,42,3*4D,1763493902857
NMEA,$GBGSV,2,1,07,19,54,312,36,20,72,159,35,22,03,319,23,23,01,050,18,5*73,1763493902857
NMEA,$GBGSV,2,2,07,32,16,143,28,36,17,231,23,37,49,047,32,5*46,1763493902857
NMEA,$GNGSA,A,3,03,04,07,08,09,16,20,21,27,30,,,0.6,0.4,0.5,1*37,1763493902868
NMEA,$PSSGR,GSA,A,3,03,04,08,09,21,27,30,,,,,,0.6,0.4,0.5,1,8*41,1763493902868
NMEA,$GNGSA,A,3,65,72,75,76,,,,,,,,,0.6,0.4,0.5,2*30,1763493902868
NMEA,$GNGSA,A,3,02,03,05,08,13,15,16,25,,,,,0.6,0.4,0.5,3*3E,1763493902868
NMEA,$PSSGR,GSA,A,3,302,303,305,308,313,316,325,,,,,,0.6,0.4,0.5,3,1*74,1763493902868
NMEA,$GNGSA,A,3,19,20,32,36,37,,,,,,,,0.6,0.4,0.5,4*39,1763493902868
NMEA,$PSSGR,GSA,A,3,219,220,232,236,237,,,,,,,,0.6,0.4,0.5,4,5*72,1763493902868
NMEA,$GNVTG,228.4,T,215.6,M,2.3,N,4.2,K,E*32,1763493902868
NMEA,$GNDTM,W84,,0000.000000,N,00000.000000,E,0.000,W84*41,1763493902868
NMEA,$GNRMC,192503.00,A,3725.847869,N,12209.298217,W,2.3,228.4,181125,12.8,E,E,V*73,1763493902868
NMEA,$GNGNS,192503.00,3725.847869,N,12209.298217,W,EEEEEE,27,0.4,22.3,-32.6,,,V*24,1763493902868
NMEA,$GNGGA,192503.00,3725.847869,N,12209.298217,W,6,12,0.4,22.3,M,-32.6,M,,*75,1763493902868
NMEA,$PSMSG,magcal=PASS,bluesky=0*00,1763493902873
NMEA,$GPGSV,3,1,12,03,19,173,38,04,54,099,41,07,52,279,44,08,17,127,37,1*62,1763493903860
NMEA,$GPGSV,3,2,12,09,75,354,44,11,04,296,34,16,35,051,41,20,13,320,42,1*66,1763493903860
NMEA,$GPGSV,3,3,12,21,14,320,42,26,03,041,31,27,18,095,37,30,24,263,45,1*61,1763493903860
NMEA,$GPGSV,3,1,10,03,19,173,35,04,54,099,32,06,04,258,23,08,17,127,34,8*63,1763493903860
NMEA,$GPGSV,3,2,10,09,75,354,36,11,04,296,18,21,14,320,27,26,03,041,21,8*62,1763493903860
NMEA,$GPGSV,3,3,10,27,18,095,35,30,24,263,34,8*6F,1763493903860
NMEA,$GLGSV,1,1,04,12,61,225,43,11,54,029,41,01,77,099,38,08,23,134,29,1*7B,1763493903860
NMEA,$GAGSV,3,1,10,02,49,173,43,03,67,071,40,05,20,107,37,08,47,315,41,7*71,1763493903860
NMEA,$GAGSV,3,2,10,13,13,277,43,15,06,228,24,16,35,050,40,25,54,072,41,7*7C,1763493903860
NMEA,$GAGSV,3,3,10,26,03,325,29,30,05,202,25,7*7B,1763493903860
NMEA,$GAGSV,2,1,08,02,49,173,29,03,67,071,35,05,20,107,32,08,47,315,27,1*74,1763493903860
NMEA,$GAGSV,2,2,08,13,13,277,31,15,06,228,19,16,35,050,31,25,54,072,29,1*71,1763493903860
NMEA,$GBGSV,2,1,07,37,49,047,43,36,17,231,40,32,16,143,26,23,01,050,25,1*7E,1763493903860
NMEA,$GBGSV,2,2,07,22,03,319,28,20,72,159,42,19,54,312,44,1*46,1763493903860
NMEA,$GBGSV,2,1,05,19,54,312,44,20,72,159,42,32,16,143,25,36,17,231,38,3*78,1763493903860
NMEA,$GBGSV,2,2,05,37,49,047,42,3*4D,1763493903860
NMEA,$GBGSV,2,1,07,19,54,312,33,20,72,159,34,22,03,319,21,23,01,050,16,5*7B,1763493903860
NMEA,$GBGSV,2,2,07,32,16,143,23,36,17,231,23,37,49,047,31,5*4E,1763493903860
NMEA,$GNGSA,A,3,03,04,07,08,09,16,20,21,27,30,,,0.6,0.4,0.5,1*37,1763493903877
NMEA,$PSSGR,GSA,A,3,03,04,08,09,21,27,30,,,,,,0.6,0.4,0.5,1,8*41,1763493903877
NMEA,$GNGSA,A,3,65,72,75,76,,,,,,,,,0.6,0.4,0.5,2*30,1763493903877
NMEA,$GNGSA,A,3,02,03,05,08,13,15,16,25,,,,,0.6,0.4,0.5,3*3E,1763493903877
NMEA,$PSSGR,GSA,A,3,302,303,305,308,313,316,325,,,,,,0.6,0.4,0.5,3,1*74,1763493903877
NMEA,$GNGSA,A,3,19,20,32,36,37,,,,,,,,0.6,0.4,0.5,4*39,1763493903877
NMEA,$PSSGR,GSA,A,3,219,220,232,236,237,,,,,,,,0.6,0.4,0.5,4,5*72,1763493903877
NMEA,$GNVTG,226.2,T,213.4,M,2.4,N,4.4,K,E*3F,1763493903877
NMEA,$GNDTM,W84,,0000.000000,N,00000.000000,E,0.000,W84*41,1763493903877
NMEA,$GNRMC,192504.00,A,3725.847439,N,12209.298800,W,2.4,226.2,181125,12.8,E,E,V*7E,1763493903877
NMEA,$GNGNS,192504.00,3725.847439,N,12209.298800,W,EEEEEE,27,0.4,22.3,-32.6,,,V*26,1763493903877
NMEA,$GNGGA,192504.00,3725.847439,N,12209.298800,W,6,12,0.4,22.3,M,-32.6,M,,*77,1763493903877
NMEA,$PSMSG,magcal=PASS,bluesky=0*00,1763493903882
NMEA,$GPGSV,3,1,12,03,19,173,40,04,54,099,42,07,52,279,44,08,17,127,37,1*6E,1763493904861
NMEA,$GPGSV,3,2,12,09,75,354,43,11,04,296,32,16,35,051,40,20,13,320,41,1*65,1763493904861
NMEA,$GPGSV,3,3,12,21,14,320,39,26,03,041,31,27,18,095,39,30,24,263,44,1*62,1763493904861
NMEA,$GPGSV,3,1,10,03,19,173,32,04,54,099,32,06,04,258,17,08,17,127,35,8*62,1763493904861
NMEA,$GPGSV,3,2,10,09,75,354,36,11,04,296,18,21,14,320,28,26,03,041,21,8*6D,1763493904861
NMEA,$GPGSV,3,3,10,27,18,095,36,30,24,263,33,8*6B,1763493904861
NMEA,$GLGSV,1,1,04,12,61,225,43,11,54,029,40,01,77,099,37,08,23,134,31,1*7C,1763493904861
NMEA,$GAGSV,3,1,10,02,49,173,43,03,67,071,39,05,20,107,36,08,47,315,41,7*7E,1763493904861
NMEA,$GAGSV,3,2,10,13,13,277,43,15,06,228,27,16,35,050,39,25,54,072,41,7*71,1763493904861
NMEA,$GAGSV,3,3,10,26,03,325,27,30,05,202,23,7*73,1763493904861
NMEA,$GAGSV,2,1,08,02,49,173,33,03,67,071,36,05,20,107,32,08,47,315,30,1*7A,1763493904861
NMEA,$GAGSV,2,2,08,13,13,277,31,15,06,228,19,16,35,050,33,25,54,072,30,1*7B,1763493904861
NMEA,$GBGSV,2,1,07,37,49,047,43,36,17,231,38,32,16,143,27,23,01,050,25,1*70,1763493904861
NMEA,$GBGSV,2,2,07,22,03,319,31,20,72,159,43,19,54,312,43,1*48,1763493904861
NMEA,$GBGSV,2,1,05,19,54,312,44,20,72,159,43,32,16,143,25,36,17,231,36,3*77,1763493904861
NMEA,$GBGSV,2,2,05,37,49,047,41,3*4E,1763493904861
NMEA,$GBGSV,2,1,07,19,54,312,35,20,72,159,33,22,03,319,21,23,01,050,16,5*7A,1763493904861
NMEA,$GBGSV,2,2,07,32,16,143,22,36,17,231,25,37,49,047,30,5*48,1763493904861
NMEA,$GNGSA,A,3,03,04,07,08,09,16,20,21,27,30,,,0.6,0.4,0.5,1*37,1763493904869
NMEA,$PSSGR,GSA,A,3,03,04,08,09,21,27,30,,,,,,0.6,0.4,0.5,1,8*41,1763493904869
NMEA,$GNGSA,A,3,65,72,75,76,,,,,,,,,0.6,0.4,0.5,2*30,1763493904869
NMEA,$GNGSA,A,3,02,03,05,08,13,15,16,25,,,,,0.6,0.4,0.5,3*3E,1763493904869
NMEA,$PSSGR,GSA,A,3,302,303,305,308,313,316,325,,,,,,0.6,0.4,0.5,3,1*74,1763493904869
NMEA,$GNGSA,A,3,19,20,32,36,37,,,,,,,,0.6,0.4,0.5,4*39,1763493904869
NMEA,$PSSGR,GSA,A,3,219,220,232,236,237,,,,,,,,0.6,0.4,0.5,4,5*72,1763493904869
NMEA,$GNVTG,227.6,T,214.8,M,2.4,N,4.5,K,E*30,1763493904869
NMEA,$GNDTM,W84,,0000.000000,N,00000.000000,E,0.000,W84*41,1763493904869
NMEA,$GNRMC,192505.00,A,3725.847026,N,12209.299462,W,2.4,227.6,181125,12.8,E,E,V*79,1763493904869
NMEA,$GNGNS,192505.00,3725.847026,N,12209.299462,W,EEEEEE,27,0.4,22.3,-32.6,,,V*24,1763493904869
NMEA,$GNGGA,192505.00,3725.847026,N,12209.299462,W,6,12,0.4,22.3,M,-32.6,M,,*75,1763493904869
NMEA,$PSMSG,magcal=PASS,bluesky=0*00,1763493904873
NMEA,$GPGSV,3,1,12,03,19,173,37,04,54,099,41,07,52,279,45,08,17,127,36,1*6D,1763493905857
NMEA,$GPGSV,3,2,12,09,75,354,44,11,04,296,35,16,35,051,39,20,13,320,42,1*68,1763493905857
NMEA,$GPGSV,3,3,12,21,14,320,39,26,03,041,32,27,18,095,37,30,24,263,44,1*6F,1763493905857
NMEA,$GPGSV,3,1,10,03,19,173,29,04,54,099,31,06,04,258,17,08,17,127,36,8*68,1763493905857
NMEA,$GPGSV,3,2,10,09,75,354,36,11,04,296,21,21,14,320,31,26,03,041,21,8*6F,1763493905857
NMEA,$GPGSV,3,3,10,27,18,095,35,30,24,263,31,8*6A,1763493905857
NMEA,$GLGSV,1,1,04,12,61,225,44,11,54,029,41,01,77,099,38,08,23,134,34,1*70,1763493905857
NMEA,$GAGSV,3,1,10,02,49,173,43,03,67,071,39,05,20,107,38,08,47,315,39,7*7F,1763493905857
NMEA,$GAGSV,3,2,10,13,13,277,44,15,06,228,26,16,35,050,39,25,54,072,41,7*77,1763493905857
NMEA,$GAGSV,3,3,10,26,03,325,27,30,05,202,23,7*73,1763493905857
NMEA,$GAGSV,2,1,08,02,49,173,27,03,67,071,35,05,20,107,33,08,47,315,30,1*7D,1763493905857
NMEA,$GAGSV,2,2,08,13,13,277,34,15,06,228,19,16,35,050,33,25,54,072,29,1*76,1763493905857
NMEA,$GBGSV,2,1,06,37,49,047,43,36,17,231,33,23,01,050,25,22,03,319,31,1*75,1763493905857
NMEA,$GBGSV,2,2,06,20,72,159,44,19,54,312,45,1*72,1763493905857
NMEA,$GBGSV,2,1,05,19,54,312,44,20,72,159,44,32,16,143,23,36,17,231,32,3*72,1763493905857
NMEA,$GBGSV,2,2,05,37,49,047,42,3*4D,1763493905857
NMEA,$GBGSV,2,1,07,19,54,312,36,20,72,159,35,22,03,319,24,23,01,050,16,5*7A,1763493905857
NMEA,$GBGSV,2,2,07,32,16,143,29,36,17,231,27,37,49,047,29,5*49,1763493905857
NMEA,$GNGSA,A,3,03,04,07,08,09,16,20,21,27,30,,,0.6,0.4,0.5,1*37,1763493905867
NMEA,$PSSGR,GSA,A,3,03,04,08,09,21,27,30,,,,,,0.6,0.4,0.5,1,8*41,1763493905867
NMEA,$GNGSA,A,3,65,72,75,76,,,,,,,,,0.6,0.4,0.5,2*30,1763493905867
NMEA,$GNGSA,A,3,02,03,05,08,13,15,16,25,,,,,0.6,0.4,0.5,3*3E,1763493905867
NMEA,$PSSGR,GSA,A,3,302,303,305,308,313,316,325,,,,,,0.6,0.4,0.5,3,1*74,1763493905867
NMEA,$GNGSA,A,3,19,20,32,36,37,,,,,,,,0.6,0.4,0.5,4*39,1763493905867
NMEA,$PSSGR,GSA,A,3,219,220,232,236,237,,,,,,,,0.6,0.4,0.5,4,5*72,1763493905867
NMEA,$GNVTG,227.1,T,214.3,M,2.4,N,4.4,K,E*3D,1763493905867
NMEA,$GNDTM,W84,,0000.000000,N,00000.000000,E,0.000,W84*41,1763493905867
NMEA,$GNRMC,192506.00,A,3725.846631,N,12209.300083,W,2.4,227.1,181125,12.8,E,E,V*76,1763493905867
NMEA,$GNGNS,192506.00,3725.846631,N,12209.300083,W,EEEEEE,27,0.4,22.2,-32.6,,,V*2D,1763493905867
NMEA,$GNGGA,192506.00,3725.846631,N,12209.300083,W,6,12,0.4,22.2,M,-32.6,M,,*7C,1763493905867
NMEA,$PSMSG,magcal=PASS,bluesky=0*00,1763493905870
NMEA,$GPGSV,4,1,13,03,19,173,30,04,54,099,41,06,04,258,31,07,52,279,45,1*6C,1763493906855
NMEA,$GPGSV,4,2,13,08,17,127,32,09,75,354,44,11,04,296,34,16,35,051,38,1*62,1763493906855
NMEA,$GPGSV,4,3,13,20,13,320,41,21,14,320,39,26,03,041,31,27,18,095,38,1*63,1763493906855
NMEA,$GPGSV,4,4,13,30,24,263,44,1*54,1763493906855
NMEA,$GPGSV,3,1,10,03,19,173,33,04,54,099,34,06,04,258,17,08,17,127,29,8*68,1763493906855
NMEA,$GPGSV,3,2,10,09,75,354,37,11,04,296,23,21,14,320,30,26,03,041,19,8*66,1763493906855
NMEA,$GPGSV,3,3,10,27,18,095,34,30,24,263,33,8*69,1763493906855
NMEA,$GLGSV,1,1,04,12,61,225,46,11,54,029,43,01,77,099,38,08,23,134,31,1*75,1763493906855
NMEA,$GAGSV,3,1,10,02,49,173,44,03,67,071,40,05,20,107,38,08,47,315,38,7*77,1763493906855
NMEA,$GAGSV,3,2,10,13,13,277,43,15,06,228,30,16,35,050,37,25,54,072,40,7*78,1763493906855
NMEA,$GAGSV,3,3,10,26,03,325,26,30,05,202,19,7*7B,1763493906855
NMEA,$GAGSV,2,1,08,02,49,173,34,03,67,071,33,05,20,107,32,08,47,315,30,1*78,1763493906855
NMEA,$GAGSV,2,2,08,13,13,277,32,15,06,228,19,16,35,050,34,25,54,072,32,1*7D,1763493906855
NMEA,$GBGSV,2,1,05,37,49,047,42,36,17,231,37,22,03,319,33,20,72,159,45,1*78,1763493906855
NMEA,$GBGSV,2,2,05,19,54,312,44,1*4A,1763493906855
NMEA,$GBGSV,2,1,05,19,54,312,43,20,72,159,44,32,16,143,23,36,17,231,35,3*72,1763493906855
NMEA,$GBGSV,2,2,05,37,49,047,41,3*4E,1763493906855
NMEA,$GBGSV,2,1,07,19,54,312,37,20,72,159,36,22,03,319,24,23,01,050,18,5*76,1763493906855
NMEA,$GBGSV,2,2,07,32,16,143,22,36,17,231,30,37,49,047,34,5*48,1763493906855
NMEA,$GNGSA,A,3,03,04,07,08,09,16,20,21,27,30,,,0.6,0.4,0.5,1*37,1763493906865
NMEA,$PSSGR,GSA,A,3,03,04,08,09,21,27,30,,,,,,0.6,0.4,0.5,1,8*41,1763493906865
NMEA,$GNGSA,A,3,65,72,75,76,,,,,,,,,0.6,0.4,0.5,2*30,1763493906865
NMEA,$GNGSA,A,3,02,03,05,08,13,15,16,25,,,,,0.6,0.4,0.5,3*3E,1763493906865
NMEA,$PSSGR,GSA,A,3,302,303,305,308,313,316,325,,,,,,0.6,0.4,0.5,3,1*74,1763493906865
NMEA,$GNGSA,A,3,19,20,32,36,37,,,,,,,,0.6,0.4,0.5,4*39,1763493906865
NMEA,$PSSGR,GSA,A,3,219,220,232,236,237,,,,,,,,0.6,0.4,0.5,4,5*72,1763493906865
NMEA,$GNVTG,228.1,T,215.3,M,2.2,N,4.1,K,E*30,1763493906865
NMEA,$GNDTM,W84,,0000.000000,N,00000.000000,E,0.000,W84*41,1763493906865
NMEA,$GNRMC,192507.00,A,3725.846222,N,12209.300682,W,2.2,228.1,181125,12.8,E,E,V*7F,1763493906865
NMEA,$GNGNS,192507.00,3725.846222,N,12209.300682,W,EEEEEE,27,0.4,22.2,-32.6,,,V*2D,1763493906865
NMEA,$GNGGA,192507.00,3725.846222,N,12209.300682,W,6,12,0.4,22.2,M,-32.6,M,,*7C,1763493906865
NMEA,$PSMSG,magcal=PASS,bluesky=0*00,1763493906869
NMEA,$GPGSV,4,1,13,03,19,173,30,04,54,099,41,06,04,258,33,07,52,279,44,1*6F,1763493907858
NMEA,$GPGSV,4,2,13,08,17,127,25,09,75,354,44,11,04,296,35,16,35,051,42,1*68,1763493907858
NMEA,$GPGSV,4,3,13,20,13,320,38,21,14,320,35,26,03,041,32,27,18,095,39,1*63,1763493907858
NMEA,$GPGSV,4,4,13,30,24,263,39,1*5E,1763493907858
NMEA,$GPGSV,3,1,10,03,19,173,23,04,54,099,38,06,04,258,19,08,17,127,22,8*60,1763493907858
NMEA,$GPGSV,3,2,10,09,75,354,36,11,04,296,23,21,14,320,32,26,03,041,19,8*65,1763493907858
NMEA,$GPGSV,3,3,10,27,18,095,31,30,24,263,36,8*69,1763493907858
NMEA,$GLGSV,1,1,04,12,61,225,43,11,54,029,43,01,77,099,38,08,23,134,36,1*77,1763493907858
NMEA,$GAGSV,3,1,10,02,49,173,41,03,67,071,40,05,20,107,38,08,47,315,40,7*7D,1763493907858
NMEA,$GAGSV,3,2,10,13,13,277,43,15,06,228,29,16,35,050,41,25,54,072,41,7*70,1763493907858
NMEA,$GAGSV,3,3,10,26,03,325,28,30,05,202,27,7*78,1763493907858
NMEA,$GAGSV,2,1,08,02,49,173,34,03,67,071,36,05,20,107,33,08,47,315,30,1*7C,1763493907858
NMEA,$GAGSV,2,2,08,13,13,277,35,15,06,228,19,16,35,050,32,25,54,072,37,1*79,1763493907858
NMEA,$GBGSV,2,1,07,37,49,047,41,36,17,231,44,32,16,143,29,23,01,050,26,1*74,1763493907858
NMEA,$GBGSV,2,2,07,22,03,319,32,20,72,159,43,19,54,312,43,1*4B,1763493907858
NMEA,$GBGSV,2,1,05,19,54,312,43,20,72,159,44,32,16,143,26,36,17,231,42,3*77,1763493907858
NMEA,$GBGSV,2,2,05,37,49,047,42,3*4D,1763493907858
NMEA,$GBGSV,2,1,07,19,54,312,33,20,72,159,33,22,03,319,25,23,01,050,18,5*76,1763493907858
NMEA,$GBGSV,2,2,07,32,16,143,28,36,17,231,30,37,49,047,38,5*4E,1763493907858
NMEA,$GNGSA,A,3,03,04,07,08,09,16,20,21,27,30,,,0.6,0.4,0.5,1*37,1763493907869
NMEA,$PSSGR,GSA,A,3,03,04,08,09,21,27,30,,,,,,0.6,0.4,0.5,1,8*41,1763493907869
NMEA,$GNGSA,A,3,65,72,75,76,,,,,,,,,0.6,0.4,0.5,2*30,1763493907869
NMEA,$GNGSA,A,3,02,03,05,08,13,15,16,25,,,,,0.6,0.4,0.5,3*3E,1763493907869
NMEA,$PSSGR,GSA,A,3,302,303,305,308,313,316,325,,,,,,0.6,0.4,0.5,3,1*74,1763493907869
NMEA,$GNGSA,A,3,19,20,32,36,37,,,,,,,,0.6,0.4,0.5,4*39,1763493907869
NMEA,$PSSGR,GSA,A,3,219,220,232,236,237,,,,,,,,0.6,0.4,0.5,4,5*72,1763493907869
NMEA,$GNVTG,230.1,T,217.3,M,2.0,N,3.7,K,E*38,1763493907869
NMEA,$GNDTM,W84,,0000.000000,N,00000.000000,E,0.000,W84*41,1763493907869
NMEA,$GNRMC,192508.00,A,3725.845881,N,12209.301268,W,2.0,230.1,181125,12.8,E,E,V*7A,1763493907869
NMEA,$GNGNS,192508.00,3725.845881,N,12209.301268,W,EEEEEE,27,0.4,22.3,-32.6,,,V*22,1763493907869
NMEA,$GNGGA,192508.00,3725.845881,N,12209.301268,W,6,12,0.4,22.3,M,-32.6,M,,*73,1763493907869
NMEA,$PSMSG,magcal=PASS,bluesky=0*00,1763493907875
NMEA,$GPGSV,4,1,13,03,19,173,28,04,54,099,41,06,04,258,34,07,52,279,44,1*61,1763493908858
NMEA,$GPGSV,4,2,13,08,17,127,31,09,75,354,46,11,04,296,31,16,35,051,43,1*6A,1763493908858
NMEA,$GPGSV,4,3,13,20,13,320,38,21,14,320,33,26,03,041,35,27,18,095,39,1*62,1763493908858
NMEA,$GPGSV,4,4,13,30,24,263,41,1*51,1763493908858
NMEA,$GPGSV,3,1,10,03,19,173,28,04,54,099,37,06,04,258,24,08,17,127,28,8*60,1763493908858
NMEA,$GPGSV,3,2,10,09,75,354,37,11,04,296,21,21,14,320,28,26,03,041,20,8*67,1763493908858
NMEA,$GPGSV,3,3,10,27,18,095,33,30,24,263,39,8*64,1763493908858
NMEA,$GLGSV,1,1,04,12,61,225,41,11,54,029,44,01,77,099,39,08,23,134,36,1*73,1763493908858
NMEA,$GAGSV,3,1,10,02,49,173,40,03,67,071,40,05,20,107,38,08,47,315,43,7*7F,1763493908858
NMEA,$GAGSV,3,2,10,13,13,277,43,15,06,228,27,16,35,050,41,25,54,072,41,7*7E,1763493908858
NMEA,$GAGSV,3,3,10,26,03,325,29,30,05,202,23,7*7D,1763493908858
NMEA,$GAGSV,2,1,08,02,49,173,34,03,67,071,34,05,20,107,31,08,47,315,32,1*7E,1763493908858
NMEA,$GAGSV,2,2,08,13,13,277,33,15,06,228,15,16,35,050,34,25,54,072,36,1*74,1763493908858
NMEA,$GBGSV,2,1,07,37,49,047,39,36,17,231,43,32,16,143,27,23,01,050,24,1*70,1763493908858
NMEA,$GBGSV,2,2,07,22,03,319,30,20,72,159,43,19,54,312,44,1*4E,1763493908858
NMEA,$GBGSV,2,1,05,19,54,312,44,20,72,159,44,32,16,143,26,36,17,231,43,3*71,1763493908858
NMEA,$GBGSV,2,2,05,37,49,047,40,3*4F,1763493908858
NMEA,$GBGSV,2,1,07,19,54,312,35,20,72,159,35,22,03,319,21,23,01,050,18,5*72,1763493908858
NMEA,$GBGSV,2,2,07,32,16,143,30,36,17,231,29,37,49,047,39,5*4E,1763493908858
NMEA,$GNGSA,A,3,03,04,07,08,09,16,20,21,27,30,,,0.6,0.4,0.5,1*37,1763493908869
NMEA,$PSSGR,GSA,A,3,03,04,08,09,21,27,30,,,,,,0.6,0.4,0.5,1,8*41,1763493908869
NMEA,$GNGSA,A,3,65,72,75,76,,,,,,,,,0.6,0.4,0.5,2*30,1763493908869
NMEA,$GNGSA,A,3,02,03,05,08,13,15,16,25,,,,,0.6,0.4,0.5,3*3E,1763493908869
NMEA,$PSSGR,GSA,A,3,302,303,305,308,313,316,325,,,,,,0.6,0.4,0.5,3,1*74,1763493908869
NMEA,$GNGSA,A,3,19,20,32,36,37,,,,,,,,0.6,0.4,0.5,4*39,1763493908869
NMEA,$PSSGR,GSA,A,3,219,220,232,236,237,,,,,,,,0.6,0.4,0.5,4,5*72,1763493908869
NMEA,$GNVTG,229.2,T,216.4,M,2.4,N,4.4,K,E*35,1763493908869
NMEA,$GNDTM,W84,,0000.000000,N,00000.000000,E,0.000,W84*41,1763493908869
NMEA,$GNRMC,192509.00,A,3725.845462,N,12209.301934,W,2.4,229.2,181125,12.8,E,E,V*77,1763493908869
NMEA,$GNGNS,192509.00,3725.845462,N,12209.301934,W,EEEEEE,27,0.4,22.2,-32.6,,,V*21,1763493908869
NMEA,$GNGGA,192509.00,3725.845462,N,12209.301934,W,6,12,0.4,22.2,M,-32.6,M,,*70,1763493908869
NMEA,$PSMSG,magcal=PASS,bluesky=0*00,1763493908872
NMEA,$GPGSV,3,1,12,04,54,099,42,06,04,258,31,07,52,279,45,08,17,127,29,1*65,1763493909859
NMEA,$GPGSV,3,2,12,09,75,354,45,11,04,296,33,16,35,051,43,20,13,320,38,1*6F,1763493909859
NMEA,$GPGSV,3,3,12,21,14,320,35,26,03,041,34,27,18,095,37,30,24,263,43,1*62,1763493909859
NMEA,$GPGSV,3,1,10,03,19,173,23,04,54,099,37,06,04,258,24,08,17,127,31,8*63,1763493909859
NMEA,$GPGSV,3,2,10,09,75,354,38,11,04,296,21,21,14,320,29,26,03,041,20,8*69,1763493909859
NMEA,$GPGSV,3,3,10,27,18,095,35,30,24,263,37,8*6C,1763493909859
NMEA,$GLGSV,1,1,04,12,61,225,43,11,54,029,44,01,77,099,38,08,23,134,37,1*71,1763493909859
NMEA,$GAGSV,3,1,10,02,49,173,39,03,67,071,41,05,20,107,38,08,47,315,42,7*71,1763493909859
NMEA,$GAGSV,3,2,10,13,13,277,42,15,06,228,27,16,35,050,41,25,54,072,41,7*7F,1763493909859
NMEA,$GAGSV,3,3,10,26,03,325,28,30,05,202,27,7*78,1763493909859
NMEA,$GAGSV,2,1,08,02,49,173,33,03,67,071,34,05,20,107,33,08,47,315,31,1*78,1763493909859
NMEA,$GAGSV,2,2,08,13,13,277,34,15,06,228,15,16,35,050,34,25,54,072,35,1*70,1763493909859
NMEA,$GBGSV,2,1,07,37,49,047,41,36,17,231,42,32,16,143,28,23,01,050,24,1*71,1763493909859
NMEA,$GBGSV,2,2,07,22,03,319,31,20,72,159,44,19,54,312,44,1*48,1763493909859
NMEA,$GBGSV,2,1,05,19,54,312,44,20,72,159,43,32,16,143,28,36,17,231,43,3*78,1763493909859
NMEA,$GBGSV,2,2,05,37,49,047,39,3*41,1763493909859
NMEA,$GBGSV,2,1,07,19,54,312,37,20,72,159,35,22,03,319,21,23,01,050,18,5*70,1763493909859
NMEA,$GBGSV,2,2,07,32,16,143,28,36,17,231,29,37,49,047,38,5*46,1763493909859
NMEA,$GNGSA,A,3,03,04,07,08,09,16,20,21,27,30,,,0.6,0.4,0.5,1*37,1763493909877
NMEA,$PSSGR,GSA,A,3,03,04,08,09,21,27,30,,,,,,0.6,0.4,0.5,1,8*41,1763493909877
NMEA,$GNGSA,A,3,65,72,75,76,,,,,,,,,0.6,0.4,0.5,2*30,1763493909877
NMEA,$GNGSA,A,3,02,03,05,08,13,15,16,25,,,,,0.6,0.4,0.5,3*3E,1763493909877
NMEA,$PSSGR,GSA,A,3,302,303,305,308,313,316,325,,,,,,0.6,0.4,0.5,3,1*74,1763493909877
NMEA,$GNGSA,A,3,19,20,32,36,37,,,,,,,,0.6,0.4,0.5,4*39,1763493909877
NMEA,$PSSGR,GSA,A,3,219,220,232,236,237,,,,,,,,0.6,0.4,0.5,4,5*72,1763493909877
NMEA,$GNVTG,228.0,T,215.2,M,2.4,N,4.4,K,E*33,1763493909877
NMEA,$GNDTM,W84,,0000.000000,N,00000.000000,E,0.000,W84*41,1763493909877
NMEA,$GNRMC,192510.00,A,3725.845013,N,12209.302574,W,2.4,228.0,181125,12.8,E,E,V*75,1763493909877
NMEA,$GNGNS,192510.00,3725.845013,N,12209.302574,W,EEEEEE,27,0.4,22.1,-32.6,,,V*23,1763493909877
NMEA,$GNGGA,192510.00,3725.845013,N,12209.302574,W,6,12,0.4,22.1,M,-32.6,M,,*72,1763493909877
NMEA,$PSMSG,magcal=PASS,bluesky=0*00,1763493909882
NMEA,$GPGSV,3,1,12,04,54,099,41,06,04,258,33,07,52,279,46,08,17,127,34,1*6B,1763493910860
NMEA,$GPGSV,3,2,12,09,75,354,46,11,04,296,33,16,35,051,40,20,13,320,39,1*6E,1763493910860
NMEA,$GPGSV,3,3,12,21,14,320,34,26,03,041,35,27,18,095,39,30,24,263,45,1*6A,1763493910860
NMEA,$GPGSV,3,1,10,03,19,173,26,04,54,099,36,06,04,258,24,08,17,127,29,8*6E,1763493910860
NMEA,$GPGSV,3,2,10,09,75,354,36,11,04,296,21,21,14,320,31,26,03,041,20,8*6E,1763493910860
NMEA,$GPGSV,3,3,10,27,18,095,35,30,24,263,34,8*6F,1763493910860
NMEA,$GLGSV,1,1,04,12,62,227,45,11,54,029,43,01,77,099,37,08,23,134,36,1*7F,1763493910860
NMEA,$GAGSV,3,1,10,02,49,173,39,03,67,071,41,05,20,107,38,08,47,315,41,7*72,1763493910860
NMEA,$GAGSV,3,2,10,13,13,277,44,15,06,228,23,16,35,050,39,25,54,072,41,7*72,1763493910860
NMEA,$GAGSV,3,3,10,26,03,325,29,30,05,202,27,7*79,1763493910860
NMEA,$GAGSV,2,1,08,02,49,173,31,03,67,071,33,05,20,107,33,08,47,315,37,1*7B,1763493910860
NMEA,$GAGSV,2,2,08,13,13,277,26,15,06,228,15,16,35,050,33,25,54,072,34,1*75,1763493910860
NMEA,$GBGSV,2,1,06,37,49,047,42,36,17,231,40,32,16,143,33,22,03,319,35,1*76,1763493910860
NMEA,$GBGSV,2,2,06,20,72,159,46,19,54,312,45,1*70,1763493910860
NMEA,$GBGSV,2,1,05,19,54,312,45,20,72,159,43,32,16,143,32,36,17,231,40,3*71,1763493910860
NMEA,$GBGSV,2,2,05,37,49,047,40,3*4F,1763493910860
NMEA,$GBGSV,2,1,07,19,54,312,38,20,72,159,34,22,03,319,19,23,01,050,18,5*75,1763493910860
NMEA,$GBGSV,2,2,07,32,16,143,31,36,17,231,28,37,49,047,36,5*41,1763493910860
NMEA,$GNGSA,A,3,03,04,07,08,09,16,20,21,27,30,,,0.6,0.4,0.5,1*37,1763493910867
NMEA,$PSSGR,GSA,A,3,03,04,08,09,21,27,30,,,,,,0.6,0.4,0.5,1,8*41,1763493910867
NMEA,$GNGSA,A,3,65,72,75,76,,,,,,,,,0.6,0.4,0.5,2*30,1763493910867
NMEA,$GNGSA,A,3,02,03,05,08,13,15,16,25,,,,,0.6,0.4,0.5,3*3E,1763493910867
NMEA,$PSSGR,GSA,A,3,302,303,305,308,313,316,325,,,,,,0.6,0.4,0.5,3,1*74,1763493910867
NMEA,$GNGSA,A,3,19,20,32,36,37,,,,,,,,0.6,0.4,0.5,4*39,1763493910867
NMEA,$PSSGR,GSA,A,3,219,220,232,236,237,,,,,,,,0.6,0.4,0.5,4,5*72,1763493910867
NMEA,$GNVTG,229.7,T,216.9,M,2.4,N,4.4,K,E*3D,1763493910867
NMEA,$GNDTM,W84,,0000.000000,N,00000.000000,E,0.000,W84*41,1763493910867
NMEA,$GNRMC,192511.00,A,3725.844568,N,12209.303226,W,2.4,229.7,181125,12.8,E,E,V*7B,1763493910867
NMEA,$GNGNS,192511.00,3725.844568,N,12209.303226,W,EEEEEE,27,0.4,22.1,-32.6,,,V*2B,1763493910867
NMEA,$GNGGA,192511.00,3725.844568,N,12209.303226,W,6,12,0.4,22.1,M,-32.6,M,,*7A,1763493910867
NMEA,$PSMSG,magcal=PASS,bluesky=0*00,1763493910870
NMEA,$GPGSV,4,1,13,03,19,173,30,04,54,099,41,06,04,258,38,07,52,279,45,1*65,1763493911858
NMEA,$GPGSV,4,2,13,08,17,127,32,09,75,354,46,11,04,296,32,16,35,051,43,1*6A,1763493911858
NMEA,$GPGSV,4,3,13,20,13,320,39,21,14,320,36,26,03,041,37,27,18,095,38,1*65,1763493911858
NMEA,$GPGSV,4,4,13,30,24,263,44,1*54,1763493911858
NMEA,$GPGSV,3,1,10,03,19,173,24,04,54,099,37,06,04,258,20,08,17,127,30,8*61,1763493911858
NMEA,$GPGSV,3,2,10,09,75,354,35,11,04,296,22,21,14,320,25,26,03,041,19,8*61,1763493911858
NMEA,$GPGSV,3,3,10,27,18,095,34,30,24,263,32,8*68,1763493911858
NMEA,$GLGSV,1,1,04,12,62,227,44,11,54,029,45,01,77,099,37,08,23,134,35,1*7B,1763493911858
NMEA,$GAGSV,3,1,10,02,49,173,37,03,67,071,40,05,20,107,38,08,47,315,40,7*7C,1763493911858
NMEA,$GAGSV,3,2,10,13,13,277,42,15,06,228,29,16,35,050,41,25,54,072,41,7*71,1763493911858
NMEA,$GAGSV,3,3,10,26,03,325,29,30,05,202,27,7*79,1763493911858
NMEA,$GAGSV,2,1,08,02,49,173,32,03,67,071,33,05,20,107,32,08,47,315,37,1*79,1763493911858
NMEA,$GAGSV,2,2,08,13,13,277,24,15,06,228,15,16,35,050,33,25,54,072,36,1*75,1763493911858
NMEA,$GBGSV,2,1,06,37,49,047,39,36,17,231,40,32,16,143,32,22,03,319,34,1*7A,1763493911858
NMEA,$GBGSV,2,2,06,20,72,159,44,19,54,312,45,1*72,1763493911858
NMEA,$GBGSV,2,1,05,19,54,312,43,20,72,159,40,32,16,143,32,36,17,231,38,3*7B,1763493911858
NMEA,$GBGSV,2,2,05,37,49,047,38,3*40,1763493911858
NMEA,$GBGSV,2,1,07,19,54,312,37,20,72,159,35,22,03,319,25,23,01,050,18,5*74,1763493911858
NMEA,$GBGSV,2,2,07,32,16,143,29,36,17,231,28,37,49,047,36,5*48,1763493911858
NMEA,$GNGSA,A,3,03,04,07,08,09,16,20,21,27,30,,,0.6,0.4,0.5,1*37,1763493911869
NMEA,$PSSGR,GSA,A,3,03,04,08,09,21,27,30,,,,,,0.6,0.4,0.5,1,8*41,1763493911869
NMEA,$GNGSA,A,3,65,72,75,76,,,,,,,,,0.6,0.4,0.5,2*30,1763493911869
NMEA,$GNGSA,A,3,02,03,05,08,13,15,16,25,,,,,0.6,0.4,0.5,3*3E,1763493911869
NMEA,$PSSGR,GSA,A,3,302,303,305,308,313,316,325,,,,,,0.6,0.4,0.5,3,1*74,1763493911869
NMEA,$GNGSA,A,3,19,20,32,36,37,,,,,,,,0.6,0.4,0.5,4*39,1763493911869
NMEA,$PSSGR,GSA,A,3,219,220,232,236,237,,,,,,,,0.6,0.4,0.5,4,5*72,1763493911869
NMEA,$GNVTG,225.8,T,213.0,M,2.3,N,4.2,K,E*33,1763493911869
NMEA,$GNDTM,W84,,0000.000000,N,00000.000000,E,0.000,W84*41,1763493911869
NMEA,$GNRMC,192512.00,A,3725.844133,N,12209.303833,W,2.3,225.8,181125,12.8,E,E,V*78,1763493911869
NMEA,$GNGNS,192512.00,3725.844133,N,12209.303833,W,EEEEEE,27,0.4,22.0,-32.6,,,V*2D,1763493911869
NMEA,$GNGGA,192512.00,3725.844133,N,12209.303833,W,6,12,0.4,22.0,M,-32.6,M,,*7C,1763493911869
NMEA,$PSMSG,magcal=PASS,bluesky=0*00,1763493911876
NMEA,$GPGSV,3,1,12,04,54,099,40,06,04,258,35,07,52,279,47,08,17,127,34,1*6D,1763493912855
NMEA,$GPGSV,3,2,12,09,75,354,44,11,04,296,31,16,35,051,39,20,13,320,40,1*6E,1763493912855
NMEA,$GPGSV,3,3,12,21,14,320,35,26,03,041,36,27,18,095,39,30,24,263,45,1*68,1763493912855
NMEA,$GPGSV,3,1,10,03,19,173,28,04,54,099,35,06,04,258,22,08,17,127,32,8*6F,1763493912855
NMEA,$GPGSV,3,2,10,09,75,354,37,11,04,296,21,21,14,320,29,26,03,041,22,8*64,1763493912855
NMEA,$GPGSV,3,3,10,27,18,095,34,30,24,263,30,8*6A,1763493912855
NMEA,$GLGSV,1,1,04,12,62,227,46,11,54,029,43,01,77,099,38,08,23,134,32,1*77,1763493912855
NMEA,$GAGSV,3,1,10,02,49,173,38,03,67,071,42,05,20,107,37,08,47,315,42,7*7C,1763493912855
NMEA,$GAGSV,3,2,10,13,13,277,46,15,06,228,30,16,35,050,38,25,54,072,39,7*7C,1763493912855
NMEA,$GAGSV,3,3,10,26,03,325,31,30,05,202,21,7*76,1763493912855
NMEA,$GAGSV,2,1,08,02,49,173,34,03,67,071,33,05,20,107,32,08,47,315,34,1*7C,1763493912855
NMEA,$GAGSV,2,2,08,13,13,277,32,15,06,228,17,16,35,050,32,25,54,072,34,1*73,1763493912855
NMEA,$GBGSV,2,1,06,37,49,047,43,36,17,231,39,32,16,143,28,22,03,319,31,1*77,1763493912855
NMEA,$GBGSV,2,2,06,20,72,159,46,19,54,312,44,1*71,1763493912855
NMEA,$GBGSV,2,1,05,19,54,312,44,20,72,159,43,32,16,143,28,36,17,231,39,3*75,1763493912855
NMEA,$GBGSV,2,2,05,37,49,047,40,3*4F,1763493912855
NMEA,$GBGSV,2,1,07,19,54,312,38,20,72,159,35,22,03,319,25,23,01,050,16,5*75,1763493912855
NMEA,$GBGSV,2,2,07,32,16,143,21,36,17,231,28,37,49,047,36,5*40,1763493912855
NMEA,$GNGSA,A,3,03,04,07,08,09,16,20,21,27,30,,,0.6,0.4,0.5,1*37,1763493912869
NMEA,$PSSGR,GSA,A,3,03,04,08,09,21,27,30,,,,,,0.6,0.4,0.5,1,8*41,1763493912869
NMEA,$GNGSA,A,3,65,72,75,76,,,,,,,,,0.6,0.4,0.5,2*30,1763493912869
NMEA,$GNGSA,A,3,02,03,05,08,13,15,16,25,,,,,0.6,0.4,0.5,3*3E,1763493912869
NMEA,$PSSGR,GSA,A,3,302,303,305,308,313,316,325,,,,,,0.6,0.4,0.5,3,1*74,1763493912869
NMEA,$GNGSA,A,3,19,20,32,36,37,,,,,,,,0.6,0.4,0.5,4*39,1763493912869
NMEA,$PSSGR,GSA,A,3,219,220,232,236,237,,,,,,,,0.6,0.4,0.5,4,5*72,1763493912869
NMEA,$GNVTG,226.6,T,213.8,M,2.3,N,4.3,K,E*37,1763493912869
NMEA,$GNDTM,W84,,0000.000000,N,00000.000000,E,0.000,W84*41,1763493912869
NMEA,$GNRMC,192513.00,A,3725.843716,N,12209.304412,W,2.3,226.6,181125,12.8,E,E,V*7A,1763493912869
NMEA,$GNGNS,192513.00,3725.843716,N,12209.304412,W,EEEEEE,27,0.4,22.1,-32.6,,,V*23,1763493912869
NMEA,$GNGGA,192513.00,3725.843716,N,12209.304412,W,6,12,0.4,22.1,M,-32.6,M,,*72,1763493912869
NMEA,$PSMSG,magcal=PASS,bluesky=0*00,1763493912875
NMEA,$GPGSV,3,1,12,04,54,099,41,06,04,258,32,07,52,279,47,08,17,127,33,1*6C,1763493913859
NMEA,$GPGSV,3,2,12,09,75,354,43,11,04,296,33,16,35,051,34,20,13,320,39,1*68,1763493913859
NMEA,$GPGSV,3,3,12,21,14,320,36,26,03,041,35,27,18,095,39,30,24,263,45,1*68,1763493913859
NMEA,$GPGSV,3,1,10,03,19,173,32,04,54,099,35,06,04,258,22,08,17,127,29,8*6E,1763493913859
NMEA,$GPGSV,3,2,10,09,75,354,38,11,04,296,25,21,14,320,31,26,03,041,25,8*61,1763493913859
NMEA,$GPGSV,3,3,10,27,18,095,35,30,24,263,34,8*6F,1763493913859
NMEA,$GLGSV,1,1,04,12,62,227,46,11,54,029,41,01,77,099,37,08,23,134,33,1*7B,1763493913859
NMEA,$GAGSV,3,1,10,02,49,173,40,03,67,071,41,05,20,107,37,08,47,315,42,7*70,1763493913859
NMEA,$GAGSV,3,2,10,13,13,277,45,15,06,228,30,16,35,050,33,25,54,072,40,7*7A,1763493913859
NMEA,$GAGSV,3,3,10,26,03,325,28,30,05,202,21,7*7E,1763493913859
NMEA,$GAGSV,2,1,08,02,49,173,36,03,67,071,33,05,20,107,29,08,47,315,26,1*77,1763493913859
NMEA,$GAGSV,2,2,08,13,13,277,34,15,06,228,17,16,35,050,33,25,54,072,32,1*72,1763493913859
NMEA,$GBGSV,2,1,06,37,49,047,43,36,17,231,38,32,16,143,27,22,03,319,27,1*7E,1763493913859
NMEA,$GBGSV,2,2,06,20,72,159,46,19,54,312,44,1*71,1763493913859
NMEA,$GBGSV,2,1,05,19,54,312,42,20,72,159,44,32,16,143,26,36,17,231,35,3*76,1763493913859
NMEA,$GBGSV,2,2,05,37,49,047,41,3*4E,1763493913859
NMEA,$GBGSV,2,1,07,19,54,312,37,20,72,159,36,22,03,319,25,23,01,050,16,5*79,1763493913859
NMEA,$GBGSV,2,2,07,32,16,143,27,36,17,231,28,37,49,047,34,5*44,1763493913859
NMEA,$GNGSA,A,3,03,04,07,08,09,16,20,21,27,30,,,0.6,0.4,0.5,1*37,1763493913872
NMEA,$PSSGR,GSA,A,3,03,04,08,09,21,27,30,,,,,,0.6,0.4,0.5,1,8*41,1763493913872
NMEA,$GNGSA,A,3,65,72,75,76,,,,,,,,,0.6,0.4,0.5,2*30,1763493913872
NMEA,$GNGSA,A,3,02,03,05,08,13,15,16,25,,,,,0.6,0.4,0.5,3*3E,1763493913872
NMEA,$PSSGR,GSA,A,3,302,303,305,308,313,316,325,,,,,,0.6,0.4,0.5,3,1*74,1763493913872
NMEA,$GNGSA,A,3,19,20,32,36,37,,,,,,,,0.6,0.4,0.5,4*39,1763493913872
NMEA,$PSSGR,GSA,A,3,219,220,232,236,237,,,,,,,,0.6,0.4,0.5,4,5*72,1763493913872
NMEA,$GNVTG,225.8,T,213.0,M,2.3,N,4.2,K,E*33,1763493913872
NMEA,$GNDTM,W84,,0000.000000,N,00000.000000,E,0.000,W84*41,1763493913872
NMEA,$GNRMC,192514.00,A,3725.843322,N,12209.305003,W,2.3,225.8,181125,12.8,E,E,V*76,1763493913872
NMEA,$GNGNS,192514.00,3725.843322,N,12209.305003,W,EEEEEE,27,0.4,22.0,-32.6,,,V*23,1763493913872
NMEA,$GNGGA,192514.00,3725.843322,N,12209.305003,W,6,12,0.4,22.0,M,-32.6,M,,*72,1763493913872
NMEA,$PSMSG,magcal=PASS,bluesky=0*00,1763493913875
NMEA,$GPGSV,4,1,13,03,19,173,38,04,54,099,41,06,04,258,38,07,52,279,45,1*6D,1763493914860
NMEA,$GPGSV,4,2,13,08,17,127,24,09,75,354,44,11,04,296,31,16,35,051,41,1*6E,1763493914860
NMEA,$GPGSV,4,3,13,20,13,320,37,21,14,320,35,26,03,041,34,27,18,095,39,1*6A,1763493914860
NMEA,$GPGSV,4,4,13,30,24,263,42,1*52,1763493914860
NMEA,$GPGSV,3,1,10,03,19,173,32,04,54,099,38,06,04,258,23,08,17,127,28,8*63,1763493914860
NMEA,$GPGSV,3,2,10,09,75,354,37,11,04,296,25,21,14,320,30,26,03,041,26,8*6C,1763493914860
NMEA,$GPGSV,3,3,10,27,18,095,36,30,24,263,37,8*6F,1763493914860
NMEA,$GLGSV,1,1,04,12,62,227,43,11,54,029,45,01,77,099,36,08,23,134,30,1*78,1763493914860
NMEA,$GAGSV,3,1,10,02,49,173,40,03,67,071,40,05,20,107,36,08,47,315,41,7*73,1763493914860
NMEA,$GAGSV,3,2,10,13,13,277,40,15,06,228,30,16,35,050,39,25,54,072,40,7*75,1763493914860
NMEA,$GAGSV,3,3,10,26,03,325,23,30,05,202,21,7*75,1763493914860
NMEA,$GAGSV,2,1,08,02,49,173,34,03,67,071,32,05,20,107,33,08,47,315,32,1*7A,1763493914860
NMEA,$GAGSV,2,2,08,13,13,277,33,15,06,228,17,16,35,050,36,25,54,072,36,1*74,1763493914860
NMEA,$GBGSV,2,1,06,37,49,047,42,36,17,231,39,32,16,143,31,22,03,319,29,1*77,1763493914860
NMEA,$GBGSV,2,2,06,20,72,159,44,19,54,312,44,1*73,1763493914860
NMEA,$GBGSV,2,1,05,19,54,312,42,20,72,159,41,32,16,143,28,36,17,231,36,3*7E,1763493914860
NMEA,$GBGSV,2,2,05,37,49,047,38,3*40,1763493914860
NMEA,$GBGSV,2,1,07,19,54,312,36,20,72,159,36,22,03,319,26,23,01,050,19,5*74,1763493914860
NMEA,$GBGSV,2,2,07,32,16,143,32,36,17,231,28,37,49,047,38,5*4C,1763493914860
NMEA,$GNGSA,A,3,03,04,07,08,09,16,20,21,27,30,,,0.6,0.4,0.5,1*37,1763493914872
NMEA,$PSSGR,GSA,A,3,03,04,08,09,21,27,30,,,,,,0.6,0.4,0.5,1,8*41,1763493914872
NMEA,$GNGSA,A,3,65,72,75,76,,,,,,,,,0.6,0.4,0.5,2*30,1763493914872
NMEA,$GNGSA,A,3,02,03,05,08,13,15,16,25,,,,,0.6,0.4,0.5,3*3E,1763493914872
NMEA,$PSSGR,GSA,A,3,302,303,305,308,313,316,325,,,,,,0.6,0.4,0.5,3,1*74,1763493914872
NMEA,$GNGSA,A,3,19,20,32,36,37,,,,,,,,0.6,0.4,0.5,4*39,1763493914872
NMEA,$PSSGR,GSA,A,3,219,220,232,236,237,,,,,,,,0.6,0.4,0.5,4,5*72,1763493914872
NMEA,$GNVTG,222.4,T,209.6,M,2.2,N,4.1,K,E*37,1763493914872
NMEA,$GNDTM,W84,,0000.000000,N,00000.000000,E,0.000,W84*41,1763493914872
NMEA,$GNRMC,192515.00,A,3725.842853,N,12209.305576,W,2.2,222.4,181125,12.8,E,E,V*76,1763493914872
NMEA,$GNGNS,192515.00,3725.842853,N,12209.305576,W,EEEEEE,27,0.4,22.0,-32.6,,,V*29,1763493914872
NMEA,$GNGGA,192515.00,3725.842853,N,12209.305576,W,6,12,0.4,22.0,M,-32.6,M,,*78,1763493914872
NMEA,$PSMSG,magcal=PASS,bluesky=0*00,1763493914875
NMEA,$GPGSV,4,1,13,03,19,173,36,04,54,099,41,06,04,258,39,07,52,279,44,1*63,1763493915859
NMEA,$GPGSV,4,2,13,08,17,127,28,09,75,354,42,11,04,296,32,16,35,051,41,1*67,1763493915859
NMEA,$GPGSV,4,3,13,20,13,320,35,21,14,320,33,26,03,041,34,27,18,095,37,1*60,1763493915859
NMEA,$GPGSV,4,4,13,30,24,263,40,1*50,1763493915859
NMEA,$GPGSV,3,1,10,03,19,173,31,04,54,099,37,06,04,258,26,08,17,127,25,8*67,1763493915859
NMEA,$GPGSV,3,2,10,09,75,354,34,11,04,296,20,21,14,320,32,26,03,041,22,8*6C,1763493915859
NMEA,$GPGSV,3,3,10,27,18,095,36,30,24,263,36,8*6E,1763493915859
NMEA,$GLGSV,1,1,04,12,62,227,38,11,54,029,45,01,77,099,37,08,23,134,32,1*77,1763493915859
NMEA,$GAGSV,3,1,10,02,49,173,40,03,67,071,39,05,20,107,32,08,47,315,42,7*7A,1763493915859
NMEA,$GAGSV,3,2,10,13,13,277,40,15,06,228,23,16,35,050,40,25,54,072,42,7*7B,1763493915859
NMEA,$GAGSV,3,3,10,26,03,325,23,30,05,202,21,7*75,1763493915859
NMEA,$GAGSV,2,1,08,02,49,173,34,03,67,071,33,05,20,107,31,08,47,315,35,1*7E,1763493915859
NMEA,$GAGSV,2,2,08,13,13,277,34,15,06,228,17,16,35,050,37,25,54,072,34,1*70,1763493915859
NMEA,$GQGSV,1,1,01,03,02,297,19,1*51,1763493915859
NMEA,$GBGSV,2,1,06,37,49,047,40,36,17,231,39,32,16,143,28,22,03,319,31,1*74,1763493915859
NMEA,$GBGSV,2,2,06,20,72,159,40,19,54,312,42,1*71,1763493915859
NMEA,$GBGSV,2,1,05,19,54,312,41,20,72,159,41,32,16,143,30,36,17,231,38,3*7A,1763493915859
NMEA,$GBGSV,2,2,05,37,49,047,40,3*4F,1763493915859
NMEA,$GBGSV,2,1,07,19,54,312,34,20,72,159,33,22,03,319,29,23,01,050,19,5*7C,1763493915859
NMEA,$GBGSV,2,2,07,32,16,143,28,36,17,231,31,37,49,047,37,5*40,1763493915859
NMEA,$GNGSA,A,3,03,04,07,08,09,16,20,21,27,30,,,0.6,0.4,0.5,1*37,1763493915866
NMEA,$PSSGR,GSA,A,3,03,04,08,09,21,27,30,,,,,,0.6,0.4,0.5,1,8*41,1763493915866
NMEA,$GNGSA,A,3,65,72,75,76,,,,,,,,,0.6,0.4,0.5,2*30,1763493915866
NMEA,$GNGSA,A,3,02,03,05,08,13,15,16,25,,,,,0.6,0.4,0.5,3*3E,1763493915866
NMEA,$PSSGR,GSA,A,3,302,303,305,308,313,316,325,,,,,,0.6,0.4,0.5,3,1*74,1763493915866
NMEA,$GNGSA,A,3,19,20,32,36,37,,,,,,,,0.6,0.4,0.5,4*39,1763493915866
NMEA,$PSSGR,GSA,A,3,219,220,232,236,237,,,,,,,,0.6,0.4,0.5,4,5*72,1763493915866
NMEA,$GNVTG,227.0,T,214.2,M,2.2,N,4.0,K,E*3F,1763493915866
NMEA,$GNDTM,W84,,0000.000000,N,00000.000000,E,0.000,W84*41,1763493915866
NMEA,$GNRMC,192516.00,A,3725.842418,N,12209.306201,W,2.2,227.0,181125,12.8,E,E,V*73,1763493915866
NMEA,$GNGNS,192516.00,3725.842418,N,12209.306201,W,EEEEEE,27,0.4,21.9,-32.6,,,V*27,1763493915866
NMEA,$GNGGA,192516.00,3725.842418,N,12209.306201,W,6,12,0.4,21.9,M,-32.6,M,,*76,1763493915866
NMEA,$PSMSG,magcal=PASS,bluesky=0*00,1763493915871
NMEA,$GPGSV,4,1,13,03,19,173,37,04,54,099,39,06,04,258,40,07,52,279,46,1*61,1763493916859
NMEA,$GPGSV,4,2,13,08,17,127,29,09,75,354,43,11,04,296,35,16,35,051,40,1*61,1763493916859
NMEA,$GPGSV,4,3,13,20,13,320,37,21,14,320,34,26,03,041,34,27,18,095,37,1*65,1763493916859
NMEA,$GPGSV,4,4,13,30,24,263,43,1*53,1763493916859
NMEA,$GPGSV,3,1,10,03,19,173,34,04,54,099,37,06,04,258,29,08,17,127,28,8*60,1763493916859
NMEA,$GPGSV,3,2,10,09,75,354,34,11,04,296,24,21,14,320,29,26,03,041,24,8*64,1763493916859
NMEA,$GPGSV,3,3,10,27,18,095,37,30,24,263,36,8*6F,1763493916859
NMEA,$GLGSV,1,1,04,12,62,227,43,11,54,029,43,01,77,099,35,08,23,134,32,1*7F,1763493916859
NMEA,$GAGSV,3,1,10,02,49,173,39,03,67,071,40,05,20,107,22,08,47,315,40,7*79,1763493916859
NMEA,$GAGSV,3,2,10,13,13,277,41,15,06,228,23,16,35,050,38,25,54,072,41,7*76,1763493916859
NMEA,$GAGSV,3,3,10,26,03,325,25,30,05,202,21,7*73,1763493916859
NMEA,$GAGSV,2,1,08,02,49,173,36,03,67,071,31,05,20,107,31,08,47,315,36,1*7D,1763493916859
NMEA,$GAGSV,2,2,08,13,13,277,35,15,06,228,17,16,35,050,37,25,54,072,33,1*76,1763493916859
NMEA,$GQGSV,1,1,01,03,02,297,19,1*51,1763493916859
NMEA,$GBGSV,2,1,06,37,49,047,41,36,17,231,39,32,16,143,25,22,03,319,30,1*79,1763493916859
NMEA,$GBGSV,2,2,06,20,72,159,42,19,54,312,43,1*72,1763493916859
NMEA,$GBGSV,2,1,05,19,54,312,43,20,72,159,40,32,16,143,26,36,17,231,38,3*7E,1763493916859
NMEA,$GBGSV,2,2,05,37,49,047,40,3*4F,1763493916859
NMEA,$GBGSV,2,1,07,19,54,312,35,20,72,159,35,22,03,319,25,23,01,050,19,5*77,1763493916859
NMEA,$GBGSV,2,2,07,32,16,143,25,36,17,231,32,37,49,047,36,5*4F,1763493916859
NMEA,$GNGSA,A,3,03,04,07,08,09,16,20,21,27,30,,,0.6,0.4,0.5,1*37,1763493916878
NMEA,$PSSGR,GSA,A,3,03,04,08,09,21,27,30,,,,,,0.6,0.4,0.5,1,8*41,1763493916878
NMEA,$GNGSA,A,3,65,72,75,76,,,,,,,,,0.6,0.4,0.5,2*30,1763493916878
NMEA,$GNGSA,A,3,02,03,05,08,13,15,16,25,,,,,0.6,0.4,0.5,3*3E,1763493916878
NMEA,$PSSGR,GSA,A,3,302,303,305,308,313,316,325,,,,,,0.6,0.4,0.5,3,1*74,1763493916878
NMEA,$GNGSA,A,3,19,20,32,36,37,,,,,,,,0.6,0.4,0.5,4*39,1763493916878
NMEA,$PSSGR,GSA,A,3,219,220,232,236,237,,,,,,,,0.6,0.4,0.5,4,5*72,1763493916878
NMEA,$GNVTG,229.0,T,216.2,M,2.3,N,4.2,K,E*30,1763493916878
NMEA,$GNDTM,W84,,0000.000000,N,00000.000000,E,0.000,W84*41,1763493916878
NMEA,$GNRMC,192517.00,A,3725.841999,N,12209.306867,W,2.3,229.0,181125,12.8,E,E,V*70,1763493916878
NMEA,$GNGNS,192517.00,3725.841999,N,12209.306867,W,EEEEEE,27,0.4,21.7,-32.6,,,V*25,1763493916878
NMEA,$GNGGA,192517.00,3725.841999,N,12209.306867,W,6,12,0.4,21.7,M,-32.6,M,,*74,1763493916878
NMEA,$PSMSG,magcal=PASS,bluesky=0*00,1763493916883
NMEA,$GPGSV,4,1,13,03,19,173,37,04,54,099,39,06,04,258,40,07,52,279,47,1*60,1763493917859
NMEA,$GPGSV,4,2,13,08,17,127,26,09,75,354,43,11,04,296,36,16,35,051,38,1*62,1763493917859
NMEA,$GPGSV,4,3,13,20,13,320,39,21,14,320,37,26,03,041,33,27,18,095,35,1*6D,1763493917859
NMEA,$GPGSV,4,4,13,30,24,263,44,1*54,1763493917859
NMEA,$GPGSV,3,1,10,03,19,173,32,04,54,099,34,06,04,258,23,08,17,127,28,8*6F,1763493917859
NMEA,$GPGSV,3,2,10,09,75,354,33,11,04,296,24,21,14,320,32,26,03,041,22,8*6F,1763493917859
NMEA,$GPGSV,3,3,10,27,18,095,36,30,24,263,35,8*6D,1763493917859
NMEA,$GLGSV,1,1,04,12,62,227,46,11,54,029,40,01,77,099,36,08,23,134,28,1*71,1763493917859
NMEA,$GAGSV,3,1,10,02,49,173,40,03,67,071,41,05,20,107,28,08,47,315,43,7*7F,1763493917859
NMEA,$GAGSV,3,2,10,13,13,277,41,15,06,228,23,16,35,050,37,25,54,072,41,7*79,1763493917859
NMEA,$GAGSV,3,3,10,26,03,325,27,30,05,202,21,7*71,1763493917859
NMEA,$GAGSV,2,1,08,02,49,173,37,03,67,071,27,05,20,107,25,08,47,315,35,1*7D,1763493917859
NMEA,$GAGSV,2,2,08,13,13,277,35,15,06,228,17,16,35,050,36,25,54,072,33,1*77,1763493917859
NMEA,$GQGSV,1,1,01,03,02,297,19,1*51,1763493917859
NMEA,$GBGSV,2,1,06,37,49,047,42,36,17,231,42,32,16,143,28,22,03,319,29,1*73,1763493917859
NMEA,$GBGSV,2,2,06,20,72,159,46,19,54,312,42,1*77,1763493917859
NMEA,$GBGSV,2,1,05,19,54,312,43,20,72,159,42,32,16,143,26,36,17,231,38,3*7C,1763493917859
NMEA,$GBGSV,2,2,05,37,49,047,41,3*4E,1763493917859
NMEA,$GBGSV,2,1,07,19,54,312,34,20,72,159,36,22,03,319,27,23,01,050,18,5*76,1763493917859
NMEA,$GBGSV,2,2,07,32,16,143,26,36,17,231,28,37,49,047,34,5*45,1763493917859
NMEA,$GNGSA,A,3,03,04,07,08,09,16,20,21,27,30,,,0.6,0.4,0.5,1*37,1763493917875
NMEA,$PSSGR,GSA,A,3,03,04,08,09,21,27,30,,,,,,0.6,0.4,0.5,1,8*41,1763493917875
NMEA,$GNGSA,A,3,65,72,75,76,,,,,,,,,0.6,0.4,0.5,2*30,1763493917875
NMEA,$GNGSA,A,3,02,03,05,08,13,15,16,25,,,,,0.6,0.4,0.5,3*3E,1763493917875
NMEA,$PSSGR,GSA,A,3,302,303,305,308,313,316,325,,,,,,0.6,0.4,0.5,3,1*74,1763493917875
NMEA,$GNGSA,A,3,19,20,32,36,37,,,,,,,,0.6,0.4,0.5,4*39,1763493917875
NMEA,$PSSGR,GSA,A,3,219,220,232,236,237,,,,,,,,0.6,0.4,0.5,4,5*72,1763493917875
NMEA,$GNVTG,227.4,T,214.6,M,2.2,N,4.1,K,E*3E,1763493917875
NMEA,$GNDTM,W84,,0000.000000,N,00000.000000,E,0.000,W84*41,1763493917875
NMEA,$GNRMC,192518.00,A,3725.841586,N,12209.307421,W,2.2,227.4,181125,12.8,E,E,V*79,1763493917875
NMEA,$GNGNS,192518.00,3725.841586,N,12209.307421,W,EEEEEE,27,0.4,21.9,-32.6,,,V*29,1763493917875
NMEA,$GNGGA,192518.00,3725.841586,N,12209.307421,W,6,12,0.4,21.9,M,-32.6,M,,*78,1763493917875
NMEA,$PSMSG,magcal=PASS,bluesky=0*00,1763493917879
NMEA,$GPGSV,4,1,13,03,19,173,38,04,54,099,41,06,04,258,42,07,52,279,45,1*60,1763493918860
NMEA,$GPGSV,4,2,13,08,17,127,29,09,75,354,43,11,04,296,37,16,35,051,38,1*6C,1763493918860
NMEA,$GPGSV,4,3,13,20,13,320,40,21,14,320,37,26,03,041,32,27,18,095,39,1*6E,1763493918860
NMEA,$GPGSV,4,4,13,30,24,263,45,1*55,1763493918860
NMEA,$GPGSV,3,1,10,03,19,173,33,04,54,099,33,06,04,258,25,08,17,127,28,8*6F,1763493918860
NMEA,$GPGSV,3,2,10,09,75,354,35,11,04,296,21,21,14,320,33,26,03,041,21,8*6E,1763493918860
NMEA,$GPGSV,3,3,10,27,18,095,37,30,24,263,29,8*61,1763493918860
NMEA,$GLGSV,1,1,04,12,62,227,45,11,54,029,39,01,77,099,38,08,23,134,31,1*7A,1763493918860
NMEA,$GAGSV,3,1,10,02,49,173,41,03,67,071,40,05,20,107,25,08,47,315,42,7*73,1763493918860
NMEA,$GAGSV,3,2,10,13,13,277,40,15,06,228,24,16,35,050,38,25,54,072,40,7*71,1763493918860
NMEA,$GAGSV,3,3,10,26,03,325,27,30,05,202,20,7*70,1763493918860
NMEA,$GAGSV,2,1,08,02,49,173,33,03,67,071,31,05,20,107,26,08,47,315,33,1*7B,1763493918860
NMEA,$GAGSV,2,2,08,13,13,277,37,15,06,228,17,16,35,050,35,25,54,072,31,1*74,1763493918860
NMEA,$GQGSV,1,1,01,03,02,297,21,1*5A,1763493918860
NMEA,$GBGSV,2,1,06,37,49,047,43,36,17,231,43,32,16,143,30,22,03,319,29,1*7A,1763493918860
NMEA,$GBGSV,2,2,06,20,72,159,46,19,54,312,42,1*77,1763493918860
NMEA,$GBGSV,2,1,05,19,54,312,43,20,72,159,44,32,16,143,29,36,17,231,42,3*78,1763493918860
NMEA,$GBGSV,2,2,05,37,49,047,42,3*4D,1763493918860
NMEA,$GBGSV,2,1,07,19,54,312,30,20,72,159,34,22,03,319,28,23,01,050,18,5*7F,1763493918860
NMEA,$GBGSV,2,2,07,32,16,143,27,36,17,231,21,37,49,047,31,5*48,1763493918860
NMEA,$GNGSA,A,3,03,04,07,08,09,16,20,21,27,30,,,0.6,0.4,0.5,1*37,1763493918876
NMEA,$PSSGR,GSA,A,3,03,04,08,09,21,27,30,,,,,,0.6,0.4,0.5,1,8*41,1763493918876
NMEA,$GNGSA,A,3,65,72,75,76,,,,,,,,,0.6,0.4,0.5,2*30,1763493918876
NMEA,$GNGSA,A,3,02,03,05,08,13,15,16,25,,,,,0.6,0.4,0.5,3*3E,1763493918876
NMEA,$PSSGR,GSA,A,3,302,303,305,308,313,316,325,,,,,,0.6,0.4,0.5,3,1*74,1763493918876
NMEA,$GNGSA,A,3,19,20,32,36,37,,,,,,,,0.6,0.4,0.5,4*39,1763493918876
NMEA,$PSSGR,GSA,A,3,219,220,232,236,237,,,,,,,,0.6,0.4,0.5,4,5*72,1763493918876
NMEA,$GNVTG,230.6,T,217.8,M,2.1,N,3.9,K,E*3B,1763493918876
NMEA,$GNDTM,W84,,0000.000000,N,00000.000000,E,0.000,W84*41,1763493918876
NMEA,$GNRMC,192519.00,A,3725.841242,N,12209.307961,W,2.1,230.6,181125,12.8,E,E,V*79,1763493918876
NMEA,$GNGNS,192519.00,3725.841242,N,12209.307961,W,EEEEEE,27,0.4,21.8,-32.6,,,V*2F,1763493918876
NMEA,$GNGGA,192519.00,3725.841242,N,12209.307961,W,6,12,0.4,21.8,M,-32.6,M,,*7E,1763493918876
NMEA,$PSMSG,magcal=PASS,bluesky=0*00,1763493918883
NMEA,$GPGSV,4,1,13,03,19,173,37,04,54,099,40,06,04,258,40,07,52,279,46,1*6F,1763493919859
NMEA,$GPGSV,4,2,13,08,17,127,26,09,75,354,42,11,04,296,38,16,35,051,36,1*63,1763493919859
NMEA,$GPGSV,4,3,13,20,13,320,38,21,14,320,35,26,03,041,34,27,18,095,40,1*6B,1763493919859
NMEA,$GPGSV,4,4,13,30,24,263,45,1*55,1763493919859
NMEA,$GPGSV,3,1,10,03,19,173,32,04,54,099,36,06,04,258,26,08,17,127,27,8*67,1763493919859
NMEA,$GPGSV,3,2,10,09,75,354,38,11,04,296,28,21,14,320,26,26,03,041,24,8*6B,1763493919859
NMEA,$GPGSV,3,3,10,27,18,095,35,30,24,263,33,8*68,1763493919859
NMEA,$GLGSV,1,1,04,12,62,227,45,11,54,029,37,01,77,099,37,08,23,134,30,1*7A,1763493919859
NMEA,$GAGSV,3,1,10,02,49,173,42,03,67,071,41,05,20,107,27,08,47,315,41,7*70,1763493919859
NMEA,$GAGSV,3,2,10,13,13,277,42,15,06,228,24,16,35,050,35,25,54,072,40,7*7E,1763493919859
NMEA,$GAGSV,3,3,10,26,03,325,27,30,05,202,20,7*70,1763493919859
NMEA,$GAGSV,2,1,08,02,49,173,38,03,67,071,33,05,20,107,26,08,47,315,31,1*70,1763493919859
NMEA,$GAGSV,2,2,08,13,13,277,35,15,06,228,17,16,35,050,33,25,54,072,33,1*72,1763493919859
NMEA,$GBGSV,2,1,06,37,49,047,43,36,17,231,41,32,16,143,33,22,03,319,28,1*7A,1763493919859
NMEA,$GBGSV,2,2,06,20,72,159,46,19,54,312,43,1*76,1763493919859
NMEA,$GBGSV,2,1,05,19,54,312,42,20,72,159,44,32,16,143,32,36,17,231,41,3*70,1763493919859
NMEA,$GBGSV,2,2,05,37,49,047,41,3*4E,1763493919859
NMEA,$GBGSV,2,1,07,19,54,312,37,20,72,159,37,22,03,319,24,23,01,050,18,5*77,1763493919859
NMEA,$GBGSV,2,2,07,32,16,143,33,36,17,231,21,37,49,047,33,5*4F,1763493919859
NMEA,$GNGSA,A,3,03,04,07,08,09,16,20,21,27,30,,,0.6,0.4,0.5,1*37,1763493919878
NMEA,$PSSGR,GSA,A,3,03,04,08,09,21,27,30,,,,,,0.6,0.4,0.5,1,8*41,1763493919878
NMEA,$GNGSA,A,3,65,72,75,76,,,,,,,,,0.6,0.4,0.5,2*30,1763493919878
NMEA,$GNGSA,A,3,02,03,05,08,13,15,16,25,,,,,0.6,0.4,0.5,3*3E,1763493919878
NMEA,$PSSGR,GSA,A,3,302,303,305,308,313,316,325,,,,,,0.6,0.4,0.5,3,1*74,1763493919878
NMEA,$GNGSA,A,3,19,20,32,36,37,,,,,,,,0.6,0.4,0.5,4*39,1763493919878
NMEA,$PSSGR,GSA,A,3,219,220,232,236,237,,,,,,,,0.6,0.4,0.5,4,5*72,1763493919878
NMEA,$GNVTG,231.6,T,218.8,M,2.2,N,4.0,K,E*38,1763493919878
NMEA,$GNDTM,W84,,0000.000000,N,00000.000000,E,0.000,W84*41,1763493919878
NMEA,$GNRMC,192520.00,A,3725.840846,N,12209.308554,W,2.2,231.6,181125,12.8,E,E,V*7B,1763493919878
NMEA,$GNGNS,192520.00,3725.840846,N,12209.308554,W,EEEEEE,27,0.4,21.7,-32.6,,,V*20,1763493919878
NMEA,$GNGGA,192520.00,3725.840846,N,12209.308554,W,6,12,0.4,21.7,M,-32.6,M,,*71,1763493919878
NMEA,$PSMSG,magcal=PASS,bluesky=0*00,1763493919890
NMEA,$GPGSV,4,1,13,03,19,173,33,04,54,099,42,06,04,258,41,07,52,279,45,1*6B,1763493920861
NMEA,$GPGSV,4,2,13,08,17,127,29,09,75,354,44,11,04,296,38,16,35,051,40,1*6B,1763493920861
NMEA,$GPGSV,4,3,13,20,13,320,42,21,14,320,40,26,03,041,33,27,18,095,35,1*61,1763493920861
NMEA,$GPGSV,4,4,13,30,24,263,44,1*54,1763493920861
NMEA,$GPGSV,3,1,10,03,19,173,30,04,54,099,33,06,04,258,26,08,17,127,30,8*66,1763493920861
NMEA,$GPGSV,3,2,10,09,75,354,37,11,04,296,26,21,14,320,34,26,03,041,27,8*6A,1763493920861
NMEA,$GPGSV,3,3,10,27,18,095,34,30,24,263,27,8*6C,1763493920861
NMEA,$GLGSV,1,1,04,12,62,227,44,11,54,029,40,01,77,099,39,08,23,134,31,1*74,1763493920861
NMEA,$GAGSV,3,1,10,02,49,173,42,03,67,071,40,05,20,107,24,08,47,315,41,7*72,1763493920861
NMEA,$GAGSV,3,2,10,13,13,277,43,15,06,228,24,16,35,050,39,25,54,072,40,7*73,1763493920861
NMEA,$GAGSV,3,3,10,26,03,325,24,30,05,202,20,7*73,1763493920861
NMEA,$GAGSV,2,1,08,02,49,173,37,03,67,071,35,05,20,107,23,08,47,315,30,1*7D,1763493920861
NMEA,$GAGSV,2,2,08,13,13,277,38,15,06,228,17,16,35,050,34,25,54,072,30,1*7B,1763493920861
NMEA,$GBGSV,2,1,07,37,49,047,43,36,17,231,36,32,16,143,34,23,01,050,20,1*79,1763493920861
NMEA,$GBGSV,2,2,07,22,03,319,29,20,72,159,44,19,54,312,43,1*46,1763493920861
NMEA,$GBGSV,2,1,05,19,54,312,42,20,72,159,46,32,16,143,34,36,17,231,38,3*7A,1763493920861
NMEA,$GBGSV,2,2,05,37,49,047,43,3*4C,1763493920861
NMEA,$GBGSV,2,1,07,19,54,312,34,20,72,159,34,22,03,319,22,23,01,050,18,5*71,1763493920861
NMEA,$GBGSV,2,2,07,32,16,143,33,36,17,231,21,37,49,047,27,5*4A,1763493920861
NMEA,$GNGSA,A,3,03,04,07,08,09,16,20,21,27,30,,,0.7,0.4,0.5,1*36,1763493920883
NMEA,$PSSGR,GSA,A,3,03,04,08,09,21,27,30,,,,,,0.7,0.4,0.5,1,8*40,1763493920883
NMEA,$GNGSA,A,3,65,72,75,76,,,,,,,,,0.7,0.4,0.5,2*31,1763493920883
NMEA,$GNGSA,A,3,02,03,05,08,13,16,25,,,,,,0.7,0.4,0.5,3*3B,1763493920883
NMEA,$PSSGR,GSA,A,3,302,303,305,308,313,316,325,,,,,,0.7,0.4,0.5,3,1*75,1763493920883
NMEA,$GNGSA,A,3,19,20,32,36,37,,,,,,,,0.7,0.4,0.5,4*38,1763493920883
NMEA,$PSSGR,GSA,A,3,219,220,232,236,237,,,,,,,,0.7,0.4,0.5,4,5*73,1763493920883
NMEA,$GNVTG,224.7,T,211.9,M,2.2,N,4.1,K,E*34,1763493920883
NMEA,$GNDTM,W84,,0000.000000,N,00000.000000,E,0.000,W84*41,1763493920883
NMEA,$GNRMC,192521.00,A,3725.840405,N,12209.309089,W,2.2,224.7,181125,12.8,E,E,V*70,1763493920883
NMEA,$GNGNS,192521.00,3725.840405,N,12209.309089,W,EEEEEE,26,0.4,21.7,-32.6,,,V*2F,1763493920883
NMEA,$GNGGA,192521.00,3725.840405,N,12209.309089,W,6,12,0.4,21.7,M,-32.6,M,,*7F,1763493920883
NMEA,$PSMSG,magcal=PASS,bluesky=0*00,1763493920895
NMEA,$GPGSV,3,1,12,04,54,099,41,06,04,258,40,07,52,279,46,08,17,127,31,1*6A,1763493921865
NMEA,$GPGSV,3,2,12,09,75,354,43,11,04,296,41,16,35,051,40,20,13,320,41,1*61,1763493921865
NMEA,$GPGSV,3,3,12,21,14,320,38,26,03,041,33,27,18,095,29,30,24,263,44,1*60,1763493921865
NMEA,$GPGSV,3,1,10,03,19,173,29,04,54,099,32,06,04,258,26,08,17,127,31,8*6E,1763493921865
NMEA,$GPGSV,3,2,10,09,75,354,36,11,04,296,24,21,14,320,31,26,03,041,28,8*63,1763493921865
NMEA,$GPGSV,3,3,10,27,18,095,30,30,24,263,29,8*66,1763493921865
NMEA,$GLGSV,1,1,04,12,62,227,44,11,54,029,40,01,77,099,40,08,23,134,35,1*7E,1763493921865
NMEA,$GAGSV,3,1,10,02,49,173,41,03,67,071,38,05,20,107,25,08,47,315,41,7*7F,1763493921865
NMEA,$GAGSV,3,2,10,13,13,277,42,15,06,228,24,16,35,050,39,25,54,072,39,7*7C,1763493921865
NMEA,$GAGSV,3,3,10,26,03,325,26,30,05,202,19,7*7B,1763493921865
NMEA,$GAGSV,2,1,08,02,49,173,36,03,67,071,34,05,20,107,23,08,47,315,34,1*79,1763493921865
NMEA,$GAGSV,2,2,08,13,13,277,35,15,06,228,17,16,35,050,33,25,54,072,28,1*78,1763493921865
NMEA,$GBGSV,2,1,07,37,49,047,44,36,17,231,31,32,16,143,33,23,01,050,20,1*7E,1763493921865
NMEA,$GBGSV,2,2,07,22,03,319,29,20,72,159,45,19,54,312,43,1*47,1763493921865
NMEA,$GBGSV,2,1,05,19,54,312,43,20,72,159,46,32,16,143,33,36,17,231,22,3*77,1763493921865
NMEA,$GBGSV,2,2,05,37,49,047,43,3*4C,1763493921865
NMEA,$GBGSV,2,1,07,19,54,312,34,20,72,159,35,22,03,319,22,23,01,050,18,5*70,1763493921865
NMEA,$GBGSV,2,2,07,32,16,143,36,36,17,231,19,37,49,047,28,5*4B,1763493921865
NMEA,$GNGSA,A,3,03,04,07,08,09,16,20,21,27,30,,,0.7,0.4,0.5,1*36,1763493921890
NMEA,$PSSGR,GSA,A,3,03,04,08,09,21,27,30,,,,,,0.7,0.4,0.5,1,8*40,1763493921890
NMEA,$GNGSA,A,3,65,72,75,76,,,,,,,,,0.7,0.4,0.5,2*31,1763493921890
NMEA,$GNGSA,A,3,02,03,05,08,13,16,25,,,,,,0.7,0.4,0.5,3*3B,1763493921890
NMEA,$PSSGR,GSA,A,3,302,303,305,308,313,316,325,,,,,,0.7,0.4,0.5,3,1*75,1763493921890
NMEA,$GNGSA,A,3,19,20,32,36,37,,,,,,,,0.7,0.4,0.5,4*38,1763493921890
NMEA,$PSSGR,GSA,A,3,219,220,232,236,237,,,,,,,,0.7,0.4,0.5,4,5*73,1763493921890
NMEA,$GNVTG,227.3,T,214.5,M,2.2,N,4.1,K,E*3A,1763493921890
NMEA,$GNDTM,W84,,0000.000000,N,00000.000000,E,0.000,W84*41,1763493921890
NMEA,$GNRMC,192522.00,A,3725.839973,N,12209.309650,W,2.2,227.3,181125,12.8,E,E,V*74,1763493921890
NMEA,$GNGNS,192522.00,3725.839973,N,12209.309650,W,EEEEEE,26,0.4,21.8,-32.6,,,V*23,1763493921890
NMEA,$GNGGA,192522.00,3725.839973,N,12209.309650,W,6,12,0.4,21.8,M,-32.6,M,,*73,1763493921890
NMEA,$PSMSG,magcal=PASS,bluesky=0*00,1763493921897
NMEA,$GPGSV,3,1,12,04,54,099,39,06,04,258,39,07,52,279,46,08,17,127,33,1*69,1763493922856
NMEA,$GPGSV,3,2,12,09,75,354,42,11,04,296,39,16,35,051,38,20,13,320,40,1*61,1763493922856
NMEA,$GPGSV,3,3,12,21,14,320,38,26,03,041,31,27,18,095,30,30,24,263,45,1*6B,1763493922856
NMEA,$GPGSV,3,1,10,03,19,173,28,04,54,099,34,06,04,258,21,08,17,127,36,8*69,1763493922856
NMEA,$GPGSV,3,2,10,09,75,354,37,11,04,296,24,21,14,320,29,26,03,041,27,8*64,1763493922856
NMEA,$GPGSV,3,3,10,27,18,095,29,30,24,263,29,8*6E,1763493922856
NMEA,$GLGSV,1,1,04,12,62,227,46,11,54,029,38,01,77,099,39,08,23,134,38,1*70,1763493922856
NMEA,$GAGSV,3,1,10,02,49,173,38,03,67,071,40,05,20,107,26,08,47,315,42,7*7E,1763493922856
NMEA,$GAGSV,3,2,10,13,13,277,40,15,06,228,24,16,35,050,36,25,54,072,39,7*71,1763493922856
NMEA,$GAGSV,3,3,10,26,03,325,25,30,05,202,24,7*76,1763493922856
NMEA,$GAGSV,2,1,08,02,49,173,33,03,67,071,33,05,20,107,22,08,47,315,32,1*7C,1763493922856
NMEA,$GAGSV,2,2,08,13,13,277,33,15,06,228,17,16,35,050,34,25,54,072,33,1*73,1763493922856
NMEA,$GBGSV,2,1,06,37,49,047,44,36,17,231,28,32,16,143,33,22,03,319,29,1*73,1763493922856
NMEA,$GBGSV,2,2,06,20,72,159,46,19,54,312,44,1*71,1763493922856
NMEA,$GBGSV,2,1,05,19,54,312,42,20,72,159,44,32,16,143,33,36,17,231,27,3*71,1763493922856
NMEA,$GBGSV,2,2,05,37,49,047,41,3*4E,1763493922856
NMEA,$GBGSV,2,1,07,19,54,312,34,20,72,159,34,22,03,319,22,23,01,050,18,5*71,1763493922856
NMEA,$GBGSV,2,2,07,32,16,143,32,36,17,231,23,37,49,047,32,5*4D,1763493922856
NMEA,$GNGSA,A,3,03,04,07,08,09,16,20,21,27,30,,,0.7,0.4,0.5,1*36,1763493922870
NMEA,$PSSGR,GSA,A,3,03,04,08,09,21,27,30,,,,,,0.7,0.4,0.5,1,8*40,1763493922870
NMEA,$GNGSA,A,3,65,72,75,76,,,,,,,,,0.7,0.4,0.5,2*31,1763493922870
NMEA,$GNGSA,A,3,02,03,05,08,13,16,25,,,,,,0.7,0.4,0.5,3*3B,1763493922870
NMEA,$PSSGR,GSA,A,3,302,303,305,308,313,316,325,,,,,,0.7,0.4,0.5,3,1*75,1763493922870
NMEA,$GNGSA,A,3,19,20,32,36,37,,,,,,,,0.7,0.4,0.5,4*38,1763493922870
NMEA,$PSSGR,GSA,A,3,219,220,232,236,237,,,,,,,,0.7,0.4,0.5,4,5*73,1763493922870
NMEA,$GNVTG,228.6,T,215.8,M,2.2,N,4.1,K,E*3C,1763493922870
NMEA,$GNDTM,W84,,0000.000000,N,00000.000000,E,0.000,W84*41,1763493922870
NMEA,$GNRMC,192523.00,A,3725.839557,N,12209.310241,W,2.2,228.6,181125,12.8,E,E,V*79,1763493922870
NMEA,$GNGNS,192523.00,3725.839557,N,12209.310241,W,EEEEEE,26,0.4,21.8,-32.6,,,V*24,1763493922870
NMEA,$GNGGA,192523.00,3725.839557,N,12209.310241,W,6,12,0.4,21.8,M,-32.6,M,,*74,1763493922870
NMEA,$PSMSG,magcal=PASS,bluesky=0*00,1763493922875
NMEA,$GPGSV,4,1,13,03,19,173,32,04,54,099,40,06,04,258,38,07,52,279,45,1*66,1763493923861
NMEA,$GPGSV,4,2,13,08,17,127,29,09,75,354,43,11,04,296,40,16,35,051,36,1*62,1763493923861
NMEA,$GPGSV,4,3,13,20,13,320,39,21,14,320,36,26,03,041,29,27,18,095,32,1*60,1763493923861
NMEA,$GPGSV,4,4,13,30,24,263,44,1*54,1763493923861
NMEA,$GPGSV,3,1,10,03,19,173,24,04,54,099,36,06,04,258,21,08,17,127,32,8*63,1763493923861
NMEA,$GPGSV,3,2,10,09,75,354,37,11,04,296,25,21,14,320,34,26,03,041,26,8*68,1763493923861
NMEA,$GPGSV,3,3,10,27,18,095,28,30,24,263,28,8*6E,1763493923861
NMEA,$GLGSV,1,1,04,12,62,227,46,11,54,029,40,01,77,099,39,08,23,134,35,1*72,1763493923861
NMEA,$GAGSV,3,1,10,02,49,173,36,03,67,071,41,05,20,107,24,08,47,315,42,7*73,1763493923861
NMEA,$GAGSV,3,2,10,13,13,277,41,15,06,228,19,16,35,050,35,25,54,072,41,7*72,1763493923861
NMEA,$GAGSV,3,3,10,26,03,325,27,30,05,202,28,7*78,1763493923861
NMEA,$GAGSV,2,1,08,02,49,173,32,03,67,071,32,05,20,107,22,08,47,315,32,1*7C,1763493923861
NMEA,$GAGSV,2,2,08,13,13,277,34,15,06,228,17,16,35,050,34,25,54,072,33,1*74,1763493923861
NMEA,$GBGSV,2,1,06,37,49,047,43,36,17,231,31,32,16,143,29,22,03,319,34,1*7B,1763493923861
NMEA,$GBGSV,2,2,06,20,72,159,46,19,54,312,44,1*71,1763493923861
NMEA,$GBGSV,2,1,05,19,54,312,43,20,72,159,45,32,16,143,30,36,17,231,29,3*7C,1763493923861
NMEA,$GBGSV,2,2,05,37,49,047,41,3*4E,1763493923861
NMEA,$GBGSV,2,1,07,19,54,312,35,20,72,159,35,22,03,319,23,23,01,050,18,5*70,1763493923861
NMEA,$GBGSV,2,2,07,32,16,143,27,36,17,231,26,37,49,047,35,5*4B,1763493923861
NMEA,$GNGSA,A,3,03,04,07,08,09,16,20,21,27,30,,,0.7,0.4,0.5,1*36,1763493923885
NMEA,$PSSGR,GSA,A,3,03,04,08,09,21,27,30,,,,,,0.7,0.4,0.5,1,8*40,1763493923885
NMEA,$GNGSA,A,3,65,72,75,76,,,,,,,,,0.7,0.4,0.5,2*31,1763493923885
NMEA,$GNGSA,A,3,02,03,05,08,13,16,25,,,,,,0.7,0.4,0.5,3*3B,1763493923885
NMEA,$PSSGR,GSA,A,3,302,303,305,308,313,316,325,,,,,,0.7,0.4,0.5,3,1*75,1763493923885
NMEA,$GNGSA,A,3,19,20,32,36,37,,,,,,,,0.7,0.4,0.5,4*38,1763493923885
NMEA,$PSSGR,GSA,A,3,219,220,232,236,237,,,,,,,,0.7,0.4,0.5,4,5*73,1763493923885
NMEA,$GNVTG,226.1,T,213.3,M,2.2,N,4.1,K,E*38,1763493923885
NMEA,$GNDTM,W84,,0000.000000,N,00000.000000,E,0.000,W84*41,1763493923885
NMEA,$GNRMC,192524.00,A,3725.839148,N,12209.310820,W,2.2,226.1,181125,12.8,E,E,V*70,1763493923885
NMEA,$GNGNS,192524.00,3725.839148,N,12209.310820,W,EEEEEE,26,0.4,21.8,-32.6,,,V*24,1763493923885
NMEA,$GNGGA,192524.00,3725.839148,N,12209.310820,W,6,12,0.4,21.8,M,-32.6,M,,*74,1763493923885
NMEA,$PSMSG,magcal=PASS,bluesky=0*00,1763493923893
NMEA,$GPGSV,4,1,13,03,19,173,31,04,54,099,41,06,04,258,39,07,52,279,43,1*63,1763493924860
NMEA,$GPGSV,4,2,13,08,17,127,34,09,75,354,43,11,04,296,37,16,35,051,40,1*6F,1763493924860
NMEA,$GPGSV,4,3,13,20,13,320,40,21,14,320,37,26,03,041,31,27,18,095,30,1*64,1763493924860
NMEA,$GPGSV,4,4,13,30,24,263,44,1*54,1763493924860
NMEA,$GPGSV,3,1,10,03,19,173,27,04,54,099,34,06,04,258,21,08,17,127,31,8*61,1763493924860
NMEA,$GPGSV,3,2,10,09,75,354,36,11,04,296,24,21,14,320,28,26,03,041,27,8*64,1763493924860
NMEA,$GPGSV,3,3,10,27,18,095,27,30,24,263,29,8*60,1763493924860
NMEA,$GLGSV,1,1,04,12,62,227,44,11,54,029,39,01,77,099,37,08,23,134,31,1*74,1763493924860
NMEA,$GAGSV,3,1,10,02,49,173,39,03,67,071,39,05,20,107,26,08,47,315,41,7*72,1763493924860
NMEA,$GAGSV,3,2,10,13,13,277,41,15,06,228,26,16,35,050,39,25,54,072,40,7*73,1763493924860
NMEA,$GAGSV,3,3,10,26,03,325,24,30,05,202,31,7*73,1763493924860
NMEA,$GAGSV,2,1,08,02,49,173,32,03,67,071,35,05,20,107,22,08,47,315,32,1*7B,1763493924860
NMEA,$GAGSV,2,2,08,13,13,277,32,15,06,228,17,16,35,050,33,25,54,072,28,1*7F,1763493924860
NMEA,$GBGSV,2,1,07,37,49,047,42,36,17,231,37,32,16,143,28,23,01,050,25,1*71,1763493924860
NMEA,$GBGSV,2,2,07,22,03,319,30,20,72,159,45,19,54,312,44,1*48,1763493924860
NMEA,$GBGSV,2,1,05,19,54,312,44,20,72,159,45,32,16,143,27,36,17,231,31,3*74,1763493924860
NMEA,$GBGSV,2,2,05,37,49,047,41,3*4E,1763493924860
NMEA,$GBGSV,2,1,07,19,54,312,32,20,72,159,34,22,03,319,24,23,01,050,18,5*71,1763493924860
NMEA,$GBGSV,2,2,07,32,16,143,23,36,17,231,25,37,49,047,28,5*40,1763493924860
NMEA,$GNGSA,A,3,03,04,07,08,09,16,20,21,27,30,,,0.6,0.4,0.5,1*37,1763493924874
NMEA,$PSSGR,GSA,A,3,03,04,08,09,21,27,30,,,,,,0.6,0.4,0.5,1,8*41,1763493924874
NMEA,$GNGSA,A,3,65,72,75,76,,,,,,,,,0.6,0.4,0.5,2*30,1763493924874
NMEA,$GNGSA,A,3,02,03,05,08,13,15,16,25,,,,,0.6,0.4,0.5,3*3E,1763493924874
NMEA,$PSSGR,GSA,A,3,302,303,305,308,313,316,325,,,,,,0.6,0.4,0.5,3,1*74,1763493924874
NMEA,$GNGSA,A,3,19,20,32,36,37,,,,,,,,0.6,0.4,0.5,4*39,1763493924874
NMEA,$PSSGR,GSA,A,3,219,220,232,236,237,,,,,,,,0.6,0.4,0.5,4,5*72,1763493924874
NMEA,$GNVTG,230.7,T,217.9,M,2.3,N,4.3,K,E*34,1763493924874
NMEA,$GNDTM,W84,,0000.000000,N,00000.000000,E,0.000,W84*41,1763493924874
NMEA,$GNRMC,192525.00,A,3725.838732,N,12209.311441,W,2.3,230.7,181125,12.8,E,E,V*71,1763493924874
NMEA,$GNGNS,192525.00,3725.838732,N,12209.311441,W,EEEEEE,27,0.4,22.0,-32.6,,,V*2F,1763493924874
NMEA,$GNGGA,192525.00,3725.838732,N,12209.311441,W,6,12,0.4,22.0,M,-32.6,M,,*7E,1763493924874
NMEA,$PSMSG,magcal=PASS,bluesky=0*00,1763493924877
NMEA,$GPGSV,4,1,13,03,19,173,30,04,54,099,38,06,04,258,37,07,52,279,45,1*64,1763493925855
NMEA,$GPGSV,4,2,13,08,17,127,27,09,75,354,43,11,04,296,35,16,35,051,38,1*60,1763493925855
NMEA,$GPGSV,4,3,13,20,13,320,41,21,14,320,37,26,03,041,31,27,18,095,29,1*6D,1763493925855
NMEA,$GPGSV,4,4,13,30,24,263,44,1*54,1763493925855
NMEA,$GPGSV,3,1,10,03,19,173,27,04,54,099,33,06,04,258,18,08,17,127,25,8*69,1763493925855
NMEA,$GPGSV,3,2,10,09,75,354,35,11,04,296,22,21,14,320,26,26,03,041,21,8*69,1763493925855
NMEA,$GPGSV,3,3,10,27,18,095,22,30,24,263,29,8*65,1763493925855
NMEA,$GLGSV,1,1,04,12,62,227,43,11,54,029,42,01,77,099,36,08,23,134,28,1*76,1763493925855
NMEA,$GAGSV,3,1,10,02,49,173,39,03,67,071,40,05,20,107,26,08,47,315,42,7*7F,1763493925855
NMEA,$GAGSV,3,2,10,13,13,277,41,15,06,228,28,16,35,050,37,25,54,072,39,7*7D,1763493925855
NMEA,$GAGSV,3,3,10,26,03,325,28,30,05,202,34,7*7A,1763493925855
NMEA,$GAGSV,2,1,08,02,49,173,30,03,67,071,32,05,20,107,22,08,47,315,28,1*75,1763493925855
NMEA,$GAGSV,2,2,08,13,13,277,34,15,06,228,17,16,35,050,30,25,54,072,31,1*72,1763493925855
NMEA,$GBGSV,2,1,07,37,49,047,41,36,17,231,35,32,16,143,30,23,01,050,25,1*79,1763493925855
NMEA,$GBGSV,2,2,07,22,03,319,30,20,72,159,44,19,54,312,44,1*49,1763493925855
NMEA,$GBGSV,2,1,05,19,54,312,42,20,72,159,43,32,16,143,29,36,17,231,32,3*79,1763493925855
NMEA,$GBGSV,2,2,05,37,49,047,40,3*4F,1763493925855
NMEA,$GBGSV,2,1,07,19,54,312,34,20,72,159,33,22,03,319,24,23,01,050,18,5*70,1763493925855
NMEA,$GBGSV,2,2,07,32,16,143,25,36,17,231,21,37,49,047,33,5*48,1763493925855
NMEA,$GNGSA,A,3,03,04,07,08,09,16,20,21,27,30,,,0.6,0.4,0.5,1*37,1763493925867
NMEA,$PSSGR,GSA,A,3,03,04,08,09,21,27,30,,,,,,0.6,0.4,0.5,1,8*41,1763493925867
NMEA,$GNGSA,A,3,65,72,75,76,,,,,,,,,0.6,0.4,0.5,2*30,1763493925867
NMEA,$GNGSA,A,3,02,03,05,08,13,15,16,25,,,,,0.6,0.4,0.5,3*3E,1763493925867
NMEA,$PSSGR,GSA,A,3,302,303,305,308,313,316,325,,,,,,0.6,0.4,0.5,3,1*74,1763493925867
NMEA,$GNGSA,A,3,19,20,32,36,37,,,,,,,,0.6,0.4,0.5,4*39,1763493925867
NMEA,$PSSGR,GSA,A,3,219,220,232,236,237,,,,,,,,0.6,0.4,0.5,4,5*72,1763493925867
NMEA,$GNVTG,227.6,T,214.8,M,2.1,N,3.9,K,E*3E,1763493925867
NMEA,$GNDTM,W84,,0000.000000,N,00000.000000,E,0.000,W84*41,1763493925867
NMEA,$GNRMC,192526.00,A,3725.838358,N,12209.311967,W,2.1,227.6,181125,12.8,E,E,V*76,1763493925867
NMEA,$GNGNS,192526.00,3725.838358,N,12209.311967,W,EEEEEE,27,0.4,22.2,-32.6,,,V*2F,1763493925867
NMEA,$GNGGA,192526.00,3725.838358,N,12209.311967,W,6,12,0.4,22.2,M,-32.6,M,,*7E,1763493925867
NMEA,$PSMSG,magcal=PASS,bluesky=0*00,1763493925868
NMEA,$GPGSV,4,1,13,03,19,173,33,04,54,099,39,06,04,258,37,07,52,279,45,1*66,1763493926859
NMEA,$GPGSV,4,2,13,08,17,127,29,09,75,354,44,11,04,296,37,16,35,051,37,1*64,1763493926859
NMEA,$GPGSV,4,3,13,20,13,320,41,21,14,320,36,26,03,041,30,27,18,095,26,1*62,1763493926859
NMEA,$GPGSV,4,4,13,30,24,263,44,1*54,1763493926859
NMEA,$GPGSV,3,1,10,03,19,173,27,04,54,099,33,06,04,258,25,08,17,127,27,8*65,1763493926859
NMEA,$GPGSV,3,2,10,09,75,354,36,11,04,296,21,21,14,320,29,26,03,041,22,8*65,1763493926859
NMEA,$GPGSV,3,3,10,27,18,095,22,30,24,263,30,8*6D,1763493926859
NMEA,$GLGSV,1,1,04,12,62,227,44,11,54,029,42,01,77,099,38,08,23,134,31,1*77,1763493926859
NMEA,$GAGSV,3,1,10,02,49,173,36,03,67,071,41,05,20,107,26,08,47,315,42,7*71,1763493926859
NMEA,$GAGSV,3,2,10,13,13,277,42,15,06,228,27,16,35,050,36,25,54,072,39,7*70,1763493926859
NMEA,$GAGSV,3,3,10,26,03,325,26,30,05,202,31,7*71,1763493926859
NMEA,$GAGSV,2,1,08,02,49,173,34,03,67,071,31,05,20,107,20,08,47,315,30,1*79,1763493926859
NMEA,$GAGSV,2,2,08,13,13,277,33,15,06,228,17,16,35,050,30,25,54,072,33,1*77,1763493926859
NMEA,$GBGSV,2,1,06,37,49,047,43,36,17,231,29,32,16,143,28,22,03,319,27,1*71,1763493926859
NMEA,$GBGSV,2,2,06,20,72,159,45,19,54,312,44,1*72,1763493926859
NMEA,$GBGSV,2,1,05,19,54,312,42,20,72,159,43,32,16,143,29,36,17,231,29,3*73,1763493926859
NMEA,$GBGSV,2,2,05,37,49,047,40,3*4F,1763493926859
NMEA,$GBGSV,2,1,07,19,54,312,31,20,72,159,33,22,03,319,20,23,01,050,18,5*71,1763493926859
NMEA,$GBGSV,2,2,07,32,16,143,26,36,17,231,21,37,49,047,34,5*4C,1763493926859
NMEA,$GNGSA,A,3,03,04,07,08,09,16,20,21,27,30,,,0.6,0.4,0.5,1*37,1763493926866
NMEA,$PSSGR,GSA,A,3,03,04,08,09,21,27,30,,,,,,0.6,0.4,0.5,1,8*41,1763493926866
NMEA,$GNGSA,A,3,65,72,75,76,,,,,,,,,0.6,0.4,0.5,2*30,1763493926866
NMEA,$GNGSA,A,3,02,03,05,08,13,15,16,25,,,,,0.6,0.4,0.5,3*3E,1763493926866
NMEA,$PSSGR,GSA,A,3,302,303,305,308,313,316,325,,,,,,0.6,0.4,0.5,3,1*74,1763493926866
NMEA,$GNGSA,A,3,19,20,32,36,37,,,,,,,,0.6,0.4,0.5,4*39,1763493926866
NMEA,$PSSGR,GSA,A,3,219,220,232,236,237,,,,,,,,0.6,0.4,0.5,4,5*72,1763493926866
NMEA,$GNVTG,223.3,T,210.5,M,2.4,N,4.4,K,E*39,1763493926866
NMEA,$GNDTM,W84,,0000.000000,N,00000.000000,E,0.000,W84*41,1763493926866
NMEA,$GNRMC,192527.00,A,3725.837926,N,12209.312535,W,2.4,223.3,181125,12.8,E,E,V*77,1763493926866
NMEA,$GNGNS,192527.00,3725.837926,N,12209.312535,W,EEEEEE,27,0.4,22.1,-32.6,,,V*29,1763493926866
NMEA,$GNGGA,192527.00,3725.837926,N,12209.312535,W,6,12,0.4,22.1,M,-32.6,M,,*78,1763493926866
NMEA,$PSMSG,magcal=PASS,bluesky=0*00,1763493926870
NMEA,$GPGSV,4,1,13,03,19,173,38,04,54,099,39,06,04,258,39,07,52,279,46,1*60,1763493927855
NMEA,$GPGSV,4,2,13,08,17,127,31,09,75,354,43,11,04,296,37,16,35,051,36,1*6B,1763493927855
NMEA,$GPGSV,4,3,13,20,13,320,40,21,14,320,35,26,03,041,31,27,18,095,28,1*6F,1763493927855
NMEA,$GPGSV,4,4,13,30,24,263,43,1*53,1763493927855
NMEA,$GPGSV,3,1,10,03,19,173,33,04,54,099,34,06,04,258,28,08,17,127,26,8*6B,1763493927855
NMEA,$GPGSV,3,2,10,09,75,354,37,11,04,296,23,21,14,320,28,26,03,041,25,8*60,1763493927855
NMEA,$GPGSV,3,3,10,27,18,095,20,30,24,263,34,8*6B,1763493927855
NMEA,$GLGSV,1,1,04,12,62,227,45,11,54,029,40,01,77,099,38,08,23,134,28,1*7C,1763493927855
NMEA,$GAGSV,3,1,10,02,49,173,39,03,67,071,42,05,20,107,25,08,47,315,43,7*7F,1763493927855
NMEA,$GAGSV,3,2,10,13,13,277,42,15,06,228,22,16,35,050,34,25,54,072,40,7*79,1763493927855
NMEA,$GAGSV,3,3,10,26,03,325,24,30,05,202,25,7*76,1763493927855
NMEA,$GAGSV,2,1,08,02,49,173,37,03,67,071,34,05,20,107,22,08,47,315,35,1*78,1763493927855
NMEA,$GAGSV,2,2,08,13,13,277,33,15,06,228,17,16,35,050,33,25,54,072,36,1*71,1763493927855
NMEA,$GBGSV,2,1,05,37,49,047,43,36,17,231,35,22,03,319,30,20,72,159,45,1*78,1763493927855
NMEA,$GBGSV,2,2,05,19,54,312,45,1*4B,1763493927855
NMEA,$GBGSV,2,1,05,19,54,312,43,20,72,159,45,32,16,143,25,36,17,231,32,3*72,1763493927855
NMEA,$GBGSV,2,2,05,37,49,047,41,3*4E,1763493927855
NMEA,$GBGSV,2,1,07,19,54,312,35,20,72,159,36,22,03,319,25,23,01,050,15,5*78,1763493927855
NMEA,$GBGSV,2,2,07,32,16,143,25,36,17,231,21,37,49,047,35,5*4E,1763493927855
NMEA,$GNGSA,A,3,03,04,07,08,09,16,20,21,27,30,,,0.6,0.4,0.5,1*37,1763493927862
NMEA,$PSSGR,GSA,A,3,03,04,08,09,21,27,30,,,,,,0.6,0.4,0.5,1,8*41,1763493927862
NMEA,$GNGSA,A,3,65,72,75,76,,,,,,,,,0.6,0.4,0.5,2*30,1763493927862
NMEA,$GNGSA,A,3,02,03,05,08,13,15,16,25,,,,,0.6,0.4,0.5,3*3E,1763493927862
NMEA,$PSSGR,GSA,A,3,302,303,305,308,313,316,325,,,,,,0.6,0.4,0.5,3,1*74,1763493927862
NMEA,$GNGSA,A,3,19,20,32,36,37,,,,,,,,0.6,0.4,0.5,4*39,1763493927862
NMEA,$PSSGR,GSA,A,3,219,220,232,236,237,,,,,,,,0.6,0.4,0.5,4,5*72,1763493927862
NMEA,$GNVTG,229.8,T,217.0,M,2.3,N,4.2,K,E*3B,1763493927862
NMEA,$GNDTM,W84,,0000.000000,N,00000.000000,E,0.000,W84*41,1763493927862
NMEA,$GNRMC,192528.00,A,3725.837558,N,12209.313168,W,2.3,229.8,181125,12.8,E,E,V*76,1763493927862
NMEA,$GNGNS,192528.00,3725.837558,N,12209.313168,W,EEEEEE,27,0.4,22.1,-32.6,,,V*2E,1763493927862
NMEA,$GNGGA,192528.00,3725.837558,N,12209.313168,W,6,12,0.4,22.1,M,-32.6,M,,*7F,1763493927862
NMEA,$PSMSG,magcal=PASS,bluesky=0*00,1763493927864
NMEA,$GPGSV,4,1,13,03,19,173,39,04,54,099,38,06,04,258,41,07,52,279,46,1*6F,1763493928857
NMEA,$GPGSV,4,2,13,08,17,127,25,09,75,354,43,11,04,296,35,16,35,051,39,1*63,1763493928857
NMEA,$GPGSV,4,3,13,20,13,320,41,21,14,320,37,26,03,041,31,27,18,095,26,1*62,1763493928857
NMEA,$GPGSV,4,4,13,30,24,263,43,1*53,1763493928857
NMEA,$GPGSV,3,1,10,03,19,173,34,04,54,099,34,06,04,258,27,08,17,127,26,8*63,1763493928857
NMEA,$GPGSV,3,2,10,09,75,354,37,11,04,296,23,21,14,320,30,26,03,041,27,8*6B,1763493928857
NMEA,$GPGSV,3,3,10,27,18,095,25,30,24,263,32,8*68,1763493928857
NMEA,$GLGSV,1,1,04,12,62,227,44,11,54,029,38,01,77,099,38,08,23,134,28,1*72,1763493928857
NMEA,$GAGSV,3,1,10,02,49,173,39,03,67,071,41,05,20,107,23,08,47,315,41,7*78,1763493928857
NMEA,$GAGSV,3,2,10,13,13,277,44,15,06,228,25,16,35,050,37,25,54,072,40,7*7B,1763493928857
NMEA,$GAGSV,3,3,10,26,03,325,24,30,05,202,25,7*76,1763493928857
NMEA,$GAGSV,2,1,08,02,49,173,38,03,67,071,33,05,20,107,23,08,47,315,29,1*7C,1763493928857
NMEA,$GAGSV,2,2,08,13,13,277,34,15,06,228,17,16,35,050,36,25,54,072,35,1*70,1763493928857
NMEA,$GBGSV,2,1,05,37,49,047,43,36,17,231,35,22,03,319,30,20,72,159,45,1*78,1763493928857
NMEA,$GBGSV,2,2,05,19,54,312,45,1*4B,1763493928857
NMEA,$GBGSV,2,1,05,19,54,312,44,20,72,159,44,32,16,143,32,36,17,231,28,3*79,1763493928857
NMEA,$GBGSV,2,2,05,37,49,047,41,3*4E,1763493928857
NMEA,$GBGSV,2,1,07,19,54,312,37,20,72,159,36,22,03,319,23,23,01,050,15,5*7C,1763493928857
NMEA,$GBGSV,2,2,07,32,16,143,32,36,17,231,20,37,49,047,33,5*4F,1763493928857
NMEA,$GNGSA,A,3,03,04,07,08,09,16,20,21,27,30,,,0.6,0.4,0.5,1*37,1763493928865
NMEA,$PSSGR,GSA,A,3,03,04,08,09,21,27,30,,,,,,0.6,0.4,0.5,1,8*41,1763493928865
NMEA,$GNGSA,A,3,65,72,75,76,,,,,,,,,0.6,0.4,0.5,2*30,1763493928865
NMEA,$GNGSA,A,3,02,03,05,08,13,15,16,25,,,,,0.6,0.4,0.5,3*3E,1763493928865
NMEA,$PSSGR,GSA,A,3,302,303,305,308,313,316,325,,,,,,0.6,0.4,0.5,3,1*74,1763493928865
NMEA,$GNGSA,A,3,19,20,32,36,37,,,,,,,,0.6,0.4,0.5,4*39,1763493928865
NMEA,$PSSGR,GSA,A,3,219,220,232,236,237,,,,,,,,0.6,0.4,0.5,4,5*72,1763493928865
NMEA,$GNVTG,227.9,T,215.1,M,2.4,N,4.4,K,E*36,1763493928865
NMEA,$GNDTM,W84,,0000.000000,N,00000.000000,E,0.000,W84*41,1763493928865
NMEA,$GNRMC,192529.00,A,3725.837124,N,12209.313808,W,2.4,227.9,181125,12.8,E,E,V*7F,1763493928865
NMEA,$GNGNS,192529.00,3725.837124,N,12209.313808,W,EEEEEE,27,0.4,21.9,-32.6,,,V*24,1763493928865
NMEA,$GNGGA,192529.00,3725.837124,N,12209.313808,W,6,12,0.4,21.9,M,-32.6,M,,*75,1763493928865
NMEA,$PSMSG,magcal=PASS,bluesky=0*00,1763493928868
NMEA,$GPGSV,4,1,13,03,19,173,39,04,54,099,39,06,04,258,37,07,52,279,47,1*6E,1763493929854
NMEA,$GPGSV,4,2,13,08,17,127,29,09,75,354,45,11,04,296,37,16,35,051,39,1*6B,1763493929854
NMEA,$GPGSV,4,3,13,20,13,320,40,21,14,320,38,26,03,041,32,27,18,095,25,1*6C,1763493929854
NMEA,$GPGSV,4,4,13,30,24,263,45,1*55,1763493929854
NMEA,$GPGSV,3,1,10,03,19,173,33,04,54,099,34,06,04,258,29,08,17,127,30,8*6D,1763493929854
NMEA,$GPGSV,3,2,10,09,75,354,38,11,04,296,23,21,14,320,30,26,03,041,25,8*66,1763493929854
NMEA,$GPGSV,3,3,10,27,18,095,25,30,24,263,33,8*69,1763493929854
NMEA,$GLGSV,1,1,04,12,62,227,46,11,54,029,40,01,77,099,37,08,23,134,36,1*7F,1763493929854
NMEA,$GAGSV,3,1,10,02,49,173,42,03,67,071,40,05,20,107,25,08,47,315,40,7*72,1763493929854
NMEA,$GAGSV,3,2,10,13,13,277,44,15,06,228,28,16,35,050,39,25,54,072,41,7*79,1763493929854
NMEA,$GAGSV,3,3,10,26,03,325,24,30,05,202,25,7*76,1763493929854
NMEA,$GAGSV,2,1,08,02,49,173,36,03,67,071,34,05,20,107,23,08,47,315,26,1*7A,1763493929854
NMEA,$GAGSV,2,2,08,13,13,277,33,15,06,228,17,16,35,050,36,25,54,072,29,1*7A,1763493929854
NMEA,$GBGSV,2,1,05,37,49,047,43,36,17,231,35,22,03,319,30,20,72,159,45,1*78,1763493929854
NMEA,$GBGSV,2,2,05,19,54,312,45,1*4B,1763493929854
NMEA,$GBGSV,2,1,05,19,54,312,44,20,72,159,43,32,16,143,32,36,17,231,30,3*77,1763493929854
NMEA,$GBGSV,2,2,05,37,49,047,43,3*4C,1763493929854
NMEA,$GBGSV,2,1,07,19,54,312,35,20,72,159,30,22,03,319,23,23,01,050,15,5*78,1763493929854
NMEA,$GBGSV,2,2,07,32,16,143,34,36,17,231,20,37,49,047,28,5*43,1763493929854
NMEA,$GNGSA,A,3,03,04,07,08,09,16,20,21,27,30,,,0.6,0.4,0.5,1*37,1763493929858
NMEA,$PSSGR,GSA,A,3,03,04,08,09,21,27,30,,,,,,0.6,0.4,0.5,1,8*41,1763493929858
NMEA,$GNGSA,A,3,65,72,75,76,,,,,,,,,0.6,0.4,0.5,2*30,1763493929858
NMEA,$GNGSA,A,3,02,03,05,08,13,15,16,25,,,,,0.6,0.4,0.5,3*3E,1763493929858
NMEA,$PSSGR,GSA,A,3,302,303,305,308,313,316,325,,,,,,0.6,0.4,0.5,3,1*74,1763493929858
NMEA,$GNGSA,A,3,19,20,32,36,37,,,,,,,,0.6,0.4,0.5,4*39,1763493929858
NMEA,$PSSGR,GSA,A,3,219,220,232,236,237,,,,,,,,0.6,0.4,0.5,4,5*72,1763493929858
NMEA,$GNVTG,227.5,T,214.7,M,2.3,N,4.2,K,E*3C,1763493929858
NMEA,$GNDTM,W84,,0000.000000,N,00000.000000,E,0.000,W84*41,1763493929858
NMEA,$GNRMC,192530.00,A,3725.836696,N,12209.314345,W,2.3,227.5,181125,12.8,E,E,V*76,1763493929858
NMEA,$GNGNS,192530.00,3725.836696,N,12209.314345,W,EEEEEE,27,0.4,21.9,-32.6,,,V*26,1763493929858
NMEA,$GNGGA,192530.00,3725.836696,N,12209.314345,W,6,12,0.4,21.9,M,-32.6,M,,*77,1763493929858
NMEA,$PSMSG,magcal=PASS,bluesky=0*00,1763493929860
NMEA,$GPGSV,4,1,13,03,19,173,38,04,54,099,40,06,04,258,38,07,52,279,46,1*6F,1763493930855
NMEA,$GPGSV,4,2,13,08,17,127,33,09,75,354,44,11,04,296,38,16,35,051,39,1*6E,1763493930855
NMEA,$GPGSV,4,3,13,20,13,320,39,21,14,320,34,26,03,041,29,27,18,095,25,1*64,1763493930855
NMEA,$GPGSV,4,4,13,30,24,263,44,1*54,1763493930855
NMEA,$GPGSV,3,1,10,03,19,173,34,04,54,099,36,06,04,258,26,08,17,127,31,8*66,1763493930855
NMEA,$GPGSV,3,2,10,09,75,354,38,11,04,296,25,21,14,320,27,26,03,041,25,8*66,1763493930855
NMEA,$GPGSV,3,3,10,27,18,095,25,30,24,263,33,8*69,1763493930855
NMEA,$GLGSV,1,1,04,12,62,227,42,11,54,029,39,01,77,099,39,08,23,134,37,1*7A,1763493930855
NMEA,$GAGSV,3,1,10,02,49,173,38,03,67,071,40,05,20,107,27,08,47,315,43,7*7E,1763493930855
NMEA,$GAGSV,3,2,10,13,13,277,43,15,06,228,27,16,35,050,38,25,54,072,39,7*7F,1763493930855
NMEA,$GAGSV,3,3,10,26,03,325,24,30,05,202,25,7*76,1763493930855
NMEA,$GAGSV,2,1,08,02,49,173,39,03,67,071,34,05,20,107,24,08,47,315,32,1*77,1763493930855
NMEA,$GAGSV,2,2,08,13,13,277,35,15,06,228,17,16,35,050,35,25,54,072,35,1*72,1763493930855
NMEA,$GQGSV,1,1,01,03,02,297,24,1*5F,1763493930855
NMEA,$GBGSV,2,1,05,37,49,047,43,36,17,231,35,22,03,319,30,20,72,159,45,1*78,1763493930855
NMEA,$GBGSV,2,2,05,19,54,312,45,1*4B,1763493930855
NMEA,$GBGSV,2,1,05,19,54,312,42,20,72,159,41,32,16,143,35,36,17,231,30,3*74,1763493930855
NMEA,$GBGSV,2,2,05,37,49,047,40,3*4F,1763493930855
NMEA,$GBGSV,2,1,05,19,54,312,38,20,72,159,37,32,16,143,35,36,17,231,24,5*7B,1763493930855
NMEA,$GBGSV,2,2,05,37,49,047,35,5*4B,1763493930855
NMEA,$GNGSA,A,3,03,04,07,08,09,16,20,21,27,30,,,0.6,0.4,0.5,1*37,1763493930869
NMEA,$PSSGR,GSA,A,3,03,04,08,09,21,27,30,,,,,,0.6,0.4,0.5,1,8*41,1763493930869
NMEA,$GNGSA,A,3,65,72,75,76,,,,,,,,,0.6,0.4,0.5,2*30,1763493930869
NMEA,$GNGSA,A,3,02,03,05,08,13,15,16,25,,,,,0.6,0.4,0.5,3*3E,1763493930869
NMEA,$PSSGR,GSA,A,3,302,303,305,308,313,316,325,,,,,,0.6,0.4,0.5,3,1*74,1763493930869
NMEA,$GNGSA,A,3,19,20,32,36,37,,,,,,,,0.6,0.4,0.5,4*39,1763493930869
NMEA,$PSSGR,GSA,A,3,219,220,232,236,237,,,,,,,,0.6,0.4,0.5,4,5*72,1763493930869
NMEA,$GNVTG,227.8,T,215.0,M,2.2,N,4.1,K,E*35,1763493930869
NMEA,$GNDTM,W84,,0000.000000,N,00000.000000,E,0.000,W84*41,1763493930869
NMEA,$GNRMC,192531.00,A,3725.836249,N,12209.314899,W,2.2,227.8,181125,12.8,E,E,V*77,1763493930869
NMEA,$GNGNS,192531.00,3725.836249,N,12209.314899,W,EEEEEE,27,0.4,21.8,-32.6,,,V*2A,1763493930869
NMEA,$GNGGA,192531.00,3725.836249,N,12209.314899,W,6,12,0.4,21.8,M,-32.6,M,,*7B,1763493930869
NMEA,$PSMSG,magcal=PASS,bluesky=0*00,1763493930873
NMEA,$GPGSV,4,1,13,03,19,173,37,04,54,099,39,06,04,258,38,07,52,279,47,1*6F,1763493931859
NMEA,$GPGSV,4,2,13,08,17,127,36,09,75,354,44,11,04,296,39,16,35,051,39,1*6A,1763493931859
NMEA,$GPGSV,4,3,13,20,13,320,38,21,14,320,35,26,03,041,31,27,18,095,27,1*6F,1763493931859
NMEA,$GPGSV,4,4,13,30,24,263,43,1*53,1763493931859
NMEA,$GPGSV,3,1,10,03,19,173,32,04,54,099,36,06,04,258,29,08,17,127,35,8*6B,1763493931859
NMEA,$GPGSV,3,2,10,09,75,354,37,11,04,296,22,21,14,320,28,26,03,041,21,8*65,1763493931859
NMEA,$GPGSV,3,3,10,27,18,095,21,30,24,263,32,8*6C,1763493931859
NMEA,$GLGSV,1,1,04,12,62,227,43,11,54,029,43,01,77,099,35,08,23,134,37,1*7A,1763493931859
NMEA,$GAGSV,3,1,10,02,49,173,36,03,67,071,41,05,20,107,28,08,47,315,42,7*7F,1763493931859
NMEA,$GAGSV,3,2,10,13,13,277,43,15,06,228,26,16,35,050,37,25,54,072,39,7*71,1763493931859
NMEA,$GAGSV,3,3,10,26,03,325,24,30,05,202,25,7*76,1763493931859
NMEA,$GAGSV,2,1,08,02,49,173,38,03,67,071,32,05,20,107,26,08,47,315,31,1*71,1763493931859
NMEA,$GAGSV,2,2,08,13,13,277,32,15,06,228,17,16,35,050,34,25,54,072,34,1*75,1763493931859
NMEA,$GQGSV,1,1,01,03,02,297,24,1*5F,1763493931859
NMEA,$GBGSV,2,1,05,37,49,047,43,36,17,231,35,22,03,319,30,20,72,159,45,1*78,1763493931859
NMEA,$GBGSV,2,2,05,19,54,312,45,1*4B,1763493931859
NMEA,$GBGSV,2,1,05,19,54,312,42,20,72,159,39,32,16,143,35,36,17,231,32,3*79,1763493931859
NMEA,$GBGSV,2,2,05,37,49,047,38,3*40,1763493931859
NMEA,$GBGSV,2,1,05,19,54,312,37,20,72,159,35,32,16,143,36,36,17,231,24,5*75,1763493931859
NMEA,$GBGSV,2,2,05,37,49,047,29,5*46,1763493931859
NMEA,$GNGSA,A,3,03,04,07,08,09,16,20,21,27,30,,,0.6,0.4,0.5,1*37,1763493931867
NMEA,$PSSGR,GSA,A,3,03,04,08,09,21,27,30,,,,,,0.6,0.4,0.5,1,8*41,1763493931867
NMEA,$GNGSA,A,3,65,72,75,76,,,,,,,,,0.6,0.4,0.5,2*30,1763493931867
NMEA,$GNGSA,A,3,02,03,05,08,13,15,16,25,,,,,0.6,0.4,0.5,3*3E,1763493931867
NMEA,$PSSGR,GSA,A,3,302,303,305,308,313,316,325,,,,,,0.6,0.4,0.5,3,1*74,1763493931867
NMEA,$GNGSA,A,3,19,20,32,36,37,,,,,,,,0.6,0.4,0.5,4*39,1763493931867
NMEA,$PSSGR,GSA,A,3,219,220,232,236,237,,,,,,,,0.6,0.4,0.5,4,5*72,1763493931867
NMEA,$GNVTG,228.2,T,215.4,M,2.2,N,4.1,K,E*34,1763493931867
NMEA,$GNDTM,W84,,0000.000000,N,00000.000000,E,0.000,W84*41,1763493931867
NMEA,$GNRMC,192532.00,A,3725.835797,N,12209.315447,W,2.2,228.2,181125,12.8,E,E,V*7A,1763493931867
NMEA,$GNGNS,192532.00,3725.835797,N,12209.315447,W,EEEEEE,27,0.4,21.6,-32.6,,,V*2C,1763493931867
NMEA,$GNGGA,192532.00,3725.835797,N,12209.315447,W,6,12,0.4,21.6,M,-32.6,M,,*7D,1763493931867
NMEA,$PSMSG,magcal=PASS,bluesky=0*00,1763493931871
NMEA,$GPGSV,4,1,13,03,19,173,37,04,54,099,41,06,04,258,39,07,52,279,47,1*61,1763493932866
NMEA,$GPGSV,4,2,13,08,17,127,37,09,75,354,45,11,04,296,37,16,35,051,37,1*6A,1763493932866
NMEA,$GPGSV,4,3,13,20,13,320,41,21,14,320,38,26,03,041,31,27,18,095,29,1*62,1763493932866
NMEA,$GPGSV,4,4,13,30,24,263,44,1*54,1763493932866
NMEA,$GPGSV,3,1,10,03,19,173,32,04,54,099,31,06,04,258,24,08,17,127,34,8*60,1763493932866
NMEA,$GPGSV,3,2,10,09,75,354,36,11,04,296,22,21,14,320,30,26,03,041,23,8*6F,1763493932866
NMEA,$GPGSV,3,3,10,27,18,095,23,30,24,263,27,8*6A,1763493932866
NMEA,$GLGSV,1,1,04,12,62,227,41,11,54,029,43,01,77,099,38,08,23,134,39,1*7B,1763493932866
NMEA,$GAGSV,3,1,10,02,49,173,37,03,67,071,38,05,20,107,32,08,47,315,38,7*76,1763493932866
NMEA,$GAGSV,3,2,10,13,13,277,42,15,06,228,28,16,35,050,34,25,54,072,38,7*7C,1763493932866
NMEA,$GAGSV,3,3,10,26,03,325,24,30,05,202,25,7*76,1763493932866
NMEA,$GAGSV,2,1,08,02,49,173,32,03,67,071,34,05,20,107,28,08,47,315,29,1*7A,1763493932866
NMEA,$GAGSV,2,2,08,13,13,277,30,15,06,228,17,16,35,050,33,25,54,072,29,1*7C,1763493932866
NMEA,$GQGSV,1,1,01,03,02,297,24,1*5F,1763493932866
NMEA,$GBGSV,2,1,05,37,49,047,43,36,17,231,35,22,03,319,30,20,72,159,45,1*78,1763493932866
NMEA,$GBGSV,2,2,05,19,54,312,45,1*4B,1763493932866
NMEA,$GBGSV,2,1,05,19,54,312,41,20,72,159,41,32,16,143,33,36,17,231,27,3*77,1763493932866
NMEA,$GBGSV,2,2,05,37,49,047,39,3*41,1763493932866
NMEA,$GBGSV,2,1,05,19,54,312,31,20,72,159,32,32,16,143,34,36,17,231,26,5*74,1763493932866
NMEA,$GBGSV,2,2,05,37,49,047,28,5*47,1763493932866
NMEA,$GNGSA,A,3,03,04,07,08,09,16,20,21,27,30,,,0.6,0.4,0.5,1*37,1763493932887
NMEA,$PSSGR,GSA,A,3,03,04,08,09,21,27,30,,,,,,0.6,0.4,0.5,1,8*41,1763493932887
NMEA,$GNGSA,A,3,65,72,75,76,,,,,,,,,0.6,0.4,0.5,2*30,1763493932887
NMEA,$GNGSA,A,3,02,03,05,08,13,15,16,25,,,,,0.6,0.4,0.5,3*3E,1763493932887
NMEA,$PSSGR,GSA,A,3,302,303,305,308,313,316,325,,,,,,0.6,0.4,0.5,3,1*74,1763493932887
NMEA,$GNGSA,A,3,19,20,32,36,37,,,,,,,,0.6,0.4,0.5,4*39,1763493932887
NMEA,$PSSGR,GSA,A,3,219,220,232,236,237,,,,,,,,0.6,0.4,0.5,4,5*72,1763493932887
NMEA,$GNVTG,225.7,T,212.9,M,2.3,N,4.3,K,E*35,1763493932887
NMEA,$GNDTM,W84,,0000.000000,N,00000.000000,E,0.000,W84*41,1763493932887
NMEA,$GNRMC,192533.00,A,3725.835329,N,12209.316052,W,2.3,225.7,181125,12.8,E,E,V*70,1763493932887
NMEA,$GNGNS,192533.00,3725.835329,N,12209.316052,W,EEEEEE,27,0.4,21.4,-32.6,,,V*2D,1763493932887
NMEA,$GNGGA,192533.00,3725.835329,N,12209.316052,W,6,12,0.4,21.4,M,-32.6,M,,*7C,1763493932887
NMEA,$PSMSG,magcal=PASS,bluesky=0*00,1763493932895
NMEA,$GPGSV,4,1,13,03,19,173,37,04,54,099,41,06,04,258,40,07,52,279,47,1*6F,1763493933861
NMEA,$GPGSV,4,2,13,08,17,127,38,09,75,354,44,11,04,296,34,16,35,051,39,1*69,1763493933861
NMEA,$GPGSV,4,3,13,20,13,320,40,21,14,320,37,26,03,041,31,27,18,095,37,1*63,1763493933861
NMEA,$GPGSV,4,4,13,30,24,263,44,1*54,1763493933861
NMEA,$GPGSV,3,1,10,03,19,173,33,04,54,099,32,06,04,258,23,08,17,127,36,8*67,1763493933861
NMEA,$GPGSV,3,2,10,09,75,354,38,11,04,296,22,21,14,320,30,26,03,041,25,8*67,1763493933861
NMEA,$GPGSV,3,3,10,27,18,095,32,30,24,263,31,8*6D,1763493933861
NMEA,$GLGSV,1,1,04,12,62,227,44,11,54,029,41,01,77,099,37,08,23,134,37,1*7D,1763493933861
NMEA,$GAGSV,3,1,10,02,49,173,41,03,67,071,41,05,20,107,36,08,47,315,40,7*72,1763493933861
NMEA,$GAGSV,3,2,10,13,13,277,42,15,06,228,29,16,35,050,38,25,54,072,41,7*7F,1763493933861
NMEA,$GAGSV,3,3,10,26,03,325,24,30,05,202,25,7*76,1763493933861
NMEA,$GAGSV,2,1,08,02,49,173,34,03,67,071,37,05,20,107,34,08,47,315,32,1*78,1763493933861
NMEA,$GAGSV,2,2,08,13,13,277,25,15,06,228,17,16,35,050,32,25,54,072,31,1*70,1763493933861
NMEA,$GQGSV,1,1,01,03,02,297,24,1*5F,1763493933861
NMEA,$GBGSV,2,1,05,37,49,047,43,36,17,231,35,22,03,319,30,20,72,159,45,1*78,1763493933861
NMEA,$GBGSV,2,2,05,19,54,312,45,1*4B,1763493933861
NMEA,$GBGSV,2,1,05,19,54,312,45,20,72,159,43,32,16,143,34,36,17,231,30,3*70,1763493933861
NMEA,$GBGSV,2,2,05,37,49,047,42,3*4D,1763493933861
NMEA,$GBGSV,2,1,05,19,54,312,36,20,72,159,36,32,16,143,36,36,17,231,22,5*71,1763493933861
NMEA,$GBGSV,2,2,05,37,49,047,33,5*4D,1763493933861
NMEA,$GNGSA,A,3,03,04,07,08,09,16,20,21,27,30,,,0.7,0.4,0.5,1*36,1763493933881
NMEA,$PSSGR,GSA,A,3,03,04,08,09,21,27,30,,,,,,0.7,0.4,0.5,1,8*40,1763493933881
NMEA,$GNGSA,A,3,65,72,75,76,,,,,,,,,0.7,0.4,0.5,2*31,1763493933881
NMEA,$GNGSA,A,3,02,03,05,08,13,15,16,25,,,,,0.7,0.4,0.5,3*3F,1763493933881
NMEA,$PSSGR,GSA,A,3,302,303,305,308,313,316,325,,,,,,0.7,0.4,0.5,3,1*75,1763493933881
NMEA,$GNGSA,A,3,19,20,32,36,37,,,,,,,,0.7,0.4,0.5,4*38,1763493933881
NMEA,$PSSGR,GSA,A,3,219,220,232,236,237,,,,,,,,0.7,0.4,0.5,4,5*73,1763493933881
NMEA,$GNVTG,232.5,T,219.7,M,2.3,N,4.2,K,E*35,1763493933881
NMEA,$GNDTM,W84,,0000.000000,N,00000.000000,E,0.000,W84*41,1763493933881
NMEA,$GNRMC,192534.00,A,3725.834917,N,12209.316667,W,2.3,232.5,181125,12.8,E,E,V*75,1763493933881
NMEA,$GNGNS,192534.00,3725.834917,N,12209.316667,W,EEEEEE,27,0.4,21.3,-32.6,,,V*2B,1763493933881
NMEA,$GNGGA,192534.00,3725.834917,N,12209.316667,W,6,12,0.4,21.3,M,-32.6,M,,*7A,1763493933881
NMEA,$PSMSG,magcal=PASS,bluesky=0*00,1763493933886
NMEA,$GPGSV,4,1,13,03,19,173,37,04,54,099,40,06,04,258,42,07,52,279,48,1*63,1763493934859
NMEA,$GPGSV,4,2,13,08,17,127,36,09,75,354,45,11,04,296,31,16,35,051,37,1*6D,1763493934859
NMEA,$GPGSV,4,3,13,20,13,320,40,21,14,320,35,26,03,041,34,27,18,095,36,1*65,1763493934859
NMEA,$GPGSV,4,4,13,30,24,263,45,1*55,1763493934859
NMEA,$GPGSV,3,1,10,03,19,173,33,04,54,099,32,06,04,258,26,08,17,127,36,8*62,1763493934859
NMEA,$GPGSV,3,2,10,09,75,354,38,11,04,296,22,21,14,320,29,26,03,041,24,8*6E,1763493934859
NMEA,$GPGSV,3,3,10,27,18,095,32,30,24,263,34,8*68,1763493934859
NMEA,$GLGSV,1,1,04,12,62,227,43,11,54,029,42,01,77,099,38,08,23,134,37,1*76,1763493934859
NMEA,$GAGSV,3,1,10,02,49,173,40,03,67,071,41,05,20,107,38,08,47,315,40,7*7D,1763493934859
NMEA,$GAGSV,3,2,10,13,13,277,42,15,06,228,30,16,35,050,36,25,54,072,40,7*78,1763493934859
NMEA,$GAGSV,3,3,10,26,03,325,24,30,05,202,25,7*76,1763493934859
NMEA,$GAGSV,2,1,08,02,49,173,39,03,67,071,36,05,20,107,32,08,47,315,32,1*72,1763493934859
NMEA,$GAGSV,2,2,08,13,13,277,29,15,06,228,17,16,35,050,35,25,54,072,29,1*72,1763493934859
NMEA,$GQGSV,1,1,01,03,02,297,23,1*58,1763493934859
NMEA,$GBGSV,2,1,05,37,49,047,43,36,17,231,35,22,03,319,30,20,72,159,45,1*78,1763493934859
NMEA,$GBGSV,2,2,05,19,54,312,45,1*4B,1763493934859
NMEA,$GBGSV,2,1,05,19,54,312,46,20,72,159,42,32,16,143,34,36,17,231,32,3*70,1763493934859
NMEA,$GBGSV,2,2,05,37,49,047,40,3*4F,1763493934859
NMEA,$GBGSV,2,1,05,19,54,312,39,20,72,159,33,32,16,143,36,36,17,231,26,5*7F,1763493934859
NMEA,$GBGSV,2,2,05,37,49,047,28,5*47,1763493934859
NMEA,$GNGSA,A,3,03,04,07,08,09,16,20,21,27,30,,,0.7,0.4,0.5,1*36,1763493934880
NMEA,$PSSGR,GSA,A,3,03,04,08,09,21,27,30,,,,,,0.7,0.4,0.5,1,8*40,1763493934880
NMEA,$GNGSA,A,3,65,72,75,76,,,,,,,,,0.7,0.4,0.5,2*31,1763493934880
NMEA,$GNGSA,A,3,02,03,05,08,13,15,16,25,,,,,0.7,0.4,0.5,3*3F,1763493934880
NMEA,$PSSGR,GSA,A,3,302,303,305,308,313,316,325,,,,,,0.7,0.4,0.5,3,1*75,1763493934880
NMEA,$GNGSA,A,3,19,20,32,36,37,,,,,,,,0.7,0.4,0.5,4*38,1763493934880
NMEA,$PSSGR,GSA,A,3,219,220,232,236,237,,,,,,,,0.7,0.4,0.5,4,5*73,1763493934880
NMEA,$GNVTG,226.3,T,213.5,M,2.3,N,4.3,K,E*3F,1763493934880
NMEA,$GNDTM,W84,,0000.000000,N,00000.000000,E,0.000,W84*41,1763493934880
NMEA,$GNRMC,192535.00,A,3725.834492,N,12209.317221,W,2.3,226.3,181125,12.8,E,E,V*70,1763493934880
NMEA,$GNGNS,192535.00,3725.834492,N,12209.317221,W,EEEEEE,27,0.4,21.4,-32.6,,,V*2A,1763493934880
NMEA,$GNGGA,192535.00,3725.834492,N,12209.317221,W,6,12,0.4,21.4,M,-32.6,M,,*7B,1763493934880
NMEA,$PSMSG,magcal=PASS,bluesky=0*00,1763493934891
NMEA,$GPGSV,4,1,13,03,19,173,37,04,54,099,41,06,04,258,40,07,52,279,47,1*6F,1763493935858
NMEA,$GPGSV,4,2,13,08,17,127,37,09,75,354,45,11,04,296,33,16,35,051,38,1*61,1763493935858
NMEA,$GPGSV,4,3,13,20,13,320,40,21,14,320,38,26,03,041,35,27,18,095,38,1*67,1763493935858
NMEA,$GPGSV,4,4,13,30,24,263,46,1*56,1763493935858
NMEA,$GPGSV,3,1,10,03,19,173,33,04,54,099,31,06,04,258,22,08,17,127,35,8*66,1763493935858
NMEA,$GPGSV,3,2,10,09,75,354,38,11,04,296,22,21,14,320,32,26,03,041,23,8*63,1763493935858
NMEA,$GPGSV,3,3,10,27,18,095,35,30,24,263,28,8*62,1763493935858
NMEA,$GLGSV,1,1,04,12,62,227,44,11,54,029,43,01,77,099,38,08,23,134,38,1*7F,1763493935858
NMEA,$GAGSV,3,1,10,02,49,173,41,03,67,071,41,05,20,107,38,08,47,315,40,7*7C,1763493935858
NMEA,$GAGSV,3,2,10,13,13,277,43,15,06,228,30,16,35,050,37,25,54,072,40,7*78,1763493935858
NMEA,$GAGSV,3,3,10,26,03,325,26,30,05,202,25,7*74,1763493935858
NMEA,$GAGSV,2,1,08,02,49,173,37,03,67,071,35,05,20,107,33,08,47,315,27,1*7A,1763493935858
NMEA,$GAGSV,2,2,08,13,13,277,29,15,06,228,17,16,35,050,33,25,54,072,30,1*7C,1763493935858
NMEA,$GQGSV,1,1,01,03,02,297,26,1*5D,1763493935858
NMEA,$GBGSV,2,1,07,37,49,047,42,36,17,231,34,32,16,143,33,23,01,050,26,1*7B,1763493935858
NMEA,$GBGSV,2,2,07,22,03,319,31,20,72,159,43,19,54,312,46,1*4D,1763493935858
NMEA,$GBGSV,2,1,05,19,54,312,44,20,72,159,42,32,16,143,32,36,17,231,32,3*74,1763493935858
NMEA,$GBGSV,2,2,05,37,49,047,41,3*4E,1763493935858
NMEA,$GBGSV,2,1,06,19,54,312,36,20,72,159,33,22,03,319,27,32,16,143,33,5*7C,1763493935858
NMEA,$GBGSV,2,2,06,36,17,231,26,37,49,047,28,5*73,1763493935858
NMEA,$GNGSA,A,3,03,04,07,08,09,16,20,21,27,30,,,0.6,0.4,0.5,1*37,1763493935880
NMEA,$PSSGR,GSA,A,3,03,04,08,09,21,27,30,,,,,,0.6,0.4,0.5,1,8*41,1763493935880
NMEA,$GNGSA,A,3,65,72,75,76,,,,,,,,,0.6,0.4,0.5,2*30,1763493935880
NMEA,$GNGSA,A,3,02,03,05,08,13,15,16,25,,,,,0.6,0.4,0.5,3*3E,1763493935880
NMEA,$PSSGR,GSA,A,3,302,303,305,308,313,316,325,,,,,,0.6,0.4,0.5,3,1*74,1763493935880
NMEA,$GNGSA,A,3,19,20,32,36,37,,,,,,,,0.6,0.4,0.5,4*39,1763493935880
NMEA,$PSSGR,GSA,A,3,219,220,232,236,237,,,,,,,,0.6,0.4,0.5,4,5*72,1763493935880
NMEA,$GNVTG,226.8,T,214.0,M,2.4,N,4.5,K,E*37,1763493935880
NMEA,$GNDTM,W84,,0000.000000,N,00000.000000,E,0.000,W84*41,1763493935880
NMEA,$GNRMC,192536.00,A,3725.833991,N,12209.317866,W,2.4,226.8,181125,12.8,E,E,V*7F,1763493935880
NMEA,$GNGNS,192536.00,3725.833991,N,12209.317866,W,EEEEEE,27,0.4,21.5,-32.6,,,V*28,1763493935880
NMEA,$GNGGA,192536.00,3725.833991,N,12209.317866,W,6,12,0.4,21.5,M,-32.6,M,,*79,1763493935880
NMEA,$PSMSG,magcal=PASS,bluesky=0*00,1763493935887
NMEA,$GPGSV,4,1,13,03,19,173,37,04,54,099,41,06,04,258,41,07,52,279,48,1*61,1763493936862
NMEA,$GPGSV,4,2,13,08,17,127,34,09,75,354,45,11,04,296,33,16,35,051,39,1*63,1763493936862
NMEA,$GPGSV,4,3,13,20,13,320,41,21,14,320,37,26,03,041,34,27,18,095,40,1*67,1763493936862
NMEA,$GPGSV,4,4,13,30,24,263,45,1*55,1763493936862
NMEA,$GPGSV,3,1,10,03,19,173,33,04,54,099,34,06,04,258,25,08,17,127,32,8*63,1763493936862
NMEA,$GPGSV,3,2,10,09,75,354,38,11,04,296,21,21,14,320,31,26,03,041,27,8*67,1763493936862
NMEA,$GPGSV,3,3,10,27,18,095,33,30,24,263,32,8*6F,1763493936862
NMEA,$GLGSV,1,1,04,12,62,227,42,11,54,029,43,01,77,099,39,08,23,134,38,1*78,1763493936862
NMEA,$GAGSV,3,1,10,02,49,173,37,03,67,071,40,05,20,107,37,08,47,315,42,7*71,1763493936862
NMEA,$GAGSV,3,2,10,13,13,277,38,15,06,228,30,16,35,050,37,25,54,072,40,7*74,1763493936862
NMEA,$GAGSV,3,3,10,26,03,325,28,30,05,202,26,7*79,1763493936862
NMEA,$GAGSV,2,1,08,02,49,173,39,03,67,071,34,05,20,107,33,08,47,315,31,1*72,1763493936862
NMEA,$GAGSV,2,2,08,13,13,277,19,15,06,228,17,16,35,050,33,25,54,072,32,1*7D,1763493936862
NMEA,$GQGSV,1,1,01,03,02,297,25,1*5E,1763493936862
NMEA,$GBGSV,2,1,06,37,49,047,43,36,17,231,33,32,16,143,34,22,03,319,30,1*71,1763493936862
NMEA,$GBGSV,2,2,06,20,72,159,44,19,54,312,46,1*71,1763493936862
NMEA,$GBGSV,2,1,05,19,54,312,44,20,72,159,43,32,16,143,33,36,17,231,32,3*74,1763493936862
NMEA,$GBGSV,2,2,05,37,49,047,41,3*4E,1763493936862
NMEA,$GBGSV,2,1,06,19,54,312,36,20,72,159,35,22,03,319,26,32,16,143,31,5*79,1763493936862
NMEA,$GBGSV,2,2,06,36,17,231,20,37,49,047,31,5*7D,1763493936862
NMEA,$GNGSA,A,3,03,04,07,08,09,16,20,21,27,30,,,0.6,0.4,0.5,1*37,1763493936881
NMEA,$PSSGR,GSA,A,3,03,04,08,09,21,27,30,,,,,,0.6,0.4,0.5,1,8*41,1763493936881
NMEA,$GNGSA,A,3,65,72,75,76,,,,,,,,,0.6,0.4,0.5,2*30,1763493936881
NMEA,$GNGSA,A,3,02,03,05,08,13,15,16,25,30,,,,0.6,0.4,0.5,3*3D,1763493936881
NMEA,$PSSGR,GSA,A,3,302,303,305,308,313,316,325,,,,,,0.6,0.4,0.5,3,1*74,1763493936881
NMEA,$GNGSA,A,3,19,20,32,36,37,,,,,,,,0.6,0.4,0.5,4*39,1763493936881
NMEA,$PSSGR,GSA,A,3,219,220,232,236,237,,,,,,,,0.6,0.4,0.5,4,5*72,1763493936881
NMEA,$GNVTG,225.5,T,212.7,M,2.3,N,4.2,K,E*38,1763493936881
NMEA,$GNDTM,W84,,0000.000000,N,00000.000000,E,0.000,W84*41,1763493936881
NMEA,$GNRMC,192537.00,A,3725.833563,N,12209.318479,W,2.3,225.5,181125,12.8,E,E,V*7B,1763493936881
NMEA,$GNGNS,192537.00,3725.833563,N,12209.318479,W,EEEEEE,28,0.4,21.5,-32.6,,,V*2A,1763493936881
NMEA,$GNGGA,192537.00,3725.833563,N,12209.318479,W,6,12,0.4,21.5,M,-32.6,M,,*74,1763493936881
NMEA,$PSMSG,magcal=PASS,bluesky=0*00,1763493936885
NMEA,$GPGSV,4,1,13,03,19,173,38,04,54,099,40,06,04,258,40,07,52,279,47,1*61,1763493937863
NMEA,$GPGSV,4,2,13,08,17,127,36,09,75,354,46,11,04,296,35,16,35,051,39,1*64,1763493937863
NMEA,$GPGSV,4,3,13,20,13,320,41,21,14,320,35,26,03,041,35,27,18,095,40,1*64,1763493937863
NMEA,$GPGSV,4,4,13,30,24,263,46,1*56,1763493937863
NMEA,$GPGSV,3,1,10,03,19,173,34,04,54,099,35,06,04,258,26,08,17,127,29,8*6C,1763493937863
NMEA,$GPGSV,3,2,10,09,75,354,39,11,04,296,21,21,14,320,27,26,03,041,21,8*67,1763493937863
NMEA,$GPGSV,3,3,10,27,18,095,34,30,24,263,35,8*6F,1763493937863
NMEA,$GLGSV,1,1,04,12,62,227,43,11,54,029,43,01,77,099,38,08,23,134,38,1*78,1763493937863
NMEA,$GAGSV,3,1,10,02,49,173,39,03,67,071,40,05,20,107,37,08,47,315,43,7*7E,1763493937863
NMEA,$GAGSV,3,2,10,13,13,277,36,15,06,228,31,16,35,050,37,25,54,072,41,7*7A,1763493937863
NMEA,$GAGSV,3,3,10,26,03,325,31,30,05,202,23,7*74,1763493937863
NMEA,$GAGSV,2,1,08,02,49,173,37,03,67,071,34,05,20,107,34,08,47,315,34,1*7E,1763493937863
NMEA,$GAGSV,2,2,08,13,13,277,23,15,06,228,17,16,35,050,30,25,54,072,33,1*76,1763493937863
NMEA,$GQGSV,1,1,01,03,02,297,25,1*5E,1763493937863
NMEA,$GBGSV,2,1,06,37,49,047,43,36,17,231,34,32,16,143,34,22,03,319,30,1*76,1763493937863
NMEA,$GBGSV,2,2,06,20,72,159,45,19,54,312,45,1*73,1763493937863
NMEA,$GBGSV,2,1,05,19,54,312,42,20,72,159,43,32,16,143,33,36,17,231,34,3*74,1763493937863
NMEA,$GBGSV,2,2,05,37,49,047,41,3*4E,1763493937863
NMEA,$GBGSV,2,1,06,19,54,312,33,20,72,159,36,22,03,319,25,32,16,143,35,5*78,1763493937863
NMEA,$GBGSV,2,2,06,36,17,231,20,37,49,047,37,5*7B,1763493937863
NMEA,$GNGSA,A,3,03,04,07,08,09,16,20,21,27,30,,,0.6,0.4,0.5,1*37,1763493937884
NMEA,$PSSGR,GSA,A,3,03,04,08,09,21,27,30,,,,,,0.6,0.4,0.5,1,8*41,1763493937884
NMEA,$GNGSA,A,3,65,72,75,76,,,,,,,,,0.6,0.4,0.5,2*30,1763493937884
NMEA,$GNGSA,A,3,02,03,05,08,13,15,16,25,30,,,,0.6,0.4,0.5,3*3D,1763493937884
NMEA,$PSSGR,GSA,A,3,302,303,305,308,313,316,325,,,,,,0.6,0.4,0.5,3,1*74,1763493937884
NMEA,$GNGSA,A,3,19,20,32,36,37,,,,,,,,0.6,0.4,0.5,4*39,1763493937884
NMEA,$PSSGR,GSA,A,3,219,220,232,236,237,,,,,,,,0.6,0.4,0.5,4,5*72,1763493937884
NMEA,$GNVTG,224.5,T,211.7,M,2.3,N,4.2,K,E*3A,1763493937884
NMEA,$GNDTM,W84,,0000.000000,N,00000.000000,E,0.000,W84*41,1763493937884
NMEA,$GNRMC,192538.00,A,3725.833104,N,12209.319100,W,2.3,224.5,181125,12.8,E,E,V*7A,1763493937884
NMEA,$GNGNS,192538.00,3725.833104,N,12209.319100,W,EEEEEE,28,0.4,21.5,-32.6,,,V*2A,1763493937884
NMEA,$GNGGA,192538.00,3725.833104,N,12209.319100,W,6,12,0.4,21.5,M,-32.6,M,,*74,1763493937884
NMEA,$PSMSG,magcal=PASS,bluesky=0*00,1763493937893
NMEA,$GPGSV,4,1,13,03,19,173,38,04,54,099,41,06,04,258,37,07,52,279,47,1*60,1763493938860
NMEA,$GPGSV,4,2,13,08,17,127,37,09,75,354,44,11,04,296,28,16,35,051,41,1*64,1763493938860
NMEA,$GPGSV,4,3,13,20,13,320,41,21,14,320,34,26,03,041,36,27,18,095,39,1*68,1763493938860
NMEA,$GPGSV,4,4,13,30,24,263,47,1*57,1763493938860
NMEA,$GPGSV,3,1,10,03,19,173,35,04,54,099,35,06,04,258,21,08,17,127,33,8*61,1763493938860
NMEA,$GPGSV,3,2,10,09,75,354,40,11,04,296,20,21,14,320,30,26,03,041,28,8*67,1763493938860
NMEA,$GPGSV,3,3,10,27,18,095,37,30,24,263,38,8*61,1763493938860
NMEA,$GLGSV,1,1,04,12,62,227,41,11,54,029,43,01,77,099,40,08,23,134,37,1*7A,1763493938860
NMEA,$GAGSV,3,1,10,02,49,173,40,03,67,071,39,05,20,107,36,08,47,315,44,7*78,1763493938860
NMEA,$GAGSV,3,2,10,13,13,277,32,15,06,228,26,16,35,050,40,25,54,072,40,7*79,1763493938860
NMEA,$GAGSV,3,3,10,26,03,325,33,30,05,202,28,7*7D,1763493938860
NMEA,$GAGSV,2,1,08,02,49,173,40,03,67,071,33,05,20,107,33,08,47,315,34,1*7E,1763493938860
NMEA,$GAGSV,2,2,08,13,13,277,22,15,06,228,17,16,35,050,30,25,54,072,34,1*70,1763493938860
NMEA,$GQGSV,1,1,01,03,02,297,22,1*59,1763493938860
NMEA,$GBGSV,2,1,07,37,49,047,43,36,17,231,34,32,16,143,34,23,01,050,25,1*7E,1763493938860
NMEA,$GBGSV,2,2,07,22,03,319,34,20,72,159,46,19,54,312,44,1*4F,1763493938860
NMEA,$GBGSV,2,1,05,19,54,312,41,20,72,159,45,32,16,143,33,36,17,231,35,3*70,1763493938860
NMEA,$GBGSV,2,2,05,37,49,047,41,3*4E,1763493938860
NMEA,$GBGSV,2,1,07,19,54,312,32,20,72,159,37,22,03,319,23,23,01,050,19,5*74,1763493938860
NMEA,$GBGSV,2,2,07,32,16,143,37,36,17,231,22,37,49,047,37,5*4C,1763493938860
NMEA,$GNGSA,A,3,03,04,07,08,09,16,20,21,27,30,,,0.6,0.4,0.5,1*37,1763493938876
NMEA,$PSSGR,GSA,A,3,03,04,08,09,21,27,30,,,,,,0.6,0.4,0.5,1,8*41,1763493938876
NMEA,$GNGSA,A,3,65,72,75,76,,,,,,,,,0.6,0.4,0.5,2*30,1763493938876
NMEA,$GNGSA,A,3,02,03,05,08,13,15,16,25,30,,,,0.6,0.4,0.5,3*3D,1763493938876
NMEA,$PSSGR,GSA,A,3,302,303,305,308,313,316,325,,,,,,0.6,0.4,0.5,3,1*74,1763493938876
NMEA,$GNGSA,A,3,19,20,32,36,37,,,,,,,,0.6,0.4,0.5,4*39,1763493938876
NMEA,$PSSGR,GSA,A,3,219,220,232,236,237,,,,,,,,0.6,0.4,0.5,4,5*72,1763493938876
NMEA,$GNVTG,228.7,T,215.9,M,2.4,N,4.4,K,E*3F,1763493938876
NMEA,$GNDTM,W84,,0000.000000,N,00000.000000,E,0.000,W84*41,1763493938876
NMEA,$GNRMC,192539.00,A,3725.832667,N,12209.319774,W,2.4,228.7,181125,12.8,E,E,V*74,1763493938876
NMEA,$GNGNS,192539.00,3725.832667,N,12209.319774,W,EEEEEE,28,0.4,21.6,-32.6,,,V*2E,1763493938876
NMEA,$GNGGA,192539.00,3725.832667,N,12209.319774,W,6,12,0.4,21.6,M,-32.6,M,,*70,1763493938876
NMEA,$PSMSG,magcal=PASS,bluesky=0*00,1763493938880
NMEA,$GPGSV,4,1,13,03,19,173,34,04,54,099,42,06,04,258,36,07,52,279,47,1*6E,1763493939860
NMEA,$GPGSV,4,2,13,08,17,127,37,09,75,354,45,11,04,296,32,16,35,051,38,1*60,1763493939860
NMEA,$GPGSV,4,3,13,20,13,320,41,21,14,320,35,26,03,041,35,27,18,095,41,1*65,1763493939860
NMEA,$GPGSV,4,4,13,30,24,263,44,1*54,1763493939860
NMEA,$GPGSV,3,1,10,03,19,173,29,04,54,099,34,06,04,258,21,08,17,127,36,8*68,1763493939860
NMEA,$GPGSV,3,2,10,09,75,354,38,11,04,296,23,21,14,320,30,26,03,041,26,8*65,1763493939860
NMEA,$GPGSV,3,3,10,27,18,095,36,30,24,263,33,8*6B,1763493939860
NMEA,$GLGSV,1,1,04,12,62,227,43,11,54,029,44,01,77,099,39,08,23,134,38,1*7E,1763493939860
NMEA,$GAGSV,3,1,10,02,49,173,40,03,67,071,41,05,20,107,38,08,47,315,44,7*79,1763493939860
NMEA,$GAGSV,3,2,10,13,13,277,33,15,06,228,27,16,35,050,36,25,54,072,40,7*78,1763493939860
NMEA,$GAGSV,3,3,10,26,03,325,27,30,05,202,33,7*72,1763493939860
NMEA,$GAGSV,2,1,08,02,49,173,38,03,67,071,35,05,20,107,33,08,47,315,35,1*76,1763493939860
NMEA,$GAGSV,2,2,08,13,13,277,25,15,06,228,17,16,35,050,30,25,54,072,33,1*70,1763493939860
NMEA,$GQGSV,1,1,01,03,02,297,22,1*59,1763493939860
NMEA,$GBGSV,2,1,07,37,49,047,42,36,17,231,30,32,16,143,34,23,01,050,26,1*78,1763493939860
NMEA,$GBGSV,2,2,07,22,03,319,34,20,72,159,46,19,54,312,45,1*4E,1763493939860
NMEA,$GBGSV,2,1,05,19,54,312,44,20,72,159,45,32,16,143,33,36,17,231,29,3*78,1763493939860
NMEA,$GBGSV,2,2,05,37,49,047,40,3*4F,1763493939860
NMEA,$GBGSV,2,1,07,19,54,312,36,20,72,159,38,22,03,319,24,23,01,050,19,5*78,1763493939860
NMEA,$GBGSV,2,2,07,32,16,143,36,36,17,231,24,37,49,047,35,5*49,1763493939860
NMEA,$GNGSA,A,3,03,04,07,08,09,16,20,21,27,30,,,0.6,0.4,0.5,1*37,1763493939879
NMEA,$PSSGR,GSA,A,3,03,04,08,09,21,27,30,,,,,,0.6,0.4,0.5,1,8*41,1763493939879
NMEA,$GNGSA,A,3,65,72,75,76,,,,,,,,,0.6,0.4,0.5,2*30,1763493939879
NMEA,$GNGSA,A,3,02,03,05,08,13,15,16,25,30,,,,0.6,0.4,0.5,3*3D,1763493939879
NMEA,$PSSGR,GSA,A,3,302,303,305,308,313,316,325,,,,,,0.6,0.4,0.5,3,1*74,1763493939879
NMEA,$GNGSA,A,3,19,20,32,36,37,,,,,,,,0.6,0.4,0.5,4*39,1763493939879
NMEA,$PSSGR,GSA,A,3,219,220,232,236,237,,,,,,,,0.6,0.4,0.5,4,5*72,1763493939879
NMEA,$GNVTG,225.6,T,212.8,M,2.4,N,4.4,K,E*35,1763493939879
NMEA,$GNDTM,W84,,0000.000000,N,00000.000000,E,0.000,W84*41,1763493939879
NMEA,$GNRMC,192540.00,A,3725.832179,N,12209.320365,W,2.4,225.6,181125,12.8,E,E,V*70,1763493939879
NMEA,$GNGNS,192540.00,3725.832179,N,12209.320365,W,EEEEEE,28,0.4,21.4,-32.6,,,V*24,1763493939879
NMEA,$GNGGA,192540.00,3725.832179,N,12209.320365,W,6,12,0.4,21.4,M,-32.6,M,,*7A,1763493939879
NMEA,$PSMSG,magcal=PASS,bluesky=0*00,1763493939884
NMEA,$GPGSV,4,1,13,03,19,173,37,04,54,099,40,06,04,258,34,07,52,279,46,1*6C,1763493940861
NMEA,$GPGSV,4,2,13,08,17,127,39,09,75,354,47,11,04,296,34,16,35,051,41,1*64,1763493940861
NMEA,$GPGSV,4,3,13,20,13,320,41,21,14,320,36,26,03,041,35,27,18,095,41,1*66,1763493940861
NMEA,$GPGSV,4,4,13,30,24,263,44,1*54,1763493940861
NMEA,$GPGSV,3,1,10,03,19,173,32,04,54,099,33,06,04,258,21,08,17,127,32,8*61,1763493940861
NMEA,$GPGSV,3,2,10,09,75,354,37,11,04,296,22,21,14,320,31,26,03,041,27,8*6B,1763493940861
NMEA,$GPGSV,3,3,10,27,18,095,35,30,24,263,35,8*6E,1763493940861
NMEA,$GLGSV,1,1,04,12,62,227,41,11,54,029,45,01,77,099,40,08,23,134,40,1*7C,1763493940861
NMEA,$GAGSV,3,1,10,02,49,173,42,03,67,071,39,05,20,107,37,08,47,315,43,7*7C,1763493940861
NMEA,$GAGSV,3,2,10,13,13,277,33,15,06,228,30,16,35,050,39,25,54,072,40,7*71,1763493940861
NMEA,$GAGSV,3,3,10,26,03,325,27,30,05,202,32,7*73,1763493940861
NMEA,$GAGSV,2,1,08,02,49,173,39,03,67,071,29,05,20,107,33,08,47,315,34,1*7B,1763493940861
NMEA,$GAGSV,2,2,08,13,13,277,24,15,06,228,17,16,35,050,32,25,54,072,36,1*76,1763493940861
NMEA,$GQGSV,1,1,01,03,02,297,22,1*59,1763493940861
NMEA,$GBGSV,2,1,07,37,49,047,42,36,17,231,28,32,16,143,38,23,01,050,23,1*78,1763493940861
NMEA,$GBGSV,2,2,07,22,03,319,32,20,72,159,42,19,54,312,44,1*4D,1763493940861
NMEA,$GBGSV,2,1,05,19,54,312,42,20,72,159,41,32,16,143,36,36,17,231,26,3*70,1763493940861
NMEA,$GBGSV,2,2,05,37,49,047,40,3*4F,1763493940861
NMEA,$GBGSV,2,1,07,19,54,312,35,20,72,159,38,22,03,319,23,23,01,050,19,5*7C,1763493940861
NMEA,$GBGSV,2,2,07,32,16,143,36,36,17,231,24,37,49,047,37,5*4B,1763493940861
NMEA,$GNGSA,A,3,03,04,07,08,09,16,20,21,27,30,,,0.6,0.4,0.5,1*37,1763493940878
NMEA,$PSSGR,GSA,A,3,03,04,08,09,21,27,30,,,,,,0.6,0.4,0.5,1,8*41,1763493940878
NMEA,$GNGSA,A,3,65,72,75,76,,,,,,,,,0.6,0.4,0.5,2*30,1763493940878
NMEA,$GNGSA,A,3,02,03,05,08,13,15,16,25,30,,,,0.6,0.4,0.5,3*3D,1763493940878
NMEA,$PSSGR,GSA,A,3,302,303,305,308,316,325,,,,,,,0.6,0.4,0.5,3,1*45,1763493940878
NMEA,$GNGSA,A,3,19,20,32,36,37,,,,,,,,0.6,0.4,0.5,4*39,1763493940878
NMEA,$PSSGR,GSA,A,3,219,220,232,236,237,,,,,,,,0.6,0.4,0.5,4,5*72,1763493940878
NMEA,$GNVTG,227.3,T,214.5,M,2.4,N,4.4,K,E*39,1763493940878
NMEA,$GNDTM,W84,,0000.000000,N,00000.000000,E,0.000,W84*41,1763493940878
NMEA,$GNRMC,192541.00,A,3725.831733,N,12209.320944,W,2.4,227.3,181125,12.8,E,E,V*74,1763493940878
NMEA,$GNGNS,192541.00,3725.831733,N,12209.320944,W,EEEEEE,28,0.4,21.4,-32.6,,,V*27,1763493940878
NMEA,$GNGGA,192541.00,3725.831733,N,12209.320944,W,6,12,0.4,21.4,M,-32.6,M,,*79,1763493940878
NMEA,$PSMSG,magcal=PASS,bluesky=0*00,1763493940884
NMEA,$GPGSV,4,1,13,03,19,173,38,04,54,099,42,06,04,258,32,07,52,279,44,1*65,1763493941861
NMEA,$GPGSV,4,2,13,08,17,127,38,09,75,354,45,11,04,296,34,16,35,051,44,1*62,1763493941861
NMEA,$GPGSV,4,3,13,20,13,320,38,21,14,320,35,26,03,041,34,27,18,095,41,1*6A,1763493941861
NMEA,$GPGSV,4,4,13,30,24,263,41,1*51,1763493941861
NMEA,$GPGSV,3,1,10,03,19,173,35,04,54,099,38,06,04,258,19,08,17,127,33,8*67,1763493941861
NMEA,$GPGSV,3,2,10,09,75,354,39,11,04,296,22,21,14,320,26,26,03,041,25,8*61,1763493941861
NMEA,$GPGSV,3,3,10,27,18,095,35,30,24,263,36,8*6D,1763493941861
NMEA,$GLGSV,1,1,04,12,62,227,44,11,54,029,45,01,77,099,38,08,23,134,38,1*79,1763493941861
NMEA,$GAGSV,3,1,10,02,49,173,44,03,67,071,40,05,20,107,38,08,47,315,43,7*7B,1763493941861
NMEA,$GAGSV,3,2,10,13,13,277,37,15,06,228,28,16,35,050,42,25,54,072,41,7*71,1763493941861
NMEA,$GAGSV,3,3,10,26,03,325,29,30,05,202,25,7*7B,1763493941861
NMEA,$GAGSV,2,1,08,02,49,173,39,03,67,071,33,05,20,107,34,08,47,315,31,1*72,1763493941861
NMEA,$GAGSV,2,2,08,13,13,277,24,15,06,228,17,16,35,050,34,25,54,072,38,1*7E,1763493941861
NMEA,$GQGSV,1,1,01,03,02,297,21,1*5A,1763493941861
NMEA,$GBGSV,2,1,07,37,49,047,41,36,17,231,33,32,16,143,34,23,01,050,25,1*7B,1763493941861
NMEA,$GBGSV,2,2,07,22,03,319,33,20,72,159,44,19,54,312,45,1*4B,1763493941861
NMEA,$GBGSV,2,1,05,19,54,312,42,20,72,159,44,32,16,143,33,36,17,231,29,3*7F,1763493941861
NMEA,$GBGSV,2,2,05,37,49,047,41,3*4E,1763493941861
NMEA,$GBGSV,2,1,07,19,54,312,31,20,72,159,38,22,03,319,24,23,01,050,21,5*74,1763493941861
NMEA,$GBGSV,2,2,07,32,16,143,31,36,17,231,24,37,49,047,39,5*42,1763493941861
NMEA,$GNGSA,A,3,03,04,07,08,09,16,20,21,27,30,,,0.6,0.4,0.5,1*37,1763493941877
NMEA,$PSSGR,GSA,A,3,03,04,08,09,21,27,30,,,,,,0.6,0.4,0.5,1,8*41,1763493941877
NMEA,$GNGSA,A,3,65,72,75,76,,,,,,,,,0.6,0.4,0.5,2*30,1763493941877
NMEA,$GNGSA,A,3,02,03,05,08,13,15,16,25,30,,,,0.6,0.4,0.5,3*3D,1763493941877
NMEA,$PSSGR,GSA,A,3,302,303,305,308,316,325,,,,,,,0.6,0.4,0.5,3,1*45,1763493941877
NMEA,$GNGSA,A,3,19,20,32,36,37,,,,,,,,0.6,0.4,0.5,4*39,1763493941877
NMEA,$PSSGR,GSA,A,3,219,220,232,236,237,,,,,,,,0.6,0.4,0.5,4,5*72,1763493941877
NMEA,$GNVTG,227.6,T,214.8,M,2.3,N,4.3,K,E*31,1763493941877
NMEA,$GNDTM,W84,,0000.000000,N,00000.000000,E,0.000,W84*41,1763493941877
NMEA,$GNRMC,192542.00,A,3725.831308,N,12209.321541,W,2.3,227.6,181125,12.8,E,E,V*71,1763493941877
NMEA,$GNGNS,192542.00,3725.831308,N,12209.321541,W,EEEEEE,28,0.4,21.5,-32.6,,,V*21,1763493941877
NMEA,$GNGGA,192542.00,3725.831308,N,12209.321541,W,6,12,0.4,21.5,M,-32.6,M,,*7F,1763493941877
NMEA,$PSMSG,magcal=PASS,bluesky=0*00,1763493941885
NMEA,$GPGSV,3,1,12,03,19,173,39,04,54,099,41,07,52,279,47,08,17,127,34,1*63,1763493942863
NMEA,$GPGSV,3,2,12,09,75,354,45,11,04,296,35,16,35,051,42,20,13,320,39,1*69,1763493942863
NMEA,$GPGSV,3,3,12,21,14,320,33,26,03,041,36,27,18,095,41,30,24,263,43,1*67,1763493942863
NMEA,$GPGSV,3,1,10,03,19,173,34,04,54,099,38,06,04,258,19,08,17,127,28,8*6C,1763493942863
NMEA,$GPGSV,3,2,10,09,75,354,40,11,04,296,23,21,14,320,28,26,03,041,24,8*61,1763493942863
NMEA,$GPGSV,3,3,10,27,18,095,36,30,24,263,32,8*6A,1763493942863
NMEA,$GLGSV,1,1,04,12,62,227,42,11,54,029,43,01,77,099,39,08,23,134,38,1*78,1763493942863
NMEA,$GAGSV,3,1,10,02,49,173,42,03,67,071,40,05,20,107,37,08,47,315,42,7*73,1763493942863
NMEA,$GAGSV,3,2,10,13,13,277,26,15,06,228,30,16,35,050,41,25,54,072,41,7*7B,1763493942863
NMEA,$GAGSV,3,3,10,26,03,325,27,30,05,202,30,7*71,1763493942863
NMEA,$GAGSV,2,1,08,02,49,173,39,03,67,071,31,05,20,107,35,08,47,315,32,1*72,1763493942863
NMEA,$GAGSV,2,2,08,13,13,277,25,15,06,228,17,16,35,050,35,25,54,072,37,1*71,1763493942863
NMEA,$GQGSV,1,1,01,03,02,297,21,1*5A,1763493942863
NMEA,$GBGSV,2,1,07,37,49,047,42,36,17,231,31,32,16,143,37,23,01,050,27,1*7B,1763493942863
NMEA,$GBGSV,2,2,07,22,03,319,29,20,72,159,43,19,54,312,44,1*46,1763493942863
NMEA,$GBGSV,2,1,05,19,54,312,42,20,72,159,44,32,16,143,36,36,17,231,29,3*7A,1763493942863
NMEA,$GBGSV,2,2,05,37,49,047,40,3*4F,1763493942863
NMEA,$GBGSV,2,1,07,19,54,312,33,20,72,159,39,22,03,319,24,23,01,050,21,5*77,1763493942863
NMEA,$GBGSV,2,2,07,32,16,143,34,36,17,231,23,37,49,047,37,5*4E,1763493942863
NMEA,$GNGSA,A,3,03,04,07,08,09,16,20,21,27,30,,,0.6,0.4,0.5,1*37,1763493942891
NMEA,$PSSGR,GSA,A,3,03,04,08,09,21,27,30,,,,,,0.6,0.4,0.5,1,8*41,1763493942891
NMEA,$GNGSA,A,3,65,72,75,76,,,,,,,,,0.6,0.4,0.5,2*30,1763493942891
NMEA,$GNGSA,A,3,02,03,05,08,13,15,16,25,30,,,,0.6,0.4,0.5,3*3D,1763493942891
NMEA,$PSSGR,GSA,A,3,302,303,305,308,313,316,325,,,,,,0.6,0.4,0.5,3,1*74,1763493942891
NMEA,$GNGSA,A,3,19,20,32,36,37,,,,,,,,0.6,0.4,0.5,4*39,1763493942891
NMEA,$PSSGR,GSA,A,3,219,220,232,236,237,,,,,,,,0.6,0.4,0.5,4,5*72,1763493942891
NMEA,$GNVTG,229.6,T,216.8,M,2.4,N,4.5,K,E*3C,1763493942891
NMEA,$GNDTM,W84,,0000.000000,N,00000.000000,E,0.000,W84*41,1763493942891
NMEA,$GNRMC,192543.00,A,3725.830875,N,12209.322232,W,2.4,229.6,181125,12.8,E,E,V*79,1763493942891
NMEA,$GNGNS,192543.00,3725.830875,N,12209.322232,W,EEEEEE,28,0.4,21.5,-32.6,,,V*20,1763493942891
NMEA,$GNGGA,192543.00,3725.830875,N,12209.322232,W,6,12,0.4,21.5,M,-32.6,M,,*7E,1763493942891
NMEA,$PSMSG,magcal=PASS,bluesky=0*00,1763493942897
NMEA,$GPGSV,3,1,12,03,19,173,40,04,54,099,42,07,52,279,47,08,17,127,38,1*62,1763493943859
NMEA,$GPGSV,3,2,12,09,75,354,45,11,04,296,35,16,35,051,39,20,13,320,39,1*65,1763493943859
NMEA,$GPGSV,3,3,12,21,14,320,35,26,03,041,35,27,18,095,39,30,24,263,44,1*6A,1763493943859
NMEA,$GPGSV,3,1,10,03,19,173,33,04,54,099,34,06,04,258,21,08,17,127,33,8*66,1763493943859
NMEA,$GPGSV,3,2,10,09,75,354,39,11,04,296,27,21,14,320,28,26,03,041,22,8*6D,1763493943859
NMEA,$GPGSV,3,3,10,27,18,095,36,30,24,263,29,8*60,1763493943859
NMEA,$GLGSV,1,1,04,12,62,227,43,11,54,029,43,01,77,099,35,08,23,134,39,1*74,1763493943859
NMEA,$GAGSV,3,1,10,02,49,173,40,03,67,071,41,05,20,107,33,08,47,315,44,7*72,1763493943859
NMEA,$GAGSV,3,2,10,13,13,277,33,15,06,228,31,16,35,050,38,25,54,072,40,7*71,1763493943859
NMEA,$GAGSV,3,3,10,26,03,325,29,30,05,202,32,7*7D,1763493943859
NMEA,$GAGSV,2,1,08,02,49,173,38,03,67,071,35,05,20,107,30,08,47,315,35,1*75,1763493943859
NMEA,$GAGSV,2,2,08,13,13,277,28,15,06,228,17,16,35,050,32,25,54,072,34,1*78,1763493943859
NMEA,$GQGSV,1,1,01,03,02,297,21,1*5A,1763493943859
NMEA,$GBGSV,2,1,07,37,49,047,43,36,17,231,31,32,16,143,36,23,01,050,26,1*7A,1763493943859
NMEA,$GBGSV,2,2,07,22,03,319,34,20,72,159,45,19,54,312,44,1*4C,1763493943859
NMEA,$GBGSV,2,1,05,19,54,312,44,20,72,159,43,32,16,143,36,36,17,231,29,3*7B,1763493943859
NMEA,$GBGSV,2,2,05,37,49,047,42,3*4D,1763493943859
NMEA,$GBGSV,2,1,07,19,54,312,38,20,72,159,35,22,03,319,24,23,01,050,21,5*70,1763493943859
NMEA,$GBGSV,2,2,07,32,16,143,33,36,17,231,23,37,49,047,33,5*4D,1763493943859
NMEA,$GNGSA,A,3,03,04,07,08,09,16,20,21,27,30,,,0.6,0.4,0.5,1*37,1763493943874
NMEA,$PSSGR,GSA,A,3,03,04,08,09,21,27,30,,,,,,0.6,0.4,0.5,1,8*41,1763493943874
NMEA,$GNGSA,A,3,65,72,75,76,,,,,,,,,0.6,0.4,0.5,2*30,1763493943874
NMEA,$GNGSA,A,3,02,03,05,08,13,15,16,25,30,,,,0.6,0.4,0.5,3*3D,1763493943874
NMEA,$PSSGR,GSA,A,3,302,303,305,308,313,316,325,,,,,,0.6,0.4,0.5,3,1*74,1763493943874
NMEA,$GNGSA,A,3,19,20,32,36,37,,,,,,,,0.6,0.4,0.5,4*39,1763493943874
NMEA,$PSSGR,GSA,A,3,219,220,232,236,237,,,,,,,,0.6,0.4,0.5,4,5*72,1763493943874
NMEA,$GNVTG,232.7,T,219.9,M,2.3,N,4.2,K,E*39,1763493943874
NMEA,$GNDTM,W84,,0000.000000,N,00000.000000,E,0.000,W84*41,1763493943874
NMEA,$GNRMC,192544.00,A,3725.830490,N,12209.322954,W,2.3,232.7,181125,12.8,E,E,V*7E,1763493943874
NMEA,$GNGNS,192544.00,3725.830490,N,12209.322954,W,EEEEEE,28,0.4,21.6,-32.6,,,V*28,1763493943874
NMEA,$GNGGA,192544.00,3725.830490,N,12209.322954,W,6,12,0.4,21.6,M,-32.6,M,,*76,1763493943874
NMEA,$PSMSG,magcal=PASS,bluesky=0*00,1763493943879
NMEA,$GPGSV,4,1,13,03,19,173,38,04,54,099,40,06,04,258,33,07,52,279,48,1*6A,1763493944860
NMEA,$GPGSV,4,2,13,08,17,127,37,09,75,354,46,11,04,296,37,16,35,051,39,1*67,1763493944860
NMEA,$GPGSV,4,3,13,20,13,320,39,21,14,320,36,26,03,041,34,27,18,095,36,1*68,1763493944860
NMEA,$GPGSV,4,4,13,30,24,263,47,1*57,1763493944860
NMEA,$GPGSV,3,1,10,03,19,173,34,04,54,099,31,06,04,258,21,08,17,127,33,8*64,1763493944860
NMEA,$GPGSV,3,2,10,09,75,354,39,11,04,296,25,21,14,320,31,26,03,041,23,8*66,1763493944860
NMEA,$GPGSV,3,3,10,27,18,095,33,30,24,263,30,8*6D,1763493944860
NMEA,$GLGSV,1,1,04,12,62,227,42,11,54,029,42,01,77,099,36,08,23,134,40,1*79,1763493944860
NMEA,$GAGSV,3,1,10,02,49,173,41,03,67,071,41,05,20,107,36,08,47,315,42,7*70,1763493944860
NMEA,$GAGSV,3,2,10,13,13,277,25,15,06,228,30,16,35,050,38,25,54,072,42,7*75,1763493944860
NMEA,$GAGSV,3,3,10,26,03,325,30,30,05,202,29,7*7F,1763493944860
NMEA,$GAGSV,2,1,08,02,49,173,38,03,67,071,36,05,20,107,31,08,47,315,32,1*70,1763493944860
NMEA,$GAGSV,2,2,08,13,13,277,22,15,06,228,16,16,35,050,31,25,54,072,32,1*76,1763493944860
NMEA,$GBGSV,2,1,07,37,49,047,43,36,17,231,31,32,16,143,36,23,01,050,25,1*79,1763493944860
NMEA,$GBGSV,2,2,07,22,03,319,32,20,72,159,46,19,54,312,45,1*48,1763493944860
NMEA,$GBGSV,2,1,05,19,54,312,43,20,72,159,44,32,16,143,36,36,17,231,30,3*73,1763493944860
NMEA,$GBGSV,2,2,05,37,49,047,42,3*4D,1763493944860
NMEA,$GBGSV,2,1,07,19,54,312,36,20,72,159,35,22,03,319,22,23,01,050,21,5*78,1763493944860
NMEA,$GBGSV,2,2,07,32,16,143,34,36,17,231,26,37,49,047,33,5*4F,1763493944860
NMEA,$GNGSA,A,3,03,04,07,08,09,16,20,21,27,30,,,0.6,0.4,0.5,1*37,1763493944880
NMEA,$PSSGR,GSA,A,3,03,04,08,09,21,27,30,,,,,,0.6,0.4,0.5,1,8*41,1763493944880
NMEA,$GNGSA,A,3,65,72,75,76,,,,,,,,,0.6,0.4,0.5,2*30,1763493944880
NMEA,$GNGSA,A,3,02,03,05,08,13,15,16,25,30,,,,0.6,0.4,0.5,3*3D,1763493944880
NMEA,$PSSGR,GSA,A,3,302,303,305,308,313,316,325,,,,,,0.6,0.4,0.5,3,1*74,1763493944880
NMEA,$GNGSA,A,3,19,20,32,36,37,,,,,,,,0.6,0.4,0.5,4*39,1763493944880
NMEA,$PSSGR,GSA,A,3,219,220,232,236,237,,,,,,,,0.6,0.4,0.5,4,5*72,1763493944880
NMEA,$GNVTG,226.7,T,213.9,M,2.3,N,4.3,K,E*37,1763493944880
NMEA,$GNDTM,W84,,0000.000000,N,00000.000000,E,0.000,W84*41,1763493944880
NMEA,$GNRMC,192545.00,A,3725.830034,N,12209.323563,W,2.3,226.7,181125,12.8,E,E,V*79,1763493944880
NMEA,$GNGNS,192545.00,3725.830034,N,12209.323563,W,EEEEEE,28,0.4,21.8,-32.6,,,V*24,1763493944880
NMEA,$GNGGA,192545.00,3725.830034,N,12209.323563,W,6,12,0.4,21.8,M,-32.6,M,,*7A,1763493944880
NMEA,$PSMSG,magcal=PASS,bluesky=0*00,1763493944892
NMEA,$GPGSV,4,1,13,03,19,173,39,04,54,099,41,06,04,258,35,07,52,279,48,1*6C,1763493945860
NMEA,$GPGSV,4,2,13,08,17,127,37,09,75,354,46,11,04,296,36,16,35,051,39,1*66,1763493945860
NMEA,$GPGSV,4,3,13,20,13,320,41,21,14,320,37,26,03,041,34,27,18,095,35,1*65,1763493945860
NMEA,$GPGSV,4,4,13,30,24,263,45,1*55,1763493945860
NMEA,$GPGSV,3,1,10,03,19,173,33,04,54,099,31,06,04,258,21,08,17,127,35,8*65,1763493945860
NMEA,$GPGSV,3,2,10,09,75,354,38,11,04,296,26,21,14,320,28,26,03,041,25,8*6A,1763493945860
NMEA,$GPGSV,3,3,10,27,18,095,32,30,24,263,24,8*69,1763493945860
NMEA,$GLGSV,1,1,04,12,62,227,39,11,54,029,43,01,77,099,37,08,23,134,39,1*7B,1763493945860
NMEA,$GAGSV,3,1,10,02,49,173,40,03,67,071,41,05,20,107,37,08,47,315,40,7*72,1763493945860
NMEA,$GAGSV,3,2,10,13,13,277,34,15,06,228,26,16,35,050,37,25,54,072,41,7*7E,1763493945860
NMEA,$GAGSV,3,3,10,26,03,325,29,30,05,202,28,7*76,1763493945860
NMEA,$GAGSV,2,1,08,02,49,173,38,03,67,071,36,05,20,107,34,08,47,315,33,1*74,1763493945860
NMEA,$GAGSV,2,2,08,13,13,277,26,15,06,228,16,16,35,050,31,25,54,072,33,1*73,1763493945860
NMEA,$GBGSV,2,1,07,37,49,047,43,36,17,231,36,32,16,143,34,23,01,050,25,1*7C,1763493945860
NMEA,$GBGSV,2,2,07,22,03,319,28,20,72,159,46,19,54,312,48,1*4E,1763493945860
NMEA,$GBGSV,2,1,05,19,54,312,45,20,72,159,43,32,16,143,35,36,17,231,35,3*74,1763493945860
NMEA,$GBGSV,2,2,05,37,49,047,41,3*4E,1763493945860
NMEA,$GBGSV,2,1,07,19,54,312,36,20,72,159,34,22,03,319,22,23,01,050,16,5*7D,1763493945860
NMEA,$GBGSV,2,2,07,32,16,143,36,36,17,231,27,37,49,047,31,5*4E,1763493945860
NMEA,$GNGSA,A,3,03,04,07,08,09,16,20,21,27,30,,,0.6,0.4,0.5,1*37,1763493945879
NMEA,$PSSGR,GSA,A,3,03,04,08,09,21,27,30,,,,,,0.6,0.4,0.5,1,8*41,1763493945879
NMEA,$GNGSA,A,3,65,72,75,76,,,,,,,,,0.6,0.4,0.5,2*30,1763493945879
NMEA,$GNGSA,A,3,02,03,05,08,13,15,16,25,30,,,,0.6,0.4,0.5,3*3D,1763493945879
NMEA,$PSSGR,GSA,A,3,302,303,305,308,313,316,325,,,,,,0.6,0.4,0.5,3,1*74,1763493945879
NMEA,$GNGSA,A,3,19,20,32,36,37,,,,,,,,0.6,0.4,0.5,4*39,1763493945879
NMEA,$PSSGR,GSA,A,3,219,220,232,236,237,,,,,,,,0.6,0.4,0.5,4,5*72,1763493945879
NMEA,$GNVTG,225.0,T,212.2,M,2.3,N,4.2,K,E*38,1763493945879
NMEA,$GNDTM,W84,,0000.000000,N,00000.000000,E,0.000,W84*41,1763493945879
NMEA,$GNRMC,192546.00,A,3725.829581,N,12209.324124,W,2.3,225.0,181125,12.8,E,E,V*7D,1763493945879
NMEA,$GNGNS,192546.00,3725.829581,N,12209.324124,W,EEEEEE,28,0.4,21.7,-32.6,,,V*2B,1763493945879
NMEA,$GNGGA,192546.00,3725.829581,N,12209.324124,W,6,12,0.4,21.7,M,-32.6,M,,*75,1763493945879
NMEA,$PSMSG,magcal=PASS,bluesky=0*00,1763493945885
NMEA,$GPGSV,4,1,13,03,19,173,34,04,54,099,41,06,04,258,35,07,52,279,47,1*6E,1763493946861
NMEA,$GPGSV,4,2,13,08,17,127,37,09,75,354,43,11,04,296,33,16,35,051,35,1*6A,1763493946861
NMEA,$GPGSV,4,3,13,20,13,320,42,21,14,320,39,26,03,041,33,27,18,095,40,1*6D,1763493946861
NMEA,$GPGSV,4,4,13,30,24,263,46,1*56,1763493946861
NMEA,$GPGSV,3,1,10,03,19,173,34,04,54,099,34,06,04,258,18,08,17,127,36,8*6E,1763493946861
NMEA,$GPGSV,3,2,10,09,75,354,39,11,04,296,25,21,14,320,28,26,03,041,26,8*6B,1763493946861
NMEA,$GPGSV,3,3,10,27,18,095,37,30,24,263,34,8*6D,1763493946861
NMEA,$GLGSV,1,1,04,12,62,227,43,11,54,029,42,01,77,099,35,08,23,134,38,1*74,1763493946861
NMEA,$GAGSV,3,1,10,02,49,173,39,03,67,071,40,05,20,107,37,08,47,315,39,7*73,1763493946861
NMEA,$GAGSV,3,2,10,13,13,277,36,15,06,228,29,16,35,050,33,25,54,072,41,7*77,1763493946861
NMEA,$GAGSV,3,3,10,26,03,325,28,30,05,202,28,7*77,1763493946861
NMEA,$GAGSV,2,1,08,02,49,173,39,03,67,071,36,05,20,107,33,08,47,315,35,1*74,1763493946861
NMEA,$GAGSV,2,2,08,13,13,277,25,15,06,228,23,16,35,050,34,25,54,072,30,1*70,1763493946861
NMEA,$GBGSV,2,1,06,37,49,047,44,36,17,231,35,32,16,143,35,22,03,319,34,1*75,1763493946861
NMEA,$GBGSV,2,2,06,20,72,159,46,19,54,312,47,1*72,1763493946861
NMEA,$GBGSV,2,1,05,19,54,312,47,20,72,159,43,32,16,143,34,36,17,231,35,3*77,1763493946861
NMEA,$GBGSV,2,2,05,37,49,047,42,3*4D,1763493946861
NMEA,$GBGSV,2,1,07,19,54,312,37,20,72,159,36,22,03,319,19,23,01,050,16,5*76,1763493946861
NMEA,$GBGSV,2,2,07,32,16,143,35,36,17,231,22,37,49,047,28,5*40,1763493946861
NMEA,$GNGSA,A,3,03,04,07,08,09,16,20,21,27,30,,,0.6,0.4,0.5,1*37,1763493946878
NMEA,$PSSGR,GSA,A,3,03,04,08,09,21,27,30,,,,,,0.6,0.4,0.5,1,8*41,1763493946878
NMEA,$GNGSA,A,3,65,72,75,76,,,,,,,,,0.6,0.4,0.5,2*30,1763493946878
NMEA,$GNGSA,A,3,02,03,05,08,13,15,16,25,30,,,,0.6,0.4,0.5,3*3D,1763493946878
NMEA,$PSSGR,GSA,A,3,302,303,305,308,313,316,325,,,,,,0.6,0.4,0.5,3,1*74,1763493946878
NMEA,$GNGSA,A,3,19,20,32,36,37,,,,,,,,0.6,0.4,0.5,4*39,1763493946878
NMEA,$PSSGR,GSA,A,3,219,220,232,236,237,,,,,,,,0.6,0.4,0.5,4,5*72,1763493946878
NMEA,$GNVTG,231.2,T,218.4,M,2.3,N,4.2,K,E*33,1763493946878
NMEA,$GNDTM,W84,,0000.000000,N,00000.000000,E,0.000,W84*41,1763493946878
NMEA,$GNRMC,192547.00,A,3725.829194,N,12209.324723,W,2.3,231.2,181125,12.8,E,E,V*7A,1763493946878
NMEA,$GNGNS,192547.00,3725.829194,N,12209.324723,W,EEEEEE,28,0.4,21.7,-32.6,,,V*2B,1763493946878
NMEA,$GNGGA,192547.00,3725.829194,N,12209.324723,W,6,12,0.4,21.7,M,-32.6,M,,*75,1763493946878
NMEA,$PSMSG,magcal=PASS,bluesky=0*00,1763493946887
NMEA,$GPGSV,3,1,12,04,54,099,40,06,04,258,30,07,52,279,48,08,17,127,36,1*65,1763493947862
NMEA,$GPGSV,3,2,12,09,75,354,45,11,04,296,33,16,35,051,38,20,13,320,43,1*6F,1763493947862
NMEA,$GPGSV,3,3,12,21,14,320,39,26,03,041,31,27,18,095,40,30,24,263,46,1*6E,1763493947862
NMEA,$GPGSV,3,1,10,03,19,173,32,04,54,099,34,06,04,258,23,08,17,127,36,8*60,1763493947862
NMEA,$GPGSV,3,2,10,09,75,354,38,11,04,296,23,21,14,320,28,26,03,041,27,8*6D,1763493947862
NMEA,$GPGSV,3,3,10,27,18,095,35,30,24,263,31,8*6A,1763493947862
NMEA,$GLGSV,1,1,04,12,62,227,41,11,54,029,42,01,77,099,37,08,23,134,37,1*7B,1763493947862
NMEA,$GAGSV,3,1,10,02,49,173,42,03,67,071,40,05,20,107,37,08,47,315,41,7*70,1763493947862
NMEA,$GAGSV,3,2,10,13,13,277,34,15,06,228,26,16,35,050,37,25,54,072,38,7*70,1763493947862
NMEA,$GAGSV,3,3,10,26,03,325,28,30,05,202,25,7*7A,1763493947862
NMEA,$GAGSV,2,1,08,02,49,173,38,03,67,071,35,05,20,107,33,08,47,315,37,1*74,1763493947862
NMEA,$GAGSV,2,2,08,13,13,277,32,15,06,228,23,16,35,050,33,25,54,072,29,1*79,1763493947862
NMEA,$GBGSV,2,1,06,37,49,047,44,36,17,231,35,32,16,143,33,22,03,319,34,1*73,1763493947862
NMEA,$GBGSV,2,2,06,20,72,159,45,19,54,312,47,1*71,1763493947862
NMEA,$GBGSV,2,1,05,19,54,312,47,20,72,159,41,32,16,143,33,36,17,231,33,3*74,1763493947862
NMEA,$GBGSV,2,2,05,37,49,047,41,3*4E,1763493947862
NMEA,$GBGSV,2,1,07,19,54,312,40,20,72,159,37,22,03,319,19,23,01,050,20,5*72,1763493947862
NMEA,$GBGSV,2,2,07,32,16,143,37,36,17,231,23,37,49,047,29,5*42,1763493947862
NMEA,$GNGSA,A,3,03,04,07,08,09,16,20,21,27,30,,,0.6,0.4,0.5,1*37,1763493947884
NMEA,$PSSGR,GSA,A,3,03,04,08,09,21,27,30,,,,,,0.6,0.4,0.5,1,8*41,1763493947884
NMEA,$GNGSA,A,3,65,72,75,76,,,,,,,,,0.6,0.4,0.5,2*30,1763493947884
NMEA,$GNGSA,A,3,02,03,05,08,13,15,16,25,30,,,,0.6,0.4,0.5,3*3D,1763493947884
NMEA,$PSSGR,GSA,A,3,302,303,305,308,313,316,325,,,,,,0.6,0.4,0.5,3,1*74,1763493947884
NMEA,$GNGSA,A,3,19,20,32,36,37,,,,,,,,0.6,0.4,0.5,4*39,1763493947884
NMEA,$PSSGR,GSA,A,3,219,220,232,236,237,,,,,,,,0.6,0.4,0.5,4,5*72,1763493947884
NMEA,$GNVTG,227.5,T,214.7,M,2.3,N,4.2,K,E*3C,1763493947884
NMEA,$GNDTM,W84,,0000.000000,N,00000.000000,E,0.000,W84*41,1763493947884
NMEA,$GNRMC,192548.00,A,3725.828793,N,12209.325315,W,2.3,227.5,181125,12.8,E,E,V*75,1763493947884
NMEA,$GNGNS,192548.00,3725.828793,N,12209.325315,W,EEEEEE,28,0.4,21.6,-32.6,,,V*25,1763493947884
NMEA,$GNGGA,192548.00,3725.828793,N,12209.325315,W,6,12,0.4,21.6,M,-32.6,M,,*7B,1763493947884
NMEA,$PSMSG,magcal=PASS,bluesky=0*00,1763493947889
NMEA,$GPGSV,3,1,11,04,54,099,41,07,52,279,46,08,17,127,37,09,75,354,46,1*6D,1763493948861
NMEA,$GPGSV,3,2,11,11,04,296,36,16,35,051,38,20,13,320,41,21,14,320,42,1*62,1763493948861
NMEA,$GPGSV,3,3,11,26,03,041,32,27,18,095,40,30,24,263,42,1*57,1763493948861
NMEA,$GPGSV,3,1,10,03,19,173,31,04,54,099,34,06,04,258,23,08,17,127,36,8*63,1763493948861
NMEA,$GPGSV,3,2,10,09,75,354,38,11,04,296,23,21,14,320,31,26,03,041,27,8*65,1763493948861
NMEA,$GPGSV,3,3,10,27,18,095,33,30,24,263,31,8*6C,1763493948861
NMEA,$GLGSV,1,1,04,12,62,227,40,11,54,029,40,01,77,099,37,08,23,134,39,1*76,1763493948861
NMEA,$GAGSV,3,1,10,02,49,173,40,03,67,071,39,05,20,107,36,08,47,315,40,7*7C,1763493948861
NMEA,$GAGSV,3,2,10,13,13,277,33,15,06,228,26,16,35,050,37,25,54,072,40,7*78,1763493948861
NMEA,$GAGSV,3,3,10,26,03,325,31,30,05,202,28,7*7F,1763493948861
NMEA,$GAGSV,2,1,08,02,49,173,38,03,67,071,35,05,20,107,33,08,47,315,34,1*77,1763493948861
NMEA,$GAGSV,2,2,08,13,13,277,29,15,06,228,23,16,35,050,34,25,54,072,32,1*7E,1763493948861
NMEA,$GBGSV,2,1,07,37,49,047,43,36,17,231,30,32,16,143,34,23,01,050,27,1*78,1763493948861
NMEA,$GBGSV,2,2,07,22,03,319,31,20,72,159,45,19,54,312,46,1*4B,1763493948861
NMEA,$GBGSV,2,1,05,19,54,312,46,20,72,159,42,32,16,143,34,36,17,231,26,3*75,1763493948861
NMEA,$GBGSV,2,2,05,37,49,047,40,3*4F,1763493948861
NMEA,$GBGSV,2,1,07,19,54,312,39,20,72,159,36,22,03,319,20,23,01,050,20,5*77,1763493948861
NMEA,$GBGSV,2,2,07,32,16,143,36,36,17,231,22,37,49,047,29,5*42,1763493948861
NMEA,$GNGSA,A,3,03,04,07,08,09,16,20,21,27,30,,,0.6,0.4,0.5,1*37,1763493948880
NMEA,$PSSGR,GSA,A,3,03,04,08,09,21,27,30,,,,,,0.6,0.4,0.5,1,8*41,1763493948880
NMEA,$GNGSA,A,3,65,72,75,76,,,,,,,,,0.6,0.4,0.5,2*30,1763493948880
NMEA,$GNGSA,A,3,02,03,05,08,13,15,16,25,30,,,,0.6,0.4,0.5,3*3D,1763493948880
NMEA,$PSSGR,GSA,A,3,302,303,305,308,313,316,325,,,,,,0.6,0.4,0.5,3,1*74,1763493948880
NMEA,$GNGSA,A,3,19,20,32,36,37,,,,,,,,0.6,0.4,0.5,4*39,1763493948880
NMEA,$PSSGR,GSA,A,3,219,220,232,236,237,,,,,,,,0.6,0.4,0.5,4,5*72,1763493948880
NMEA,$GNVTG,226.4,T,213.6,M,2.3,N,4.3,K,E*3B,1763493948880
NMEA,$GNDTM,W84,,0000.000000,N,00000.000000,E,0.000,W84*41,1763493948880
NMEA,$GNRMC,192549.00,A,3725.828315,N,12209.325936,W,2.3,226.4,181125,12.8,E,E,V*75,1763493948880
NMEA,$GNGNS,192549.00,3725.828315,N,12209.325936,W,EEEEEE,28,0.4,21.5,-32.6,,,V*26,1763493948880
NMEA,$GNGGA,192549.00,3725.828315,N,12209.325936,W,6,12,0.4,21.5,M,-32.6,M,,*78,1763493948880
NMEA,$PSMSG,magcal=PASS,bluesky=0*00,1763493948884
NMEA,$GPGSV,3,1,12,03,19,173,32,04,54,099,42,07,52,279,44,08,17,127,37,1*6B,1763493949863
NMEA,$GPGSV,3,2,12,09,75,354,43,11,04,296,32,16,35,051,37,20,13,320,42,1*66,1763493949863
NMEA,$GPGSV,3,3,12,21,14,320,39,26,03,041,31,27,18,095,39,30,24,263,41,1*67,1763493949863
NMEA,$GPGSV,3,1,10,03,19,173,29,04,54,099,33,06,04,258,23,08,17,127,35,8*6E,1763493949863
NMEA,$GPGSV,3,2,10,09,75,354,37,11,04,296,22,21,14,320,33,26,03,041,24,8*6A,1763493949863
NMEA,$GPGSV,3,3,10,27,18,095,34,30,24,263,24,8*6F,1763493949863
NMEA,$GLGSV,1,1,04,12,62,227,36,11,54,029,38,01,77,099,37,08,23,134,37,1*76,1763493949863
NMEA,$GAGSV,3,1,10,02,49,173,41,03,67,071,41,05,20,107,37,08,47,315,38,7*7C,1763493949863
NMEA,$GAGSV,3,2,10,13,13,277,34,15,06,228,29,16,35,050,34,25,54,072,40,7*73,1763493949863
NMEA,$GAGSV,3,3,10,26,03,325,30,30,05,202,31,7*76,1763493949863
NMEA,$GAGSV,2,1,08,02,49,173,37,03,67,071,35,05,20,107,33,08,47,315,33,1*7F,1763493949863
NMEA,$GAGSV,2,2,08,13,13,277,26,15,06,228,23,16,35,050,33,25,54,072,30,1*74,1763493949863
NMEA,$GBGSV,2,1,07,37,49,047,44,36,17,231,35,32,16,143,32,23,01,050,27,1*7C,1763493949863
NMEA,$GBGSV,2,2,07,22,03,319,32,20,72,159,45,19,54,312,48,1*46,1763493949863
NMEA,$GBGSV,2,1,05,19,54,312,47,20,72,159,43,32,16,143,33,36,17,231,33,3*76,1763493949863
NMEA,$GBGSV,2,2,05,37,49,047,42,3*4D,1763493949863
NMEA,$GBGSV,2,1,07,19,54,312,39,20,72,159,33,22,03,319,20,23,01,050,20,5*72,1763493949863
NMEA,$GBGSV,2,2,07,32,16,143,34,36,17,231,25,37,49,047,31,5*4E,1763493949863
NMEA,$GNGSA,A,3,03,04,07,08,09,16,20,21,27,30,,,0.6,0.4,0.5,1*37,1763493949878
NMEA,$PSSGR,GSA,A,3,03,04,08,09,21,27,30,,,,,,0.6,0.4,0.5,1,8*41,1763493949878
NMEA,$GNGSA,A,3,65,72,75,76,,,,,,,,,0.6,0.4,0.5,2*30,1763493949878
NMEA,$GNGSA,A,3,02,03,05,08,13,15,16,25,30,,,,0.6,0.4,0.5,3*3D,1763493949878
NMEA,$PSSGR,GSA,A,3,302,303,305,308,313,316,325,,,,,,0.6,0.4,0.5,3,1*74,1763493949878
NMEA,$GNGSA,A,3,19,20,32,36,37,,,,,,,,0.6,0.4,0.5,4*39,1763493949878
NMEA,$PSSGR,GSA,A,3,219,220,232,236,237,,,,,,,,0.6,0.4,0.5,4,5*72,1763493949878
NMEA,$GNVTG,225.9,T,213.1,M,2.2,N,4.1,K,E*31,1763493949878
NMEA,$GNDTM,W84,,0000.000000,N,00000.000000,E,0.000,W84*41,1763493949878
NMEA,$GNRMC,192550.00,A,3725.827864,N,12209.326509,W,2.2,225.9,181125,12.8,E,E,V*73,1763493949878
NMEA,$GNGNS,192550.00,3725.827864,N,12209.326509,W,EEEEEE,28,0.4,21.4,-32.6,,,V*2E,1763493949878
NMEA,$GNGGA,192550.00,3725.827864,N,12209.326509,W,6,12,0.4,21.4,M,-32.6,M,,*70,1763493949878
NMEA,$PSMSG,magcal=PASS,bluesky=0*00,1763493949883
NMEA,$GPGSV,3,1,12,03,19,173,38,04,54,099,42,07,52,279,42,08,17,127,39,1*69,1763493950862
NMEA,$GPGSV,3,2,12,09,75,354,45,11,04,296,37,16,35,051,37,20,13,320,43,1*64,1763493950862
NMEA,$GPGSV,3,3,12,21,14,320,40,26,03,041,31,27,18,095,40,30,24,263,40,1*66,1763493950862
NMEA,$GPGSV,3,1,10,03,19,173,30,04,54,099,34,06,04,258,23,08,17,127,35,8*61,1763493950862
NMEA,$GPGSV,3,2,10,09,75,354,38,11,04,296,23,21,14,320,27,26,03,041,24,8*61,1763493950862
NMEA,$GPGSV,3,3,10,27,18,095,35,30,24,263,31,8*6A,1763493950862
NMEA,$GLGSV,1,1,04,12,62,227,33,11,54,029,41,01,77,099,37,08,23,134,38,1*72,1763493950862
NMEA,$GAGSV,3,1,10,02,49,173,43,03,67,071,41,05,20,107,38,08,47,315,43,7*7D,1763493950862
NMEA,$GAGSV,3,2,10,13,13,277,37,15,06,228,27,16,35,050,36,25,54,072,40,7*7C,1763493950862
NMEA,$GAGSV,3,3,10,26,03,325,33,30,05,202,24,7*71,1763493950862
NMEA,$GAGSV,2,1,08,02,49,173,38,03,67,071,35,05,20,107,34,08,47,315,39,1*7D,1763493950862
NMEA,$GAGSV,2,2,08,13,13,277,28,15,06,228,18,16,35,050,34,25,54,072,31,1*74,1763493950862
NMEA,$GBGSV,2,1,06,37,49,047,44,36,17,231,35,32,16,143,34,22,03,319,34,1*74,1763493950862
NMEA,$GBGSV,2,2,06,20,72,159,44,19,54,312,48,1*7F,1763493950862
NMEA,$GBGSV,2,1,05,19,54,312,46,20,72,159,42,32,16,143,34,36,17,231,35,3*77,1763493950862
NMEA,$GBGSV,2,2,05,37,49,047,43,3*4C,1763493950862
NMEA,$GBGSV,2,1,07,19,54,312,37,20,72,159,34,22,03,319,20,23,01,050,20,5*7B,1763493950862
NMEA,$GBGSV,2,2,07,32,16,143,34,36,17,231,23,37,49,047,31,5*48,1763493950862
NMEA,$GNGSA,A,3,03,04,07,08,09,16,20,21,27,30,,,0.6,0.4,0.5,1*37,1763493950878
NMEA,$PSSGR,GSA,A,3,03,04,08,09,21,27,30,,,,,,0.6,0.4,0.5,1,8*41,1763493950878
NMEA,$GNGSA,A,3,65,72,75,76,,,,,,,,,0.6,0.4,0.5,2*30,1763493950878
NMEA,$GNGSA,A,3,02,03,05,08,13,15,16,25,30,,,,0.6,0.4,0.5,3*3D,1763493950878
NMEA,$PSSGR,GSA,A,3,302,303,305,308,313,316,325,,,,,,0.6,0.4,0.5,3,1*74,1763493950878
NMEA,$GNGSA,A,3,19,20,32,36,37,,,,,,,,0.6,0.4,0.5,4*39,1763493950878
NMEA,$PSSGR,GSA,A,3,219,220,232,236,237,,,,,,,,0.6,0.4,0.5,4,5*72,1763493950878
NMEA,$GNVTG,225.0,T,212.2,M,2.1,N,3.9,K,E*36,1763493950878
NMEA,$GNDTM,W84,,0000.000000,N,00000.000000,E,0.000,W84*41,1763493950878
NMEA,$GNRMC,192551.00,A,3725.827451,N,12209.327061,W,2.1,225.0,181125,12.8,E,E,V*78,1763493950878
NMEA,$GNGNS,192551.00,3725.827451,N,12209.327061,W,EEEEEE,28,0.4,21.3,-32.6,,,V*28,1763493950878
NMEA,$GNGGA,192551.00,3725.827451,N,12209.327061,W,6,12,0.4,21.3,M,-32.6,M,,*76,1763493950878
NMEA,$PSMSG,magcal=PASS,bluesky=0*00,1763493950885
NMEA,$GPGSV,3,1,12,03,19,173,33,04,54,099,42,07,52,279,41,08,17,127,37,1*6F,1763493951862
NMEA,$GPGSV,3,2,12,09,75,354,44,11,04,296,33,16,35,051,38,20,13,320,43,1*6E,1763493951862
NMEA,$GPGSV,3,3,12,21,14,320,41,26,03,041,32,27,18,095,39,30,24,263,34,1*69,1763493951862
NMEA,$GPGSV,3,1,10,03,19,173,32,04,54,099,34,06,04,258,23,08,17,127,34,8*62,1763493951862
NMEA,$GPGSV,3,2,10,09,75,354,34,11,04,296,23,21,14,320,29,26,03,041,24,8*63,1763493951862
NMEA,$GPGSV,3,3,10,27,18,095,35,30,24,263,31,8*6A,1763493951862
NMEA,$GLGSV,1,1,04,12,62,227,35,11,54,029,41,01,77,099,36,08,23,134,36,1*7B,1763493951862
NMEA,$GAGSV,3,1,10,02,49,173,42,03,67,071,42,05,20,107,37,08,47,315,41,7*72,1763493951862
NMEA,$GAGSV,3,2,10,13,13,277,36,15,06,228,29,16,35,050,36,25,54,072,41,7*72,1763493951862
NMEA,$GAGSV,3,3,10,26,03,325,31,30,05,202,23,7*74,1763493951862
NMEA,$GAGSV,2,1,08,02,49,173,36,03,67,071,36,05,20,107,33,08,47,315,37,1*79,1763493951862
NMEA,$GAGSV,2,2,08,13,13,277,27,15,06,228,18,16,35,050,33,25,54,072,30,1*7D,1763493951862
NMEA,$GBGSV,2,1,06,37,49,047,44,36,17,231,34,32,16,143,34,22,03,319,36,1*77,1763493951862
NMEA,$GBGSV,2,2,06,20,72,159,42,19,54,312,47,1*76,1763493951862
NMEA,$GBGSV,2,1,05,19,54,312,45,20,72,159,41,32,16,143,30,36,17,231,33,3*75,1763493951862
NMEA,$GBGSV,2,2,05,37,49,047,42,3*4D,1763493951862
NMEA,$GBGSV,2,1,07,19,54,312,39,20,72,159,35,22,03,319,19,23,01,050,20,5*7E,1763493951862
NMEA,$GBGSV,2,2,07,32,16,143,31,36,17,231,23,37,49,047,31,5*4D,1763493951862
NMEA,$GNGSA,A,3,03,04,07,08,09,16,20,21,27,30,,,0.6,0.4,0.5,1*37,1763493951883
NMEA,$PSSGR,GSA,A,3,03,04,08,09,21,27,30,,,,,,0.6,0.4,0.5,1,8*41,1763493951883
NMEA,$GNGSA,A,3,65,72,75,76,,,,,,,,,0.6,0.4,0.5,2*30,1763493951883
NMEA,$GNGSA,A,3,02,03,05,08,13,15,16,25,30,,,,0.6,0.4,0.5,3*3D,1763493951883
NMEA,$PSSGR,GSA,A,3,302,303,305,308,313,316,325,,,,,,0.6,0.4,0.5,3,1*74,1763493951883
NMEA,$GNGSA,A,3,19,20,32,36,37,,,,,,,,0.6,0.4,0.5,4*39,1763493951883
NMEA,$PSSGR,GSA,A,3,219,220,232,236,237,,,,,,,,0.6,0.4,0.5,4,5*72,1763493951883
NMEA,$GNVTG,224.2,T,211.4,M,1.9,N,3.6,K,E*34,1763493951883
NMEA,$GNDTM,W84,,0000.000000,N,00000.000000,E,0.000,W84*41,1763493951883
NMEA,$GNRMC,192552.00,A,3725.827058,N,12209.327584,W,1.9,224.2,181125,12.8,E,E,V*70,1763493951883
NMEA,$GNGNS,192552.00,3725.827058,N,12209.327584,W,EEEEEE,28,0.4,21.3,-32.6,,,V*28,1763493951883
NMEA,$GNGGA,192552.00,3725.827058,N,12209.327584,W,6,12,0.4,21.3,M,-32.6,M,,*76,1763493951883
NMEA,$PSMSG,magcal=PASS,bluesky=0*00,1763493951886
NMEA,$GPGSV,3,1,12,03,19,173,33,04,54,099,42,07,52,279,36,08,17,127,34,1*6C,1763493952864
NMEA,$GPGSV,3,2,12,09,75,354,38,11,04,296,35,16,35,051,41,20,13,320,42,1*6C,1763493952864
NMEA,$GPGSV,3,3,12,21,14,320,41,26,03,041,30,27,18,095,40,30,24,263,39,1*68,1763493952864
NMEA,$GPGSV,3,1,10,03,19,173,31,04,54,099,34,06,04,258,23,08,17,127,33,8*66,1763493952864
NMEA,$GPGSV,3,2,10,09,75,354,38,11,04,296,21,21,14,320,36,26,03,041,23,8*64,1763493952864
NMEA,$GPGSV,3,3,10,27,18,095,36,30,24,263,31,8*69,1763493952864
NMEA,$GLGSV,1,1,04,12,62,227,34,11,54,029,44,01,77,099,38,08,23,134,39,1*7E,1763493952864
NMEA,$GAGSV,3,1,10,02,49,173,40,03,67,071,42,05,20,107,39,08,47,315,41,7*7E,1763493952864
NMEA,$GAGSV,3,2,10,13,13,277,38,15,06,228,28,16,35,050,38,25,54,072,43,7*71,1763493952864
NMEA,$GAGSV,3,3,10,26,03,325,32,30,05,202,27,7*73,1763493952864
NMEA,$GAGSV,2,1,08,02,49,173,36,03,67,071,35,05,20,107,34,08,47,315,34,1*7E,1763493952864
NMEA,$GAGSV,2,2,08,13,13,277,29,15,06,228,19,16,35,050,32,25,54,072,31,1*72,1763493952864
NMEA,$GBGSV,2,1,06,37,49,047,43,36,17,231,35,32,16,143,36,22,03,319,39,1*7C,1763493952864
NMEA,$GBGSV,2,2,06,20,72,159,42,19,54,312,44,1*75,1763493952864
NMEA,$GBGSV,2,1,05,19,54,312,43,20,72,159,39,32,16,143,34,36,17,231,33,3*78,1763493952864
NMEA,$GBGSV,2,2,05,37,49,047,42,3*4D,1763493952864
NMEA,$GBGSV,2,1,07,19,54,312,39,20,72,159,36,22,03,319,21,23,01,050,20,5*76,1763493952864
NMEA,$GBGSV,2,2,07,32,16,143,29,36,17,231,19,37,49,047,32,5*4E,1763493952864
NMEA,$GNGSA,A,3,03,04,07,08,09,16,20,21,27,30,,,0.6,0.4,0.5,1*37,1763493952881
NMEA,$PSSGR,GSA,A,3,03,04,08,09,21,27,30,,,,,,0.6,0.4,0.5,1,8*41,1763493952881
NMEA,$GNGSA,A,3,65,72,75,76,,,,,,,,,0.6,0.4,0.5,2*30,1763493952881
NMEA,$GNGSA,A,3,02,03,05,08,13,15,16,25,30,,,,0.6,0.4,0.5,3*3D,1763493952881
NMEA,$PSSGR,GSA,A,3,302,303,305,308,313,316,325,,,,,,0.6,0.4,0.5,3,1*74,1763493952881
NMEA,$GNGSA,A,3,19,20,32,36,37,,,,,,,,0.6,0.4,0.5,4*39,1763493952881
NMEA,$PSSGR,GSA,A,3,219,220,232,236,237,,,,,,,,0.6,0.4,0.5,4,5*72,1763493952881
NMEA,$GNVTG,224.2,T,211.4,M,1.0,N,1.8,K,E*31,1763493952881
NMEA,$GNDTM,W84,,0000.000000,N,00000.000000,E,0.000,W84*41,1763493952881
NMEA,$GNRMC,192553.00,A,3725.826912,N,12209.327914,W,1.0,224.2,181125,12.8,E,E,V*7B,1763493952881
NMEA,$GNGNS,192553.00,3725.826912,N,12209.327914,W,EEEEEE,28,0.4,21.3,-32.6,,,V*2A,1763493952881
NMEA,$GNGGA,192553.00,3725.826912,N,12209.327914,W,6,12,0.4,21.3,M,-32.6,M,,*74,1763493952881
NMEA,$PSMSG,magcal=PASS,bluesky=0*00,1763493952886
NMEA,$GPGSV,3,1,12,03,19,173,38,04,54,099,35,07,52,279,39,08,17,127,33,1*6F,1763493953864
NMEA,$GPGSV,3,2,12,09,75,354,39,11,04,296,29,16,35,051,39,20,13,320,40,1*6D,1763493953864
NMEA,$GPGSV,3,3,12,21,14,320,40,26,03,041,30,27,18,095,41,30,24,263,35,1*64,1763493953864
NMEA,$GPGSV,3,1,10,03,19,173,36,04,54,099,36,06,04,258,23,08,17,127,30,8*60,1763493953864
NMEA,$GPGSV,3,2,10,09,75,354,36,11,04,296,28,21,14,320,37,26,03,041,23,8*62,1763493953864
NMEA,$GPGSV,3,3,10,27,18,095,33,30,24,263,28,8*64,1763493953864
NMEA,$GLGSV,1,1,04,12,62,227,31,11,54,029,45,01,77,099,36,08,23,134,35,1*78,1763493953864
NMEA,$GAGSV,3,1,10,02,49,173,39,03,67,071,39,05,20,107,37,08,47,315,44,7*77,1763493953864
NMEA,$GAGSV,3,2,10,13,13,277,37,15,06,228,21,16,35,050,35,25,54,072,46,7*7F,1763493953864
NMEA,$GAGSV,3,3,10,26,03,325,34,30,05,202,24,7*76,1763493953864
NMEA,$GAGSV,2,1,08,02,49,173,37,03,67,071,37,05,20,107,33,08,47,315,38,1*76,1763493953864
NMEA,$GAGSV,2,2,08,13,13,277,32,15,06,228,19,16,35,050,33,25,54,072,31,1*79,1763493953864
NMEA,$GBGSV,2,1,06,37,49,047,44,36,17,231,35,32,16,143,39,22,03,319,41,1*7B,1763493953864
NMEA,$GBGSV,2,2,06,20,72,159,42,19,54,312,38,1*7E,1763493953864
NMEA,$GBGSV,2,1,05,19,54,312,40,20,72,159,41,32,16,143,40,36,17,231,23,3*76,1763493953864
NMEA,$GBGSV,2,2,05,37,49,047,39,3*41,1763493953864
NMEA,$GBGSV,2,1,07,19,54,312,39,20,72,159,30,22,03,319,21,23,01,050,20,5*70,1763493953864
NMEA,$GBGSV,2,2,07,32,16,143,33,36,17,231,22,37,49,047,37,5*48,1763493953864
NMEA,$GNGSA,A,3,03,04,07,08,09,16,20,21,27,30,,,0.6,0.4,0.5,1*37,1763493953883
NMEA,$PSSGR,GSA,A,3,03,04,08,09,21,27,30,,,,,,0.6,0.4,0.5,1,8*41,1763493953883
NMEA,$GNGSA,A,3,65,72,75,76,,,,,,,,,0.6,0.4,0.5,2*30,1763493953883
NMEA,$GNGSA,A,3,02,03,05,08,13,15,16,25,30,,,,0.6,0.4,0.5,3*3D,1763493953883
NMEA,$PSSGR,GSA,A,3,302,303,305,308,313,316,325,,,,,,0.6,0.4,0.5,3,1*74,1763493953883
NMEA,$GNGSA,A,3,19,20,32,36,37,,,,,,,,0.6,0.4,0.5,4*39,1763493953883
NMEA,$PSSGR,GSA,A,3,219,220,232,236,237,,,,,,,,0.6,0.4,0.5,4,5*72,1763493953883
NMEA,$GNVTG,232.2,T,219.4,M,2.1,N,4.0,K,E*31,1763493953883
NMEA,$GNDTM,W84,,0000.000000,N,00000.000000,E,0.000,W84*41,1763493953883
NMEA,$GNRMC,192554.00,A,3725.826651,N,12209.328631,W,2.1,232.2,181125,12.8,E,E,V*76,1763493953883
NMEA,$GNGNS,192554.00,3725.826651,N,12209.328631,W,EEEEEE,28,0.4,21.8,-32.6,,,V*29,1763493953883
NMEA,$GNGGA,192554.00,3725.826651,N,12209.328631,W,6,12,0.4,21.8,M,-32.6,M,,*77,1763493953883
NMEA,$PSMSG,magcal=PASS,bluesky=0*00,1763493953891
NMEA,$GPGSV,3,1,12,03,19,173,36,04,54,099,38,07,52,279,38,08,17,127,37,1*69,1763493954869
NMEA,$GPGSV,3,2,12,09,75,354,37,11,04,296,29,16,35,051,41,20,13,320,40,1*6C,1763493954869
NMEA,$GPGSV,3,3,12,21,14,320,36,26,03,041,29,27,18,095,40,30,24,263,32,1*6B,1763493954869
NMEA,$GPGSV,3,1,10,03,19,173,31,04,54,099,37,06,04,258,23,08,17,127,34,8*62,1763493954869
NMEA,$GPGSV,3,2,10,09,75,354,39,11,04,296,28,21,14,320,42,26,03,041,23,8*6F,1763493954869
NMEA,$GPGSV,3,3,10,27,18,095,35,30,24,263,31,8*6A,1763493954869
NMEA,$GLGSV,1,1,04,12,62,227,29,11,54,029,43,01,77,099,31,08,23,134,40,1*72,1763493954869
NMEA,$GAGSV,3,1,10,02,49,173,37,03,67,071,39,05,20,107,38,08,47,315,44,7*76,1763493954869
NMEA,$GAGSV,3,2,10,13,13,277,36,15,06,228,25,16,35,050,38,25,54,072,43,7*72,1763493954869
NMEA,$GAGSV,3,3,10,26,03,325,34,30,05,202,23,7*71,1763493954869
NMEA,$GAGSV,2,1,08,02,49,173,38,03,67,071,37,05,20,107,30,08,47,315,38,1*7A,1763493954869
NMEA,$GAGSV,2,2,08,13,13,277,34,15,06,228,19,16,35,050,32,25,54,072,35,1*7A,1763493954869
NMEA,$GBGSV,2,1,06,37,49,047,46,36,17,231,23,32,16,143,42,22,03,319,40,1*73,1763493954869
NMEA,$GBGSV,2,2,06,20,72,159,41,19,54,312,43,1*71,1763493954869
NMEA,$GBGSV,2,1,05,19,54,312,41,20,72,159,42,32,16,143,37,36,17,231,26,3*71,1763493954869
NMEA,$GBGSV,2,2,05,37,49,047,43,3*4C,1763493954869
NMEA,$GBGSV,2,1,07,19,54,312,39,20,72,159,37,22,03,319,21,23,01,050,16,5*72,1763493954869
NMEA,$GBGSV,2,2,07,32,16,143,29,36,17,231,26,37,49,047,42,5*45,1763493954869
NMEA,$GNGSA,A,3,03,04,07,08,09,16,20,21,27,30,,,0.6,0.4,0.5,1*37,1763493954888
NMEA,$PSSGR,GSA,A,3,03,04,08,09,21,27,30,,,,,,0.6,0.4,0.5,1,8*41,1763493954888
NMEA,$GNGSA,A,3,65,72,75,76,,,,,,,,,0.6,0.4,0.5,2*30,1763493954888
NMEA,$GNGSA,A,3,02,03,05,08,13,15,16,25,30,,,,0.6,0.4,0.5,3*3D,1763493954888
NMEA,$PSSGR,GSA,A,3,302,303,305,308,313,316,325,,,,,,0.6,0.4,0.5,3,1*74,1763493954888
NMEA,$GNGSA,A,3,19,20,32,36,37,,,,,,,,0.6,0.4,0.5,4*39,1763493954888
NMEA,$PSSGR,GSA,A,3,219,220,232,236,237,,,,,,,,0.6,0.4,0.5,4,5*72,1763493954888
NMEA,$GNVTG,299.0,T,286.2,M,5.4,N,9.9,K,E*34,1763493954888
NMEA,$GNDTM,W84,,0000.000000,N,00000.000000,E,0.000,W84*41,1763493954888
NMEA,$GNRMC,192555.00,A,3725.827395,N,12209.330121,W,5.4,299.0,181125,12.8,E,E,V*75,1763493954888
NMEA,$GNGNS,192555.00,3725.827395,N,12209.330121,W,EEEEEE,28,0.4,21.8,-32.6,,,V*2B,1763493954888
NMEA,$GNGGA,192555.00,3725.827395,N,12209.330121,W,6,12,0.4,21.8,M,-32.6,M,,*75,1763493954888
NMEA,$PSMSG,magcal=PASS,bluesky=0*00,1763493954900
NMEA,$GPGSV,3,1,12,03,19,173,34,04,54,099,45,07,52,279,38,08,17,127,39,1*6F,1763493955860
NMEA,$GPGSV,3,2,12,09,75,354,46,11,04,296,31,16,35,051,43,20,13,320,38,1*6E,1763493955860
NMEA,$GPGSV,3,3,12,21,14,320,38,26,03,041,28,27,18,095,42,30,24,263,31,1*65,1763493955860
NMEA,$GPGSV,3,1,10,03,19,173,25,04,54,099,33,06,04,258,23,08,17,127,29,8*6F,1763493955860
NMEA,$GPGSV,3,2,10,09,75,354,35,11,04,296,29,21,14,320,38,26,03,041,23,8*6F,1763493955860
NMEA,$GPGSV,3,3,10,27,18,095,32,30,24,263,29,8*64,1763493955860
NMEA,$GLGSV,1,1,04,12,62,227,28,11,54,029,46,01,77,099,33,08,23,134,42,1*76,1763493955860
NMEA,$GAGSV,3,1,10,02,49,173,38,03,67,071,42,05,20,107,41,08,47,315,42,7*7D,1763493955860
NMEA,$GAGSV,3,2,10,13,13,277,26,15,06,228,25,16,35,050,42,25,54,072,43,7*7E,1763493955860
NMEA,$GAGSV,3,3,10,26,03,325,33,30,05,202,28,7*7D,1763493955860
NMEA,$GAGSV,2,1,08,02,49,173,27,03,67,071,34,05,20,107,31,08,47,315,29,1*76,1763493955860
NMEA,$GAGSV,2,2,08,13,13,277,32,15,06,228,19,16,35,050,33,25,54,072,31,1*79,1763493955860
NMEA,$GBGSV,2,1,06,37,49,047,47,36,17,231,27,32,16,143,42,22,03,319,40,1*76,1763493955860
NMEA,$GBGSV,2,2,06,20,72,159,40,19,54,312,44,1*77,1763493955860
NMEA,$GBGSV,2,1,05,19,54,312,43,20,72,159,40,32,16,143,42,36,17,231,25,3*70,1763493955860
NMEA,$GBGSV,2,2,05,37,49,047,46,3*49,1763493955860
NMEA,$GBGSV,2,1,07,19,54,312,32,20,72,159,34,22,03,319,18,23,01,050,16,5*70,1763493955860
NMEA,$GBGSV,2,2,07,32,16,143,26,36,17,231,27,37,49,047,41,5*48,1763493955860
NMEA,$GNGSA,A,3,03,04,07,08,09,16,20,21,27,30,,,0.6,0.4,0.5,1*37,1763493955873
NMEA,$PSSGR,GSA,A,3,03,04,08,09,21,27,30,,,,,,0.6,0.4,0.5,1,8*41,1763493955873
NMEA,$GNGSA,A,3,65,72,75,76,,,,,,,,,0.6,0.4,0.5,2*30,1763493955873
NMEA,$GNGSA,A,3,02,03,05,08,13,15,16,25,30,,,,0.6,0.4,0.5,3*3D,1763493955873
NMEA,$PSSGR,GSA,A,3,302,303,305,308,313,316,325,,,,,,0.6,0.4,0.5,3,1*74,1763493955873
NMEA,$GNGSA,A,3,19,20,32,36,37,,,,,,,,0.6,0.4,0.5,4*39,1763493955873
NMEA,$PSSGR,GSA,A,3,219,220,232,236,237,,,,,,,,0.6,0.4,0.5,4,5*72,1763493955873
NMEA,$GNVTG,299.0,T,286.2,M,1.1,N,2.0,K,E*37,1763493955873
NMEA,$GNDTM,W84,,0000.000000,N,00000.000000,E,0.000,W84*41,1763493955873
NMEA,$GNRMC,192556.00,A,3725.827702,N,12209.330212,W,1.1,299.0,181125,12.8,E,E,V*7E,1763493955873
NMEA,$GNGNS,192556.00,3725.827702,N,12209.330212,W,EEEEEE,28,0.4,21.6,-32.6,,,V*2F,1763493955873
NMEA,$GNGGA,192556.00,3725.827702,N,12209.330212,W,6,12,0.4,21.6,M,-32.6,M,,*71,1763493955873
NMEA,$PSMSG,magcal=PASS,bluesky=0*00,1763493955879
NMEA,$GPGSV,3,1,12,03,19,173,37,04,54,099,46,07,52,279,40,08,17,127,44,1*6A,1763493956865
NMEA,$GPGSV,3,2,12,09,75,354,41,11,04,296,33,16,35,051,47,20,13,320,38,1*6F,1763493956865
NMEA,$GPGSV,3,3,12,21,14,320,44,26,03,041,26,27,18,095,44,30,24,263,37,1*60,1763493956865
NMEA,$GPGSV,3,1,10,03,19,173,27,04,54,099,32,06,04,258,23,08,17,127,30,8*64,1763493956865
NMEA,$GPGSV,3,2,10,09,75,354,37,11,04,296,28,21,14,320,37,26,03,041,23,8*63,1763493956865
NMEA,$GPGSV,3,3,10,27,18,095,33,30,24,263,31,8*6C,1763493956865
NMEA,$GLGSV,1,1,04,12,62,227,32,11,54,029,44,01,77,099,32,08,23,134,46,1*7A,1763493956865
NMEA,$GAGSV,3,1,10,02,49,173,43,03,67,071,41,05,20,107,43,08,47,315,42,7*70,1763493956865
NMEA,$GAGSV,3,2,10,13,13,277,30,15,06,228,23,16,35,050,45,25,54,072,39,7*75,1763493956865
NMEA,$GAGSV,3,3,10,26,03,325,37,30,05,202,21,7*70,1763493956865
NMEA,$GAGSV,2,1,08,02,49,173,27,03,67,071,34,05,20,107,31,08,47,315,40,1*79,1763493956865
NMEA,$GAGSV,2,2,08,13,13,277,34,15,06,228,19,16,35,050,34,25,54,072,21,1*79,1763493956865
NMEA,$GBGSV,2,1,06,37,49,047,40,36,17,231,28,32,16,143,44,22,03,319,42,1*7A,1763493956865
NMEA,$GBGSV,2,2,06,20,72,159,38,19,54,312,46,1*7A,1763493956865
NMEA,$GBGSV,2,1,05,19,54,312,44,20,72,159,37,32,16,143,43,36,17,231,25,3*76,1763493956865
NMEA,$GBGSV,2,2,05,37,49,047,43,3*4C,1763493956865
NMEA,$GBGSV,2,1,07,19,54,312,41,20,72,159,28,22,03,319,22,23,01,050,16,5*70,1763493956865
NMEA,$GBGSV,2,2,07,32,16,143,30,36,17,231,26,37,49,047,27,5*4E,1763493956865
NMEA,$GNGSA,A,3,03,04,07,08,09,16,20,21,27,30,,,0.6,0.4,0.5,1*37,1763493956885
NMEA,$PSSGR,GSA,A,3,03,04,08,09,21,27,30,,,,,,0.6,0.4,0.5,1,8*41,1763493956885
NMEA,$GNGSA,A,3,65,72,75,76,,,,,,,,,0.6,0.4,0.5,2*30,1763493956885
NMEA,$GNGSA,A,3,02,03,05,08,13,15,16,25,30,,,,0.6,0.4,0.5,3*3D,1763493956885
NMEA,$PSSGR,GSA,A,3,302,303,305,308,313,316,325,,,,,,0.6,0.4,0.5,3,1*74,1763493956885
NMEA,$GNGSA,A,3,19,20,32,36,37,,,,,,,,0.6,0.4,0.5,4*39,1763493956885
NMEA,$PSSGR,GSA,A,3,219,220,232,236,237,,,,,,,,0.6,0.4,0.5,4,5*72,1763493956885
NMEA,$GNVTG,318.6,T,305.8,M,1.8,N,3.4,K,E*35,1763493956885
NMEA,$GNDTM,W84,,0000.000000,N,00000.000000,E,0.000,W84*41,1763493956885
NMEA,$GNRMC,192557.00,A,3725.828046,N,12209.330263,W,1.8,318.6,181125,12.8,E,E,V*76,1763493956885
NMEA,$GNGNS,192557.00,3725.828046,N,12209.330263,W,EEEEEE,28,0.4,21.2,-32.6,,,V*24,1763493956885
NMEA,$GNGGA,192557.00,3725.828046,N,12209.330263,W,6,12,0.4,21.2,M,-32.6,M,,*7A,1763493956885
NMEA,$PSMSG,magcal=PASS,bluesky=0*00,1763493956891
NMEA,$GPGSV,3,1,12,03,19,173,39,04,54,099,44,07,52,279,39,08,17,127,46,1*6A,1763493957857
NMEA,$GPGSV,3,2,12,09,75,354,43,11,04,296,35,16,35,051,47,20,13,320,39,1*6A,1763493957857
NMEA,$GPGSV,3,3,12,21,14,320,47,26,03,041,26,27,18,095,43,30,24,263,38,1*6B,1763493957857
NMEA,$GPGSV,3,1,10,03,19,173,31,04,54,099,29,06,04,258,16,08,17,127,32,8*6D,1763493957857
NMEA,$GPGSV,3,2,10,09,75,354,39,11,04,296,26,21,14,320,37,26,03,041,17,8*64,1763493957857
NMEA,$GPGSV,3,3,10,27,18,095,31,30,24,263,33,8*6C,1763493957857
NMEA,$GLGSV,1,1,04,12,62,227,31,11,54,029,44,01,77,099,36,08,23,134,44,1*7F,1763493957857
NMEA,$GAGSV,3,1,10,02,49,173,39,03,67,071,41,05,20,107,41,08,47,315,44,7*79,1763493957857
NMEA,$GAGSV,3,2,10,13,13,277,35,15,06,228,23,16,35,050,44,25,54,072,38,7*70,1763493957857
NMEA,$GAGSV,3,3,10,26,03,325,35,30,05,202,27,7*74,1763493957857
NMEA,$GAGSV,2,1,08,02,49,173,22,03,67,071,35,05,20,107,29,08,47,315,40,1*74,1763493957857
NMEA,$GAGSV,2,2,08,13,13,277,31,15,06,228,26,16,35,050,33,25,54,072,27,1*71,1763493957857
NMEA,$GBGSV,2,1,06,37,49,047,42,36,17,231,25,32,16,143,42,22,03,319,42,1*73,1763493957857
NMEA,$GBGSV,2,2,06,20,72,159,34,19,54,312,46,1*76,1763493957857
NMEA,$GBGSV,2,1,05,19,54,312,44,20,72,159,35,32,16,143,40,36,17,231,27,3*75,1763493957857
NMEA,$GBGSV,2,2,05,37,49,047,45,3*4A,1763493957857
NMEA,$GBGSV,2,1,07,19,54,312,39,20,72,159,26,22,03,319,25,23,01,050,16,5*76,1763493957857
NMEA,$GBGSV,2,2,07,32,16,143,31,36,17,231,28,37,49,047,29,5*4F,1763493957857
NMEA,$GNGSA,A,3,03,04,07,08,09,16,20,21,27,30,,,0.6,0.4,0.5,1*37,1763493957871
NMEA,$PSSGR,GSA,A,3,03,04,08,09,21,27,30,,,,,,0.6,0.4,0.5,1,8*41,1763493957871
NMEA,$GNGSA,A,3,65,72,75,76,,,,,,,,,0.6,0.4,0.5,2*30,1763493957871
NMEA,$GNGSA,A,3,02,03,05,08,13,15,16,25,30,,,,0.6,0.4,0.5,3*3D,1763493957871
NMEA,$PSSGR,GSA,A,3,302,303,305,308,313,315,316,325,,,,,0.6,0.4,0.5,3,1*43,1763493957871
NMEA,$GNGSA,A,3,19,20,32,36,37,,,,,,,,0.6,0.4,0.5,4*39,1763493957871
NMEA,$PSSGR,GSA,A,3,219,220,232,236,237,,,,,,,,0.6,0.4,0.5,4,5*72,1763493957871
NMEA,$GNVTG,314.8,T,302.0,M,2.0,N,3.8,K,E*3F,1763493957871
NMEA,$GNDTM,W84,,0000.000000,N,00000.000000,E,0.000,W84*41,1763493957871
NMEA,$GNRMC,192558.00,A,3725.828409,N,12209.330439,W,2.0,314.8,181125,12.8,E,E,V*76,1763493957871
NMEA,$GNGNS,192558.00,3725.828409,N,12209.330439,W,EEEEEE,28,0.4,21.1,-32.6,,,V*2E,1763493957871
NMEA,$GNGGA,192558.00,3725.828409,N,12209.330439,W,6,12,0.4,21.1,M,-32.6,M,,*70,1763493957871
NMEA,$PSMSG,magcal=PASS,bluesky=0*00,1763493957877
NMEA,$GPGSV,3,1,12,03,19,173,36,04,54,099,43,07,52,279,42,08,17,127,46,1*6E,1763493958858
NMEA,$GPGSV,3,2,12,09,75,354,45,11,04,296,31,16,35,051,47,20,13,320,39,1*68,1763493958858
NMEA,$GPGSV,3,3,12,21,14,320,47,26,03,041,25,27,18,095,44,30,24,263,38,1*6F,1763493958858
NMEA,$GPGSV,3,1,10,03,19,173,29,04,54,099,32,06,04,258,25,08,17,127,32,8*6E,1763493958858
NMEA,$GPGSV,3,2,10,09,75,354,40,11,04,296,26,21,14,320,36,26,03,041,17,8*6B,1763493958858
NMEA,$GPGSV,3,3,10,27,18,095,31,30,24,263,30,8*6F,1763493958858
NMEA,$GLGSV,1,1,04,12,62,227,32,11,54,029,45,01,77,099,36,08,23,134,40,1*79,1763493958858
NMEA,$GAGSV,3,1,10,02,49,173,32,03,67,071,42,05,20,107,41,08,47,315,43,7*76,1763493958858
NMEA,$GAGSV,3,2,10,13,13,277,35,15,06,228,23,16,35,050,44,25,54,072,39,7*71,1763493958858
NMEA,$GAGSV,3,3,10,26,03,325,35,30,05,202,27,7*74,1763493958858
NMEA,$GAGSV,2,1,08,02,49,173,27,03,67,071,31,05,20,107,28,08,47,315,39,1*7A,1763493958858
NMEA,$GAGSV,2,2,08,13,13,277,31,15,06,228,23,16,35,050,35,25,54,072,29,1*7C,1763493958858
NMEA,$GBGSV,2,1,07,37,49,047,42,36,17,231,30,32,16,143,41,23,01,050,26,1*7A,1763493958858
NMEA,$GBGSV,2,2,07,22,03,319,40,20,72,159,36,19,54,312,47,1*48,1763493958858
NMEA,$GBGSV,2,1,05,19,54,312,44,20,72,159,34,32,16,143,38,36,17,231,29,3*75,1763493958858
NMEA,$GBGSV,2,2,05,37,49,047,44,3*4B,1763493958858
NMEA,$GBGSV,2,1,07,19,54,312,38,20,72,159,25,22,03,319,25,23,01,050,16,5*74,1763493958858
NMEA,$GBGSV,2,2,07,32,16,143,31,36,17,231,28,37,49,047,31,5*46,1763493958858
NMEA,$GNGSA,A,3,03,04,07,08,09,16,20,21,27,30,,,0.6,0.4,0.5,1*37,1763493958883
NMEA,$PSSGR,GSA,A,3,03,04,08,09,21,27,30,,,,,,0.6,0.4,0.5,1,8*41,1763493958883
NMEA,$GNGSA,A,3,65,72,75,76,,,,,,,,,0.6,0.4,0.5,2*30,1763493958883
NMEA,$GNGSA,A,3,02,03,05,08,13,15,16,25,30,,,,0.6,0.4,0.5,3*3D,1763493958883
NMEA,$PSSGR,GSA,A,3,302,303,305,308,313,315,316,325,,,,,0.6,0.4,0.5,3,1*43,1763493958883
NMEA,$GNGSA,A,3,19,20,32,36,37,,,,,,,,0.6,0.4,0.5,4*39,1763493958883
NMEA,$PSSGR,GSA,A,3,219,220,232,236,237,,,,,,,,0.6,0.4,0.5,4,5*72,1763493958883
NMEA,$GNVTG,316.7,T,303.9,M,2.0,N,3.7,K,E*35,1763493958883
NMEA,$GNDTM,W84,,0000.000000,N,00000.000000,E,0.000,W84*41,1763493958883
NMEA,$GNRMC,192559.00,A,3725.828779,N,12209.330642,W,2.0,316.7,181125,12.8,E,E,V*70,1763493958883
NMEA,$GNGNS,192559.00,3725.828779,N,12209.330642,W,EEEEEE,28,0.4,21.0,-32.6,,,V*24,1763493958883
NMEA,$GNGGA,192559.00,3725.828779,N,12209.330642,W,6,12,0.4,21.0,M,-32.6,M,,*7A,1763493958883
NMEA,$PSMSG,magcal=PASS,bluesky=0*00,1763493958894
NMEA,$GPGSV,3,1,11,03,19,173,39,04,54,099,44,07,52,279,44,08,17,127,44,1*61,1763493959858
NMEA,$GPGSV,3,2,11,09,75,354,46,16,35,051,47,20,13,320,38,21,14,320,47,1*66,1763493959858
NMEA,$GPGSV,3,3,11,26,03,041,26,27,18,095,43,30,24,263,41,1*52,1763493959858
NMEA,$GPGSV,3,1,10,03,19,173,28,04,54,099,35,06,04,258,25,08,17,127,33,8*69,1763493959858
NMEA,$GPGSV,3,2,10,09,75,354,42,11,04,296,23,21,14,320,37,26,03,041,21,8*68,1763493959858
NMEA,$GPGSV,3,3,10,27,18,095,32,30,24,263,31,8*6D,1763493959858
NMEA,$GLGSV,1,1,04,12,62,227,33,11,54,029,45,01,77,099,37,08,23,134,44,1*7D,1763493959858
NMEA,$GAGSV,3,1,10,02,49,173,31,03,67,071,43,05,20,107,44,08,47,315,44,7*76,1763493959858
NMEA,$GAGSV,3,2,10,13,13,277,35,15,06,228,22,16,35,050,45,25,54,072,44,7*7B,1763493959858
NMEA,$GAGSV,3,3,10,26,03,325,33,30,05,202,27,7*72,1763493959858
NMEA,$GAGSV,2,1,08,02,49,173,31,03,67,071,30,05,20,107,27,08,47,315,39,1*73,1763493959858
NMEA,$GAGSV,2,2,08,13,13,277,30,15,06,228,24,16,35,050,33,25,54,072,35,1*71,1763493959858
NMEA,$GBGSV,2,1,07,37,49,047,41,36,17,231,32,32,16,143,39,23,01,050,27,1*75,1763493959858
NMEA,$GBGSV,2,2,07,22,03,319,41,20,72,159,34,19,54,312,48,1*44,1763493959858
NMEA,$GBGSV,2,1,05,19,54,312,44,20,72,159,35,32,16,143,39,36,17,231,32,3*7F,1763493959858
NMEA,$GBGSV,2,2,05,37,49,047,43,3*4C,1763493959858
NMEA,$GBGSV,2,1,07,19,54,312,38,20,72,159,26,22,03,319,26,23,01,050,16,5*74,1763493959858
NMEA,$GBGSV,2,2,07,32,16,143,29,36,17,231,30,37,49,047,28,5*4E,1763493959858
NMEA,$GNGSA,A,3,03,04,07,08,09,16,20,21,27,30,,,0.6,0.4,0.5,1*37,1763493959873
NMEA,$PSSGR,GSA,A,3,03,04,08,09,21,27,30,,,,,,0.6,0.4,0.5,1,8*41,1763493959873
NMEA,$GNGSA,A,3,65,72,75,76,,,,,,,,,0.6,0.4,0.5,2*30,1763493959873
NMEA,$GNGSA,A,3,02,03,05,08,13,15,16,25,30,,,,0.6,0.4,0.5,3*3D,1763493959873
NMEA,$PSSGR,GSA,A,3,302,303,305,308,313,315,316,325,,,,,0.6,0.4,0.5,3,1*43,1763493959873
NMEA,$GNGSA,A,3,19,20,32,36,37,,,,,,,,0.6,0.4,0.5,4*39,1763493959873
NMEA,$PSSGR,GSA,A,3,219,220,232,236,237,,,,,,,,0.6,0.4,0.5,4,5*72,1763493959873
NMEA,$GNVTG,316.4,T,303.6,M,2.2,N,4.0,K,E*3B,1763493959873
NMEA,$GNDTM,W84,,0000.000000,N,00000.000000,E,0.000,W84*41,1763493959873
NMEA,$GNRMC,192600.00,A,3725.829195,N,12209.330917,W,2.2,316.4,181125,12.8,E,E,V*74,1763493959873
NMEA,$GNGNS,192600.00,3725.829195,N,12209.330917,W,EEEEEE,28,0.4,21.1,-32.6,,,V*20,1763493959873
NMEA,$GNGGA,192600.00,3725.829195,N,12209.330917,W,6,12,0.4,21.1,M,-32.6,M,,*7E,1763493959873
NMEA,$PSMSG,magcal=PASS,bluesky=0*00,1763493959883
NMEA,$GPGSV,3,1,11,03,19,173,31,04,54,099,44,07,52,279,45,08,17,127,40,1*6C,1763493960858
NMEA,$GPGSV,3,2,11,09,75,354,46,16,35,051,47,20,13,320,40,21,14,320,46,1*68,1763493960858
NMEA,$GPGSV,3,3,11,26,03,041,28,27,18,095,42,30,24,263,40,1*5C,1763493960858
NMEA,$GPGSV,3,1,10,03,19,173,27,04,54,099,34,06,04,258,25,08,17,127,34,8*60,1763493960858
NMEA,$GPGSV,3,2,10,09,75,354,41,11,04,296,25,21,14,320,36,26,03,041,22,8*6F,1763493960858
NMEA,$GPGSV,3,3,10,27,18,095,34,30,24,263,32,8*68,1763493960858
NMEA,$GLGSV,1,1,04,12,62,227,35,11,54,029,44,01,77,099,38,08,23,134,42,1*73,1763493960858
NMEA,$GAGSV,3,1,10,02,49,173,32,03,67,071,42,05,20,107,42,08,47,315,44,7*72,1763493960858
NMEA,$GAGSV,3,2,10,13,13,277,33,15,06,228,23,16,35,050,45,25,54,072,44,7*7C,1763493960858
NMEA,$GAGSV,3,3,10,26,03,325,31,30,05,202,19,7*7D,1763493960858
NMEA,$GAGSV,2,1,08,02,49,173,23,03,67,071,29,05,20,107,29,08,47,315,38,1*77,1763493960858
NMEA,$GAGSV,2,2,08,13,13,277,30,15,06,228,26,16,35,050,34,25,54,072,34,1*75,1763493960858
NMEA,$GBGSV,2,1,07,37,49,047,42,36,17,231,31,32,16,143,43,23,01,050,26,1*79,1763493960858
NMEA,$GBGSV,2,2,07,22,03,319,40,20,72,159,39,19,54,312,48,1*48,1763493960858
NMEA,$GBGSV,2,1,05,19,54,312,45,20,72,159,35,32,16,143,42,36,17,231,31,3*71,1763493960858
NMEA,$GBGSV,2,2,05,37,49,047,45,3*4A,1763493960858
NMEA,$GBGSV,2,1,07,19,54,312,36,20,72,159,24,22,03,319,26,23,01,050,16,5*78,1763493960858
NMEA,$GBGSV,2,2,07,32,16,143,26,36,17,231,30,37,49,047,33,5*4B,1763493960858
NMEA,$GNGSA,A,3,03,04,07,08,09,16,20,21,27,30,,,0.6,0.4,0.5,1*37,1763493960869
NMEA,$PSSGR,GSA,A,3,03,04,08,09,21,27,30,,,,,,0.6,0.4,0.5,1,8*41,1763493960869
NMEA,$GNGSA,A,3,65,72,75,76,,,,,,,,,0.6,0.4,0.5,2*30,1763493960869
NMEA,$GNGSA,A,3,02,03,05,08,13,15,16,25,30,,,,0.6,0.4,0.5,3*3D,1763493960869
NMEA,$PSSGR,GSA,A,3,302,303,305,308,313,315,316,325,,,,,0.6,0.4,0.5,3,1*43,1763493960869
NMEA,$GNGSA,A,3,19,20,32,36,37,,,,,,,,0.6,0.4,0.5,4*39,1763493960869
NMEA,$PSSGR,GSA,A,3,219,220,232,236,237,,,,,,,,0.6,0.4,0.5,4,5*72,1763493960869
NMEA,$GNVTG,318.8,T,306.0,M,2.2,N,4.0,K,E*3A,1763493960869
NMEA,$GNDTM,W84,,0000.000000,N,00000.000000,E,0.000,W84*41,1763493960869
NMEA,$GNRMC,192601.00,A,3725.829621,N,12209.331238,W,2.2,318.8,181125,12.8,E,E,V*78,1763493960869
NMEA,$GNGNS,192601.00,3725.829621,N,12209.331238,W,EEEEEE,28,0.4,21.1,-32.6,,,V*2E,1763493960869
NMEA,$GNGGA,192601.00,3725.829621,N,12209.331238,W,6,12,0.4,21.1,M,-32.6,M,,*70,1763493960869
NMEA,$PSMSG,magcal=PASS,bluesky=0*00,1763493960873
NMEA,$GPGSV,3,1,12,03,19,173,36,04,54,099,46,07,52,279,44,08,17,127,43,1*68,1763493961861
NMEA,$GPGSV,3,2,12,09,75,354,45,11,04,296,35,16,35,051,46,20,13,320,38,1*6C,1763493961861
NMEA,$GPGSV,3,3,12,21,14,320,46,26,03,041,32,27,18,095,40,30,24,263,39,1*6D,1763493961861
NMEA,$GPGSV,3,1,10,03,19,173,21,04,54,099,33,06,04,258,17,08,17,127,31,8*65,1763493961861
NMEA,$GPGSV,3,2,10,09,75,354,39,11,04,296,26,21,14,320,36,26,03,041,25,8*64,1763493961861
NMEA,$GPGSV,3,3,10,27,18,095,33,30,24,263,31,8*6C,1763493961861
NMEA,$GLGSV,1,1,04,12,62,227,38,11,54,029,45,01,77,099,38,08,23,134,37,1*7D,1763493961861
NMEA,$GAGSV,3,1,10,02,49,173,33,03,67,071,42,05,20,107,44,08,47,315,42,7*73,1763493961861
NMEA,$GAGSV,3,2,10,13,13,277,32,15,06,228,23,16,35,050,44,25,54,072,41,7*79,1763493961861
NMEA,$GAGSV,3,3,10,26,03,325,28,30,05,202,19,7*75,1763493961861
NMEA,$GAGSV,2,1,08,02,49,173,24,03,67,071,28,05,20,107,25,08,47,315,38,1*7D,1763493961861
NMEA,$GAGSV,2,2,08,13,13,277,29,15,06,228,26,16,35,050,33,25,54,072,33,1*7D,1763493961861
NMEA,$GBGSV,2,1,07,37,49,047,42,36,17,231,33,32,16,143,40,23,01,050,29,1*77,1763493961861
NMEA,$GBGSV,2,2,07,22,03,319,40,20,72,159,43,19,54,312,48,1*45,1763493961861
NMEA,$GBGSV,2,1,05,19,54,312,45,20,72,159,39,32,16,143,37,36,17,231,33,3*7D,1763493961861
NMEA,$GBGSV,2,2,05,37,49,047,43,3*4C,1763493961861
NMEA,$GBGSV,2,1,07,19,54,312,37,20,72,159,25,22,03,319,24,23,01,050,16,5*7A,1763493961861
NMEA,$GBGSV,2,2,07,32,16,143,28,36,17,231,30,37,49,047,31,5*47,1763493961861
NMEA,$GNGSA,A,3,03,04,07,08,09,16,20,21,27,30,,,0.6,0.4,0.5,1*37,1763493961884
NMEA,$PSSGR,GSA,A,3,03,04,08,09,21,27,30,,,,,,0.6,0.4,0.5,1,8*41,1763493961884
NMEA,$GNGSA,A,3,65,72,75,76,,,,,,,,,0.6,0.4,0.5,2*30,1763493961884
NMEA,$GNGSA,A,3,02,03,05,08,13,15,16,25,30,,,,0.6,0.4,0.5,3*3D,1763493961884
NMEA,$PSSGR,GSA,A,3,302,303,305,308,313,315,316,325,,,,,0.6,0.4,0.5,3,1*43,1763493961884
NMEA,$GNGSA,A,3,19,20,32,36,37,,,,,,,,0.6,0.4,0.5,4*39,1763493961884
NMEA,$PSSGR,GSA,A,3,219,220,232,236,237,,,,,,,,0.6,0.4,0.5,4,5*72,1763493961884
NMEA,$GNVTG,317.7,T,304.9,M,2.1,N,3.8,K,E*3D,1763493961884
NMEA,$GNDTM,W84,,0000.000000,N,00000.000000,E,0.000,W84*41,1763493961884
NMEA,$GNRMC,192602.00,A,3725.830053,N,12209.331569,W,2.1,317.7,181125,12.8,E,E,V*70,1763493961884
NMEA,$GNGNS,192602.00,3725.830053,N,12209.331569,W,EEEEEE,28,0.4,21.2,-32.6,,,V*26,1763493961884
NMEA,$GNGGA,192602.00,3725.830053,N,12209.331569,W,6,12,0.4,21.2,M,-32.6,M,,*78,1763493961884
NMEA,$PSMSG,magcal=PASS,bluesky=0*00,1763493961888
NMEA,$GPGSV,3,1,12,03,19,173,32,04,54,099,44,07,52,279,45,08,17,127,44,1*68,1763493962861
NMEA,$GPGSV,3,2,12,09,75,354,46,11,04,296,32,16,35,051,47,20,13,320,40,1*66,1763493962861
NMEA,$GPGSV,3,3,12,21,14,320,46,26,03,041,29,27,18,095,39,30,24,263,38,1*68,1763493962861
NMEA,$GPGSV,3,1,10,03,19,173,25,04,54,099,35,06,04,258,17,08,17,127,30,8*66,1763493962861
NMEA,$GPGSV,3,2,10,09,75,354,39,11,04,296,26,21,14,320,35,26,03,041,22,8*60,1763493962861
NMEA,$GPGSV,3,3,10,27,18,095,32,30,24,263,34,8*68,1763493962861
NMEA,$GLGSV,1,1,04,12,62,227,39,11,54,029,45,01,77,099,36,08,23,134,39,1*7C,1763493962861
NMEA,$GAGSV,3,1,10,02,49,173,27,03,67,071,43,05,20,107,45,08,47,315,43,7*77,1763493962861
NMEA,$GAGSV,3,2,10,13,13,277,31,15,06,228,20,16,35,050,45,25,54,072,42,7*7B,1763493962861
NMEA,$GAGSV,3,3,10,26,03,325,26,30,05,202,19,7*7B,1763493962861
NMEA,$GAGSV,2,1,08,02,49,173,24,03,67,071,28,05,20,107,28,08,47,315,37,1*7F,1763493962861
NMEA,$GAGSV,2,2,08,13,13,277,29,15,06,228,22,16,35,050,36,25,54,072,33,1*7C,1763493962861
NMEA,$GBGSV,2,1,07,37,49,047,42,36,17,231,33,32,16,143,38,23,01,050,32,1*72,1763493962861
NMEA,$GBGSV,2,2,07,22,03,319,42,20,72,159,42,19,54,312,47,1*49,1763493962861
NMEA,$GBGSV,2,1,05,19,54,312,43,20,72,159,38,32,16,143,36,36,17,231,33,3*7B,1763493962861
NMEA,$GBGSV,2,2,05,37,49,047,44,3*4B,1763493962861
NMEA,$GBGSV,2,1,07,19,54,312,33,20,72,159,32,22,03,319,26,23,01,050,15,5*79,1763493962861
NMEA,$GBGSV,2,2,07,32,16,143,23,36,17,231,33,37,49,047,34,5*4A,1763493962861
NMEA,$GNGSA,A,3,03,04,07,08,09,16,20,21,27,30,,,0.6,0.4,0.5,1*37,1763493962879
NMEA,$PSSGR,GSA,A,3,03,04,08,09,21,27,30,,,,,,0.6,0.4,0.5,1,8*41,1763493962879
NMEA,$GNGSA,A,3,65,72,75,76,,,,,,,,,0.6,0.4,0.5,2*30,1763493962879
NMEA,$GNGSA,A,3,02,03,05,08,13,15,16,25,30,,,,0.6,0.4,0.5,3*3D,1763493962879
NMEA,$PSSGR,GSA,A,3,302,303,305,308,313,315,316,325,,,,,0.6,0.4,0.5,3,1*43,1763493962879
NMEA,$GNGSA,A,3,19,20,32,36,37,,,,,,,,0.6,0.4,0.5,4*39,1763493962879
NMEA,$PSSGR,GSA,A,3,219,220,232,236,237,,,,,,,,0.6,0.4,0.5,4,5*72,1763493962879
NMEA,$GNVTG,319.1,T,306.3,M,2.1,N,3.9,K,E*3C,1763493962879
NMEA,$GNDTM,W84,,0000.000000,N,00000.000000,E,0.000,W84*41,1763493962879
NMEA,$GNRMC,192603.00,A,3725.830529,N,12209.331988,W,2.1,319.1,181125,12.8,E,E,V*72,1763493962879
NMEA,$GNGNS,192603.00,3725.830529,N,12209.331988,W,EEEEEE,28,0.4,21.1,-32.6,,,V*2F,1763493962879
NMEA,$GNGGA,192603.00,3725.830529,N,12209.331988,W,6,12,0.4,21.1,M,-32.6,M,,*71,1763493962879
NMEA,$PSMSG,magcal=PASS,bluesky=0*00,1763493962884
NMEA,$GPGSV,3,1,11,03,19,173,32,04,54,099,44,07,52,279,45,08,17,127,45,1*6A,1763493963857
NMEA,$GPGSV,3,2,11,09,75,354,47,16,35,051,48,20,13,320,40,21,14,320,48,1*68,1763493963857
NMEA,$GPGSV,3,3,11,26,03,041,35,27,18,095,41,30,24,263,39,1*5D,1763493963857
NMEA,$GPGSV,3,1,10,03,19,173,25,04,54,099,35,06,04,258,22,08,17,127,34,8*64,1763493963857
NMEA,$GPGSV,3,2,10,09,75,354,39,11,04,296,26,21,14,320,35,26,03,041,24,8*66,1763493963857
NMEA,$GPGSV,3,3,10,27,18,095,33,30,24,263,33,8*6E,1763493963857
NMEA,$GLGSV,1,1,04,12,62,227,40,11,54,029,45,01,77,099,37,08,23,134,41,1*7C,1763493963857
NMEA,$GAGSV,3,1,10,02,49,173,28,03,67,071,44,05,20,107,46,08,47,315,45,7*7A,1763493963857
NMEA,$GAGSV,3,2,10,13,13,277,30,15,06,228,23,16,35,050,45,25,54,072,42,7*79,1763493963857
NMEA,$GAGSV,3,3,10,26,03,325,29,30,05,202,19,7*74,1763493963857
NMEA,$GAGSV,2,1,08,02,49,173,20,03,67,071,28,05,20,107,29,08,47,315,37,1*7A,1763493963857
NMEA,$GAGSV,2,2,08,13,13,277,29,15,06,228,22,16,35,050,36,25,54,072,34,1*7B,1763493963857
NMEA,$GBGSV,2,1,07,37,49,047,43,36,17,231,35,32,16,143,38,23,01,050,31,1*76,1763493963857
NMEA,$GBGSV,2,2,07,22,03,319,42,20,72,159,40,19,54,312,47,1*4B,1763493963857
NMEA,$GBGSV,2,1,05,19,54,312,45,20,72,159,38,32,16,143,35,36,17,231,35,3*78,1763493963857
NMEA,$GBGSV,2,2,05,37,49,047,45,3*4A,1763493963857
NMEA,$GBGSV,2,1,07,19,54,312,33,20,72,159,30,22,03,319,27,23,01,050,21,5*7D,1763493963857
NMEA,$GBGSV,2,2,07,32,16,143,22,36,17,231,34,37,49,047,33,5*4B,1763493963857
NMEA,$GNGSA,A,3,03,04,07,08,09,16,20,21,27,30,,,0.6,0.4,0.5,1*37,1763493963879
NMEA,$PSSGR,GSA,A,3,03,04,08,09,21,27,30,,,,,,0.6,0.4,0.5,1,8*41,1763493963879
NMEA,$GNGSA,A,3,65,72,75,76,,,,,,,,,0.6,0.4,0.5,2*30,1763493963879
NMEA,$GNGSA,A,3,02,03,05,08,13,15,16,25,,,,,0.6,0.4,0.5,3*3E,1763493963879
NMEA,$PSSGR,GSA,A,3,302,303,305,308,313,315,316,325,,,,,0.6,0.4,0.5,3,1*43,1763493963879
NMEA,$GNGSA,A,3,19,20,32,36,37,,,,,,,,0.6,0.4,0.5,4*39,1763493963879
NMEA,$PSSGR,GSA,A,3,219,220,232,236,237,,,,,,,,0.6,0.4,0.5,4,5*72,1763493963879
NMEA,$GNVTG,316.1,T,303.3,M,2.1,N,3.8,K,E*37,1763493963879
NMEA,$GNDTM,W84,,0000.000000,N,00000.000000,E,0.000,W84*41,1763493963879
NMEA,$GNRMC,192604.00,A,3725.830928,N,12209.332417,W,2.1,316.1,181125,12.8,E,E,V*7F,1763493963879
NMEA,$GNGNS,192604.00,3725.830928,N,12209.332417,W,EEEEEE,27,0.4,21.2,-32.6,,,V*21,1763493963879
NMEA,$GNGGA,192604.00,3725.830928,N,12209.332417,W,6,12,0.4,21.2,M,-32.6,M,,*70,1763493963879
NMEA,$PSMSG,magcal=PASS,bluesky=0*00,1763493963884
NMEA,$GPGSV,3,1,11,03,19,173,34,04,54,099,44,07,52,279,46,08,17,127,45,1*6F,1763493964862
NMEA,$GPGSV,3,2,11,09,75,354,45,16,35,051,46,20,13,320,37,21,14,320,47,1*6B,1763493964862
NMEA,$GPGSV,3,3,11,26,03,041,34,27,18,095,40,30,24,263,40,1*53,1763493964862
NMEA,$GPGSV,3,1,10,03,19,173,23,04,54,099,34,06,04,258,24,08,17,127,34,8*65,1763493964862
NMEA,$GPGSV,3,2,10,09,75,354,40,11,04,296,26,21,14,320,34,26,03,041,25,8*68,1763493964862
NMEA,$GPGSV,3,3,10,27,18,095,31,30,24,263,32,8*6D,1763493964862
NMEA,$GLGSV,1,1,04,12,62,227,41,11,54,029,45,01,77,099,38,08,23,134,42,1*71,1763493964862
NMEA,$GAGSV,3,1,10,02,49,173,29,03,67,071,44,05,20,107,45,08,47,315,44,7*79,1763493964862
NMEA,$GAGSV,3,2,10,13,13,277,29,15,06,228,24,16,35,050,45,25,54,072,43,7*77,1763493964862
NMEA,$GAGSV,3,3,10,26,03,325,30,30,05,202,19,7*7C,1763493964862
NMEA,$GAGSV,2,1,08,02,49,173,22,03,67,071,27,05,20,107,27,08,47,315,38,1*76,1763493964862
NMEA,$GAGSV,2,2,08,13,13,277,19,15,06,228,21,16,35,050,36,25,54,072,33,1*7C,1763493964862
NMEA,$GBGSV,2,1,07,37,49,047,42,36,17,231,34,32,16,143,33,23,01,050,28,1*75,1763493964862
NMEA,$GBGSV,2,2,07,22,03,319,41,20,72,159,42,19,54,312,48,1*45,1763493964862
NMEA,$GBGSV,2,1,05,19,54,312,45,20,72,159,36,32,16,143,31,36,17,231,33,3*74,1763493964862
NMEA,$GBGSV,2,2,05,37,49,047,44,3*4B,1763493964862
NMEA,$GBGSV,2,1,07,19,54,312,34,20,72,159,30,22,03,319,23,23,01,050,23,5*7C,1763493964862
NMEA,$GBGSV,2,2,07,32,16,143,28,36,17,231,33,37,49,047,32,5*47,1763493964862
NMEA,$GNGSA,A,3,03,04,07,08,09,16,20,21,27,30,,,0.6,0.4,0.5,1*37,1763493964878
NMEA,$PSSGR,GSA,A,3,03,04,08,09,21,27,30,,,,,,0.6,0.4,0.5,1,8*41,1763493964878
NMEA,$GNGSA,A,3,65,72,75,76,,,,,,,,,0.6,0.4,0.5,2*30,1763493964878
NMEA,$GNGSA,A,3,02,03,05,08,13,15,16,25,,,,,0.6,0.4,0.5,3*3E,1763493964878
NMEA,$PSSGR,GSA,A,3,302,303,305,308,313,315,316,325,,,,,0.6,0.4,0.5,3,1*43,1763493964878
NMEA,$GNGSA,A,3,19,20,32,36,37,,,,,,,,0.6,0.4,0.5,4*39,1763493964878
NMEA,$PSSGR,GSA,A,3,219,220,232,236,237,,,,,,,,0.6,0.4,0.5,4,5*72,1763493964878
NMEA,$GNVTG,318.6,T,305.8,M,2.2,N,4.1,K,E*3E,1763493964878
NMEA,$GNDTM,W84,,0000.000000,N,00000.000000,E,0.000,W84*41,1763493964878
NMEA,$GNRMC,192605.00,A,3725.831403,N,12209.332872,W,2.2,318.6,181125,12.8,E,E,V*7E,1763493964878
NMEA,$GNGNS,192605.00,3725.831403,N,12209.332872,W,EEEEEE,27,0.4,21.2,-32.6,,,V*2A,1763493964878
NMEA,$GNGGA,192605.00,3725.831403,N,12209.332872,W,6,12,0.4,21.2,M,-32.6,M,,*7B,1763493964878
NMEA,$PSMSG,magcal=PASS,bluesky=0*00,1763493964883
NMEA,$GPGSV,3,1,11,03,19,173,33,04,54,099,43,07,52,279,45,08,17,127,46,1*6F,1763493965860
NMEA,$GPGSV,3,2,11,09,75,354,47,16,35,051,48,20,13,320,34,21,14,320,47,1*64,1763493965860
NMEA,$GPGSV,3,3,11,26,03,041,31,27,18,095,39,30,24,263,39,1*56,1763493965860
NMEA,$GPGSV,3,1,10,03,19,173,25,04,54,099,35,06,04,258,26,08,17,127,34,8*60,1763493965860
NMEA,$GPGSV,3,2,10,09,75,354,41,11,04,296,21,21,14,320,31,26,03,041,24,8*6A,1763493965860
NMEA,$GPGSV,3,3,10,27,18,095,34,30,24,263,33,8*69,1763493965860
NMEA,$GLGSV,1,1,04,12,62,227,40,11,54,029,44,01,77,099,37,08,23,134,45,1*79,1763493965860
NMEA,$GAGSV,3,1,10,02,49,173,28,03,67,071,43,05,20,107,46,08,47,315,46,7*7E,1763493965860
NMEA,$GAGSV,3,2,10,13,13,277,26,15,06,228,22,16,35,050,46,25,54,072,43,7*7D,1763493965860
NMEA,$GAGSV,3,3,10,26,03,325,33,30,05,202,19,7*7F,1763493965860
NMEA,$GAGSV,2,1,08,02,49,173,26,03,67,071,30,05,20,107,29,08,47,315,37,1*75,1763493965860
NMEA,$GAGSV,2,2,08,13,13,277,19,15,06,228,27,16,35,050,35,25,54,072,35,1*7F,1763493965860
NMEA,$GBGSV,2,1,07,37,49,047,44,36,17,231,33,32,16,143,33,23,01,050,26,1*7A,1763493965860
NMEA,$GBGSV,2,2,07,22,03,319,41,20,72,159,43,19,54,312,48,1*44,1763493965860
NMEA,$GBGSV,2,1,05,19,54,312,44,20,72,159,41,32,16,143,30,36,17,231,33,3*74,1763493965860
NMEA,$GBGSV,2,2,05,37,49,047,46,3*49,1763493965860
NMEA,$GBGSV,2,1,07,19,54,312,34,20,72,159,34,22,03,319,22,23,01,050,23,5*79,1763493965860
NMEA,$GBGSV,2,2,07,32,16,143,26,36,17,231,34,37,49,047,37,5*4B,1763493965860
NMEA,$GNGSA,A,3,03,04,07,08,09,16,20,21,27,30,,,0.6,0.4,0.5,1*37,1763493965882
NMEA,$PSSGR,GSA,A,3,03,04,08,09,21,27,30,,,,,,0.6,0.4,0.5,1,8*41,1763493965882
NMEA,$GNGSA,A,3,65,72,75,76,,,,,,,,,0.6,0.4,0.5,2*30,1763493965882
NMEA,$GNGSA,A,3,02,03,05,08,13,15,16,25,,,,,0.6,0.4,0.5,3*3E,1763493965882
NMEA,$PSSGR,GSA,A,3,302,303,305,308,313,315,316,325,,,,,0.6,0.4,0.5,3,1*43,1763493965882
NMEA,$GNGSA,A,3,19,20,32,36,37,,,,,,,,0.6,0.4,0.5,4*39,1763493965882
NMEA,$PSSGR,GSA,A,3,219,220,232,236,237,,,,,,,,0.6,0.4,0.5,4,5*72,1763493965882
NMEA,$GNVTG,318.6,T,305.8,M,2.1,N,4.0,K,E*3C,1763493965882
NMEA,$GNDTM,W84,,0000.000000,N,00000.000000,E,0.000,W84*41,1763493965882
NMEA,$GNRMC,192606.00,A,3725.831868,N,12209.333382,W,2.1,318.6,181125,12.8,E,E,V*7A,1763493965882
NMEA,$GNGNS,192606.00,3725.831868,N,12209.333382,W,EEEEEE,27,0.4,21.0,-32.6,,,V*2F,1763493965882
NMEA,$GNGGA,192606.00,3725.831868,N,12209.333382,W,6,12,0.4,21.0,M,-32.6,M,,*7E,1763493965882
NMEA,$PSMSG,magcal=PASS,bluesky=0*00,1763493965891
NMEA,$GPGSV,3,1,11,03,19,173,32,04,54,099,43,07,52,279,46,08,17,127,49,1*62,1763493966868
NMEA,$GPGSV,3,2,11,09,75,354,47,16,35,051,47,20,13,320,35,21,14,320,46,1*6B,1763493966868
NMEA,$GPGSV,3,3,11,26,03,041,31,27,18,095,39,30,24,263,39,1*56,1763493966868
NMEA,$GPGSV,3,1,10,03,19,173,21,04,54,099,36,06,04,258,28,08,17,127,32,8*6F,1763493966868
NMEA,$GPGSV,3,2,10,09,75,354,41,11,04,296,27,21,14,320,33,26,03,041,23,8*69,1763493966868
NMEA,$GPGSV,3,3,10,27,18,095,34,30,24,263,32,8*68,1763493966868
NMEA,$GLGSV,1,1,04,12,62,227,40,11,54,029,43,01,77,099,36,08,23,134,43,1*79,1763493966868
NMEA,$GAGSV,3,1,10,02,49,173,31,03,67,071,43,05,20,107,47,08,47,315,45,7*74,1763493966868
NMEA,$GAGSV,3,2,10,13,13,277,24,15,06,228,22,16,35,050,45,25,54,072,41,7*7E,1763493966868
NMEA,$GAGSV,3,3,10,26,03,325,33,30,05,202,19,7*7F,1763493966868
NMEA,$GAGSV,2,1,08,02,49,173,27,03,67,071,32,05,20,107,30,08,47,315,38,1*71,1763493966868
NMEA,$GAGSV,2,2,08,13,13,277,19,15,06,228,22,16,35,050,35,25,54,072,36,1*79,1763493966868
NMEA,$GBGSV,2,1,07,37,49,047,44,36,17,231,33,32,16,143,33,23,01,050,26,1*7A,1763493966868
NMEA,$GBGSV,2,2,07,22,03,319,41,20,72,159,43,19,54,312,48,1*44,1763493966868
NMEA,$GBGSV,2,1,05,19,54,312,43,20,72,159,38,32,16,143,35,36,17,231,32,3*79,1763493966868
NMEA,$GBGSV,2,2,05,37,49,047,46,3*49,1763493966868
NMEA,$GBGSV,2,1,07,19,54,312,34,20,72,159,33,22,03,319,22,23,01,050,23,5*7E,1763493966868
NMEA,$GBGSV,2,2,07,32,16,143,28,36,17,231,33,37,49,047,38,5*4D,1763493966868
NMEA,$GNGSA,A,3,03,04,07,08,09,16,20,21,27,30,,,0.6,0.4,0.5,1*37,1763493966885
NMEA,$PSSGR,GSA,A,3,03,04,08,09,21,27,30,,,,,,0.6,0.4,0.5,1,8*41,1763493966885
NMEA,$GNGSA,A,3,65,72,75,76,,,,,,,,,0.6,0.4,0.5,2*30,1763493966885
NMEA,$GNGSA,A,3,02,03,05,08,13,15,16,25,,,,,0.6,0.4,0.5,3*3E,1763493966885
NMEA,$PSSGR,GSA,A,3,302,303,305,308,313,315,316,325,,,,,0.6,0.4,0.5,3,1*43,1763493966885
NMEA,$GNGSA,A,3,19,20,32,36,37,,,,,,,,0.6,0.4,0.5,4*39,1763493966885
NMEA,$PSSGR,GSA,A,3,219,220,232,236,237,,,,,,,,0.6,0.4,0.5,4,5*72,1763493966885
NMEA,$GNVTG,314.7,T,301.9,M,2.1,N,3.9,K,E*3A,1763493966885
NMEA,$GNDTM,W84,,0000.000000,N,00000.000000,E,0.000,W84*41,1763493966885
NMEA,$GNRMC,192607.00,A,3725.832305,N,12209.333890,W,2.1,314.7,181125,12.8,E,E,V*7D,1763493966885
NMEA,$GNGNS,192607.00,3725.832305,N,12209.333890,W,EEEEEE,27,0.4,20.8,-32.6,,,V*2C,1763493966885
NMEA,$GNGGA,192607.00,3725.832305,N,12209.333890,W,6,12,0.4,20.8,M,-32.6,M,,*7D,1763493966885
NMEA,$PSMSG,magcal=PASS,bluesky=0*00,1763493966891
NMEA,$GPGSV,3,1,11,03,19,173,34,04,54,099,46,07,52,279,45,08,17,127,50,1*6A,1763493967861
NMEA,$GPGSV,3,2,11,09,75,354,45,16,35,051,46,20,13,320,35,21,14,320,46,1*68,1763493967861
NMEA,$GPGSV,3,3,11,26,03,041,32,27,18,095,37,30,24,263,39,1*5B,1763493967861
NMEA,$GPGSV,3,1,10,03,19,173,26,04,54,099,35,06,04,258,26,08,17,127,35,8*62,1763493967861
NMEA,$GPGSV,3,2,10,09,75,354,40,11,04,296,23,21,14,320,35,26,03,041,27,8*6E,1763493967861
NMEA,$GPGSV,3,3,10,27,18,095,34,30,24,263,31,8*6B,1763493967861
NMEA,$GLGSV,1,1,04,12,62,227,41,11,54,029,45,01,77,099,39,08,23,134,45,1*77,1763493967861
NMEA,$GAGSV,3,1,10,02,49,173,33,03,67,071,43,05,20,107,47,08,47,315,42,7*71,1763493967861
NMEA,$GAGSV,3,2,10,13,13,277,26,15,06,228,22,16,35,050,44,25,54,072,42,7*7E,1763493967861
NMEA,$GAGSV,3,3,10,26,03,325,33,30,05,202,19,7*7F,1763493967861
NMEA,$GAGSV,2,1,08,02,49,173,25,03,67,071,32,05,20,107,30,08,47,315,39,1*72,1763493967861
NMEA,$GAGSV,2,2,08,13,13,277,19,15,06,228,22,16,35,050,33,25,54,072,34,1*7D,1763493967861
NMEA,$GBGSV,2,1,07,37,49,047,44,36,17,231,33,32,16,143,33,23,01,050,26,1*7A,1763493967861
NMEA,$GBGSV,2,2,07,22,03,319,41,20,72,159,43,19,54,312,48,1*44,1763493967861
NMEA,$GBGSV,2,1,05,19,54,312,47,20,72,159,43,32,16,143,36,36,17,231,32,3*72,1763493967861
NMEA,$GBGSV,2,2,05,37,49,047,43,3*4C,1763493967861
NMEA,$GBGSV,2,1,07,19,54,312,39,20,72,159,30,22,03,319,22,23,01,050,23,5*70,1763493967861
NMEA,$GBGSV,2,2,07,32,16,143,28,36,17,231,33,37,49,047,32,5*47,1763493967861
NMEA,$GNGSA,A,3,03,04,07,08,09,16,20,21,27,30,,,0.6,0.4,0.5,1*37,1763493967880
NMEA,$PSSGR,GSA,A,3,03,04,08,09,21,27,30,,,,,,0.6,0.4,0.5,1,8*41,1763493967880
NMEA,$GNGSA,A,3,65,72,75,76,,,,,,,,,0.6,0.4,0.5,2*30,1763493967880
NMEA,$GNGSA,A,3,02,03,05,08,13,15,16,25,,,,,0.6,0.4,0.5,3*3E,1763493967880
NMEA,$PSSGR,GSA,A,3,302,303,305,308,313,315,316,325,,,,,0.6,0.4,0.5,3,1*43,1763493967880
NMEA,$GNGSA,A,3,19,20,32,36,37,,,,,,,,0.6,0.4,0.5,4*39,1763493967880
NMEA,$PSSGR,GSA,A,3,219,220,232,236,237,,,,,,,,0.6,0.4,0.5,4,5*72,1763493967880
NMEA,$GNVTG,313.2,T,300.4,M,2.2,N,4.1,K,E*38,1763493967880
NMEA,$GNDTM,W84,,0000.000000,N,00000.000000,E,0.000,W84*41,1763493967880
NMEA,$GNRMC,192608.00,A,3725.832711,N,12209.334435,W,2.2,313.2,181125,12.8,E,E,V*76,1763493967880
NMEA,$GNGNS,192608.00,3725.832711,N,12209.334435,W,EEEEEE,27,0.4,20.8,-32.6,,,V*26,1763493967880
NMEA,$GNGGA,192608.00,3725.832711,N,12209.334435,W,6,12,0.4,20.8,M,-32.6,M,,*77,1763493967880
NMEA,$PSMSG,magcal=PASS,bluesky=0*00,1763493967887
NMEA,$GPGSV,3,1,11,03,19,173,35,04,54,099,43,07,52,279,44,08,17,127,48,1*66,1763493968860
NMEA,$GPGSV,3,2,11,09,75,354,45,16,35,051,46,20,13,320,39,21,14,320,46,1*64,1763493968860
NMEA,$GPGSV,3,3,11,26,03,041,29,27,18,095,38,30,24,263,38,1*5F,1763493968860
NMEA,$GPGSV,3,1,10,03,19,173,25,04,54,099,35,06,04,258,25,08,17,127,34,8*63,1763493968860
NMEA,$GPGSV,3,2,10,09,75,354,39,11,04,296,23,21,14,320,36,26,03,041,26,8*62,1763493968860
NMEA,$GPGSV,3,3,10,27,18,095,33,30,24,263,31,8*6C,1763493968860
NMEA,$GLGSV,1,1,04,12,62,227,40,11,54,029,44,01,77,099,37,08,23,134,45,1*79,1763493968860
NMEA,$GAGSV,3,1,10,02,49,173,33,03,67,071,43,05,20,107,44,08,47,315,43,7*73,1763493968860
NMEA,$GAGSV,3,2,10,13,13,277,27,15,06,228,22,16,35,050,44,25,54,072,40,7*7D,1763493968860
NMEA,$GAGSV,3,3,10,26,03,325,33,30,05,202,19,7*7F,1763493968860
NMEA,$GAGSV,2,1,08,02,49,173,28,03,67,071,30,05,20,107,27,08,47,315,37,1*75,1763493968860
NMEA,$GAGSV,2,2,08,13,13,277,19,15,06,228,22,16,35,050,35,25,54,072,34,1*7B,1763493968860
NMEA,$GBGSV,2,1,07,37,49,047,44,36,17,231,33,32,16,143,33,23,01,050,26,1*7A,1763493968860
NMEA,$GBGSV,2,2,07,22,03,319,41,20,72,159,43,19,54,312,48,1*44,1763493968860
NMEA,$GBGSV,2,1,05,19,54,312,43,20,72,159,39,32,16,143,37,36,17,231,31,3*79,1763493968860
NMEA,$GBGSV,2,2,05,37,49,047,43,3*4C,1763493968860
NMEA,$GBGSV,2,1,05,19,54,312,37,20,72,159,28,32,16,143,26,36,17,231,33,5*7E,1763493968860
NMEA,$GBGSV,2,2,05,37,49,047,35,5*4B,1763493968860
NMEA,$GNGSA,A,3,03,04,07,08,09,16,20,21,27,30,,,0.6,0.4,0.5,1*37,1763493968877
NMEA,$PSSGR,GSA,A,3,03,04,08,09,21,27,30,,,,,,0.6,0.4,0.5,1,8*41,1763493968877
NMEA,$GNGSA,A,3,65,72,75,76,,,,,,,,,0.6,0.4,0.5,2*30,1763493968877
NMEA,$GNGSA,A,3,02,03,05,08,13,15,16,25,,,,,0.6,0.4,0.5,3*3E,1763493968877
NMEA,$PSSGR,GSA,A,3,302,303,305,308,315,316,325,,,,,,0.6,0.4,0.5,3,1*72,1763493968877
NMEA,$GNGSA,A,3,19,20,32,36,37,,,,,,,,0.6,0.4,0.5,4*39,1763493968877
NMEA,$PSSGR,GSA,A,3,219,220,232,236,237,,,,,,,,0.6,0.4,0.5,4,5*72,1763493968877
NMEA,$GNVTG,320.8,T,308.0,M,2.1,N,3.9,K,E*32,1763493968877
NMEA,$GNDTM,W84,,0000.000000,N,00000.000000,E,0.000,W84*41,1763493968877
NMEA,$GNRMC,192609.00,A,3725.833156,N,12209.334889,W,2.1,320.8,181125,12.8,E,E,V*71,1763493968877
NMEA,$GNGNS,192609.00,3725.833156,N,12209.334889,W,EEEEEE,27,0.4,20.8,-32.6,,,V*28,1763493968877
NMEA,$GNGGA,192609.00,3725.833156,N,12209.334889,W,6,12,0.4,20.8,M,-32.6,M,,*79,1763493968877
NMEA,$PSMSG,magcal=PASS,bluesky=0*00,1763493968882
NMEA,$GPGSV,3,1,11,03,19,173,30,04,54,099,44,07,52,279,45,08,17,127,48,1*65,1763493969859
NMEA,$GPGSV,3,2,11,09,75,354,45,16,35,051,46,20,13,320,39,21,14,320,45,1*67,1763493969859
NMEA,$GPGSV,3,3,11,26,03,041,33,27,18,095,40,30,24,263,37,1*54,1763493969859
NMEA,$GPGSV,3,1,10,03,19,173,28,04,54,099,34,06,04,258,21,08,17,127,32,8*6D,1763493969859
NMEA,$GPGSV,3,2,10,09,75,354,38,11,04,296,24,21,14,320,34,26,03,041,26,8*66,1763493969859
NMEA,$GPGSV,3,3,10,27,18,095,32,30,24,263,30,8*6C,1763493969859
NMEA,$GLGSV,1,1,04,12,62,227,39,11,54,029,44,01,77,099,37,08,23,134,46,1*74,1763493969859
NMEA,$GAGSV,3,1,10,02,49,173,36,03,67,071,42,05,20,107,43,08,47,315,42,7*71,1763493969859
NMEA,$GAGSV,3,2,10,13,13,277,27,15,06,228,22,16,35,050,43,25,54,072,38,7*75,1763493969859
NMEA,$GAGSV,3,3,10,26,03,325,33,30,05,202,19,7*7F,1763493969859
NMEA,$GAGSV,2,1,08,02,49,173,29,03,67,071,30,05,20,107,26,08,47,315,37,1*75,1763493969859
NMEA,$GAGSV,2,2,08,13,13,277,19,15,06,228,21,16,35,050,35,25,54,072,34,1*78,1763493969859
NMEA,$GBGSV,2,1,07,37,49,047,44,36,17,231,33,32,16,143,33,23,01,050,26,1*7A,1763493969859
NMEA,$GBGSV,2,2,07,22,03,319,41,20,72,159,43,19,54,312,48,1*44,1763493969859
NMEA,$GBGSV,2,1,05,19,54,312,42,20,72,159,39,32,16,143,32,36,17,231,30,3*7C,1763493969859
NMEA,$GBGSV,2,2,05,37,49,047,44,3*4B,1763493969859
NMEA,$GBGSV,2,1,05,19,54,312,34,20,72,159,29,32,16,143,27,36,17,231,32,5*7C,1763493969859
NMEA,$GBGSV,2,2,05,37,49,047,36,5*48,1763493969859
NMEA,$GNGSA,A,3,03,04,07,08,09,16,20,21,27,30,,,0.6,0.4,0.5,1*37,1763493969877
NMEA,$PSSGR,GSA,A,3,03,04,08,09,21,27,30,,,,,,0.6,0.4,0.5,1,8*41,1763493969877
NMEA,$GNGSA,A,3,65,72,75,76,,,,,,,,,0.6,0.4,0.5,2*30,1763493969877
NMEA,$GNGSA,A,3,02,03,05,08,13,15,16,25,,,,,0.6,0.4,0.5,3*3E,1763493969877
NMEA,$PSSGR,GSA,A,3,302,303,305,308,315,316,325,,,,,,0.6,0.4,0.5,3,1*72,1763493969877
NMEA,$GNGSA,A,3,19,20,32,36,37,,,,,,,,0.6,0.4,0.5,4*39,1763493969877
NMEA,$PSSGR,GSA,A,3,219,220,232,236,237,,,,,,,,0.6,0.4,0.5,4,5*72,1763493969877
NMEA,$GNVTG,315.2,T,302.4,M,2.0,N,3.7,K,E*3F,1763493969877
NMEA,$GNDTM,W84,,0000.000000,N,00000.000000,E,0.000,W84*41,1763493969877
NMEA,$GNRMC,192610.00,A,3725.833571,N,12209.335366,W,2.0,315.2,181125,12.8,E,E,V*7E,1763493969877
NMEA,$GNGNS,192610.00,3725.833571,N,12209.335366,W,EEEEEE,27,0.4,20.8,-32.6,,,V*2A,1763493969877
NMEA,$GNGGA,192610.00,3725.833571,N,12209.335366,W,6,12,0.4,20.8,M,-32.6,M,,*7B,1763493969877
NMEA,$PSMSG,magcal=PASS,bluesky=0*00,1763493969881
NMEA,$GPGSV,3,1,11,03,19,173,37,04,54,099,43,07,52,279,45,08,17,127,47,1*6A,1763493970865
NMEA,$GPGSV,3,2,11,09,75,354,46,16,35,051,47,20,13,320,39,21,14,320,45,1*65,1763493970865
NMEA,$GPGSV,3,3,11,26,03,041,35,27,18,095,42,30,24,263,37,1*50,1763493970865
NMEA,$GPGSV,3,1,10,03,19,173,29,04,54,099,35,06,04,258,21,08,17,127,32,8*6D,1763493970865
NMEA,$GPGSV,3,2,10,09,75,354,39,11,04,296,27,21,14,320,33,26,03,041,27,8*62,1763493970865
NMEA,$GPGSV,3,3,10,27,18,095,33,30,24,263,29,8*65,1763493970865
NMEA,$GLGSV,1,1,04,12,62,227,40,11,54,029,44,01,77,099,38,08,23,134,45,1*76,1763493970865
NMEA,$GAGSV,3,1,10,02,49,173,38,03,67,071,44,05,20,107,46,08,47,315,44,7*7A,1763493970865
NMEA,$GAGSV,3,2,10,13,13,277,23,15,06,228,22,16,35,050,45,25,54,072,40,7*78,1763493970865
NMEA,$GAGSV,3,3,10,26,03,325,33,30,05,202,19,7*7F,1763493970865
NMEA,$GAGSV,2,1,08,02,49,173,28,03,67,071,30,05,20,107,28,08,47,315,36,1*7B,1763493970865
NMEA,$GAGSV,2,2,08,13,13,277,19,15,06,228,21,16,35,050,36,25,54,072,36,1*79,1763493970865
NMEA,$GBGSV,2,1,07,37,49,047,44,36,17,231,33,32,16,143,33,23,01,050,26,1*7A,1763493970865
NMEA,$GBGSV,2,2,07,22,03,319,41,20,72,159,43,19,54,312,48,1*44,1763493970865
NMEA,$GBGSV,2,1,05,19,54,312,45,20,72,159,40,32,16,143,32,36,17,231,31,3*74,1763493970865
NMEA,$GBGSV,2,2,05,37,49,047,45,3*4A,1763493970865
NMEA,$GBGSV,2,1,05,19,54,312,35,20,72,159,27,32,16,143,23,36,17,231,29,5*7D,1763493970865
NMEA,$GBGSV,2,2,05,37,49,047,38,5*46,1763493970865
NMEA,$GNGSA,A,3,03,04,07,08,09,16,20,21,27,30,,,0.6,0.4,0.5,1*37,1763493970885
NMEA,$PSSGR,GSA,A,3,03,04,08,09,21,27,30,,,,,,0.6,0.4,0.5,1,8*41,1763493970885
NMEA,$GNGSA,A,3,65,72,75,76,,,,,,,,,0.6,0.4,0.5,2*30,1763493970885
NMEA,$GNGSA,A,3,02,03,05,08,13,15,16,25,,,,,0.6,0.4,0.5,3*3E,1763493970885
NMEA,$PSSGR,GSA,A,3,302,303,305,308,315,316,325,,,,,,0.6,0.4,0.5,3,1*72,1763493970885
NMEA,$GNGSA,A,3,19,20,32,36,37,,,,,,,,0.6,0.4,0.5,4*39,1763493970885
NMEA,$PSSGR,GSA,A,3,219,220,232,236,237,,,,,,,,0.6,0.4,0.5,4,5*72,1763493970885
NMEA,$GNVTG,320.6,T,307.8,M,2.1,N,3.9,K,E*3B,1763493970885
NMEA,$GNDTM,W84,,0000.000000,N,00000.000000,E,0.000,W84*41,1763493970885
NMEA,$GNRMC,192611.00,A,3725.834056,N,12209.335795,W,2.1,320.6,181125,12.8,E,E,V*73,1763493970885
NMEA,$GNGNS,192611.00,3725.834056,N,12209.335795,W,EEEEEE,27,0.4,20.8,-32.6,,,V*24,1763493970885
NMEA,$GNGGA,192611.00,3725.834056,N,12209.335795,W,6,12,0.4,20.8,M,-32.6,M,,*75,1763493970885
NMEA,$PSMSG,magcal=PASS,bluesky=0*00,1763493970889
NMEA,$GPGSV,3,1,11,03,19,173,37,04,54,099,42,07,52,279,47,08,17,127,48,1*66,1763493971862
NMEA,$GPGSV,3,2,11,09,75,354,46,16,35,051,47,20,13,320,38,21,14,320,45,1*64,1763493971862
NMEA,$GPGSV,3,3,11,26,03,041,32,27,18,095,42,30,24,263,35,1*55,1763493971862
NMEA,$GPGSV,3,1,10,03,19,173,31,04,54,099,34,06,04,258,21,08,17,127,33,8*64,1763493971862
NMEA,$GPGSV,3,2,10,09,75,354,40,11,04,296,26,21,14,320,31,26,03,041,26,8*6E,1763493971862
NMEA,$GPGSV,3,3,10,27,18,095,33,30,24,263,29,8*65,1763493971862
NMEA,$GLGSV,1,1,04,12,62,227,39,11,54,029,44,01,77,099,37,08,23,134,45,1*77,1763493971862
NMEA,$GAGSV,3,1,10,02,49,173,37,03,67,071,44,05,20,107,46,08,47,315,46,7*77,1763493971862
NMEA,$GAGSV,3,2,10,13,13,277,24,15,06,228,22,16,35,050,46,25,54,072,41,7*7D,1763493971862
NMEA,$GAGSV,3,3,10,26,03,325,33,30,05,202,19,7*7F,1763493971862
NMEA,$GAGSV,2,1,08,02,49,173,25,03,67,071,30,05,20,107,27,08,47,315,37,1*78,1763493971862
NMEA,$GAGSV,2,2,08,13,13,277,19,15,06,228,28,16,35,050,37,25,54,072,36,1*71,1763493971862
NMEA,$GBGSV,2,1,07,37,49,047,44,36,17,231,33,32,16,143,33,23,01,050,26,1*7A,1763493971862
NMEA,$GBGSV,2,2,07,22,03,319,41,20,72,159,43,19,54,312,48,1*44,1763493971862
NMEA,$GBGSV,2,1,05,19,54,312,42,20,72,159,38,32,16,143,35,36,17,231,27,3*7C,1763493971862
NMEA,$GBGSV,2,2,05,37,49,047,46,3*49,1763493971862
NMEA,$GBGSV,2,1,05,19,54,312,36,20,72,159,32,32,16,143,22,36,17,231,29,5*7B,1763493971862
NMEA,$GBGSV,2,2,05,37,49,047,37,5*49,1763493971862
NMEA,$GNGSA,A,3,03,04,07,08,09,16,20,21,27,30,,,0.7,0.4,0.5,1*36,1763493971881
NMEA,$PSSGR,GSA,A,3,03,04,08,09,21,27,30,,,,,,0.7,0.4,0.5,1,8*40,1763493971881
NMEA,$GNGSA,A,3,65,72,75,76,,,,,,,,,0.7,0.4,0.5,2*31,1763493971881
NMEA,$GNGSA,A,3,02,03,05,08,13,15,16,25,,,,,0.7,0.4,0.5,3*3F,1763493971881
NMEA,$PSSGR,GSA,A,3,302,303,305,308,315,316,325,,,,,,0.7,0.4,0.5,3,1*73,1763493971881
NMEA,$GNGSA,A,3,19,20,32,36,37,,,,,,,,0.7,0.4,0.5,4*38,1763493971881
NMEA,$PSSGR,GSA,A,3,219,220,232,236,237,,,,,,,,0.7,0.4,0.5,4,5*73,1763493971881
NMEA,$GNVTG,319.0,T,306.2,M,2.1,N,3.9,K,E*3C,1763493971881
NMEA,$GNDTM,W84,,0000.000000,N,00000.000000,E,0.000,W84*41,1763493971881
NMEA,$GNRMC,192612.00,A,3725.834498,N,12209.336306,W,2.1,319.0,181125,12.8,E,E,V*77,1763493971881
NMEA,$GNGNS,192612.00,3725.834498,N,12209.336306,W,EEEEEE,27,0.4,21.0,-32.6,,,V*25,1763493971881
NMEA,$GNGGA,192612.00,3725.834498,N,12209.336306,W,6,12,0.4,21.0,M,-32.6,M,,*74,1763493971881
NMEA,$PSMSG,magcal=PASS,bluesky=0*00,1763493971889
NMEA,$GPGSV,3,1,11,03,19,173,41,04,54,099,44,07,52,279,46,08,17,127,48,1*60,1763493972864
NMEA,$GPGSV,3,2,11,09,75,354,46,16,35,051,47,20,13,320,31,21,14,320,44,1*6C,1763493972864
NMEA,$GPGSV,3,3,11,26,03,041,31,27,18,095,38,30,24,263,37,1*59,1763493972864
NMEA,$GPGSV,3,1,10,03,19,173,31,04,54,099,35,06,04,258,21,08,17,127,30,8*66,1763493972864
NMEA,$GPGSV,3,2,10,09,75,354,42,11,04,296,26,21,14,320,33,26,03,041,26,8*6E,1763493972864
NMEA,$GPGSV,3,3,10,27,18,095,32,30,24,263,32,8*6E,1763493972864
NMEA,$GLGSV,1,1,04,12,62,227,39,11,54,029,45,01,77,099,37,08,23,134,43,1*70,1763493972864
NMEA,$GAGSV,3,1,10,02,49,173,44,03,67,071,44,05,20,107,45,08,47,315,45,7*73,1763493972864
NMEA,$GAGSV,3,2,10,13,13,277,26,15,06,228,22,16,35,050,46,25,54,072,43,7*7D,1763493972864
NMEA,$GAGSV,3,3,10,26,03,325,33,30,05,202,29,7*7C,1763493972864
NMEA,$GAGSV,2,1,08,02,49,173,30,03,67,071,28,05,20,107,28,08,47,315,39,1*74,1763493972864
NMEA,$GAGSV,2,2,08,13,13,277,21,15,06,228,28,16,35,050,35,25,54,072,35,1*7B,1763493972864
NMEA,$GBGSV,2,1,07,37,49,047,42,36,17,231,26,32,16,143,36,23,01,050,27,1*7C,1763493972864
NMEA,$GBGSV,2,2,07,22,03,319,40,20,72,159,45,19,54,312,48,1*43,1763493972864
NMEA,$GBGSV,2,1,05,19,54,312,45,20,72,159,42,32,16,143,33,36,17,231,24,3*73,1763493972864
NMEA,$GBGSV,2,2,05,37,49,047,45,3*4A,1763493972864
NMEA,$GBGSV,2,1,06,19,54,312,38,20,72,159,29,22,03,319,25,32,16,143,25,5*7C,1763493972864
NMEA,$GBGSV,2,2,06,36,17,231,23,37,49,047,34,5*7B,1763493972864
NMEA,$GNGSA,A,3,03,04,07,08,09,16,20,21,27,30,,,0.6,0.4,0.5,1*37,1763493972887
NMEA,$PSSGR,GSA,A,3,03,04,08,09,21,27,30,,,,,,0.6,0.4,0.5,1,8*41,1763493972887
NMEA,$GNGSA,A,3,65,72,75,76,,,,,,,,,0.6,0.4,0.5,2*30,1763493972887
NMEA,$GNGSA,A,3,02,03,05,08,13,15,16,25,30,,,,0.6,0.4,0.5,3*3D,1763493972887
NMEA,$PSSGR,GSA,A,3,302,303,305,308,315,316,325,,,,,,0.6,0.4,0.5,3,1*72,1763493972887
NMEA,$GNGSA,A,3,19,20,32,36,37,,,,,,,,0.6,0.4,0.5,4*39,1763493972887
NMEA,$PSSGR,GSA,A,3,219,220,232,236,237,,,,,,,,0.6,0.4,0.5,4,5*72,1763493972887
NMEA,$GNVTG,315.5,T,302.7,M,2.1,N,4.0,K,E*3A,1763493972887
NMEA,$GNDTM,W84,,0000.000000,N,00000.000000,E,0.000,W84*41,1763493972887
NMEA,$GNRMC,192613.00,A,3725.834943,N,12209.336892,W,2.1,315.5,181125,12.8,E,E,V*72,1763493972887
NMEA,$GNGNS,192613.00,3725.834943,N,12209.336892,W,EEEEEE,28,0.4,20.8,-32.6,,,V*2F,1763493972887
NMEA,$GNGGA,192613.00,3725.834943,N,12209.336892,W,6,12,0.4,20.8,M,-32.6,M,,*71,1763493972887
NMEA,$PSMSG,magcal=PASS,bluesky=0*00,1763493972894
NMEA,$GPGSV,3,1,11,03,19,173,39,04,54,099,45,07,52,279,45,08,17,127,47,1*62,1763493973862
NMEA,$GPGSV,3,2,11,09,75,354,46,16,35,051,46,20,13,320,33,21,14,320,45,1*6E,1763493973862
NMEA,$GPGSV,3,3,11,26,03,041,33,27,18,095,40,30,24,263,39,1*5A,1763493973862
NMEA,$GPGSV,3,1,10,03,19,173,32,04,54,099,35,06,04,258,25,08,17,127,33,8*62,1763493973862
NMEA,$GPGSV,3,2,10,09,75,354,41,11,04,296,26,21,14,320,30,26,03,041,33,8*6A,1763493973862
NMEA,$GPGSV,3,3,10,27,18,095,33,30,24,263,30,8*6D,1763493973862
NMEA,$GLGSV,1,1,04,12,62,227,39,11,54,029,45,01,77,099,38,08,23,134,46,1*7A,1763493973862
NMEA,$GAGSV,3,1,10,02,49,173,43,03,67,071,43,05,20,107,46,08,47,315,44,7*71,1763493973862
NMEA,$GAGSV,3,2,10,13,13,277,30,15,06,228,20,16,35,050,44,25,54,072,43,7*7A,1763493973862
NMEA,$GAGSV,3,3,10,26,03,325,34,30,05,202,26,7*74,1763493973862
NMEA,$GAGSV,2,1,08,02,49,173,33,03,67,071,29,05,20,107,30,08,47,315,39,1*7F,1763493973862
NMEA,$GAGSV,2,2,08,13,13,277,25,15,06,228,28,16,35,050,36,25,54,072,36,1*7F,1763493973862
NMEA,$GBGSV,2,1,07,37,49,047,42,36,17,231,27,32,16,143,33,23,01,050,27,1*78,1763493973862
NMEA,$GBGSV,2,2,07,22,03,319,39,20,72,159,46,19,54,312,48,1*4E,1763493973862
NMEA,$GBGSV,2,1,05,19,54,312,44,20,72,159,42,32,16,143,33,36,17,231,27,3*71,1763493973862
NMEA,$GBGSV,2,2,05,37,49,047,44,3*4B,1763493973862
NMEA,$GBGSV,2,1,06,19,54,312,38,20,72,159,29,22,03,319,25,32,16,143,25,5*7C,1763493973862
NMEA,$GBGSV,2,2,06,36,17,231,26,37,49,047,36,5*7C,1763493973862
NMEA,$GNGSA,A,3,03,04,07,08,09,16,20,21,27,30,,,0.6,0.4,0.5,1*37,1763493973883
NMEA,$PSSGR,GSA,A,3,03,04,08,09,21,27,30,,,,,,0.6,0.4,0.5,1,8*41,1763493973883
NMEA,$GNGSA,A,3,65,72,75,76,,,,,,,,,0.6,0.4,0.5,2*30,1763493973883
NMEA,$GNGSA,A,3,02,03,05,08,13,15,16,25,30,,,,0.6,0.4,0.5,3*3D,1763493973883
NMEA,$PSSGR,GSA,A,3,302,303,305,308,315,316,325,,,,,,0.6,0.4,0.5,3,1*72,1763493973883
NMEA,$GNGSA,A,3,19,20,32,36,37,,,,,,,,0.6,0.4,0.5,4*39,1763493973883
NMEA,$PSSGR,GSA,A,3,219,220,232,236,237,,,,,,,,0.6,0.4,0.5,4,5*72,1763493973883
NMEA,$GNVTG,317.0,T,304.2,M,2.1,N,3.9,K,E*30,1763493973883
NMEA,$GNDTM,W84,,0000.000000,N,00000.000000,E,0.000,W84*41,1763493973883
NMEA,$GNRMC,192614.00,A,3725.835347,N,12209.337458,W,2.1,317.0,181125,12.8,E,E,V*76,1763493973883
NMEA,$GNGNS,192614.00,3725.835347,N,12209.337458,W,EEEEEE,28,0.4,20.8,-32.6,,,V*2C,1763493973883
NMEA,$GNGGA,192614.00,3725.835347,N,12209.337458,W,6,12,0.4,20.8,M,-32.6,M,,*72,1763493973883
NMEA,$PSMSG,magcal=PASS,bluesky=0*00,1763493973890
NMEA,$GPGSV,3,1,12,03,19,173,36,04,54,099,45,07,52,279,46,08,17,127,48,1*62,1763493974861
NMEA,$GPGSV,3,2,12,09,75,354,45,11,04,296,33,16,35,051,46,20,13,320,38,1*6A,1763493974861
NMEA,$GPGSV,3,3,12,21,14,320,45,26,03,041,32,27,18,095,40,30,24,263,37,1*60,1763493974861
NMEA,$GPGSV,3,1,10,03,19,173,28,04,54,099,35,06,04,258,25,08,17,127,33,8*69,1763493974861
NMEA,$GPGSV,3,2,10,09,75,354,41,11,04,296,25,21,14,320,33,26,03,041,30,8*69,1763493974861
NMEA,$GPGSV,3,3,10,27,18,095,35,30,24,263,31,8*6A,1763493974861
NMEA,$GLGSV,1,1,04,12,62,227,39,11,54,029,44,01,77,099,39,08,23,134,46,1*7A,1763493974861
NMEA,$GAGSV,3,1,10,02,49,173,42,03,67,071,43,05,20,107,46,08,47,315,42,7*76,1763493974861
NMEA,$GAGSV,3,2,10,13,13,277,34,15,06,228,20,16,35,050,44,25,54,072,43,7*7E,1763493974861
NMEA,$GAGSV,3,3,10,26,03,325,30,30,05,202,26,7*70,1763493974861
NMEA,$GAGSV,2,1,08,02,49,173,32,03,67,071,30,05,20,107,29,08,47,315,38,1*7F,1763493974861
NMEA,$GAGSV,2,2,08,13,13,277,24,15,06,228,28,16,35,050,35,25,54,072,35,1*7E,1763493974861
NMEA,$GBGSV,2,1,07,37,49,047,42,36,17,231,31,32,16,143,36,23,01,050,26,1*7B,1763493974861
NMEA,$GBGSV,2,2,07,22,03,319,41,20,72,159,46,19,54,312,48,1*41,1763493974861
NMEA,$GBGSV,2,1,05,19,54,312,45,20,72,159,42,32,16,143,33,36,17,231,29,3*7E,1763493974861
NMEA,$GBGSV,2,2,05,37,49,047,43,3*4C,1763493974861
NMEA,$GBGSV,2,1,06,19,54,312,37,20,72,159,28,22,03,319,25,32,16,143,23,5*74,1763493974861
NMEA,$GBGSV,2,2,06,36,17,231,31,37,49,047,32,5*7E,1763493974861
NMEA,$GNGSA,A,3,03,04,07,08,09,16,20,21,27,30,,,0.6,0.4,0.5,1*37,1763493974878
NMEA,$PSSGR,GSA,A,3,03,04,08,09,21,27,30,,,,,,0.6,0.4,0.5,1,8*41,1763493974878
NMEA,$GNGSA,A,3,65,72,75,76,,,,,,,,,0.6,0.4,0.5,2*30,1763493974878
NMEA,$GNGSA,A,3,02,03,05,08,13,15,16,25,30,,,,0.6,0.4,0.5,3*3D,1763493974878
NMEA,$PSSGR,GSA,A,3,302,303,305,308,315,316,325,,,,,,0.6,0.4,0.5,3,1*72,1763493974878
NMEA,$GNGSA,A,3,19,20,32,36,37,,,,,,,,0.6,0.4,0.5,4*39,1763493974878
NMEA,$PSSGR,GSA,A,3,219,220,232,236,237,,,,,,,,0.6,0.4,0.5,4,5*72,1763493974878
NMEA,$GNVTG,316.3,T,303.5,M,2.2,N,4.0,K,E*3F,1763493974878
NMEA,$GNDTM,W84,,0000.000000,N,00000.000000,E,0.000,W84*41,1763493974878
NMEA,$GNRMC,192615.00,A,3725.835798,N,12209.338036,W,2.2,316.3,181125,12.8,E,E,V*73,1763493974878
NMEA,$GNGNS,192615.00,3725.835798,N,12209.338036,W,EEEEEE,28,0.4,20.8,-32.6,,,V*28,1763493974878
NMEA,$GNGGA,192615.00,3725.835798,N,12209.338036,W,6,12,0.4,20.8,M,-32.6,M,,*76,1763493974878
NMEA,$PSMSG,magcal=PASS,bluesky=0*00,1763493974882
NMEA,$GPGSV,3,1,11,03,19,173,38,04,54,099,44,07,52,279,46,08,17,127,48,1*6E,1763493975860
NMEA,$GPGSV,3,2,11,09,75,354,46,16,35,051,46,20,13,320,38,21,14,320,47,1*67,1763493975860
NMEA,$GPGSV,3,3,11,26,03,041,31,27,18,095,42,30,24,263,36,1*55,1763493975860
NMEA,$GPGSV,3,1,10,03,19,173,28,04,54,099,35,06,04,258,21,08,17,127,32,8*6C,1763493975860
NMEA,$GPGSV,3,2,10,09,75,354,41,11,04,296,28,21,14,320,32,26,03,041,31,8*64,1763493975860
NMEA,$GPGSV,3,3,10,27,18,095,36,30,24,263,31,8*69,1763493975860
NMEA,$GLGSV,1,1,04,12,62,227,38,11,54,029,44,01,77,099,38,08,23,134,44,1*78,1763493975860
NMEA,$GAGSV,3,1,10,02,49,173,38,03,67,071,44,05,20,107,46,08,47,315,44,7*7A,1763493975860
NMEA,$GAGSV,3,2,10,13,13,277,32,15,06,228,20,16,35,050,44,25,54,072,41,7*7A,1763493975860
NMEA,$GAGSV,3,3,10,26,03,325,28,30,05,202,26,7*79,1763493975860
NMEA,$GAGSV,2,1,08,02,49,173,27,03,67,071,30,05,20,107,30,08,47,315,39,1*72,1763493975860
NMEA,$GAGSV,2,2,08,13,13,277,25,15,06,228,18,16,35,050,36,25,54,072,36,1*7C,1763493975860
NMEA,$GBGSV,2,1,07,37,49,047,43,36,17,231,34,32,16,143,33,23,01,050,29,1*75,1763493975860
NMEA,$GBGSV,2,2,07,22,03,319,42,20,72,159,45,19,54,312,48,1*41,1763493975860
NMEA,$GBGSV,2,1,05,19,54,312,43,20,72,159,40,32,16,143,32,36,17,231,32,3*71,1763493975860
NMEA,$GBGSV,2,2,05,37,49,047,44,3*4B,1763493975860
NMEA,$GBGSV,2,1,06,19,54,312,37,20,72,159,27,22,03,319,25,32,16,143,22,5*7A,1763493975860
NMEA,$GBGSV,2,2,06,36,17,231,33,37,49,047,35,5*7B,1763493975860
NMEA,$GNGSA,A,3,03,04,07,08,09,16,20,21,27,30,,,0.6,0.4,0.5,1*37,1763493975883
NMEA,$PSSGR,GSA,A,3,03,04,08,09,21,27,30,,,,,,0.6,0.4,0.5,1,8*41,1763493975883
NMEA,$GNGSA,A,3,65,72,75,76,,,,,,,,,0.6,0.4,0.5,2*30,1763493975883
NMEA,$GNGSA,A,3,02,03,05,08,13,15,16,25,30,,,,0.6,0.4,0.5,3*3D,1763493975883
NMEA,$PSSGR,GSA,A,3,302,303,305,308,313,315,316,325,,,,,0.6,0.4,0.5,3,1*43,1763493975883
NMEA,$GNGSA,A,3,19,20,32,36,37,,,,,,,,0.6,0.4,0.5,4*39,1763493975883
NMEA,$PSSGR,GSA,A,3,219,220,232,236,237,,,,,,,,0.6,0.4,0.5,4,5*72,1763493975883
NMEA,$GNVTG,319.9,T,307.1,M,2.2,N,4.1,K,E*3B,1763493975883
NMEA,$GNDTM,W84,,0000.000000,N,00000.000000,E,0.000,W84*41,1763493975883
NMEA,$GNRMC,192616.00,A,3725.836283,N,12209.338560,W,2.2,319.9,181125,12.8,E,E,V*7F,1763493975883
NMEA,$GNGNS,192616.00,3725.836283,N,12209.338560,W,EEEEEE,28,0.4,20.6,-32.6,,,V*2F,1763493975883
NMEA,$GNGGA,192616.00,3725.836283,N,12209.338560,W,6,12,0.4,20.6,M,-32.6,M,,*71,1763493975883
NMEA,$PSMSG,magcal=PASS,bluesky=0*00,1763493975888
NMEA,$GPGSV,3,1,11,03,19,173,34,04,54,099,42,07,52,279,47,08,17,127,48,1*65,1763493976860
NMEA,$GPGSV,3,2,11,09,75,354,46,16,35,051,46,20,13,320,42,21,14,320,48,1*65,1763493976860
NMEA,$GPGSV,3,3,11,26,03,041,36,27,18,095,43,30,24,263,35,1*50,1763493976860
NMEA,$GPGSV,3,1,10,03,19,173,29,04,54,099,35,06,04,258,21,08,17,127,32,8*6D,1763493976860
NMEA,$GPGSV,3,2,10,09,75,354,42,11,04,296,30,21,14,320,30,26,03,041,24,8*68,1763493976860
NMEA,$GPGSV,3,3,10,27,18,095,33,30,24,263,28,8*64,1763493976860
NMEA,$GLGSV,1,1,04,12,62,227,39,11,54,029,44,01,77,099,40,08,23,134,44,1*76,1763493976860
NMEA,$GAGSV,3,1,10,02,49,173,37,03,67,071,43,05,20,107,46,08,47,315,45,7*73,1763493976860
NMEA,$GAGSV,3,2,10,13,13,277,33,15,06,228,20,16,35,050,44,25,54,072,42,7*78,1763493976860
NMEA,$GAGSV,3,3,10,26,03,325,32,30,05,202,26,7*72,1763493976860
NMEA,$GAGSV,2,1,08,02,49,173,26,03,67,071,31,05,20,107,29,08,47,315,39,1*7A,1763493976860
NMEA,$GAGSV,2,2,08,13,13,277,25,15,06,228,18,16,35,050,34,25,54,072,36,1*7E,1763493976860
NMEA,$GBGSV,2,1,07,37,49,047,43,36,17,231,32,32,16,143,33,23,01,050,26,1*7C,1763493976860
NMEA,$GBGSV,2,2,07,22,03,319,43,20,72,159,44,19,54,312,48,1*41,1763493976860
NMEA,$GBGSV,2,1,05,19,54,312,43,20,72,159,40,32,16,143,32,36,17,231,31,3*72,1763493976860
NMEA,$GBGSV,2,2,05,37,49,047,45,3*4A,1763493976860
NMEA,$GBGSV,2,1,07,19,54,312,37,20,72,159,31,22,03,319,24,23,01,050,18,5*71,1763493976860
NMEA,$GBGSV,2,2,07,32,16,143,24,36,17,231,34,37,49,047,37,5*49,1763493976860
NMEA,$GNGSA,A,3,03,04,07,08,09,16,20,21,27,30,,,0.6,0.4,0.5,1*37,1763493976880
NMEA,$PSSGR,GSA,A,3,03,04,08,09,21,27,30,,,,,,0.6,0.4,0.5,1,8*41,1763493976880
NMEA,$GNGSA,A,3,65,72,75,76,,,,,,,,,0.6,0.4,0.5,2*30,1763493976880
NMEA,$GNGSA,A,3,02,03,05,08,13,15,16,25,30,,,,0.6,0.4,0.5,3*3D,1763493976880
NMEA,$PSSGR,GSA,A,3,302,303,305,308,313,315,316,325,,,,,0.6,0.4,0.5,3,1*43,1763493976880
NMEA,$GNGSA,A,3,19,20,32,36,37,,,,,,,,0.6,0.4,0.5,4*39,1763493976880
NMEA,$PSSGR,GSA,A,3,219,220,232,236,237,,,,,,,,0.6,0.4,0.5,4,5*72,1763493976880
NMEA,$GNVTG,315.9,T,303.1,M,2.0,N,3.7,K,E*30,1763493976880
NMEA,$GNDTM,W84,,0000.000000,N,00000.000000,E,0.000,W84*41,1763493976880
NMEA,$GNRMC,192617.00,A,3725.836692,N,12209.339016,W,2.0,315.9,181125,12.8,E,E,V*71,1763493976880
NMEA,$GNGNS,192617.00,3725.836692,N,12209.339016,W,EEEEEE,28,0.4,20.8,-32.6,,,V*21,1763493976880
NMEA,$GNGGA,192617.00,3725.836692,N,12209.339016,W,6,12,0.4,20.8,M,-32.6,M,,*7F,1763493976880
NMEA,$PSMSG,magcal=PASS,bluesky=0*00,1763493976885
NMEA,$GPGSV,3,1,11,03,19,173,36,04,54,099,43,07,52,279,47,08,17,127,48,1*66,1763493977859
NMEA,$GPGSV,3,2,11,09,75,354,46,16,35,051,45,20,13,320,43,21,14,320,47,1*68,1763493977859
NMEA,$GPGSV,3,3,11,26,03,041,34,27,18,095,45,30,24,263,31,1*50,1763493977859
NMEA,$GPGSV,3,1,10,03,19,173,24,04,54,099,35,06,04,258,21,08,17,127,32,8*60,1763493977859
NMEA,$GPGSV,3,2,10,09,75,354,42,11,04,296,30,21,14,320,31,26,03,041,27,8*6A,1763493977859
NMEA,$GPGSV,3,3,10,27,18,095,36,30,24,263,28,8*61,1763493977859
NMEA,$GLGSV,1,1,04,12,62,227,39,11,54,029,45,01,77,099,39,08,23,134,47,1*7A,1763493977859
NMEA,$GAGSV,3,1,10,02,49,173,37,03,67,071,44,05,20,107,45,08,47,315,46,7*74,1763493977859
NMEA,$GAGSV,3,2,10,13,13,277,33,15,06,228,20,16,35,050,43,25,54,072,41,7*7C,1763493977859
NMEA,$GAGSV,3,3,10,26,03,325,35,30,05,202,17,7*77,1763493977859
NMEA,$GAGSV,2,1,08,02,49,173,30,03,67,071,31,05,20,107,27,08,47,315,39,1*73,1763493977859
NMEA,$GAGSV,2,2,08,13,13,277,26,15,06,228,19,16,35,050,35,25,54,072,35,1*7E,1763493977859
NMEA,$GBGSV,2,1,07,37,49,047,44,36,17,231,32,32,16,143,37,23,01,050,28,1*71,1763493977859
NMEA,$GBGSV,2,2,07,22,03,319,43,20,72,159,44,19,54,312,47,1*4E,1763493977859
NMEA,$GBGSV,2,1,05,19,54,312,42,20,72,159,40,32,16,143,37,36,17,231,31,3*76,1763493977859
NMEA,$GBGSV,2,2,05,37,49,047,45,3*4A,1763493977859
NMEA,$GBGSV,2,1,07,19,54,312,37,20,72,159,32,22,03,319,24,23,01,050,18,5*72,1763493977859
NMEA,$GBGSV,2,2,07,32,16,143,26,36,17,231,33,37,49,047,37,5*4C,1763493977859
NMEA,$GNGSA,A,3,03,04,07,08,09,16,20,21,27,30,,,0.6,0.4,0.5,1*37,1763493977881
NMEA,$PSSGR,GSA,A,3,03,04,08,09,21,27,30,,,,,,0.6,0.4,0.5,1,8*41,1763493977881
NMEA,$GNGSA,A,3,65,72,75,76,,,,,,,,,0.6,0.4,0.5,2*30,1763493977881
NMEA,$GNGSA,A,3,02,03,05,08,13,16,25,30,,,,,0.6,0.4,0.5,3*39,1763493977881
NMEA,$PSSGR,GSA,A,3,302,303,305,308,313,316,325,,,,,,0.6,0.4,0.5,3,1*74,1763493977881
NMEA,$GNGSA,A,3,19,20,32,36,37,,,,,,,,0.6,0.4,0.5,4*39,1763493977881
NMEA,$PSSGR,GSA,A,3,219,220,232,236,237,,,,,,,,0.6,0.4,0.5,4,5*72,1763493977881
NMEA,$GNVTG,313.7,T,300.9,M,2.1,N,3.8,K,E*3D,1763493977881
NMEA,$GNDTM,W84,,0000.000000,N,00000.000000,E,0.000,W84*41,1763493977881
NMEA,$GNRMC,192618.00,A,3725.837081,N,12209.339525,W,2.1,313.7,181125,12.8,E,E,V*77,1763493977881
NMEA,$GNGNS,192618.00,3725.837081,N,12209.339525,W,EEEEEE,27,0.4,20.9,-32.6,,,V*20,1763493977881
NMEA,$GNGGA,192618.00,3725.837081,N,12209.339525,W,6,12,0.4,20.9,M,-32.6,M,,*71,1763493977881
NMEA,$PSMSG,magcal=PASS,bluesky=0*00,1763493977889
NMEA,$GPGSV,3,1,11,03,19,173,36,04,54,099,45,07,52,279,47,08,17,127,49,1*61,1763493978862
NMEA,$GPGSV,3,2,11,09,75,354,45,16,35,051,46,20,13,320,41,21,14,320,45,1*68,1763493978862
NMEA,$GPGSV,3,3,11,26,03,041,33,27,18,095,42,30,24,263,29,1*59,1763493978862
NMEA,$GPGSV,3,1,10,03,19,173,26,04,54,099,33,06,04,258,18,08,17,127,33,8*6F,1763493978862
NMEA,$GPGSV,3,2,10,09,75,354,42,11,04,296,26,21,14,320,34,26,03,041,22,8*6D,1763493978862
NMEA,$GPGSV,3,3,10,27,18,095,37,30,24,263,25,8*6D,1763493978862
NMEA,$GLGSV,1,1,04,12,62,227,40,11,54,029,45,01,77,099,39,08,23,134,48,1*7B,1763493978862
NMEA,$GAGSV,3,1,10,02,49,173,41,03,67,071,43,05,20,107,45,08,47,315,44,7*70,1763493978862
NMEA,$GAGSV,3,2,10,13,13,277,34,15,06,228,20,16,35,050,44,25,54,072,42,7*7F,1763493978862
NMEA,$GAGSV,3,3,10,26,03,325,35,30,05,202,17,7*77,1763493978862
NMEA,$GAGSV,2,1,08,02,49,173,31,03,67,071,31,05,20,107,29,08,47,315,39,1*7C,1763493978862
NMEA,$GAGSV,2,2,08,13,13,277,29,15,06,228,20,16,35,050,35,25,54,072,35,1*7B,1763493978862
NMEA,$GBGSV,2,1,07,37,49,047,41,36,17,231,33,32,16,143,38,23,01,050,27,1*75,1763493978862
NMEA,$GBGSV,2,2,07,22,03,319,41,20,72,159,46,19,54,312,48,1*41,1763493978862
NMEA,$GBGSV,2,1,05,19,54,312,44,20,72,159,42,32,16,143,36,36,17,231,32,3*70,1763493978862
NMEA,$GBGSV,2,2,05,37,49,047,43,3*4C,1763493978862
NMEA,$GBGSV,2,1,07,19,54,312,39,20,72,159,28,22,03,319,25,23,01,050,20,5*7D,1763493978862
NMEA,$GBGSV,2,2,07,32,16,143,23,36,17,231,33,37,49,047,31,5*4F,1763493978862
NMEA,$GNGSA,A,3,03,04,07,08,09,16,20,21,27,30,,,0.6,0.4,0.5,1*37,1763493978881
NMEA,$PSSGR,GSA,A,3,03,04,08,09,21,27,30,,,,,,0.6,0.4,0.5,1,8*41,1763493978881
NMEA,$GNGSA,A,3,65,72,75,76,,,,,,,,,0.6,0.4,0.5,2*30,1763493978881
NMEA,$GNGSA,A,3,02,03,05,08,13,16,25,30,,,,,0.6,0.4,0.5,3*39,1763493978881
NMEA,$PSSGR,GSA,A,3,302,303,305,308,313,316,325,,,,,,0.6,0.4,0.5,3,1*74,1763493978881
NMEA,$GNGSA,A,3,19,20,32,36,37,,,,,,,,0.6,0.4,0.5,4*39,1763493978881
NMEA,$PSSGR,GSA,A,3,219,220,232,236,237,,,,,,,,0.6,0.4,0.5,4,5*72,1763493978881
NMEA,$GNVTG,318.8,T,306.0,M,2.2,N,4.0,K,E*3A,1763493978881
NMEA,$GNDTM,W84,,0000.000000,N,00000.000000,E,0.000,W84*41,1763493978881
NMEA,$GNRMC,192619.00,A,3725.837550,N,12209.340038,W,2.2,318.8,181125,12.8,E,E,V*7F,1763493978881
NMEA,$GNGNS,192619.00,3725.837550,N,12209.340038,W,EEEEEE,27,0.4,20.9,-32.6,,,V*2F,1763493978881
NMEA,$GNGGA,192619.00,3725.837550,N,12209.340038,W,6,12,0.4,20.9,M,-32.6,M,,*7E,1763493978881
NMEA,$PSMSG,magcal=PASS,bluesky=0*00,1763493978890
NMEA,$GPGSV,3,1,11,03,19,173,40,04,54,099,46,07,52,279,45,08,17,127,47,1*6F,1763493979863
NMEA,$GPGSV,3,2,11,09,75,354,45,16,35,051,44,20,13,320,40,21,14,320,45,1*6B,1763493979863
NMEA,$GPGSV,3,3,11,26,03,041,34,27,18,095,41,30,24,263,29,1*5D,1763493979863
NMEA,$GPGSV,3,1,10,03,19,173,28,04,54,099,33,06,04,258,18,08,17,127,31,8*63,1763493979863
NMEA,$GPGSV,3,2,10,09,75,354,42,11,04,296,27,21,14,320,33,26,03,041,29,8*60,1763493979863
NMEA,$GPGSV,3,3,10,27,18,095,34,30,24,263,23,8*68,1763493979863
NMEA,$GLGSV,1,1,04,12,62,227,39,11,54,029,46,01,77,099,39,08,23,134,47,1*79,1763493979863
NMEA,$GAGSV,3,1,10,02,49,173,43,03,67,071,44,05,20,107,45,08,47,315,43,7*72,1763493979863
NMEA,$GAGSV,3,2,10,13,13,277,32,15,06,228,18,16,35,050,43,25,54,072,43,7*74,1763493979863
NMEA,$GAGSV,3,3,10,26,03,325,35,30,05,202,21,7*72,1763493979863
NMEA,$GAGSV,2,1,08,02,49,173,33,03,67,071,33,05,20,107,29,08,47,315,39,1*7C,1763493979863
NMEA,$GAGSV,2,2,08,13,13,277,30,15,06,228,20,16,35,050,33,25,54,072,33,1*73,1763493979863
NMEA,$GBGSV,2,1,07,37,49,047,41,36,17,231,34,32,16,143,40,23,01,050,26,1*7C,1763493979863
NMEA,$GBGSV,2,2,07,22,03,319,39,20,72,159,46,19,54,312,49,1*4F,1763493979863
NMEA,$GBGSV,2,1,05,19,54,312,47,20,72,159,43,32,16,143,38,36,17,231,33,3*7D,1763493979863
NMEA,$GBGSV,2,2,05,37,49,047,43,3*4C,1763493979863
NMEA,$GBGSV,2,1,07,19,54,312,40,20,72,159,28,22,03,319,25,23,01,050,20,5*73,1763493979863
NMEA,$GBGSV,2,2,07,32,16,143,25,36,17,231,34,37,49,047,30,5*4F,1763493979863
NMEA,$GNGSA,A,3,03,04,07,08,09,16,20,21,27,30,,,0.6,0.4,0.5,1*37,1763493979882
NMEA,$PSSGR,GSA,A,3,03,04,08,09,21,27,30,,,,,,0.6,0.4,0.5,1,8*41,1763493979882
NMEA,$GNGSA,A,3,65,72,75,76,,,,,,,,,0.6,0.4,0.5,2*30,1763493979882
NMEA,$GNGSA,A,3,02,03,05,08,13,16,25,,,,,,0.6,0.4,0.5,3*3A,1763493979882
NMEA,$PSSGR,GSA,A,3,302,303,305,308,313,316,325,,,,,,0.6,0.4,0.5,3,1*74,1763493979882
NMEA,$GNGSA,A,3,19,20,32,36,37,,,,,,,,0.6,0.4,0.5,4*39,1763493979882
NMEA,$PSSGR,GSA,A,3,219,220,232,236,237,,,,,,,,0.6,0.4,0.5,4,5*72,1763493979882
NMEA,$GNVTG,314.0,T,301.2,M,2.1,N,4.0,K,E*38,1763493979882
NMEA,$GNDTM,W84,,0000.000000,N,00000.000000,E,0.000,W84*41,1763493979882
NMEA,$GNRMC,192620.00,A,3725.837972,N,12209.340561,W,2.1,314.0,181125,12.8,E,E,V*77,1763493979882
NMEA,$GNGNS,192620.00,3725.837972,N,12209.340561,W,EEEEEE,26,0.4,21.1,-32.6,,,V*28,1763493979882
NMEA,$GNGGA,192620.00,3725.837972,N,12209.340561,W,6,12,0.4,21.1,M,-32.6,M,,*78,1763493979882
NMEA,$PSMSG,magcal=PASS,bluesky=0*00,1763493979887
NMEA,$GPGSV,3,1,11,03,19,173,37,04,54,099,46,07,52,279,45,08,17,127,48,1*60,1763493980858
NMEA,$GPGSV,3,2,11,09,75,354,44,16,35,051,42,20,13,320,38,21,14,320,45,1*63,1763493980858
NMEA,$GPGSV,3,3,11,26,03,041,32,27,18,095,40,30,24,263,28,1*5B,1763493980858
NMEA,$GPGSV,3,1,10,03,19,173,26,04,54,099,35,06,04,258,20,08,17,127,32,8*63,1763493980858
NMEA,$GPGSV,3,2,10,09,75,354,40,11,04,296,24,21,14,320,28,26,03,041,25,8*67,1763493980858
NMEA,$GPGSV,3,3,10,27,18,095,35,30,24,263,23,8*69,1763493980858
NMEA,$GLGSV,1,1,04,12,62,227,40,11,54,029,45,01,77,099,39,08,23,134,46,1*75,1763493980858
NMEA,$GAGSV,3,1,10,02,49,173,43,03,67,071,43,05,20,107,46,08,47,315,41,7*74,1763493980858
NMEA,$GAGSV,3,2,10,13,13,277,35,15,06,228,18,16,35,050,41,25,54,072,43,7*71,1763493980858
NMEA,$GAGSV,3,3,10,26,03,325,34,30,05,202,21,7*73,1763493980858
NMEA,$GAGSV,2,1,08,02,49,173,35,03,67,071,35,05,20,107,31,08,47,315,40,1*7B,1763493980858
NMEA,$GAGSV,2,2,08,13,13,277,28,15,06,228,20,16,35,050,33,25,54,072,31,1*78,1763493980858
NMEA,$GBGSV,2,1,07,37,49,047,43,36,17,231,36,32,16,143,39,23,01,050,27,1*73,1763493980858
NMEA,$GBGSV,2,2,07,22,03,319,39,20,72,159,46,19,54,312,49,1*4F,1763493980858
NMEA,$GBGSV,2,1,05,19,54,312,48,20,72,159,45,32,16,143,38,36,17,231,35,3*72,1763493980858
NMEA,$GBGSV,2,2,05,37,49,047,40,3*4F,1763493980858
NMEA,$GBGSV,2,1,07,19,54,312,40,20,72,159,31,22,03,319,26,23,01,050,20,5*78,1763493980858
NMEA,$GBGSV,2,2,07,32,16,143,23,36,17,231,33,37,49,047,32,5*4C,1763493980858
NMEA,$GNGSA,A,3,03,04,07,08,09,16,20,21,27,30,,,0.6,0.4,0.5,1*37,1763493980874
NMEA,$PSSGR,GSA,A,3,03,04,08,09,21,27,30,,,,,,0.6,0.4,0.5,1,8*41,1763493980874
NMEA,$GNGSA,A,3,65,72,75,76,,,,,,,,,0.6,0.4,0.5,2*30,1763493980874
NMEA,$GNGSA,A,3,02,03,05,08,13,16,25,,,,,,0.6,0.4,0.5,3*3A,1763493980874
NMEA,$PSSGR,GSA,A,3,302,303,305,308,313,316,325,,,,,,0.6,0.4,0.5,3,1*74,1763493980874
NMEA,$GNGSA,A,3,19,20,32,36,37,,,,,,,,0.6,0.4,0.5,4*39,1763493980874
NMEA,$PSSGR,GSA,A,3,219,220,232,236,237,,,,,,,,0.6,0.4,0.5,4,5*72,1763493980874
NMEA,$GNVTG,320.2,T,307.4,M,2.0,N,3.7,K,E*3C,1763493980874
NMEA,$GNDTM,W84,,0000.000000,N,00000.000000,E,0.000,W84*41,1763493980874
NMEA,$GNRMC,192621.00,A,3725.838398,N,12209.341014,W,2.0,320.2,181125,12.8,E,E,V*75,1763493980874
NMEA,$GNGNS,192621.00,3725.838398,N,12209.341014,W,EEEEEE,26,0.4,21.2,-32.6,,,V*2D,1763493980874
NMEA,$GNGGA,192621.00,3725.838398,N,12209.341014,W,6,12,0.4,21.2,M,-32.6,M,,*7D,1763493980874
NMEA,$PSMSG,magcal=PASS,bluesky=0*00,1763493980882
NMEA,$GPGSV,3,1,11,03,19,173,41,04,54,099,44,07,52,279,47,08,17,127,48,1*61,1763493981860
NMEA,$GPGSV,3,2,11,09,75,354,47,16,35,051,47,20,13,320,44,21,14,320,46,1*6D,1763493981860
NMEA,$GPGSV,3,3,11,26,03,041,33,27,18,095,42,30,24,263,30,1*51,1763493981860
NMEA,$GPGSV,3,1,10,03,19,173,27,04,54,099,35,06,04,258,21,08,17,127,29,8*69,1763493981860
NMEA,$GPGSV,3,2,10,09,75,354,41,11,04,296,24,21,14,320,28,26,03,041,25,8*66,1763493981860
NMEA,$GPGSV,3,3,10,27,18,095,34,30,24,263,22,8*69,1763493981860
NMEA,$GLGSV,1,1,04,12,62,227,40,11,54,029,44,01,77,099,38,08,23,134,46,1*75,1763493981860
NMEA,$GAGSV,3,1,10,02,49,173,39,03,67,071,42,05,20,107,45,08,47,315,47,7*7D,1763493981860
NMEA,$GAGSV,3,2,10,13,13,277,32,15,06,228,18,16,35,050,45,25,54,072,43,7*72,1763493981860
NMEA,$GAGSV,3,3,10,26,03,325,33,30,05,202,21,7*74,1763493981860
NMEA,$GAGSV,2,1,08,02,49,173,30,03,67,071,30,05,20,107,27,08,47,315,37,1*7C,1763493981860
NMEA,$GAGSV,2,2,08,13,13,277,32,15,06,228,20,16,35,050,35,25,54,072,35,1*71,1763493981860
NMEA,$GBGSV,2,1,07,37,49,047,44,36,17,231,33,32,16,143,29,23,01,050,27,1*70,1763493981860
NMEA,$GBGSV,2,2,07,22,03,319,40,20,72,159,43,19,54,312,45,1*48,1763493981860
NMEA,$GBGSV,2,1,05,19,54,312,39,20,72,159,39,32,16,143,29,36,17,231,32,3*78,1763493981860
NMEA,$GBGSV,2,2,05,37,49,047,47,3*48,1763493981860
NMEA,$GBGSV,2,1,07,19,54,312,33,20,72,159,35,22,03,319,29,23,01,050,20,5*77,1763493981860
NMEA,$GBGSV,2,2,07,32,16,143,23,36,17,231,34,37,49,047,36,5*4F,1763493981860
NMEA,$GNGSA,A,3,03,04,07,08,09,16,20,21,27,30,,,0.6,0.4,0.5,1*37,1763493981879
NMEA,$PSSGR,GSA,A,3,03,04,08,09,21,27,30,,,,,,0.6,0.4,0.5,1,8*41,1763493981879
NMEA,$GNGSA,A,3,65,72,75,76,,,,,,,,,0.6,0.4,0.5,2*30,1763493981879
NMEA,$GNGSA,A,3,02,03,05,08,13,16,25,,,,,,0.6,0.4,0.5,3*3A,1763493981879
NMEA,$PSSGR,GSA,A,3,302,303,305,308,313,316,325,,,,,,0.6,0.4,0.5,3,1*74,1763493981879
NMEA,$GNGSA,A,3,19,20,32,36,37,,,,,,,,0.6,0.4,0.5,4*39,1763493981879
NMEA,$PSSGR,GSA,A,3,219,220,232,236,237,,,,,,,,0.6,0.4,0.5,4,5*72,1763493981879
NMEA,$GNVTG,325.6,T,312.8,M,2.2,N,4.0,K,E*37,1763493981879
NMEA,$GNDTM,W84,,0000.000000,N,00000.000000,E,0.000,W84*41,1763493981879
NMEA,$GNRMC,192622.00,A,3725.838927,N,12209.341383,W,2.2,325.6,181125,12.8,E,E,V*76,1763493981879
NMEA,$GNGNS,192622.00,3725.838927,N,12209.341383,W,EEEEEE,26,0.4,21.1,-32.6,,,V*2E,1763493981879
NMEA,$GNGGA,192622.00,3725.838927,N,12209.341383,W,6,12,0.4,21.1,M,-32.6,M,,*7E,1763493981879
NMEA,$PSMSG,magcal=PASS,bluesky=0*00,1763493981885
NMEA,$GPGSV,3,1,11,03,19,173,39,04,54,099,45,07,52,279,47,08,17,127,48,1*6F,1763493982858
NMEA,$GPGSV,3,2,11,09,75,354,46,16,35,051,46,20,13,320,45,21,14,320,46,1*6C,1763493982858
NMEA,$GPGSV,3,3,11,26,03,041,36,27,18,095,41,30,24,263,32,1*55,1763493982858
NMEA,$GPGSV,3,1,10,03,19,173,29,04,54,099,34,06,04,258,21,08,17,127,29,8*66,1763493982858
NMEA,$GPGSV,3,2,10,09,75,354,40,11,04,296,21,21,14,320,27,26,03,041,26,8*6E,1763493982858
NMEA,$GPGSV,3,3,10,27,18,095,35,30,24,263,24,8*6E,1763493982858
NMEA,$GLGSV,1,1,04,12,62,227,40,11,54,029,44,01,77,099,38,08,23,134,48,1*7B,1763493982858
NMEA,$GAGSV,3,1,10,02,49,173,41,03,67,071,42,05,20,107,45,08,47,315,46,7*73,1763493982858
NMEA,$GAGSV,3,2,10,13,13,277,34,15,06,228,18,16,35,050,44,25,54,072,43,7*75,1763493982858
NMEA,$GAGSV,3,3,10,26,03,325,31,30,05,202,21,7*76,1763493982858
NMEA,$GAGSV,2,1,08,02,49,173,27,03,67,071,29,05,20,107,29,08,47,315,37,1*7C,1763493982858
NMEA,$GAGSV,2,2,08,13,13,277,31,15,06,228,17,16,35,050,36,25,54,072,35,1*75,1763493982858
NMEA,$GBGSV,2,1,07,37,49,047,45,36,17,231,32,32,16,143,35,23,01,050,24,1*7E,1763493982858
NMEA,$GBGSV,2,2,07,22,03,319,38,20,72,159,44,19,54,312,47,1*42,1763493982858
NMEA,$GBGSV,2,1,05,19,54,312,43,20,72,159,40,32,16,143,32,36,17,231,31,3*72,1763493982858
NMEA,$GBGSV,2,2,05,37,49,047,46,3*49,1763493982858
NMEA,$GBGSV,2,1,07,19,54,312,34,20,72,159,34,22,03,319,28,23,01,050,20,5*70,1763493982858
NMEA,$GBGSV,2,2,07,32,16,143,21,36,17,231,35,37,49,047,36,5*4C,1763493982858
NMEA,$GNGSA,A,3,03,04,07,08,09,16,20,21,27,30,,,0.6,0.4,0.5,1*37,1763493982876
NMEA,$PSSGR,GSA,A,3,03,04,08,09,21,27,30,,,,,,0.6,0.4,0.5,1,8*41,1763493982876
NMEA,$GNGSA,A,3,65,72,75,76,,,,,,,,,0.6,0.4,0.5,2*30,1763493982876
NMEA,$GNGSA,A,3,02,03,05,08,13,16,25,,,,,,0.6,0.4,0.5,3*3A,1763493982876
NMEA,$PSSGR,GSA,A,3,302,303,305,308,313,316,325,,,,,,0.6,0.4,0.5,3,1*74,1763493982876
NMEA,$GNGSA,A,3,19,20,32,36,37,,,,,,,,0.6,0.4,0.5,4*39,1763493982876
NMEA,$PSSGR,GSA,A,3,219,220,232,236,237,,,,,,,,0.6,0.4,0.5,4,5*72,1763493982876
NMEA,$GNVTG,316.7,T,303.9,M,2.2,N,4.0,K,E*37,1763493982876
NMEA,$GNDTM,W84,,0000.000000,N,00000.000000,E,0.000,W84*41,1763493982876
NMEA,$GNRMC,192623.00,A,3725.839388,N,12209.341869,W,2.2,316.7,181125,12.8,E,E,V*77,1763493982876
NMEA,$GNGNS,192623.00,3725.839388,N,12209.341869,W,EEEEEE,26,0.4,21.1,-32.6,,,V*2E,1763493982876
NMEA,$GNGGA,192623.00,3725.839388,N,12209.341869,W,6,12,0.4,21.1,M,-32.6,M,,*7E,1763493982876
NMEA,$PSMSG,magcal=PASS,bluesky=0*00,1763493982880
NMEA,$GPGSV,3,1,11,03,19,173,41,04,54,099,45,07,52,279,45,08,17,127,49,1*63,1763493983857
NMEA,$GPGSV,3,2,11,09,75,354,47,16,35,051,47,20,13,320,44,21,14,320,46,1*6D,1763493983857
NMEA,$GPGSV,3,3,11,26,03,041,36,27,18,095,41,30,24,263,31,1*56,1763493983857
NMEA,$GPGSV,3,1,10,03,19,173,29,04,54,099,35,06,04,258,19,08,17,127,30,8*64,1763493983857
NMEA,$GPGSV,3,2,10,09,75,354,38,11,04,296,23,21,14,320,27,26,03,041,27,8*62,1763493983857
NMEA,$GPGSV,3,3,10,27,18,095,35,30,24,263,28,8*62,1763493983857
NMEA,$GLGSV,1,1,04,12,62,227,39,11,54,029,44,01,77,099,37,08,23,134,47,1*75,1763493983857
NMEA,$GAGSV,3,1,10,02,49,173,40,03,67,071,42,05,20,107,44,08,47,315,46,7*73,1763493983857
NMEA,$GAGSV,3,2,10,13,13,277,31,15,06,228,18,16,35,050,45,25,54,072,43,7*71,1763493983857
NMEA,$GAGSV,3,3,10,26,03,325,28,30,05,202,21,7*7E,1763493983857
NMEA,$GAGSV,2,1,08,02,49,173,29,03,67,071,31,05,20,107,31,08,47,315,34,1*71,1763493983857
NMEA,$GAGSV,2,2,08,13,13,277,34,15,06,228,17,16,35,050,37,25,54,072,37,1*73,1763493983857
NMEA,$GBGSV,2,1,07,37,49,047,46,36,17,231,32,32,16,143,36,23,01,050,23,1*79,1763493983857
NMEA,$GBGSV,2,2,07,22,03,319,38,20,72,159,42,19,54,312,44,1*47,1763493983857
NMEA,$GBGSV,2,1,05,19,54,312,40,20,72,159,42,32,16,143,33,36,17,231,31,3*72,1763493983857
NMEA,$GBGSV,2,2,05,37,49,047,46,3*49,1763493983857
NMEA,$GBGSV,2,1,07,19,54,312,28,20,72,159,35,22,03,319,28,23,01,050,20,5*7C,1763493983857
NMEA,$GBGSV,2,2,07,32,16,143,21,36,17,231,35,37,49,047,38,5*42,1763493983857
NMEA,$GNGSA,A,3,03,04,07,08,09,16,20,21,27,30,,,0.6,0.4,0.5,1*37,1763493983881
NMEA,$PSSGR,GSA,A,3,03,04,08,09,21,27,30,,,,,,0.6,0.4,0.5,1,8*41,1763493983881
NMEA,$GNGSA,A,3,65,72,75,76,,,,,,,,,0.6,0.4,0.5,2*30,1763493983881
NMEA,$GNGSA,A,3,02,03,05,08,13,16,25,,,,,,0.6,0.4,0.5,3*3A,1763493983881
NMEA,$PSSGR,GSA,A,3,302,303,305,308,313,316,325,,,,,,0.6,0.4,0.5,3,1*74,1763493983881
NMEA,$GNGSA,A,3,19,20,32,36,37,,,,,,,,0.6,0.4,0.5,4*39,1763493983881
NMEA,$PSSGR,GSA,A,3,219,220,232,236,237,,,,,,,,0.6,0.4,0.5,4,5*72,1763493983881
NMEA,$GNVTG,325.4,T,312.6,M,2.1,N,4.0,K,E*38,1763493983881
NMEA,$GNDTM,W84,,0000.000000,N,00000.000000,E,0.000,W84*41,1763493983881
NMEA,$GNRMC,192624.00,A,3725.839849,N,12209.342267,W,2.1,325.4,181125,12.8,E,E,V*71,1763493983881
NMEA,$GNGNS,192624.00,3725.839849,N,12209.342267,W,EEEEEE,26,0.4,21.2,-32.6,,,V*2B,1763493983881
NMEA,$GNGGA,192624.00,3725.839849,N,12209.342267,W,6,12,0.4,21.2,M,-32.6,M,,*7B,1763493983881
NMEA,$PSMSG,magcal=PASS,bluesky=0*00,1763493983887
NMEA,$GPGSV,3,1,11,03,19,173,43,04,54,099,46,07,52,279,44,08,17,127,48,1*62,1763493984863
NMEA,$GPGSV,3,2,11,09,75,354,47,16,35,051,47,20,13,320,41,21,14,320,42,1*6C,1763493984863
NMEA,$GPGSV,3,3,11,26,03,041,35,27,18,095,39,30,24,263,28,1*52,1763493984863
NMEA,$GPGSV,3,1,10,03,19,173,30,04,54,099,34,06,04,258,19,08,17,127,30,8*6D,1763493984863
NMEA,$GPGSV,3,2,10,09,75,354,41,11,04,296,20,21,14,320,26,26,03,041,27,8*6E,1763493984863
NMEA,$GPGSV,3,3,10,27,18,095,36,30,24,263,31,8*69,1763493984863
NMEA,$GLGSV,1,1,04,12,62,227,38,11,54,029,45,01,77,099,39,08,23,134,47,1*7B,1763493984863
NMEA,$GAGSV,3,1,10,02,49,173,40,03,67,071,41,05,20,107,45,08,47,315,45,7*72,1763493984863
NMEA,$GAGSV,3,2,10,13,13,277,28,15,06,228,18,16,35,050,45,25,54,072,42,7*78,1763493984863
NMEA,$GAGSV,3,3,10,26,03,325,32,30,05,202,21,7*75,1763493984863
NMEA,$GAGSV,2,1,08,02,49,173,31,03,67,071,33,05,20,107,30,08,47,315,35,1*7A,1763493984863
NMEA,$GAGSV,2,2,08,13,13,277,33,15,06,228,19,16,35,050,38,25,54,072,37,1*75,1763493984863
NMEA,$GBGSV,2,1,07,37,49,047,45,36,17,231,37,32,16,143,38,23,01,050,29,1*7B,1763493984863
NMEA,$GBGSV,2,2,07,22,03,319,36,20,72,159,43,19,54,312,45,1*49,1763493984863
NMEA,$GBGSV,2,1,05,19,54,312,40,20,72,159,42,32,16,143,36,36,17,231,35,3*73,1763493984863
NMEA,$GBGSV,2,2,05,37,49,047,45,3*4A,1763493984863
NMEA,$GBGSV,2,1,07,19,54,312,31,20,72,159,33,22,03,319,29,23,01,050,21,5*72,1763493984863
NMEA,$GBGSV,2,2,07,32,16,143,21,36,17,231,35,37,49,047,38,5*42,1763493984863
NMEA,$GNGSA,A,3,03,04,07,08,09,16,20,21,27,30,,,0.6,0.4,0.5,1*37,1763493984884
NMEA,$PSSGR,GSA,A,3,03,04,08,09,21,27,30,,,,,,0.6,0.4,0.5,1,8*41,1763493984884
NMEA,$GNGSA,A,3,65,72,75,76,,,,,,,,,0.6,0.4,0.5,2*30,1763493984884
NMEA,$GNGSA,A,3,02,03,05,08,13,16,25,,,,,,0.6,0.4,0.5,3*3A,1763493984884
NMEA,$PSSGR,GSA,A,3,302,303,305,308,313,316,325,,,,,,0.6,0.4,0.5,3,1*74,1763493984884
NMEA,$GNGSA,A,3,19,20,32,36,37,,,,,,,,0.6,0.4,0.5,4*39,1763493984884
NMEA,$PSSGR,GSA,A,3,219,220,232,236,237,,,,,,,,0.6,0.4,0.5,4,5*72,1763493984884
NMEA,$GNVTG,323.5,T,310.7,M,2.2,N,4.1,K,E*3E,1763493984884
NMEA,$GNDTM,W84,,0000.000000,N,00000.000000,E,0.000,W84*41,1763493984884
NMEA,$GNRMC,192625.00,A,3725.840336,N,12209.342692,W,2.2,323.5,181125,12.8,E,E,V*77,1763493984884
NMEA,$GNGNS,192625.00,3725.840336,N,12209.342692,W,EEEEEE,26,0.4,21.1,-32.6,,,V*2A,1763493984884
NMEA,$GNGGA,192625.00,3725.840336,N,12209.342692,W,6,12,0.4,21.1,M,-32.6,M,,*7A,1763493984884
NMEA,$PSMSG,magcal=PASS,bluesky=0*00,1763493984893
NMEA,$GPGSV,3,1,10,03,19,173,42,04,54,099,44,07,52,279,46,08,17,127,48,1*62,1763493985872
NMEA,$GPGSV,3,2,10,09,75,354,48,16,35,051,47,20,13,320,38,21,14,320,40,1*6E,1763493985872
NMEA,$GPGSV,3,3,10,26,03,041,34,27,18,095,38,1*6B,1763493985872
NMEA,$GPGSV,3,1,10,03,19,173,31,04,54,099,34,06,04,258,21,08,17,127,29,8*6F,1763493985872
NMEA,$GPGSV,3,2,10,09,75,354,42,11,04,296,20,21,14,320,28,26,03,041,24,8*60,1763493985872
NMEA,$GPGSV,3,3,10,27,18,095,34,30,24,263,31,8*6B,1763493985872
NMEA,$GLGSV,1,1,04,12,62,227,39,11,54,029,46,01,77,099,39,08,23,134,46,1*78,1763493985872
NMEA,$GAGSV,3,1,10,02,49,173,40,03,67,071,39,05,20,107,44,08,47,315,45,7*7C,1763493985872
NMEA,$GAGSV,3,2,10,13,13,277,27,15,06,228,18,16,35,050,45,25,54,072,44,7*71,1763493985872
NMEA,$GAGSV,3,3,10,26,03,325,31,30,05,202,22,7*75,1763493985872
NMEA,$GAGSV,2,1,08,02,49,173,28,03,67,071,26,05,20,107,30,08,47,315,36,1*75,1763493985872
NMEA,$GAGSV,2,2,08,13,13,277,35,15,06,228,19,16,35,050,36,25,54,072,36,1*7C,1763493985872
NMEA,$GBGSV,2,1,07,37,49,047,44,36,17,231,36,32,16,143,33,23,01,050,28,1*71,1763493985872
NMEA,$GBGSV,2,2,07,22,03,319,32,20,72,159,41,19,54,312,44,1*4E,1763493985872
NMEA,$GBGSV,2,1,05,19,54,312,37,20,72,159,39,32,16,143,30,36,17,231,36,3*7A,1763493985872
NMEA,$GBGSV,2,2,05,37,49,047,45,3*4A,1763493985872
NMEA,$GBGSV,2,1,07,19,54,312,33,20,72,159,31,22,03,319,30,23,01,050,21,5*7A,1763493985872
NMEA,$GBGSV,2,2,07,32,16,143,21,36,17,231,35,37,49,047,38,5*42,1763493985872
NMEA,$GNGSA,A,3,03,04,07,08,09,16,20,21,27,30,,,0.6,0.4,0.5,1*37,1763493985893
NMEA,$PSSGR,GSA,A,3,03,04,08,09,21,27,30,,,,,,0.6,0.4,0.5,1,8*41,1763493985893
NMEA,$GNGSA,A,3,65,72,75,76,,,,,,,,,0.6,0.4,0.5,2*30,1763493985893
NMEA,$GNGSA,A,3,02,03,05,08,13,16,25,,,,,,0.6,0.4,0.5,3*3A,1763493985893
NMEA,$PSSGR,GSA,A,3,302,303,305,308,313,316,325,,,,,,0.6,0.4,0.5,3,1*74,1763493985893
NMEA,$GNGSA,A,3,19,20,32,36,37,,,,,,,,0.6,0.4,0.5,4*39,1763493985893
NMEA,$PSSGR,GSA,A,3,219,220,232,236,237,,,,,,,,0.6,0.4,0.5,4,5*72,1763493985893
NMEA,$GNVTG,306.9,T,294.1,M,2.1,N,3.9,K,E*32,1763493985893
NMEA,$GNDTM,W84,,0000.000000,N,00000.000000,E,0.000,W84*41,1763493985893
NMEA,$GNRMC,192626.00,A,3725.840685,N,12209.343157,W,2.1,306.9,181125,12.8,E,E,V*7E,1763493985893
NMEA,$GNGNS,192626.00,3725.840685,N,12209.343157,W,EEEEEE,26,0.4,21.1,-32.6,,,V*2B,1763493985893
NMEA,$GNGGA,192626.00,3725.840685,N,12209.343157,W,6,12,0.4,21.1,M,-32.6,M,,*7B,1763493985893
NMEA,$PSMSG,magcal=PASS,bluesky=0*00,1763493985899
NMEA,$GPGSV,3,1,10,03,19,173,42,04,54,099,41,07,52,279,47,08,17,127,47,1*69,1763493986861
NMEA,$GPGSV,3,2,10,09,75,354,47,16,35,051,46,20,13,320,39,21,14,320,42,1*63,1763493986861
NMEA,$GPGSV,3,3,10,26,03,041,33,27,18,095,39,1*6D,1763493986861
NMEA,$GPGSV,3,1,10,03,19,173,30,04,54,099,35,06,04,258,29,08,17,127,28,8*66,1763493986861
NMEA,$GPGSV,3,2,10,09,75,354,42,11,04,296,20,21,14,320,28,26,03,041,21,8*65,1763493986861
NMEA,$GPGSV,3,3,10,27,18,095,37,30,24,263,26,8*6E,1763493986861
NMEA,$GLGSV,1,1,04,12,62,227,40,11,54,029,44,01,77,099,39,08,23,134,47,1*75,1763493986861
NMEA,$GAGSV,3,1,10,02,49,173,41,03,67,071,39,05,20,107,45,08,47,315,46,7*7F,1763493986861
NMEA,$GAGSV,3,2,10,13,13,277,28,15,06,228,25,16,35,050,45,25,54,072,44,7*70,1763493986861
NMEA,$GAGSV,3,3,10,26,03,325,29,30,05,202,24,7*7A,1763493986861
NMEA,$GAGSV,2,1,08,02,49,173,26,03,67,071,31,05,20,107,22,08,47,315,38,1*70,1763493986861
NMEA,$GAGSV,2,2,08,13,13,277,28,15,06,228,22,16,35,050,36,25,54,072,34,1*7A,1763493986861
NMEA,$GBGSV,2,1,07,37,49,047,44,36,17,231,34,32,16,143,30,23,01,050,28,1*70,1763493986861
NMEA,$GBGSV,2,2,07,22,03,319,34,20,72,159,44,19,54,312,46,1*4F,1763493986861
NMEA,$GBGSV,2,1,05,19,54,312,41,20,72,159,39,32,16,143,25,36,17,231,35,3*7C,1763493986861
NMEA,$GBGSV,2,2,05,37,49,047,46,3*49,1763493986861
NMEA,$GBGSV,2,1,07,19,54,312,35,20,72,159,33,22,03,319,26,23,01,050,21,5*79,1763493986861
NMEA,$GBGSV,2,2,07,32,16,143,18,36,17,231,33,37,49,047,34,5*42,1763493986861
NMEA,$GNGSA,A,3,03,04,07,08,09,16,20,21,27,30,,,0.7,0.4,0.5,1*36,1763493986890
NMEA,$PSSGR,GSA,A,3,03,04,08,09,21,27,30,,,,,,0.7,0.4,0.5,1,8*40,1763493986890
NMEA,$GNGSA,A,3,65,72,75,76,,,,,,,,,0.7,0.4,0.5,2*31,1763493986890
NMEA,$GNGSA,A,3,02,03,05,08,13,16,25,,,,,,0.7,0.4,0.5,3*3B,1763493986890
NMEA,$PSSGR,GSA,A,3,302,303,305,308,313,316,325,,,,,,0.7,0.4,0.5,3,1*75,1763493986890
NMEA,$GNGSA,A,3,19,20,32,36,37,,,,,,,,0.7,0.4,0.5,4*38,1763493986890
NMEA,$PSSGR,GSA,A,3,219,220,232,236,237,,,,,,,,0.7,0.4,0.5,4,5*73,1763493986890
NMEA,$GNVTG,314.8,T,302.0,M,2.2,N,4.1,K,E*33,1763493986890
NMEA,$GNDTM,W84,,0000.000000,N,00000.000000,E,0.000,W84*41,1763493986890
NMEA,$GNRMC,192627.00,A,3725.841107,N,12209.343626,W,2.2,314.8,181125,12.8,E,E,V*73,1763493986890
NMEA,$GNGNS,192627.00,3725.841107,N,12209.343626,W,EEEEEE,26,0.4,21.1,-32.6,,,V*27,1763493986890
NMEA,$GNGGA,192627.00,3725.841107,N,12209.343626,W,6,12,0.4,21.1,M,-32.6,M,,*77,1763493986890
NMEA,$PSMSG,magcal=PASS,bluesky=0*00,1763493986895
NMEA,$GPGSV,3,1,11,03,19,173,42,04,54,099,43,07,52,279,46,08,17,127,49,1*65,1763493987863
NMEA,$GPGSV,3,2,11,09,75,354,46,16,35,051,46,20,13,320,38,21,14,320,42,1*62,1763493987863
NMEA,$GPGSV,3,3,11,26,03,041,35,27,18,095,41,30,24,263,35,1*51,1763493987863
NMEA,$GPGSV,3,1,10,03,19,173,29,04,54,099,34,06,04,258,26,08,17,127,31,8*68,1763493987863
NMEA,$GPGSV,3,2,10,09,75,354,42,11,04,296,17,21,14,320,25,26,03,041,23,8*6E,1763493987863
NMEA,$GPGSV,3,3,10,27,18,095,36,30,24,263,30,8*68,1763493987863
NMEA,$GLGSV,1,1,04,12,62,227,40,11,54,029,44,01,77,099,37,08,23,134,48,1*74,1763493987863
NMEA,$GAGSV,3,1,10,02,49,173,40,03,67,071,42,05,20,107,45,08,47,315,46,7*72,1763493987863
NMEA,$GAGSV,3,2,10,13,13,277,30,15,06,228,25,16,35,050,45,25,54,072,44,7*79,1763493987863
NMEA,$GAGSV,3,3,10,26,03,325,31,30,05,202,24,7*73,1763493987863
NMEA,$GAGSV,2,1,08,02,49,173,27,03,67,071,31,05,20,107,28,08,47,315,37,1*74,1763493987863
NMEA,$GAGSV,2,2,08,13,13,277,28,15,06,228,22,16,35,050,39,25,54,072,34,1*75,1763493987863
NMEA,$GBGSV,2,1,07,37,49,047,45,36,17,231,28,32,16,143,31,23,01,050,28,1*7D,1763493987863
NMEA,$GBGSV,2,2,07,22,03,319,35,20,72,159,45,19,54,312,47,1*4E,1763493987863
NMEA,$GBGSV,2,1,05,19,54,312,44,20,72,159,41,32,16,143,25,36,17,231,28,3*7A,1763493987863
NMEA,$GBGSV,2,2,05,37,49,047,46,3*49,1763493987863
NMEA,$GBGSV,2,1,07,19,54,312,34,20,72,159,34,22,03,319,28,23,01,050,21,5*71,1763493987863
NMEA,$GBGSV,2,2,07,32,16,143,22,36,17,231,29,37,49,047,34,5*40,1763493987863
NMEA,$GNGSA,A,3,03,04,07,08,09,16,20,21,27,30,,,0.7,0.4,0.5,1*36,1763493987881
NMEA,$PSSGR,GSA,A,3,03,04,08,09,21,27,30,,,,,,0.7,0.4,0.5,1,8*40,1763493987881
NMEA,$GNGSA,A,3,65,72,75,76,,,,,,,,,0.7,0.4,0.5,2*31,1763493987881
NMEA,$GNGSA,A,3,02,03,05,08,13,16,25,,,,,,0.7,0.4,0.5,3*3B,1763493987881
NMEA,$PSSGR,GSA,A,3,302,303,305,308,313,316,325,,,,,,0.7,0.4,0.5,3,1*75,1763493987881
NMEA,$GNGSA,A,3,19,20,32,36,37,,,,,,,,0.7,0.4,0.5,4*38,1763493987881
NMEA,$PSSGR,GSA,A,3,219,220,236,237,,,,,,,,,0.7,0.4,0.5,4,5*40,1763493987881
NMEA,$GNVTG,315.6,T,302.8,M,1.9,N,3.5,K,E*3F,1763493987881
NMEA,$GNDTM,W84,,0000.000000,N,00000.000000,E,0.000,W84*41,1763493987881
NMEA,$GNRMC,192628.00,A,3725.841477,N,12209.344046,W,1.9,315.6,181125,12.8,E,E,V*7E,1763493987881
NMEA,$GNGNS,192628.00,3725.841477,N,12209.344046,W,EEEEEE,26,0.4,21.1,-32.6,,,V*2D,1763493987881
NMEA,$GNGGA,192628.00,3725.841477,N,12209.344046,W,6,12,0.4,21.1,M,-32.6,M,,*7D,1763493987881
NMEA,$PSMSG,magcal=PASS,bluesky=0*00,1763493987888
NMEA,$GPGSV,3,1,11,03,19,173,41,04,54,099,43,07,52,279,46,08,17,127,49,1*66,1763493988860
NMEA,$GPGSV,3,2,11,09,75,354,48,16,35,051,46,20,13,320,42,21,14,320,46,1*65,1763493988860
NMEA,$GPGSV,3,3,11,26,03,041,34,27,18,095,41,30,24,263,39,1*5C,1763493988860
NMEA,$GPGSV,3,1,10,03,19,173,29,04,54,099,36,06,04,258,30,08,17,127,33,8*6F,1763493988860
NMEA,$GPGSV,3,2,10,09,75,354,41,11,04,296,17,21,14,320,26,26,03,041,22,8*6F,1763493988860
NMEA,$GPGSV,3,3,10,27,18,095,33,30,24,263,33,8*6E,1763493988860
NMEA,$GLGSV,1,1,04,12,62,227,38,11,54,029,43,01,77,099,38,08,23,134,49,1*72,1763493988860
NMEA,$GAGSV,3,1,10,02,49,173,39,03,67,071,41,05,20,107,46,08,47,315,46,7*7C,1763493988860
NMEA,$GAGSV,3,2,10,13,13,277,30,15,06,228,21,16,35,050,44,25,54,072,44,7*7C,1763493988860
NMEA,$GAGSV,3,3,10,26,03,325,35,30,05,202,23,7*70,1763493988860
NMEA,$GAGSV,2,1,08,02,49,173,23,03,67,071,33,05,20,107,30,08,47,315,37,1*7B,1763493988860
NMEA,$GAGSV,2,2,08,13,13,277,29,15,06,228,21,16,35,050,37,25,54,072,35,1*78,1763493988860
NMEA,$GBGSV,2,1,07,37,49,047,44,36,17,231,26,32,16,143,35,23,01,050,29,1*77,1763493988860
NMEA,$GBGSV,2,2,07,22,03,319,39,20,72,159,42,19,54,312,48,1*4A,1763493988860
NMEA,$GBGSV,2,1,05,19,54,312,41,20,72,159,38,32,16,143,27,36,17,231,26,3*7D,1763493988860
NMEA,$GBGSV,2,2,05,37,49,047,46,3*49,1763493988860
NMEA,$GBGSV,2,1,07,19,54,312,31,20,72,159,33,22,03,319,27,23,01,050,21,5*7C,1763493988860
NMEA,$GBGSV,2,2,07,32,16,143,22,36,17,231,32,37,49,047,36,5*48,1763493988860
NMEA,$GNGSA,A,3,03,04,07,08,09,16,20,21,27,30,,,0.6,0.4,0.5,1*37,1763493988876
NMEA,$PSSGR,GSA,A,3,03,04,08,09,21,27,30,,,,,,0.6,0.4,0.5,1,8*41,1763493988876
NMEA,$GNGSA,A,3,65,72,75,76,,,,,,,,,0.6,0.4,0.5,2*30,1763493988876
NMEA,$GNGSA,A,3,02,03,05,08,13,16,25,,,,,,0.6,0.4,0.5,3*3A,1763493988876
NMEA,$PSSGR,GSA,A,3,302,303,305,308,313,316,325,,,,,,0.6,0.4,0.5,3,1*74,1763493988876
NMEA,$GNGSA,A,3,19,20,32,36,37,,,,,,,,0.6,0.4,0.5,4*39,1763493988876
NMEA,$PSSGR,GSA,A,3,219,220,232,236,237,,,,,,,,0.6,0.4,0.5,4,5*72,1763493988876
NMEA,$GNVTG,316.2,T,303.4,M,2.0,N,3.8,K,E*32,1763493988876
NMEA,$GNDTM,W84,,0000.000000,N,00000.000000,E,0.000,W84*41,1763493988876
NMEA,$GNRMC,192629.00,A,3725.841899,N,12209.344530,W,2.0,316.2,181125,12.8,E,E,V*7A,1763493988876
NMEA,$GNGNS,192629.00,3725.841899,N,12209.344530,W,EEEEEE,26,0.4,21.1,-32.6,,,V*24,1763493988876
NMEA,$GNGGA,192629.00,3725.841899,N,12209.344530,W,6,12,0.4,21.1,M,-32.6,M,,*74,1763493988876
NMEA,$PSMSG,magcal=PASS,bluesky=0*00,1763493988889
NMEA,$GPGSV,3,1,11,03,19,173,42,04,54,099,45,07,52,279,46,08,17,127,48,1*62,1763493989861
NMEA,$GPGSV,3,2,11,09,75,354,47,16,35,051,45,20,13,320,45,21,14,320,46,1*6E,1763493989861
NMEA,$GPGSV,3,3,11,26,03,041,37,27,18,095,44,30,24,263,39,1*5A,1763493989861
NMEA,$GPGSV,3,1,10,03,19,173,30,04,54,099,32,06,04,258,23,08,17,127,32,8*60,1763493989861
NMEA,$GPGSV,3,2,10,09,75,354,42,11,04,296,17,21,14,320,31,26,03,041,22,8*6A,1763493989861
NMEA,$GPGSV,3,3,10,27,18,095,37,30,24,263,31,8*68,1763493989861
NMEA,$GLGSV,1,1,04,12,62,227,40,11,54,029,43,01,77,099,37,08,23,134,49,1*72,1763493989861
NMEA,$GAGSV,3,1,10,02,49,173,40,03,67,071,42,05,20,107,45,08,47,315,45,7*71,1763493989861
NMEA,$GAGSV,3,2,10,13,13,277,22,15,06,228,23,16,35,050,42,25,54,072,43,7*7C,1763493989861
NMEA,$GAGSV,3,3,10,26,03,325,36,30,05,202,32,7*73,1763493989861
NMEA,$GAGSV,2,1,08,02,49,173,26,03,67,071,30,05,20,107,26,08,47,315,37,1*7A,1763493989861
NMEA,$GAGSV,2,2,08,13,13,277,25,15,06,228,24,16,35,050,35,25,54,072,35,1*73,1763493989861
NMEA,$GBGSV,2,1,07,37,49,047,44,36,17,231,28,32,16,143,37,23,01,050,29,1*7B,1763493989861
NMEA,$GBGSV,2,2,07,22,03,319,39,20,72,159,44,19,54,312,46,1*42,1763493989861
NMEA,$GBGSV,2,1,05,19,54,312,39,20,72,159,39,32,16,143,34,36,17,231,25,3*72,1763493989861
NMEA,$GBGSV,2,2,05,37,49,047,44,3*4B,1763493989861
NMEA,$GBGSV,2,1,07,19,54,312,33,20,72,159,33,22,03,319,25,23,01,050,21,5*7C,1763493989861
NMEA,$GBGSV,2,2,07,32,16,143,22,36,17,231,29,37,49,047,34,5*40,1763493989861
NMEA,$GNGSA,A,3,03,04,07,08,09,16,20,21,27,30,,,0.6,0.4,0.5,1*37,1763493989883
NMEA,$PSSGR,GSA,A,3,03,04,08,09,21,27,30,,,,,,0.6,0.4,0.5,1,8*41,1763493989883
NMEA,$GNGSA,A,3,65,72,75,76,,,,,,,,,0.6,0.4,0.5,2*30,1763493989883
NMEA,$GNGSA,A,3,02,03,05,08,13,16,25,30,,,,,0.6,0.4,0.5,3*39,1763493989883
NMEA,$PSSGR,GSA,A,3,302,303,305,308,313,316,325,,,,,,0.6,0.4,0.5,3,1*74,1763493989883
NMEA,$GNGSA,A,3,19,20,32,36,37,,,,,,,,0.6,0.4,0.5,4*39,1763493989883
NMEA,$PSSGR,GSA,A,3,219,220,232,236,237,,,,,,,,0.6,0.4,0.5,4,5*72,1763493989883
NMEA,$GNVTG,318.1,T,305.3,M,2.0,N,3.8,K,E*3E,1763493989883
NMEA,$GNDTM,W84,,0000.000000,N,00000.000000,E,0.000,W84*41,1763493989883
NMEA,$GNRMC,192630.00,A,3725.842336,N,12209.345033,W,2.0,318.1,181125,12.8,E,E,V*75,1763493989883
NMEA,$GNGNS,192630.00,3725.842336,N,12209.345033,W,EEEEEE,27,0.4,21.0,-32.6,,,V*26,1763493989883
NMEA,$GNGGA,192630.00,3725.842336,N,12209.345033,W,6,12,0.4,21.0,M,-32.6,M,,*77,1763493989883
NMEA,$PSMSG,magcal=PASS,bluesky=0*00,1763493989889
NMEA,$GPGSV,3,1,11,03,19,173,42,04,54,099,45,07,52,279,46,08,17,127,49,1*63,1763493990863
NMEA,$GPGSV,3,2,11,09,75,354,47,16,35,051,45,20,13,320,44,21,14,320,47,1*6E,1763493990863
NMEA,$GPGSV,3,3,11,26,03,041,36,27,18,095,44,30,24,263,37,1*55,1763493990863
NMEA,$GPGSV,3,1,10,03,19,173,28,04,54,099,36,06,04,258,24,08,17,127,26,8*6F,1763493990863
NMEA,$GPGSV,3,2,10,09,75,354,39,11,04,296,17,21,14,320,32,26,03,041,19,8*6D,1763493990863
NMEA,$GPGSV,3,3,10,27,18,095,37,30,24,263,32,8*6B,1763493990863
NMEA,$GLGSV,1,1,04,12,62,227,37,11,54,029,43,01,77,099,38,08,23,134,49,1*7D,1763493990863
NMEA,$GAGSV,3,1,10,02,49,173,42,03,67,071,42,05,20,107,46,08,47,315,46,7*73,1763493990863
NMEA,$GAGSV,3,2,10,13,13,277,23,15,06,228,25,16,35,050,44,25,54,072,44,7*7A,1763493990863
NMEA,$GAGSV,3,3,10,26,03,325,35,30,05,202,36,7*74,1763493990863
NMEA,$GAGSV,2,1,08,02,49,173,28,03,67,071,33,05,20,107,27,08,47,315,36,1*77,1763493990863
NMEA,$GAGSV,2,2,08,13,13,277,26,15,06,228,24,16,35,050,37,25,54,072,36,1*71,1763493990863
NMEA,$GBGSV,2,1,07,37,49,047,45,36,17,231,26,32,16,143,37,23,01,050,31,1*7D,1763493990863
NMEA,$GBGSV,2,2,07,22,03,319,38,20,72,159,44,19,54,312,47,1*42,1763493990863
NMEA,$GBGSV,2,1,05,19,54,312,40,20,72,159,40,32,16,143,38,36,17,231,26,3*7D,1763493990863
NMEA,$GBGSV,2,2,05,37,49,047,45,3*4A,1763493990863
NMEA,$GBGSV,2,1,07,19,54,312,34,20,72,159,35,22,03,319,27,23,01,050,21,5*7F,1763493990863
NMEA,$GBGSV,2,2,07,32,16,143,21,36,17,231,20,37,49,047,34,5*4A,1763493990863
NMEA,$GNGSA,A,3,03,04,07,08,09,16,20,21,27,30,,,0.6,0.4,0.5,1*37,1763493990885
NMEA,$PSSGR,GSA,A,3,03,04,08,09,21,27,30,,,,,,0.6,0.4,0.5,1,8*41,1763493990885
NMEA,$GNGSA,A,3,65,72,75,76,,,,,,,,,0.6,0.4,0.5,2*30,1763493990885
NMEA,$GNGSA,A,3,02,03,05,08,13,16,25,30,,,,,0.6,0.4,0.5,3*39,1763493990885
NMEA,$PSSGR,GSA,A,3,302,303,305,308,313,316,325,,,,,,0.6,0.4,0.5,3,1*74,1763493990885
NMEA,$GNGSA,A,3,19,20,32,36,37,,,,,,,,0.6,0.4,0.5,4*39,1763493990885
NMEA,$PSSGR,GSA,A,3,219,220,232,236,237,,,,,,,,0.6,0.4,0.5,4,5*72,1763493990885
NMEA,$GNVTG,317.4,T,304.6,M,2.0,N,3.7,K,E*3F,1763493990885
NMEA,$GNDTM,W84,,0000.000000,N,00000.000000,E,0.000,W84*41,1763493990885
NMEA,$GNRMC,192631.00,A,3725.842752,N,12209.345536,W,2.0,317.4,181125,12.8,E,E,V*78,1763493990885
NMEA,$GNGNS,192631.00,3725.842752,N,12209.345536,W,EEEEEE,27,0.4,21.0,-32.6,,,V*21,1763493990885
NMEA,$GNGGA,192631.00,3725.842752,N,12209.345536,W,6,12,0.4,21.0,M,-32.6,M,,*70,1763493990885
NMEA,$PSMSG,magcal=PASS,bluesky=0*00,1763493990895
NMEA,$GPGSV,3,1,11,03,19,173,43,04,54,099,46,07,52,279,47,08,17,127,49,1*60,1763493991860
NMEA,$GPGSV,3,2,11,09,75,354,45,16,35,051,46,20,13,320,43,21,14,320,46,1*69,1763493991860
NMEA,$GPGSV,3,3,11,26,03,041,34,27,18,095,43,30,24,263,38,1*5F,1763493991860
NMEA,$GPGSV,3,1,10,03,19,173,29,04,54,099,33,06,04,258,21,08,17,127,29,8*61,1763493991860
NMEA,$GPGSV,3,2,10,09,75,354,43,11,04,296,17,21,14,320,35,26,03,041,19,8*67,1763493991860
NMEA,$GPGSV,3,3,10,27,18,095,33,30,24,263,31,8*6C,1763493991860
NMEA,$GLGSV,1,1,04,12,62,227,41,11,54,029,46,01,77,099,38,08,23,134,49,1*79,1763493991860
NMEA,$GAGSV,3,1,10,02,49,173,44,03,67,071,43,05,20,107,44,08,47,315,44,7*74,1763493991860
NMEA,$GAGSV,3,2,10,13,13,277,27,15,06,228,25,16,35,050,44,25,54,072,43,7*79,1763493991860
NMEA,$GAGSV,3,3,10,26,03,325,35,30,05,202,36,7*74,1763493991860
NMEA,$GAGSV,2,1,08,02,49,173,25,03,67,071,31,05,20,107,33,08,47,315,39,1*72,1763493991860
NMEA,$GAGSV,2,2,08,13,13,277,27,15,06,228,22,16,35,050,33,25,54,072,34,1*70,1763493991860
NMEA,$GBGSV,2,1,07,37,49,047,44,36,17,231,29,32,16,143,38,23,01,050,27,1*7B,1763493991860
NMEA,$GBGSV,2,2,07,22,03,319,35,20,72,159,46,19,54,312,49,1*43,1763493991860
NMEA,$GBGSV,2,1,05,19,54,312,46,20,72,159,43,32,16,143,39,36,17,231,25,3*7A,1763493991860
NMEA,$GBGSV,2,2,05,37,49,047,44,3*4B,1763493991860
NMEA,$GBGSV,2,1,07,19,54,312,37,20,72,159,31,22,03,319,28,23,01,050,21,5*77,1763493991860
NMEA,$GBGSV,2,2,07,32,16,143,24,36,17,231,20,37,49,047,34,5*4F,1763493991860
NMEA,$GNGSA,A,3,03,04,07,08,09,16,20,21,27,30,,,0.6,0.4,0.5,1*37,1763493991889
NMEA,$PSSGR,GSA,A,3,03,04,08,09,21,27,30,,,,,,0.6,0.4,0.5,1,8*41,1763493991889
NMEA,$GNGSA,A,3,65,72,75,76,,,,,,,,,0.6,0.4,0.5,2*30,1763493991889
NMEA,$GNGSA,A,3,02,03,05,08,13,16,25,30,,,,,0.6,0.4,0.5,3*39,1763493991889
NMEA,$PSSGR,GSA,A,3,302,303,305,308,313,316,325,,,,,,0.6,0.4,0.5,3,1*74,1763493991889
NMEA,$GNGSA,A,3,19,20,32,36,37,,,,,,,,0.6,0.4,0.5,4*39,1763493991889
NMEA,$PSSGR,GSA,A,3,219,220,232,236,237,,,,,,,,0.6,0.4,0.5,4,5*72,1763493991889
NMEA,$GNVTG,318.4,T,305.6,M,2.3,N,4.2,K,E*30,1763493991889
NMEA,$GNDTM,W84,,0000.000000,N,00000.000000,E,0.000,W84*41,1763493991889
NMEA,$GNRMC,192632.00,A,3725.843210,N,12209.346076,W,2.3,318.4,181125,12.8,E,E,V*77,1763493991889
NMEA,$GNGNS,192632.00,3725.843210,N,12209.346076,W,EEEEEE,27,0.4,20.9,-32.6,,,V*2A,1763493991889
NMEA,$GNGGA,192632.00,3725.843210,N,12209.346076,W,6,12,0.4,20.9,M,-32.6,M,,*7B,1763493991889
NMEA,$PSMSG,magcal=PASS,bluesky=0*00,1763493991898
NMEA,$GPGSV,3,1,11,03,19,173,42,04,54,099,45,07,52,279,46,08,17,127,48,1*62,1763493992862
NMEA,$GPGSV,3,2,11,09,75,354,45,16,35,051,44,20,13,320,41,21,14,320,46,1*69,1763493992862
NMEA,$GPGSV,3,3,11,26,03,041,33,27,18,095,42,30,24,263,37,1*56,1763493992862
NMEA,$GPGSV,3,1,10,03,19,173,29,04,54,099,29,06,04,258,21,08,17,127,32,8*60,1763493992862
NMEA,$GPGSV,3,2,10,09,75,354,42,11,04,296,17,21,14,320,34,26,03,041,21,8*6C,1763493992862
NMEA,$GPGSV,3,3,10,27,18,095,32,30,24,263,33,8*6F,1763493992862
NMEA,$GLGSV,1,1,04,12,62,227,42,11,54,029,46,01,77,099,38,08,23,134,49,1*7A,1763493992862
NMEA,$GAGSV,3,1,10,02,49,173,42,03,67,071,43,05,20,107,46,08,47,315,43,7*77,1763493992862
NMEA,$GAGSV,3,2,10,13,13,277,26,15,06,228,21,16,35,050,43,25,54,072,43,7*7B,1763493992862
NMEA,$GAGSV,3,3,10,26,03,325,36,30,05,202,37,7*76,1763493992862
NMEA,$GAGSV,2,1,08,02,49,173,26,03,67,071,31,05,20,107,29,08,47,315,39,1*7A,1763493992862
NMEA,$GAGSV,2,2,08,13,13,277,26,15,06,228,22,16,35,050,34,25,54,072,34,1*76,1763493992862
NMEA,$GBGSV,2,1,06,37,49,047,45,32,16,143,34,23,01,050,25,22,03,319,36,1*70,1763493992862
NMEA,$GBGSV,2,2,06,20,72,159,46,19,54,312,48,1*7D,1763493992862
NMEA,$GBGSV,2,1,05,19,54,312,45,20,72,159,42,32,16,143,36,36,17,231,23,3*71,1763493992862
NMEA,$GBGSV,2,2,05,37,49,047,44,3*4B,1763493992862
NMEA,$GBGSV,2,1,07,19,54,312,38,20,72,159,30,22,03,319,28,23,01,050,21,5*79,1763493992862
NMEA,$GBGSV,2,2,07,32,16,143,26,36,17,231,21,37,49,047,30,5*48,1763493992862
NMEA,$GNGSA,A,3,03,04,07,08,09,16,20,21,27,30,,,0.6,0.4,0.5,1*37,1763493992878
NMEA,$PSSGR,GSA,A,3,03,04,08,09,21,27,30,,,,,,0.6,0.4,0.5,1,8*41,1763493992878
NMEA,$GNGSA,A,3,65,72,75,76,,,,,,,,,0.6,0.4,0.5,2*30,1763493992878
NMEA,$GNGSA,A,3,02,03,05,08,13,16,25,30,,,,,0.6,0.4,0.5,3*39,1763493992878
NMEA,$PSSGR,GSA,A,3,302,303,305,308,313,316,325,,,,,,0.6,0.4,0.5,3,1*74,1763493992878
NMEA,$GNGSA,A,3,19,20,32,36,37,,,,,,,,0.6,0.4,0.5,4*39,1763493992878
NMEA,$PSSGR,GSA,A,3,219,220,232,236,237,,,,,,,,0.6,0.4,0.5,4,5*72,1763493992878
NMEA,$GNVTG,320.7,T,307.9,M,2.1,N,4.0,K,E*35,1763493992878
NMEA,$GNDTM,W84,,0000.000000,N,00000.000000,E,0.000,W84*41,1763493992878
NMEA,$GNRMC,192633.00,A,3725.843687,N,12209.346591,W,2.1,320.7,181125,12.8,E,E,V*7A,1763493992878
NMEA,$GNGNS,192633.00,3725.843687,N,12209.346591,W,EEEEEE,27,0.4,20.8,-32.6,,,V*2C,1763493992878
NMEA,$GNGGA,192633.00,3725.843687,N,12209.346591,W,6,12,0.4,20.8,M,-32.6,M,,*7D,1763493992878
NMEA,$PSMSG,magcal=PASS,bluesky=0*00,1763493992886
NMEA,$GPGSV,3,1,11,03,19,173,44,04,54,099,46,07,52,279,46,08,17,127,48,1*67,1763493993861
NMEA,$GPGSV,3,2,11,09,75,354,46,16,35,051,46,20,13,320,38,21,14,320,46,1*66,1763493993861
NMEA,$GPGSV,3,3,11,26,03,041,35,27,18,095,42,30,24,263,35,1*52,1763493993861
NMEA,$GPGSV,3,1,10,03,19,173,30,04,54,099,32,06,04,258,21,08,17,127,32,8*62,1763493993861
NMEA,$GPGSV,3,2,10,09,75,354,43,11,04,296,17,21,14,320,31,26,03,041,21,8*68,1763493993861
NMEA,$GPGSV,3,3,10,27,18,095,34,30,24,263,32,8*68,1763493993861
NMEA,$GLGSV,1,1,04,12,62,227,40,11,54,029,46,01,77,099,36,08,23,134,48,1*77,1763493993861
NMEA,$GAGSV,3,1,10,02,49,173,43,03,67,071,43,05,20,107,46,08,47,315,45,7*70,1763493993861
NMEA,$GAGSV,3,2,10,13,13,277,25,15,06,228,21,16,35,050,45,25,54,072,44,7*79,1763493993861
NMEA,$GAGSV,3,3,10,26,03,325,33,30,05,202,35,7*71,1763493993861
NMEA,$GAGSV,2,1,08,02,49,173,26,03,67,071,31,05,20,107,31,08,47,315,39,1*73,1763493993861
NMEA,$GAGSV,2,2,08,13,13,277,26,15,06,228,22,16,35,050,34,25,54,072,33,1*71,1763493993861
NMEA,$GBGSV,2,1,05,37,49,047,45,32,16,143,29,22,03,319,35,20,72,159,46,1*76,1763493993861
NMEA,$GBGSV,2,2,05,19,54,312,49,1*47,1763493993861
NMEA,$GBGSV,2,1,05,19,54,312,46,20,72,159,43,32,16,143,28,36,17,231,25,3*7A,1763493993861
NMEA,$GBGSV,2,2,05,37,49,047,43,3*4C,1763493993861
NMEA,$GBGSV,2,1,07,19,54,312,36,20,72,159,29,22,03,319,28,23,01,050,16,5*7B,1763493993861
NMEA,$GBGSV,2,2,07,32,16,143,25,36,17,231,25,37,49,047,32,5*4D,1763493993861
NMEA,$GNGSA,A,3,03,04,07,08,09,16,20,21,27,30,,,0.6,0.4,0.5,1*37,1763493993885
NMEA,$PSSGR,GSA,A,3,03,04,08,09,21,27,30,,,,,,0.6,0.4,0.5,1,8*41,1763493993885
NMEA,$GNGSA,A,3,65,72,75,76,,,,,,,,,0.6,0.4,0.5,2*30,1763493993885
NMEA,$GNGSA,A,3,02,03,05,08,13,16,25,30,,,,,0.6,0.4,0.5,3*39,1763493993885
NMEA,$PSSGR,GSA,A,3,302,303,305,308,313,316,325,,,,,,0.6,0.4,0.5,3,1*74,1763493993885
NMEA,$GNGSA,A,3,19,20,32,36,37,,,,,,,,0.6,0.4,0.5,4*39,1763493993885
NMEA,$PSSGR,GSA,A,3,219,220,232,236,237,,,,,,,,0.6,0.4,0.5,4,5*72,1763493993885
NMEA,$GNVTG,315.7,T,302.9,M,2.3,N,4.2,K,E*36,1763493993885
NMEA,$GNDTM,W84,,0000.000000,N,00000.000000,E,0.000,W84*41,1763493993885
NMEA,$GNRMC,192634.00,A,3725.844141,N,12209.347171,W,2.3,315.7,181125,12.8,E,E,V*78,1763493993885
NMEA,$GNGNS,192634.00,3725.844141,N,12209.347171,W,EEEEEE,27,0.4,20.8,-32.6,,,V*2A,1763493993885
NMEA,$GNGGA,192634.00,3725.844141,N,12209.347171,W,6,12,0.4,20.8,M,-32.6,M,,*7B,1763493993885
NMEA,$PSMSG,magcal=PASS,bluesky=0*00,1763493993894
NMEA,$GPGSV,3,1,11,03,19,173,41,04,54,099,46,07,52,279,45,08,17,127,48,1*61,1763493994859
NMEA,$GPGSV,3,2,11,09,75,354,45,16,35,051,45,20,13,320,38,21,14,320,47,1*67,1763493994859
NMEA,$GPGSV,3,3,11,26,03,041,31,27,18,095,40,30,24,263,33,1*52,1763493994859
NMEA,$GPGSV,3,1,10,03,19,173,28,04,54,099,33,06,04,258,21,08,17,127,30,8*68,1763493994859
NMEA,$GPGSV,3,2,10,09,75,354,42,11,04,296,17,21,14,320,31,26,03,041,22,8*6A,1763493994859
NMEA,$GPGSV,3,3,10,27,18,095,32,30,24,263,24,8*69,1763493994859
NMEA,$GLGSV,1,1,04,12,62,227,41,11,54,029,46,01,77,099,37,08,23,134,49,1*76,1763493994859
NMEA,$GAGSV,3,1,10,02,49,173,42,03,67,071,43,05,20,107,45,08,47,315,45,7*72,1763493994859
NMEA,$GAGSV,3,2,10,13,13,277,27,15,06,228,20,16,35,050,43,25,54,072,42,7*7A,1763493994859
NMEA,$GAGSV,3,3,10,26,03,325,29,30,05,202,32,7*7D,1763493994859
NMEA,$GAGSV,2,1,08,02,49,173,28,03,67,071,30,05,20,107,31,08,47,315,39,1*7C,1763493994859
NMEA,$GAGSV,2,2,08,13,13,277,19,15,06,228,23,16,35,050,32,25,54,072,33,1*7A,1763493994859
NMEA,$GBGSV,2,1,06,37,49,047,44,32,16,143,32,23,01,050,26,22,03,319,36,1*74,1763493994859
NMEA,$GBGSV,2,2,06,20,72,159,45,19,54,312,48,1*7E,1763493994859
NMEA,$GBGSV,2,1,05,19,54,312,44,20,72,159,41,32,16,143,26,36,17,231,23,3*72,1763493994859
NMEA,$GBGSV,2,2,05,37,49,047,43,3*4C,1763493994859
NMEA,$GBGSV,2,1,07,19,54,312,37,20,72,159,31,22,03,319,29,23,01,050,16,5*72,1763493994859
NMEA,$GBGSV,2,2,07,32,16,143,24,36,17,231,25,37,49,047,32,5*4C,1763493994859
NMEA,$GNGSA,A,3,03,04,07,08,09,16,20,21,27,30,,,0.6,0.4,0.5,1*37,1763493994874
NMEA,$PSSGR,GSA,A,3,03,04,08,09,21,27,30,,,,,,0.6,0.4,0.5,1,8*41,1763493994874
NMEA,$GNGSA,A,3,65,72,75,76,,,,,,,,,0.6,0.4,0.5,2*30,1763493994874
NMEA,$GNGSA,A,3,02,03,05,08,13,16,25,30,,,,,0.6,0.4,0.5,3*39,1763493994874
NMEA,$PSSGR,GSA,A,3,302,303,305,308,313,316,325,,,,,,0.6,0.4,0.5,3,1*74,1763493994874
NMEA,$GNGSA,A,3,19,20,32,36,37,,,,,,,,0.6,0.4,0.5,4*39,1763493994874
NMEA,$PSSGR,GSA,A,3,219,220,232,236,237,,,,,,,,0.6,0.4,0.5,4,5*72,1763493994874
NMEA,$GNVTG,318.1,T,305.3,M,2.4,N,4.4,K,E*31,1763493994874
NMEA,$GNDTM,W84,,0000.000000,N,00000.000000,E,0.000,W84*41,1763493994874
NMEA,$GNRMC,192635.00,A,3725.844628,N,12209.347726,W,2.4,318.1,181125,12.8,E,E,V*79,1763493994874
NMEA,$GNGNS,192635.00,3725.844628,N,12209.347726,W,EEEEEE,27,0.4,20.9,-32.6,,,V*26,1763493994874
NMEA,$GNGGA,192635.00,3725.844628,N,12209.347726,W,6,12,0.4,20.9,M,-32.6,M,,*77,1763493994874
NMEA,$PSMSG,magcal=PASS,bluesky=0*00,1763493994879
NMEA,$GPGSV,3,1,11,03,19,173,42,04,54,099,46,07,52,279,44,08,17,127,48,1*63,1763493995854
NMEA,$GPGSV,3,2,11,09,75,354,43,16,35,051,45,20,13,320,33,21,14,320,46,1*6B,1763493995854
NMEA,$GPGSV,3,3,11,26,03,041,35,27,18,095,38,30,24,263,32,1*58,1763493995854
NMEA,$GPGSV,3,1,10,03,19,173,30,04,54,099,31,06,04,258,21,08,17,127,31,8*62,1763493995854
NMEA,$GPGSV,3,2,10,09,75,354,41,11,04,296,17,21,14,320,33,26,03,041,22,8*6B,1763493995854
NMEA,$GPGSV,3,3,10,27,18,095,32,30,24,263,25,8*68,1763493995854
NMEA,$GLGSV,1,1,04,12,62,227,43,11,54,029,45,01,77,099,37,08,23,134,49,1*77,1763493995854
NMEA,$GAGSV,3,1,10,02,49,173,44,03,67,071,43,05,20,107,46,08,47,315,42,7*70,1763493995854
NMEA,$GAGSV,3,2,10,13,13,277,23,15,06,228,20,16,35,050,44,25,54,072,43,7*78,1763493995854
NMEA,$GAGSV,3,3,10,26,03,325,24,30,05,202,25,7*76,1763493995854
NMEA,$GAGSV,2,1,08,02,49,173,30,03,67,071,32,05,20,107,28,08,47,315,41,1*70,1763493995854
NMEA,$GAGSV,2,2,08,13,13,277,19,15,06,228,23,16,35,050,26,25,54,072,33,1*7F,1763493995854
NMEA,$GBGSV,2,1,06,37,49,047,44,32,16,143,33,23,01,050,30,22,03,319,35,1*71,1763493995854
NMEA,$GBGSV,2,2,06,20,72,159,46,19,54,312,49,1*7C,1763493995854
NMEA,$GBGSV,2,1,05,19,54,312,47,20,72,159,44,32,16,143,23,36,17,231,23,3*71,1763493995854
NMEA,$GBGSV,2,2,05,37,49,047,43,3*4C,1763493995854
NMEA,$GBGSV,2,1,07,19,54,312,40,20,72,159,31,22,03,319,28,23,01,050,16,5*73,1763493995854
NMEA,$GBGSV,2,2,07,32,16,143,22,36,17,231,19,37,49,047,30,5*47,1763493995854
NMEA,$GNGSA,A,3,03,04,07,08,09,16,20,21,27,30,,,0.6,0.4,0.5,1*37,1763493995863
NMEA,$PSSGR,GSA,A,3,03,04,08,09,21,27,30,,,,,,0.6,0.4,0.5,1,8*41,1763493995863
NMEA,$GNGSA,A,3,65,72,75,76,,,,,,,,,0.6,0.4,0.5,2*30,1763493995863
NMEA,$GNGSA,A,3,02,03,05,08,13,16,25,30,,,,,0.6,0.4,0.5,3*39,1763493995863
NMEA,$PSSGR,GSA,A,3,302,303,305,308,313,316,325,,,,,,0.6,0.4,0.5,3,1*74,1763493995863
NMEA,$GNGSA,A,3,19,20,32,36,37,,,,,,,,0.6,0.4,0.5,4*39,1763493995863
NMEA,$PSSGR,GSA,A,3,219,220,232,236,237,,,,,,,,0.6,0.4,0.5,4,5*72,1763493995863
NMEA,$GNVTG,317.1,T,304.3,M,2.3,N,4.2,K,E*3E,1763493995863
NMEA,$GNDTM,W84,,0000.000000,N,00000.000000,E,0.000,W84*41,1763493995863
NMEA,$GNRMC,192636.00,A,3725.845117,N,12209.348262,W,2.3,317.1,181125,12.8,E,E,V*72,1763493995863
NMEA,$GNGNS,192636.00,3725.845117,N,12209.348262,W,EEEEEE,27,0.4,20.9,-32.6,,,V*25,1763493995863
NMEA,$GNGGA,192636.00,3725.845117,N,12209.348262,W,6,12,0.4,20.9,M,-32.6,M,,*74,1763493995863
NMEA,$PSMSG,magcal=PASS,bluesky=0*00,1763493995866
NMEA,$GPGSV,3,1,11,03,19,173,41,04,54,099,46,07,52,279,44,08,17,127,49,1*61,1763493996855
NMEA,$GPGSV,3,2,11,09,75,354,45,16,35,051,44,20,13,320,39,21,14,320,45,1*65,1763493996855
NMEA,$GPGSV,3,3,11,26,03,041,36,27,18,095,38,30,24,263,30,1*59,1763493996855
NMEA,$GPGSV,3,1,10,03,19,173,27,04,54,099,33,06,04,258,21,08,17,127,32,8*65,1763493996855
NMEA,$GPGSV,3,2,10,09,75,354,41,11,04,296,17,21,14,320,34,26,03,041,22,8*6C,1763493996855
NMEA,$GPGSV,3,3,10,27,18,095,32,30,24,263,24,8*69,1763493996855
NMEA,$GLGSV,1,1,04,12,62,227,42,11,54,029,45,01,77,099,37,08,23,134,48,1*77,1763493996855
NMEA,$GAGSV,3,1,10,02,49,173,43,03,67,071,43,05,20,107,45,08,47,315,44,7*72,1763493996855
NMEA,$GAGSV,3,2,10,13,13,277,24,15,06,228,20,16,35,050,43,25,54,072,43,7*78,1763493996855
NMEA,$GAGSV,3,3,10,26,03,325,26,30,05,202,29,7*78,1763493996855
NMEA,$GAGSV,2,1,08,02,49,173,28,03,67,071,28,05,20,107,28,08,47,315,38,1*7C,1763493996855
NMEA,$GAGSV,2,2,08,13,13,277,21,15,06,228,23,16,35,050,32,25,54,072,31,1*73,1763493996855
NMEA,$GBGSV,2,1,07,37,49,047,43,36,17,231,24,32,16,143,32,23,01,050,25,1*79,1763493996855
NMEA,$GBGSV,2,2,07,22,03,319,34,20,72,159,46,19,54,312,49,1*42,1763493996855
NMEA,$GBGSV,2,1,05,19,54,312,45,20,72,159,43,32,16,143,31,36,17,231,22,3*76,1763493996855
NMEA,$GBGSV,2,2,05,37,49,047,43,3*4C,1763493996855
NMEA,$GBGSV,2,1,07,19,54,312,39,20,72,159,29,22,03,319,25,23,01,050,16,5*79,1763493996855
NMEA,$GBGSV,2,2,07,32,16,143,21,36,17,231,19,37,49,047,33,5*47,1763493996855
NMEA,$GNGSA,A,3,03,04,07,08,09,16,20,21,27,30,,,0.6,0.4,0.5,1*37,1763493996869
NMEA,$PSSGR,GSA,A,3,03,04,08,09,21,27,30,,,,,,0.6,0.4,0.5,1,8*41,1763493996869
NMEA,$GNGSA,A,3,65,72,75,76,,,,,,,,,0.6,0.4,0.5,2*30,1763493996869
NMEA,$GNGSA,A,3,02,03,05,08,13,16,25,30,,,,,0.6,0.4,0.5,3*39,1763493996869
NMEA,$PSSGR,GSA,A,3,302,303,305,308,313,316,325,,,,,,0.6,0.4,0.5,3,1*74,1763493996869
NMEA,$GNGSA,A,3,19,20,32,36,37,,,,,,,,0.6,0.4,0.5,4*39,1763493996869
NMEA,$PSSGR,GSA,A,3,219,220,232,236,237,,,,,,,,0.6,0.4,0.5,4,5*72,1763493996869
NMEA,$GNVTG,315.1,T,302.3,M,2.2,N,4.1,K,E*38,1763493996869
NMEA,$GNDTM,W84,,0000.000000,N,00000.000000,E,0.000,W84*41,1763493996869
NMEA,$GNRMC,192637.00,A,3725.845605,N,12209.348732,W,2.2,315.1,181125,12.8,E,E,V*74,1763493996869
NMEA,$GNGNS,192637.00,3725.845605,N,12209.348732,W,EEEEEE,27,0.4,20.9,-32.6,,,V*20,1763493996869
NMEA,$GNGGA,192637.00,3725.845605,N,12209.348732,W,6,12,0.4,20.9,M,-32.6,M,,*71,1763493996869
NMEA,$PSMSG,magcal=PASS,bluesky=0*00,1763493996874
NMEA,$GPGSV,3,1,10,03,19,173,41,04,54,099,45,07,52,279,43,08,17,127,47,1*6A,1763493997861
NMEA,$GPGSV,3,2,10,09,75,354,46,16,35,051,46,20,13,320,35,21,14,320,43,1*6F,1763493997861
NMEA,$GPGSV,3,3,10,26,03,041,36,27,18,095,38,1*69,1763493997861
NMEA,$GPGSV,3,1,10,03,19,173,23,04,54,099,30,06,04,258,21,08,17,127,30,8*60,1763493997861
NMEA,$GPGSV,3,2,10,09,75,354,41,11,04,296,14,21,14,320,32,26,03,041,24,8*6F,1763493997861
NMEA,$GPGSV,3,3,10,27,18,095,30,30,24,263,21,8*6E,1763493997861
NMEA,$GLGSV,1,1,04,12,62,227,41,11,54,029,45,01,77,099,37,08,23,134,49,1*75,1763493997861
NMEA,$GAGSV,3,1,10,02,49,173,42,03,67,071,42,05,20,107,44,08,47,315,43,7*74,1763493997861
NMEA,$GAGSV,3,2,10,13,13,277,22,15,06,228,25,16,35,050,44,25,54,072,42,7*7D,1763493997861
NMEA,$GAGSV,3,3,10,26,03,325,25,30,05,202,29,7*7B,1763493997861
NMEA,$GAGSV,2,1,08,02,49,173,23,03,67,071,26,05,20,107,27,08,47,315,40,1*79,1763493997861
NMEA,$GAGSV,2,2,08,13,13,277,22,15,06,228,20,16,35,050,33,25,54,072,33,1*70,1763493997861
NMEA,$GBGSV,2,1,07,37,49,047,44,36,17,231,27,32,16,143,31,23,01,050,29,1*72,1763493997861
NMEA,$GBGSV,2,2,07,22,03,319,31,20,72,159,46,19,54,312,49,1*47,1763493997861
NMEA,$GBGSV,2,1,05,19,54,312,45,20,72,159,41,32,16,143,32,36,17,231,23,3*76,1763493997861
NMEA,$GBGSV,2,2,05,37,49,047,42,3*4D,1763493997861
NMEA,$GBGSV,2,1,07,19,54,312,38,20,72,159,31,22,03,319,25,23,01,050,16,5*71,1763493997861
NMEA,$GBGSV,2,2,07,32,16,143,21,36,17,231,19,37,49,047,32,5*46,1763493997861
NMEA,$GNGSA,A,3,03,04,07,08,09,16,20,21,27,30,,,0.6,0.4,0.5,1*37,1763493997865
NMEA,$PSSGR,GSA,A,3,03,04,08,09,21,27,30,,,,,,0.6,0.4,0.5,1,8*41,1763493997865
NMEA,$GNGSA,A,3,65,72,75,76,,,,,,,,,0.6,0.4,0.5,2*30,1763493997865
NMEA,$GNGSA,A,3,02,03,05,08,13,16,25,30,,,,,0.6,0.4,0.5,3*39,1763493997865
NMEA,$PSSGR,GSA,A,3,302,303,305,308,313,316,325,,,,,,0.6,0.4,0.5,3,1*74,1763493997865
NMEA,$GNGSA,A,3,19,20,32,36,37,,,,,,,,0.6,0.4,0.5,4*39,1763493997865
NMEA,$PSSGR,GSA,A,3,219,220,232,236,237,,,,,,,,0.6,0.4,0.5,4,5*72,1763493997865
NMEA,$GNVTG,320.7,T,307.9,M,2.2,N,4.1,K,E*37,1763493997865
NMEA,$GNDTM,W84,,0000.000000,N,00000.000000,E,0.000,W84*41,1763493997865
NMEA,$GNRMC,192638.00,A,3725.846106,N,12209.349166,W,2.2,320.7,181125,12.8,E,E,V*7A,1763493997865
NMEA,$GNGNS,192638.00,3725.846106,N,12209.349166,W,EEEEEE,27,0.4,21.1,-32.6,,,V*27,1763493997865
NMEA,$GNGGA,192638.00,3725.846106,N,12209.349166,W,6,12,0.4,21.1,M,-32.6,M,,*76,1763493997865
NMEA,$PSMSG,magcal=PASS,bluesky=0*00,1763493997874
NMEA,$GPGSV,3,1,10,03,19,173,40,04,54,099,46,07,52,279,41,08,17,127,47,1*6A,1763493998858
NMEA,$GPGSV,3,2,10,09,75,354,47,16,35,051,45,20,13,320,38,21,14,320,44,1*67,1763493998858
NMEA,$GPGSV,3,3,10,26,03,041,35,27,18,095,36,1*64,1763493998858
NMEA,$GPGSV,3,1,10,03,19,173,24,04,54,099,27,06,04,258,21,08,17,127,28,8*68,1763493998858
NMEA,$GPGSV,3,2,10,09,75,354,41,11,04,296,14,21,14,320,32,26,03,041,22,8*69,1763493998858
NMEA,$GPGSV,3,3,10,27,18,095,31,30,24,263,21,8*6F,1763493998858
NMEA,$GLGSV,1,1,04,12,62,227,39,11,54,029,45,01,77,099,37,08,23,134,49,1*7A,1763493998858
NMEA,$GAGSV,3,1,10,02,49,173,39,03,67,071,40,05,20,107,42,08,47,315,40,7*7F,1763493998858
NMEA,$GAGSV,3,2,10,13,13,277,22,15,06,228,23,16,35,050,42,25,54,072,41,7*7E,1763493998858
NMEA,$GAGSV,3,3,10,26,03,325,25,30,05,202,22,7*70,1763493998858
NMEA,$GAGSV,2,1,08,02,49,173,23,03,67,071,23,05,20,107,28,08,47,315,36,1*72,1763493998858
NMEA,$GAGSV,2,2,08,13,13,277,22,15,06,228,23,16,35,050,34,25,54,072,32,1*75,1763493998858
NMEA,$GBGSV,2,1,07,37,49,047,43,36,17,231,24,32,16,143,34,23,01,050,25,1*7F,1763493998858
NMEA,$GBGSV,2,2,07,22,03,319,33,20,72,159,46,19,54,312,48,1*44,1763493998858
NMEA,$GBGSV,2,1,05,19,54,312,43,20,72,159,38,32,16,143,31,36,17,231,24,3*7A,1763493998858
NMEA,$GBGSV,2,2,05,37,49,047,41,3*4E,1763493998858
NMEA,$GBGSV,2,1,07,19,54,312,36,20,72,159,29,22,03,319,25,23,01,050,17,5*77,1763493998858
NMEA,$GBGSV,2,2,07,32,16,143,20,36,17,231,21,37,49,047,29,5*46,1763493998858
NMEA,$GNGSA,A,3,03,04,07,08,09,16,20,21,27,30,,,0.7,0.4,0.5,1*36,1763493998870
NMEA,$PSSGR,GSA,A,3,03,04,08,09,21,27,30,,,,,,0.7,0.4,0.5,1,8*40,1763493998870
NMEA,$GNGSA,A,3,65,72,75,76,,,,,,,,,0.7,0.4,0.5,2*31,1763493998870
NMEA,$GNGSA,A,3,02,03,05,08,13,16,25,30,,,,,0.7,0.4,0.5,3*38,1763493998870
NMEA,$PSSGR,GSA,A,3,302,303,305,308,316,325,,,,,,,0.7,0.4,0.5,3,1*44,1763493998870
NMEA,$GNGSA,A,3,19,20,32,36,37,,,,,,,,0.7,0.4,0.5,4*38,1763493998870
NMEA,$PSSGR,GSA,A,3,219,220,232,236,237,,,,,,,,0.7,0.4,0.5,4,5*73,1763493998870
NMEA,$GNVTG,314.2,T,301.4,M,2.2,N,4.0,K,E*3F,1763493998870
NMEA,$GNDTM,W84,,0000.000000,N,00000.000000,E,0.000,W84*41,1763493998870
NMEA,$GNRMC,192639.00,A,3725.846573,N,12209.349637,W,2.2,314.2,181125,12.8,E,E,V*7C,1763493998870
NMEA,$GNGNS,192639.00,3725.846573,N,12209.349637,W,EEEEEE,27,0.4,21.1,-32.6,,,V*23,1763493998870
NMEA,$GNGGA,192639.00,3725.846573,N,12209.349637,W,6,12,0.4,21.1,M,-32.6,M,,*72,1763493998870
NMEA,$PSMSG,magcal=PASS,bluesky=0*00,1763493998875
NMEA,$GPGSV,3,1,10,03,19,173,41,04,54,099,46,07,52,279,41,08,17,127,47,1*6B,1763493999857
NMEA,$GPGSV,3,2,10,09,75,354,46,16,35,051,45,20,13,320,38,21,14,320,44,1*66,1763493999857
NMEA,$GPGSV,3,3,10,26,03,041,36,27,18,095,37,1*66,1763493999857
NMEA,$GPGSV,3,1,10,03,19,173,23,04,54,099,29,06,04,258,21,08,17,127,26,8*6F,1763493999857
NMEA,$GPGSV,3,2,10,09,75,354,39,11,04,296,14,21,14,320,32,26,03,041,21,8*65,1763493999857
NMEA,$GPGSV,3,3,10,27,18,095,32,30,24,263,21,8*6C,1763493999857
NMEA,$GLGSV,1,1,04,12,62,227,39,11,54,029,45,01,77,099,38,08,23,134,49,1*75,1763493999857
NMEA,$GAGSV,3,1,10,02,49,173,37,03,67,071,40,05,20,107,41,08,47,315,43,7*71,1763493999857
NMEA,$GAGSV,3,2,10,13,13,277,23,15,06,228,23,16,35,050,41,25,54,072,40,7*7D,1763493999857
NMEA,$GAGSV,3,3,10,26,03,325,21,30,05,202,22,7*74,1763493999857
NMEA,$GAGSV,2,1,08,02,49,173,23,03,67,071,26,05,20,107,27,08,47,315,36,1*78,1763493999857
NMEA,$GAGSV,2,2,08,13,13,277,19,15,06,228,27,16,35,050,34,25,54,072,32,1*79,1763493999857
NMEA,$GBGSV,2,1,06,37,49,047,44,36,17,231,26,32,16,143,35,22,03,319,34,1*77,1763493999857
NMEA,$GBGSV,2,2,06,20,72,159,45,19,54,312,48,1*7E,1763493999857
NMEA,$GBGSV,2,1,05,19,54,312,41,20,72,159,38,32,16,143,30,36,17,231,25,3*78,1763493999857
NMEA,$GBGSV,2,2,05,37,49,047,40,3*4F,1763493999857
NMEA,$GBGSV,2,1,07,19,54,312,34,20,72,159,29,22,03,319,20,23,01,050,17,5*70,1763493999857
NMEA,$GBGSV,2,2,07,32,16,143,20,36,17,231,21,37,49,047,31,5*4F,1763493999857
NMEA,$GNGSA,A,3,03,04,07,08,09,16,20,21,27,30,,,0.6,0.4,0.5,1*37,1763493999868
NMEA,$PSSGR,GSA,A,3,03,04,08,09,21,27,30,,,,,,0.6,0.4,0.5,1,8*41,1763493999868
NMEA,$GNGSA,A,3,65,72,75,76,,,,,,,,,0.6,0.4,0.5,2*30,1763493999868
NMEA,$GNGSA,A,3,02,03,05,08,13,15,16,25,30,,,,0.6,0.4,0.5,3*3D,1763493999868
NMEA,$PSSGR,GSA,A,3,302,303,305,308,315,316,325,,,,,,0.6,0.4,0.5,3,1*72,1763493999868
NMEA,$GNGSA,A,3,19,20,32,36,37,,,,,,,,0.6,0.4,0.5,4*39,1763493999868
NMEA,$PSSGR,GSA,A,3,219,220,232,237,,,,,,,,,0.6,0.4,0.5,4,5*45,1763493999868
NMEA,$GNVTG,317.9,T,305.1,M,2.2,N,4.0,K,E*36,1763493999868
NMEA,$GNDTM,W84,,0000.000000,N,00000.000000,E,0.000,W84*41,1763493999868
NMEA,$GNRMC,192640.00,A,3725.847072,N,12209.350104,W,2.2,317.9,181125,12.8,E,E,V*70,1763493999868
NMEA,$GNGNS,192640.00,3725.847072,N,12209.350104,W,EEEEEE,28,0.4,21.5,-32.6,,,V*2C,1763493999868
NMEA,$GNGGA,192640.00,3725.847072,N,12209.350104,W,6,12,0.4,21.5,M,-32.6,M,,*72,1763493999868
NMEA,$PSMSG,magcal=PASS,bluesky=0*00,1763493999873
NMEA,$GPGSV,3,1,10,03,19,173,42,04,54,099,46,07,52,279,41,08,17,127,47,1*68,1763494000858
NMEA,$GPGSV,3,2,10,09,75,354,47,16,35,051,46,20,13,320,39,21,14,320,47,1*66,1763494000858
NMEA,$GPGSV,3,3,10,26,03,041,33,27,18,095,40,1*63,1763494000858
NMEA,$GPGSV,3,1,10,03,19,173,28,04,54,099,31,06,04,258,21,08,17,127,30,8*6A,1763494000858
NMEA,$GPGSV,3,2,10,09,75,354,42,11,04,296,14,21,14,320,33,26,03,041,26,8*6F,1763494000858
NMEA,$GPGSV,3,3,10,27,18,095,35,30,24,263,24,8*6E,1763494000858
NMEA,$GLGSV,1,1,04,12,62,227,37,11,54,029,45,01,77,099,37,08,23,134,49,1*74,1763494000858
NMEA,$GAGSV,3,1,10,02,49,173,39,03,67,071,42,05,20,107,45,08,47,315,46,7*7C,1763494000858
NMEA,$GAGSV,3,2,10,13,13,277,27,15,06,228,23,16,35,050,45,25,54,072,43,7*7E,1763494000858
NMEA,$GAGSV,3,3,10,26,03,325,29,30,05,202,20,7*7E,1763494000858
NMEA,$GAGSV,2,1,08,02,49,173,25,03,67,071,29,05,20,107,29,08,47,315,34,1*7D,1763494000858
NMEA,$GAGSV,2,2,08,13,13,277,24,15,06,228,26,16,35,050,35,25,54,072,35,1*70,1763494000858
NMEA,$GBGSV,2,1,06,37,49,047,45,36,17,231,27,32,16,143,35,22,03,319,34,1*77,1763494000858
NMEA,$GBGSV,2,2,06,20,72,159,45,19,54,312,45,1*73,1763494000858
NMEA,$GBGSV,2,1,05,19,54,312,40,20,72,159,40,32,16,143,27,36,17,231,26,3*73,1763494000858
NMEA,$GBGSV,2,2,05,37,49,047,45,3*4A,1763494000858
NMEA,$GBGSV,2,1,07,19,54,312,32,20,72,159,30,22,03,319,26,23,01,050,17,5*78,1763494000858
NMEA,$GBGSV,2,2,07,32,16,143,23,36,17,231,21,37,49,047,35,5*48,1763494000858
NMEA,$GNGSA,A,3,03,04,07,08,09,16,20,21,27,30,,,0.6,0.4,0.5,1*37,1763494000878
NMEA,$PSSGR,GSA,A,3,03,04,08,09,21,27,30,,,,,,0.6,0.4,0.5,1,8*41,1763494000878
NMEA,$GNGSA,A,3,65,72,75,76,,,,,,,,,0.6,0.4,0.5,2*30,1763494000878
NMEA,$GNGSA,A,3,02,03,05,08,13,15,16,25,30,,,,0.6,0.4,0.5,3*3D,1763494000878
NMEA,$PSSGR,GSA,A,3,302,303,305,308,315,316,325,,,,,,0.6,0.4,0.5,3,1*72,1763494000878
NMEA,$GNGSA,A,3,19,20,32,36,37,,,,,,,,0.6,0.4,0.5,4*39,1763494000878
NMEA,$PSSGR,GSA,A,3,219,220,232,237,,,,,,,,,0.6,0.4,0.5,4,5*45,1763494000878
NMEA,$GNVTG,318.1,T,305.3,M,2.3,N,4.2,K,E*30,1763494000878
NMEA,$GNDTM,W84,,0000.000000,N,00000.000000,E,0.000,W84*41,1763494000878
NMEA,$GNRMC,192641.00,A,3725.847515,N,12209.350618,W,2.3,318.1,181125,12.8,E,E,V*79,1763494000878
NMEA,$GNGNS,192641.00,3725.847515,N,12209.350618,W,EEEEEE,28,0.4,21.4,-32.6,,,V*22,1763494000878
NMEA,$GNGGA,192641.00,3725.847515,N,12209.350618,W,6,12,0.4,21.4,M,-32.6,M,,*7C,1763494000878
NMEA,$PSMSG,magcal=PASS,bluesky=0*00,1763494000882
NMEA,$GPGSV,3,1,11,03,19,173,40,04,54,099,46,07,52,279,40,08,17,127,48,1*65,1763494001856
NMEA,$GPGSV,3,2,11,09,75,354,45,16,35,051,45,20,13,320,33,21,14,320,44,1*6F,1763494001856
NMEA,$GPGSV,3,3,11,26,03,041,34,27,18,095,37,30,24,263,30,1*54,1763494001856
NMEA,$GPGSV,3,1,10,03,19,173,26,04,54,099,32,06,04,258,21,08,17,127,30,8*67,1763494001856
NMEA,$GPGSV,3,2,10,09,75,354,42,11,04,296,18,21,14,320,34,26,03,041,26,8*64,1763494001856
NMEA,$GPGSV,3,3,10,27,18,095,32,30,24,263,24,8*69,1763494001856
NMEA,$GLGSV,1,1,04,12,62,227,40,11,54,029,45,01,77,099,38,08,23,134,49,1*7B,1763494001856
NMEA,$GAGSV,3,1,10,02,49,173,42,03,67,071,42,05,20,107,45,08,47,315,44,7*72,1763494001856
NMEA,$GAGSV,3,2,10,13,13,277,32,15,06,228,24,16,35,050,43,25,54,072,43,7*7B,1763494001856
NMEA,$GAGSV,3,3,10,26,03,325,34,30,05,202,23,7*71,1763494001856
NMEA,$GAGSV,2,1,08,02,49,173,25,03,67,071,32,05,20,107,25,08,47,315,38,1*77,1763494001856
NMEA,$GAGSV,2,2,08,13,13,277,28,15,06,228,25,16,35,050,32,25,54,072,34,1*79,1763494001856
NMEA,$GBGSV,2,1,06,37,49,047,44,32,16,143,35,23,01,050,26,22,03,319,32,1*77,1763494001856
NMEA,$GBGSV,2,2,06,20,72,159,46,19,54,312,47,1*72,1763494001856
NMEA,$GBGSV,2,1,05,19,54,312,44,20,72,159,44,32,16,143,31,36,17,231,24,3*76,1763494001856
NMEA,$GBGSV,2,2,05,37,49,047,44,3*4B,1763494001856
NMEA,$GBGSV,2,1,07,19,54,312,36,20,72,159,33,22,03,319,25,23,01,050,17,5*7C,1763494001856
NMEA,$GBGSV,2,2,07,32,16,143,21,36,17,231,20,37,49,047,30,5*4E,1763494001856
NMEA,$GNGSA,A,3,03,04,07,08,09,16,20,21,27,30,,,0.6,0.4,0.5,1*37,1763494001866
NMEA,$PSSGR,GSA,A,3,03,04,08,09,21,27,30,,,,,,0.6,0.4,0.5,1,8*41,1763494001866
NMEA,$GNGSA,A,3,65,72,75,76,,,,,,,,,0.6,0.4,0.5,2*30,1763494001866
NMEA,$GNGSA,A,3,02,03,05,08,13,15,16,25,30,,,,0.6,0.4,0.5,3*3D,1763494001866
NMEA,$PSSGR,GSA,A,3,302,303,305,308,313,315,316,325,,,,,0.6,0.4,0.5,3,1*43,1763494001866
NMEA,$GNGSA,A,3,19,20,32,36,37,,,,,,,,0.6,0.4,0.5,4*39,1763494001866
NMEA,$PSSGR,GSA,A,3,219,220,232,237,,,,,,,,,0.6,0.4,0.5,4,5*45,1763494001866
NMEA,$GNVTG,319.2,T,306.4,M,2.3,N,4.3,K,E*37,1763494001866
NMEA,$GNDTM,W84,,0000.000000,N,00000.000000,E,0.000,W84*41,1763494001866
NMEA,$GNRMC,192642.00,A,3725.848052,N,12209.351172,W,2.3,319.2,181125,12.8,E,E,V*7B,1763494001866
NMEA,$GNGNS,192642.00,3725.848052,N,12209.351172,W,EEEEEE,28,0.4,21.4,-32.6,,,V*22,1763494001866
NMEA,$GNGGA,192642.00,3725.848052,N,12209.351172,W,6,12,0.4,21.4,M,-32.6,M,,*7C,1763494001866
NMEA,$PSMSG,magcal=PASS,bluesky=0*00,1763494001870
NMEA,$GPGSV,3,1,11,03,19,173,36,04,54,099,46,07,52,279,35,08,17,127,49,1*67,1763494002856
NMEA,$GPGSV,3,2,11,09,75,354,45,16,35,051,46,20,13,320,33,21,14,320,43,1*6B,1763494002856
NMEA,$GPGSV,3,3,11,26,03,041,35,27,18,095,38,30,24,263,32,1*58,1763494002856
NMEA,$GPGSV,3,1,10,03,19,173,30,04,54,099,32,06,04,258,21,08,17,127,33,8*63,1763494002856
NMEA,$GPGSV,3,2,10,09,75,354,42,11,04,296,18,21,14,320,34,26,03,041,23,8*61,1763494002856
NMEA,$GPGSV,3,3,10,27,18,095,33,30,24,263,31,8*6C,1763494002856
NMEA,$GLGSV,1,1,04,12,62,227,39,11,54,029,45,01,77,099,38,08,23,134,50,1*7D,1763494002856
NMEA,$GAGSV,3,1,10,02,49,173,41,03,67,071,43,05,20,107,45,08,47,315,44,7*70,1763494002856
NMEA,$GAGSV,3,2,10,13,13,277,33,15,06,228,24,16,35,050,44,25,54,072,43,7*7D,1763494002856
NMEA,$GAGSV,3,3,10,26,03,325,34,30,05,202,24,7*76,1763494002856
NMEA,$GAGSV,2,1,08,02,49,173,25,03,67,071,29,05,20,107,29,08,47,315,39,1*70,1763494002856
NMEA,$GAGSV,2,2,08,13,13,277,26,15,06,228,24,16,35,050,29,25,54,072,34,1*7C,1763494002856
NMEA,$GBGSV,2,1,06,37,49,047,44,32,16,143,38,23,01,050,26,22,03,319,29,1*70,1763494002856
NMEA,$GBGSV,2,2,06,20,72,159,46,19,54,312,48,1*7D,1763494002856
NMEA,$GBGSV,2,1,05,19,54,312,45,20,72,159,44,32,16,143,37,36,17,231,24,3*71,1763494002856
NMEA,$GBGSV,2,2,05,37,49,047,43,3*4C,1763494002856
NMEA,$GBGSV,2,1,07,19,54,312,38,20,72,159,30,22,03,319,25,23,01,050,17,5*71,1763494002856
NMEA,$GBGSV,2,2,07,32,16,143,24,36,17,231,22,37,49,047,32,5*4B,1763494002856
NMEA,$GNGSA,A,3,03,04,07,08,09,16,20,21,27,30,,,0.6,0.4,0.5,1*37,1763494002869
NMEA,$PSSGR,GSA,A,3,03,04,08,09,21,27,30,,,,,,0.6,0.4,0.5,1,8*41,1763494002869
NMEA,$GNGSA,A,3,65,72,75,76,,,,,,,,,0.6,0.4,0.5,2*30,1763494002869
NMEA,$GNGSA,A,3,02,03,05,08,13,15,16,25,,,,,0.6,0.4,0.5,3*3E,1763494002869
NMEA,$PSSGR,GSA,A,3,302,303,305,308,313,315,316,325,,,,,0.6,0.4,0.5,3,1*43,1763494002869
NMEA,$GNGSA,A,3,19,20,32,36,37,,,,,,,,0.6,0.4,0.5,4*39,1763494002869
NMEA,$PSSGR,GSA,A,3,219,220,232,237,,,,,,,,,0.6,0.4,0.5,4,5*45,1763494002869
NMEA,$GNVTG,315.7,T,302.9,M,2.2,N,4.0,K,E*35,1763494002869
NMEA,$GNDTM,W84,,0000.000000,N,00000.000000,E,0.000,W84*41,1763494002869
NMEA,$GNRMC,192643.00,A,3725.848541,N,12209.351772,W,2.2,315.7,181125,12.8,E,E,V*73,1763494002869
NMEA,$GNGNS,192643.00,3725.848541,N,12209.351772,W,EEEEEE,27,0.4,21.3,-32.6,,,V*2A,1763494002869
NMEA,$GNGGA,192643.00,3725.848541,N,12209.351772,W,6,12,0.4,21.3,M,-32.6,M,,*7B,1763494002869
NMEA,$PSMSG,magcal=PASS,bluesky=0*00,1763494002874
NMEA,$GPGSV,3,1,11,03,19,173,33,04,54,099,45,07,52,279,41,08,17,127,49,1*62,1763494003861
NMEA,$GPGSV,3,2,11,09,75,354,46,16,35,051,45,20,13,320,40,21,14,320,43,1*6F,1763494003861
NMEA,$GPGSV,3,3,11,26,03,041,36,27,18,095,40,30,24,263,35,1*53,1763494003861
NMEA,$GPGSV,3,1,10,03,19,173,30,04,54,099,34,06,04,258,21,08,17,127,33,8*65,1763494003861
NMEA,$GPGSV,3,2,10,09,75,354,41,11,04,296,20,21,14,320,34,26,03,041,23,8*69,1763494003861
NMEA,$GPGSV,3,3,10,27,18,095,33,30,24,263,29,8*65,1763494003861
NMEA,$GLGSV,1,1,04,12,62,227,38,11,54,029,46,01,77,099,39,08,23,134,49,1*76,1763494003861
NMEA,$GAGSV,3,1,10,02,49,173,41,03,67,071,43,05,20,107,46,08,47,315,43,7*74,1763494003861
NMEA,$GAGSV,3,2,10,13,13,277,32,15,06,228,24,16,35,050,43,25,54,072,42,7*7A,1763494003861
NMEA,$GAGSV,3,3,10,26,03,325,34,30,05,202,24,7*76,1763494003861
NMEA,$GAGSV,2,1,08,02,49,173,28,03,67,071,31,05,20,107,31,08,47,315,38,1*7C,1763494003861
NMEA,$GAGSV,2,2,08,13,13,277,30,15,06,228,24,16,35,050,33,25,54,072,35,1*71,1763494003861
NMEA,$GBGSV,2,1,06,37,49,047,44,32,16,143,38,23,01,050,26,22,03,319,29,1*70,1763494003861
NMEA,$GBGSV,2,2,06,20,72,159,46,19,54,312,48,1*7D,1763494003861
NMEA,$GBGSV,2,1,05,19,54,312,45,20,72,159,41,32,16,143,39,36,17,231,25,3*7B,1763494003861
NMEA,$GBGSV,2,2,05,37,49,047,43,3*4C,1763494003861
NMEA,$GBGSV,2,1,07,19,54,312,37,20,72,159,27,22,03,319,25,23,01,050,17,5*78,1763494003861
NMEA,$GBGSV,2,2,07,32,16,143,25,36,17,231,22,37,49,047,30,5*48,1763494003861
NMEA,$GNGSA,A,3,03,04,07,08,09,16,20,21,27,30,,,0.6,0.4,0.5,1*37,1763494003880
NMEA,$PSSGR,GSA,A,3,03,04,08,09,21,27,30,,,,,,0.6,0.4,0.5,1,8*41,1763494003880
NMEA,$GNGSA,A,3,65,72,75,76,,,,,,,,,0.6,0.4,0.5,2*30,1763494003880
NMEA,$GNGSA,A,3,02,03,05,08,13,15,16,25,,,,,0.6,0.4,0.5,3*3E,1763494003880
NMEA,$PSSGR,GSA,A,3,302,303,305,308,313,315,316,325,,,,,0.6,0.4,0.5,3,1*43,1763494003880
NMEA,$GNGSA,A,3,19,20,32,36,37,,,,,,,,0.6,0.4,0.5,4*39,1763494003880
NMEA,$PSSGR,GSA,A,3,219,220,232,237,,,,,,,,,0.6,0.4,0.5,4,5*45,1763494003880
NMEA,$GNVTG,318.9,T,306.1,M,2.1,N,3.9,K,E*37,1763494003880
NMEA,$GNDTM,W84,,0000.000000,N,00000.000000,E,0.000,W84*41,1763494003880
NMEA,$GNRMC,192644.00,A,3725.849025,N,12209.352322,W,2.1,318.9,181125,12.8,E,E,V*70,1763494003880
NMEA,$GNGNS,192644.00,3725.849025,N,12209.352322,W,EEEEEE,27,0.4,21.3,-32.6,,,V*29,1763494003880
NMEA,$GNGGA,192644.00,3725.849025,N,12209.352322,W,6,12,0.4,21.3,M,-32.6,M,,*78,1763494003880
NMEA,$PSMSG,magcal=PASS,bluesky=0*00,1763494003888
NMEA,$GPGSV,3,1,11,03,19,173,31,04,54,099,45,07,52,279,41,08,17,127,49,1*60,1763494004860
NMEA,$GPGSV,3,2,11,09,75,354,45,16,35,051,45,20,13,320,40,21,14,320,43,1*6C,1763494004860
NMEA,$GPGSV,3,3,11,26,03,041,34,27,18,095,37,30,24,263,38,1*5C,1763494004860
NMEA,$GPGSV,3,1,10,03,19,173,24,04,54,099,33,06,04,258,21,08,17,127,33,8*67,1763494004860
NMEA,$GPGSV,3,2,10,09,75,354,41,11,04,296,20,21,14,320,36,26,03,041,25,8*6D,1763494004860
NMEA,$GPGSV,3,3,10,27,18,095,35,30,24,263,34,8*6F,1763494004860
NMEA,$GLGSV,1,1,04,12,62,227,37,11,54,029,45,01,77,099,39,08,23,134,48,1*7B,1763494004860
NMEA,$GAGSV,3,1,10,02,49,173,43,03,67,071,43,05,20,107,45,08,47,315,43,7*75,1763494004860
NMEA,$GAGSV,3,2,10,13,13,277,29,15,06,228,24,16,35,050,43,25,54,072,43,7*71,1763494004860
NMEA,$GAGSV,3,3,10,26,03,325,34,30,05,202,24,7*76,1763494004860
NMEA,$GAGSV,2,1,08,02,49,173,27,03,67,071,31,05,20,107,29,08,47,315,38,1*7A,1763494004860
NMEA,$GAGSV,2,2,08,13,13,277,31,15,06,228,24,16,35,050,33,25,54,072,32,1*77,1763494004860
NMEA,$GBGSV,2,1,06,37,49,047,44,32,16,143,38,23,01,050,26,22,03,319,29,1*70,1763494004860
NMEA,$GBGSV,2,2,06,20,72,159,46,19,54,312,48,1*7D,1763494004860
NMEA,$GBGSV,2,1,05,19,54,312,45,20,72,159,43,32,16,143,41,36,17,231,24,3*77,1763494004860
NMEA,$GBGSV,2,2,05,37,49,047,43,3*4C,1763494004860
NMEA,$GBGSV,2,1,07,19,54,312,38,20,72,159,31,22,03,319,25,23,01,050,17,5*70,1763494004860
NMEA,$GBGSV,2,2,07,32,16,143,27,36,17,231,23,37,49,047,32,5*49,1763494004860
NMEA,$GNGSA,A,3,03,04,07,08,09,16,20,21,27,30,,,0.6,0.4,0.5,1*37,1763494004874
NMEA,$PSSGR,GSA,A,3,03,04,08,09,21,27,30,,,,,,0.6,0.4,0.5,1,8*41,1763494004874
NMEA,$GNGSA,A,3,65,72,75,76,,,,,,,,,0.6,0.4,0.5,2*30,1763494004874
NMEA,$GNGSA,A,3,02,03,05,08,13,15,16,25,,,,,0.6,0.4,0.5,3*3E,1763494004874
NMEA,$PSSGR,GSA,A,3,302,303,305,308,313,315,316,325,,,,,0.6,0.4,0.5,3,1*43,1763494004874
NMEA,$GNGSA,A,3,19,20,32,36,37,,,,,,,,0.6,0.4,0.5,4*39,1763494004874
NMEA,$PSSGR,GSA,A,3,219,220,232,236,237,,,,,,,,0.6,0.4,0.5,4,5*72,1763494004874
NMEA,$GNVTG,319.1,T,306.3,M,2.4,N,4.4,K,E*33,1763494004874
NMEA,$GNDTM,W84,,0000.000000,N,00000.000000,E,0.000,W84*41,1763494004874
NMEA,$GNRMC,192645.00,A,3725.849498,N,12209.352903,W,2.4,319.1,181125,12.8,E,E,V*76,1763494004874
NMEA,$GNGNS,192645.00,3725.849498,N,12209.352903,W,EEEEEE,27,0.4,21.4,-32.6,,,V*24,1763494004874
NMEA,$GNGGA,192645.00,3725.849498,N,12209.352903,W,6,12,0.4,21.4,M,-32.6,M,,*75,1763494004874
NMEA,$PSMSG,magcal=PASS,bluesky=0*00,1763494004880
NMEA,$GPGSV,3,1,11,03,19,173,34,04,54,099,44,07,52,279,42,08,17,127,49,1*67,1763494005862
NMEA,$GPGSV,3,2,11,09,75,354,44,16,35,051,43,20,13,320,38,21,14,320,40,1*67,1763494005862
NMEA,$GPGSV,3,3,11,26,03,041,35,27,18,095,39,30,24,263,38,1*53,1763494005862
NMEA,$GPGSV,3,1,10,03,19,173,22,04,54,099,32,06,04,258,21,08,17,127,29,8*6B,1763494005862
NMEA,$GPGSV,3,2,10,09,75,354,42,11,04,296,20,21,14,320,36,26,03,041,24,8*6F,1763494005862
NMEA,$GPGSV,3,3,10,27,18,095,32,30,24,263,36,8*6A,1763494005862
NMEA,$GLGSV,1,1,04,12,62,227,38,11,54,029,45,01,77,099,38,08,23,134,48,1*75,1763494005862
NMEA,$GAGSV,3,1,10,02,49,173,42,03,67,071,42,05,20,107,42,08,47,315,42,7*73,1763494005862
NMEA,$GAGSV,3,2,10,13,13,277,34,15,06,228,24,16,35,050,42,25,54,072,41,7*7E,1763494005862
NMEA,$GAGSV,3,3,10,26,03,325,34,30,05,202,24,7*76,1763494005862
NMEA,$GAGSV,2,1,08,02,49,173,30,03,67,071,30,05,20,107,29,08,47,315,37,1*72,1763494005862
NMEA,$GAGSV,2,2,08,13,13,277,30,15,06,228,24,16,35,050,32,25,54,072,34,1*71,1763494005862
NMEA,$GBGSV,2,1,06,37,49,047,44,32,16,143,38,23,01,050,26,22,03,319,29,1*70,1763494005862
NMEA,$GBGSV,2,2,06,20,72,159,46,19,54,312,48,1*7D,1763494005862
NMEA,$GBGSV,2,1,05,19,54,312,42,20,72,159,43,32,16,143,41,36,17,231,24,3*70,1763494005862
NMEA,$GBGSV,2,2,05,37,49,047,43,3*4C,1763494005862
NMEA,$GBGSV,2,1,05,19,54,312,38,20,72,159,31,32,16,143,26,36,17,231,25,5*7E,1763494005862
NMEA,$GBGSV,2,2,05,37,49,047,31,5*4F,1763494005862
NMEA,$GNGSA,A,3,03,04,07,08,09,16,20,21,27,30,,,0.6,0.4,0.5,1*37,1763494005881
NMEA,$PSSGR,GSA,A,3,03,04,08,09,21,27,30,,,,,,0.6,0.4,0.5,1,8*41,1763494005881
NMEA,$GNGSA,A,3,65,72,75,76,,,,,,,,,0.6,0.4,0.5,2*30,1763494005881
NMEA,$GNGSA,A,3,02,03,05,08,13,15,16,25,,,,,0.6,0.4,0.5,3*3E,1763494005881
NMEA,$PSSGR,GSA,A,3,302,303,305,308,313,315,316,325,,,,,0.6,0.4,0.5,3,1*43,1763494005881
NMEA,$GNGSA,A,3,19,20,32,36,37,,,,,,,,0.6,0.4,0.5,4*39,1763494005881
NMEA,$PSSGR,GSA,A,3,219,220,232,236,237,,,,,,,,0.6,0.4,0.5,4,5*72,1763494005881
NMEA,$GNVTG,316.7,T,303.9,M,2.2,N,4.1,K,E*36,1763494005881
NMEA,$GNDTM,W84,,0000.000000,N,00000.000000,E,0.000,W84*41,1763494005881
NMEA,$GNRMC,192646.00,A,3725.849929,N,12209.353499,W,2.2,316.7,181125,12.8,E,E,V*72,1763494005881
NMEA,$GNGNS,192646.00,3725.849929,N,12209.353499,W,EEEEEE,27,0.4,21.5,-32.6,,,V*2E,1763494005881
NMEA,$GNGGA,192646.00,3725.849929,N,12209.353499,W,6,12,0.4,21.5,M,-32.6,M,,*7F,1763494005881
NMEA,$PSMSG,magcal=PASS,bluesky=0*00,1763494005887
NMEA,$GPGSV,3,1,12,03,19,173,32,04,54,099,45,07,52,279,42,08,17,127,48,1*62,1763494006864
NMEA,$GPGSV,3,2,12,09,75,354,44,11,04,296,26,16,35,051,43,20,13,320,39,1*6B,1763494006864
NMEA,$GPGSV,3,3,12,21,14,320,38,26,03,041,36,27,18,095,38,30,24,263,37,1*61,1763494006864
NMEA,$GPGSV,3,1,10,03,19,173,23,04,54,099,29,06,04,258,21,08,17,127,27,8*6E,1763494006864
NMEA,$GPGSV,3,2,10,09,75,354,40,11,04,296,20,21,14,320,35,26,03,041,21,8*6B,1763494006864
NMEA,$GPGSV,3,3,10,27,18,095,32,30,24,263,31,8*6D,1763494006864
NMEA,$GLGSV,1,1,04,12,62,227,33,11,53,029,45,01,77,104,39,08,22,135,47,1*72,1763494006864
NMEA,$GAGSV,3,1,10,02,49,173,41,03,67,071,41,05,20,107,42,08,47,315,42,7*73,1763494006864
NMEA,$GAGSV,3,2,10,13,13,277,33,15,06,228,24,16,35,050,41,25,54,072,41,7*7A,1763494006864
NMEA,$GAGSV,3,3,10,26,03,325,34,30,05,202,24,7*76,1763494006864
NMEA,$GAGSV,2,1,08,02,49,173,27,03,67,071,31,05,20,107,30,08,47,315,38,1*72,1763494006864
NMEA,$GAGSV,2,2,08,13,13,277,31,15,06,228,24,16,35,050,30,25,54,072,28,1*7F,1763494006864
NMEA,$GBGSV,2,1,06,37,49,047,44,32,16,143,38,23,01,050,26,22,03,319,29,1*70,1763494006864
NMEA,$GBGSV,2,2,06,20,72,159,46,19,54,312,48,1*7D,1763494006864
NMEA,$GBGSV,2,1,05,19,54,312,42,20,72,159,41,32,16,143,40,36,17,231,25,3*72,1763494006864
NMEA,$GBGSV,2,2,05,37,49,047,42,3*4D,1763494006864
NMEA,$GBGSV,2,1,05,19,54,312,38,20,72,159,32,32,16,143,25,36,17,231,21,5*7A,1763494006864
NMEA,$GBGSV,2,2,05,37,49,047,30,5*4E,1763494006864
NMEA,$GNGSA,A,3,03,04,07,08,09,16,20,21,27,30,,,0.7,0.4,0.5,1*36,1763494006876
NMEA,$PSSGR,GSA,A,3,03,04,08,09,21,27,30,,,,,,0.7,0.4,0.5,1,8*40,1763494006876
NMEA,$GNGSA,A,3,65,72,75,76,,,,,,,,,0.7,0.4,0.5,2*31,1763494006876
NMEA,$GNGSA,A,3,02,03,05,08,13,16,25,,,,,,0.7,0.4,0.5,3*3B,1763494006876
NMEA,$PSSGR,GSA,A,3,302,303,305,308,313,316,325,,,,,,0.7,0.4,0.5,3,1*75,1763494006876
NMEA,$GNGSA,A,3,19,20,32,36,37,,,,,,,,0.7,0.4,0.5,4*38,1763494006876
NMEA,$PSSGR,GSA,A,3,219,220,232,236,237,,,,,,,,0.7,0.4,0.5,4,5*73,1763494006876
NMEA,$GNVTG,323.7,T,310.9,M,2.3,N,4.2,K,E*30,1763494006876
NMEA,$GNDTM,W84,,0000.000000,N,00000.000000,E,0.000,W84*41,1763494006876
NMEA,$GNRMC,192647.00,A,3725.850376,N,12209.354004,W,2.3,323.7,181125,12.8,E,E,V*7B,1763494006876
NMEA,$GNGNS,192647.00,3725.850376,N,12209.354004,W,EEEEEE,26,0.4,21.7,-32.6,,,V*23,1763494006876
NMEA,$GNGGA,192647.00,3725.850376,N,12209.354004,W,6,12,0.4,21.7,M,-32.6,M,,*73,1763494006876
NMEA,$PSMSG,magcal=PASS,bluesky=0*00,1763494006883
NMEA,$GPGSV,3,1,12,03,19,173,32,04,54,099,44,07,52,279,43,08,17,127,47,1*6D,1763494007859
NMEA,$GPGSV,3,2,12,09,75,354,44,11,04,296,27,16,35,051,44,20,13,320,44,1*67,1763494007859
NMEA,$GPGSV,3,3,12,21,14,320,42,26,03,041,35,27,18,095,40,30,24,263,39,1*6E,1763494007859
NMEA,$GPGSV,3,1,10,03,19,173,24,04,54,099,33,06,04,258,26,08,17,127,31,8*62,1763494007859
NMEA,$GPGSV,3,2,10,09,75,354,41,11,04,296,20,21,14,320,36,26,03,041,21,8*69,1763494007859
NMEA,$GPGSV,3,3,10,27,18,095,35,30,24,263,33,8*68,1763494007859
NMEA,$GLGSV,1,1,04,12,62,227,37,11,53,029,45,01,77,104,39,08,22,135,48,1*79,1763494007859
NMEA,$GAGSV,3,1,10,02,49,173,39,03,67,071,41,05,20,107,43,08,47,315,43,7*7C,1763494007859
NMEA,$GAGSV,3,2,10,13,13,277,32,15,06,228,24,16,35,050,43,25,54,072,42,7*7A,1763494007859
NMEA,$GAGSV,3,3,10,26,03,325,34,30,05,202,24,7*76,1763494007859
NMEA,$GAGSV,2,1,08,02,49,173,25,03,67,071,30,05,20,107,30,08,47,315,36,1*7F,1763494007859
NMEA,$GAGSV,2,2,08,13,13,277,32,15,06,228,24,16,35,050,32,25,54,072,34,1*73,1763494007859
NMEA,$GBGSV,2,1,06,37,49,047,44,32,16,143,38,23,01,050,26,22,03,319,29,1*70,1763494007859
NMEA,$GBGSV,2,2,06,20,72,159,46,19,54,312,48,1*7D,1763494007859
NMEA,$GBGSV,2,1,05,19,54,312,42,20,72,159,42,32,16,143,40,36,17,231,24,3*70,1763494007859
NMEA,$GBGSV,2,2,05,37,49,047,43,3*4C,1763494007859
NMEA,$GBGSV,2,1,05,19,54,312,36,20,72,159,25,32,16,143,27,36,17,231,21,5*70,1763494007859
NMEA,$GBGSV,2,2,05,37,49,047,32,5*4C,1763494007859
NMEA,$GNGSA,A,3,03,04,07,08,09,16,20,21,27,30,,,0.7,0.4,0.5,1*36,1763494007875
NMEA,$PSSGR,GSA,A,3,03,04,08,09,21,27,30,,,,,,0.7,0.4,0.5,1,8*40,1763494007875
NMEA,$GNGSA,A,3,65,72,75,76,,,,,,,,,0.7,0.4,0.5,2*31,1763494007875
NMEA,$GNGSA,A,3,02,03,05,08,13,16,25,,,,,,0.7,0.4,0.5,3*3B,1763494007875
NMEA,$PSSGR,GSA,A,3,302,303,305,308,313,316,325,,,,,,0.7,0.4,0.5,3,1*75,1763494007875
NMEA,$GNGSA,A,3,19,20,32,36,37,,,,,,,,0.7,0.4,0.5,4*38,1763494007875
NMEA,$PSSGR,GSA,A,3,219,220,232,236,237,,,,,,,,0.7,0.4,0.5,4,5*73,1763494007875
NMEA,$GNVTG,310.3,T,297.5,M,2.3,N,4.2,K,E*36,1763494007875
NMEA,$GNDTM,W84,,0000.000000,N,00000.000000,E,0.000,W84*41,1763494007875
NMEA,$GNRMC,192648.00,A,3725.850801,N,12209.354632,W,2.3,310.3,181125,12.8,E,E,V*78,1763494007875
NMEA,$GNGNS,192648.00,3725.850801,N,12209.354632,W,EEEEEE,26,0.4,21.7,-32.6,,,V*24,1763494007875
NMEA,$GNGGA,192648.00,3725.850801,N,12209.354632,W,6,12,0.4,21.7,M,-32.6,M,,*74,1763494007875
NMEA,$PSMSG,magcal=PASS,bluesky=0*00,1763494007884
NMEA,$GPGSV,3,1,11,03,19,173,35,04,54,099,46,07,52,279,44,08,17,127,47,1*6C,1763494008860
NMEA,$GPGSV,3,2,11,09,75,354,44,16,35,051,44,20,13,320,45,21,14,320,43,1*69,1763494008860
NMEA,$GPGSV,3,3,11,26,03,041,33,27,18,095,37,30,24,263,39,1*5A,1763494008860
NMEA,$GPGSV,3,1,10,03,19,173,25,04,54,099,31,06,04,258,26,08,17,127,30,8*60,1763494008860
NMEA,$GPGSV,3,2,10,09,75,354,41,11,04,296,20,21,14,320,34,26,03,041,21,8*6B,1763494008860
NMEA,$GPGSV,3,3,10,27,18,095,33,30,24,263,34,8*69,1763494008860
NMEA,$GLGSV,1,1,04,12,62,227,37,11,53,029,45,01,77,104,39,08,22,135,47,1*76,1763494008860
NMEA,$GAGSV,3,1,10,02,49,173,42,03,67,071,43,05,20,107,42,08,47,315,41,7*71,1763494008860
NMEA,$GAGSV,3,2,10,13,13,277,35,15,06,228,23,16,35,050,42,25,54,072,44,7*7D,1763494008860
NMEA,$GAGSV,3,3,10,26,03,325,34,30,05,202,24,7*76,1763494008860
NMEA,$GAGSV,2,1,08,02,49,173,33,03,67,071,33,05,20,107,31,08,47,315,40,1*7B,1763494008860
NMEA,$GAGSV,2,2,08,13,13,277,31,15,06,228,24,16,35,050,29,25,54,072,31,1*7F,1763494008860
NMEA,$GBGSV,2,1,06,37,49,047,44,32,16,143,38,23,01,050,26,22,03,319,29,1*70,1763494008860
NMEA,$GBGSV,2,2,06,20,72,159,46,19,54,312,48,1*7D,1763494008860
NMEA,$GBGSV,2,1,05,19,54,312,46,20,72,159,42,32,16,143,39,36,17,231,27,3*79,1763494008860
NMEA,$GBGSV,2,2,05,37,49,047,43,3*4C,1763494008860
NMEA,$GBGSV,2,1,05,19,54,312,39,20,72,159,33,32,16,143,26,36,17,231,27,5*7F,1763494008860
NMEA,$GBGSV,2,2,05,37,49,047,29,5*46,1763494008860
NMEA,$GNGSA,A,3,03,04,07,08,09,16,20,21,27,30,,,0.7,0.4,0.5,1*36,1763494008877
NMEA,$PSSGR,GSA,A,3,03,04,08,09,21,27,30,,,,,,0.7,0.4,0.5,1,8*40,1763494008877
NMEA,$GNGSA,A,3,65,72,75,76,,,,,,,,,0.7,0.4,0.5,2*31,1763494008877
NMEA,$GNGSA,A,3,02,03,05,08,13,16,25,,,,,,0.7,0.4,0.5,3*3B,1763494008877
NMEA,$PSSGR,GSA,A,3,302,303,305,308,313,316,325,,,,,,0.7,0.4,0.5,3,1*75,1763494008877
NMEA,$GNGSA,A,3,19,20,32,36,37,,,,,,,,0.7,0.4,0.5,4*38,1763494008877
NMEA,$PSSGR,GSA,A,3,219,220,232,236,237,,,,,,,,0.7,0.4,0.5,4,5*73,1763494008877
NMEA,$GNVTG,319.2,T,306.4,M,2.4,N,4.5,K,E*36,1763494008877
NMEA,$GNDTM,W84,,0000.000000,N,00000.000000,E,0.000,W84*41,1763494008877
NMEA,$GNRMC,192649.00,A,3725.851358,N,12209.355182,W,2.4,319.2,181125,12.8,E,E,V*7D,1763494008877
NMEA,$GNGNS,192649.00,3725.851358,N,12209.355182,W,EEEEEE,26,0.4,21.8,-32.6,,,V*21,1763494008877
NMEA,$GNGGA,192649.00,3725.851358,N,12209.355182,W,6,12,0.4,21.8,M,-32.6,M,,*71,1763494008877
NMEA,$PSMSG,magcal=PASS,bluesky=0*00,1763494008882
NMEA,$GPGSV,3,1,11,03,19,173,30,04,54,099,45,07,52,279,43,08,17,127,47,1*6D,1763494009866
NMEA,$GPGSV,3,2,11,09,75,354,43,16,35,051,44,20,13,320,44,21,14,320,44,1*68,1763494009866
NMEA,$GPGSV,3,3,11,26,03,041,30,27,18,095,38,30,24,263,37,1*58,1763494009866
NMEA,$GPGSV,3,1,10,03,19,173,22,04,54,099,31,06,04,258,21,08,17,127,26,8*67,1763494009866
NMEA,$GPGSV,3,2,10,09,75,354,40,11,04,296,20,21,14,320,32,26,03,041,21,8*6C,1763494009866
NMEA,$GPGSV,3,3,10,27,18,095,34,30,24,263,35,8*6F,1763494009866
NMEA,$GLGSV,1,1,04,12,62,227,41,11,53,029,45,01,77,104,39,08,22,135,48,1*78,1763494009866
NMEA,$GAGSV,3,1,10,02,49,173,38,03,67,071,43,05,20,107,44,08,47,315,42,7*79,1763494009866
NMEA,$GAGSV,3,2,10,13,13,277,34,15,06,228,23,16,35,050,42,25,54,072,42,7*7A,1763494009866
NMEA,$GAGSV,3,3,10,26,03,325,33,30,05,202,24,7*71,1763494009866
NMEA,$GAGSV,2,1,08,02,49,173,33,03,67,071,33,05,20,107,31,08,47,315,40,1*7B,1763494009866
NMEA,$GAGSV,2,2,08,13,13,277,28,15,06,228,24,16,35,050,28,25,54,072,30,1*77,1763494009866
NMEA,$GBGSV,2,1,07,37,49,047,44,36,17,231,27,32,16,143,37,23,01,050,24,1*79,1763494009866
NMEA,$GBGSV,2,2,07,22,03,319,27,20,72,159,44,19,54,312,47,1*4C,1763494009866
NMEA,$GBGSV,2,1,05,19,54,312,45,20,72,159,43,32,16,143,37,36,17,231,27,3*75,1763494009866
NMEA,$GBGSV,2,2,05,37,49,047,43,3*4C,1763494009866
NMEA,$GBGSV,2,1,05,19,54,312,40,20,72,159,34,32,16,143,27,36,17,231,25,5*75,1763494009866
NMEA,$GBGSV,2,2,05,37,49,047,31,5*4F,1763494009866
NMEA,$GNGSA,A,3,03,04,07,08,09,16,20,21,27,30,,,0.7,0.4,0.5,1*36,1763494009890
NMEA,$PSSGR,GSA,A,3,03,04,08,09,21,27,30,,,,,,0.7,0.4,0.5,1,8*40,1763494009890
NMEA,$GNGSA,A,3,65,72,75,76,,,,,,,,,0.7,0.4,0.5,2*31,1763494009890
NMEA,$GNGSA,A,3,02,03,05,08,13,16,25,,,,,,0.7,0.4,0.5,3*3B,1763494009890
NMEA,$PSSGR,GSA,A,3,302,303,305,308,313,316,325,,,,,,0.7,0.4,0.5,3,1*75,1763494009890
NMEA,$GNGSA,A,3,19,20,32,36,37,,,,,,,,0.7,0.4,0.5,4*38,1763494009890
NMEA,$PSSGR,GSA,A,3,219,220,232,236,237,,,,,,,,0.7,0.4,0.5,4,5*73,1763494009890
NMEA,$GNVTG,312.3,T,299.5,M,2.2,N,4.1,K,E*38,1763494009890
NMEA,$GNDTM,W84,,0000.000000,N,00000.000000,E,0.000,W84*41,1763494009890
NMEA,$GNRMC,192650.00,A,3725.851817,N,12209.355789,W,2.2,312.3,181125,12.8,E,E,V*74,1763494009890
NMEA,$GNGNS,192650.00,3725.851817,N,12209.355789,W,EEEEEE,26,0.4,21.8,-32.6,,,V*24,1763494009890
NMEA,$GNGGA,192650.00,3725.851817,N,12209.355789,W,6,12,0.4,21.8,M,-32.6,M,,*74,1763494009890
NMEA,$PSMSG,magcal=PASS,bluesky=0*00,1763494009895
NMEA,$GPGSV,3,1,11,03,19,173,34,04,54,099,46,07,52,279,40,08,17,127,47,1*69,1763494010862
NMEA,$GPGSV,3,2,11,09,75,354,44,16,35,051,43,20,13,320,45,21,14,320,46,1*6B,1763494010862
NMEA,$GPGSV,3,3,11,26,03,041,28,27,18,095,37,30,24,263,38,1*51,1763494010862
NMEA,$GPGSV,3,1,10,03,19,173,25,04,54,099,29,06,04,258,22,08,17,127,29,8*65,1763494010862
NMEA,$GPGSV,3,2,10,09,75,354,38,11,04,296,20,21,14,320,29,26,03,041,21,8*69,1763494010862
NMEA,$GPGSV,3,3,10,27,18,095,32,30,24,263,35,8*69,1763494010862
NMEA,$GLGSV,1,1,04,12,62,227,41,11,53,029,45,01,77,104,40,08,22,135,47,1*79,1763494010862
NMEA,$GAGSV,3,1,10,02,49,173,40,03,67,071,43,05,20,107,43,08,47,315,41,7*72,1763494010862
NMEA,$GAGSV,3,2,10,13,13,277,31,15,06,228,21,16,35,050,41,25,54,072,42,7*7E,1763494010862
NMEA,$GAGSV,3,3,10,26,03,325,34,30,05,202,19,7*78,1763494010862
NMEA,$GAGSV,2,1,08,02,49,173,34,03,67,071,35,05,20,107,30,08,47,315,40,1*7B,1763494010862
NMEA,$GAGSV,2,2,08,13,13,277,30,15,06,228,24,16,35,050,28,25,54,072,29,1*76,1763494010862
NMEA,$GBGSV,2,1,07,37,49,047,44,36,17,231,27,32,16,143,37,23,01,050,24,1*79,1763494010862
NMEA,$GBGSV,2,2,07,22,03,319,32,20,72,159,44,19,54,312,47,1*48,1763494010862
NMEA,$GBGSV,2,1,05,19,54,312,46,20,72,159,44,32,16,143,37,36,17,231,27,3*71,1763494010862
NMEA,$GBGSV,2,2,05,37,49,047,43,3*4C,1763494010862
NMEA,$GBGSV,2,1,05,19,54,312,41,20,72,159,38,32,16,143,25,36,17,231,25,5*7A,1763494010862
NMEA,$GBGSV,2,2,05,37,49,047,33,5*4D,1763494010862
NMEA,$GNGSA,A,3,03,04,07,08,09,16,20,21,27,30,,,0.6,0.4,0.5,1*37,1763494010891
NMEA,$PSSGR,GSA,A,3,03,04,08,09,21,27,30,,,,,,0.6,0.4,0.5,1,8*41,1763494010891
NMEA,$GNGSA,A,3,65,72,75,76,,,,,,,,,0.6,0.4,0.5,2*30,1763494010891
NMEA,$GNGSA,A,3,02,03,05,08,13,16,25,,,,,,0.6,0.4,0.5,3*3A,1763494010891
NMEA,$PSSGR,GSA,A,3,302,303,305,308,313,316,325,,,,,,0.6,0.4,0.5,3,1*74,1763494010891
NMEA,$GNGSA,A,3,19,20,32,36,37,,,,,,,,0.6,0.4,0.5,4*39,1763494010891
NMEA,$PSSGR,GSA,A,3,219,220,232,236,237,,,,,,,,0.6,0.4,0.5,4,5*72,1763494010891
NMEA,$GNVTG,315.1,T,302.3,M,2.4,N,4.5,K,E*3A,1763494010891
NMEA,$GNDTM,W84,,0000.000000,N,00000.000000,E,0.000,W84*41,1763494010891
NMEA,$GNRMC,192651.00,A,3725.852333,N,12209.356416,W,2.4,315.1,181125,12.8,E,E,V*7E,1763494010891
NMEA,$GNGNS,192651.00,3725.852333,N,12209.356416,W,EEEEEE,26,0.4,21.7,-32.6,,,V*22,1763494010891
NMEA,$GNGGA,192651.00,3725.852333,N,12209.356416,W,6,12,0.4,21.7,M,-32.6,M,,*72,1763494010891
NMEA,$PSMSG,magcal=PASS,bluesky=0*00,1763494010898
NMEA,$GPGSV,3,1,11,03,19,173,38,04,54,099,45,07,52,279,40,08,17,127,46,1*67,1763494011859
NMEA,$GPGSV,3,2,11,09,75,354,42,16,35,051,44,20,13,320,40,21,14,320,45,1*6C,1763494011859
NMEA,$GPGSV,3,3,11,26,03,041,27,27,18,095,40,30,24,263,38,1*5E,1763494011859
NMEA,$GPGSV,3,1,10,03,19,173,27,04,54,099,30,06,04,258,22,08,17,127,26,8*60,1763494011859
NMEA,$GPGSV,3,2,10,09,75,354,34,11,04,296,20,21,14,320,31,26,03,041,22,8*6F,1763494011859
NMEA,$GPGSV,3,3,10,27,18,095,32,30,24,263,33,8*6F,1763494011859
NMEA,$GLGSV,1,1,04,12,62,227,41,11,53,029,44,01,77,104,40,08,22,135,45,1*7A,1763494011859
NMEA,$GAGSV,3,1,10,02,49,173,42,03,67,071,43,05,20,107,39,08,47,315,42,7*7E,1763494011859
NMEA,$GAGSV,3,2,10,13,13,277,34,15,06,228,21,16,35,050,42,25,54,072,42,7*78,1763494011859
NMEA,$GAGSV,3,3,10,26,03,325,32,30,05,202,19,7*7E,1763494011859
NMEA,$GAGSV,2,1,08,02,49,173,33,03,67,071,35,05,20,107,29,08,47,315,39,1*7A,1763494011859
NMEA,$GAGSV,2,2,08,13,13,277,32,15,06,228,24,16,35,050,30,25,54,072,30,1*75,1763494011859
NMEA,$GBGSV,2,1,07,37,49,047,44,36,17,231,29,32,16,143,38,23,01,050,24,1*78,1763494011859
NMEA,$GBGSV,2,2,07,22,03,319,32,20,72,159,43,19,54,312,46,1*4E,1763494011859
NMEA,$GBGSV,2,1,05,19,54,312,47,20,72,159,43,32,16,143,38,36,17,231,27,3*78,1763494011859
NMEA,$GBGSV,2,2,05,37,49,047,43,3*4C,1763494011859
NMEA,$GBGSV,2,1,06,19,54,312,41,20,72,159,38,22,03,319,18,32,16,143,25,5*7C,1763494011859
NMEA,$GBGSV,2,2,06,36,17,231,27,37,49,047,36,5*7D,1763494011859
NMEA,$GNGSA,A,3,03,04,07,08,09,16,20,21,27,30,,,0.6,0.4,0.5,1*37,1763494011882
NMEA,$PSSGR,GSA,A,3,03,04,08,09,21,27,30,,,,,,0.6,0.4,0.5,1,8*41,1763494011882
NMEA,$GNGSA,A,3,65,72,75,76,,,,,,,,,0.6,0.4,0.5,2*30,1763494011882
NMEA,$GNGSA,A,3,02,03,05,08,13,16,25,,,,,,0.6,0.4,0.5,3*3A,1763494011882
NMEA,$PSSGR,GSA,A,3,302,303,305,308,313,316,325,,,,,,0.6,0.4,0.5,3,1*74,1763494011882
NMEA,$GNGSA,A,3,19,20,32,36,37,,,,,,,,0.6,0.4,0.5,4*39,1763494011882
NMEA,$PSSGR,GSA,A,3,219,220,232,236,237,,,,,,,,0.6,0.4,0.5,4,5*72,1763494011882
NMEA,$GNVTG,317.4,T,304.6,M,2.2,N,4.0,K,E*3D,1763494011882
NMEA,$GNDTM,W84,,0000.000000,N,00000.000000,E,0.000,W84*41,1763494011882
NMEA,$GNRMC,192652.00,A,3725.852813,N,12209.356968,W,2.2,317.4,181125,12.8,E,E,V*71,1763494011882
NMEA,$GNGNS,192652.00,3725.852813,N,12209.356968,W,EEEEEE,26,0.4,21.8,-32.6,,,V*23,1763494011882
NMEA,$GNGGA,192652.00,3725.852813,N,12209.356968,W,6,12,0.4,21.8,M,-32.6,M,,*73,1763494011882
NMEA,$PSMSG,magcal=PASS,bluesky=0*00,1763494011895
NMEA,$GPGSV,3,1,11,03,19,173,39,04,54,099,45,07,52,279,40,08,17,127,47,1*67,1763494012858
NMEA,$GPGSV,3,2,11,09,75,354,44,16,35,051,44,20,13,320,38,21,14,320,43,1*63,1763494012858
NMEA,$GPGSV,3,3,11,26,03,041,28,27,18,095,40,30,24,263,38,1*51,1763494012858
NMEA,$GPGSV,3,1,10,03,19,173,24,04,54,099,32,06,04,258,22,08,17,127,28,8*6F,1763494012858
NMEA,$GPGSV,3,2,10,09,75,354,34,11,04,296,20,21,14,320,34,26,03,041,23,8*6B,1763494012858
NMEA,$GPGSV,3,3,10,27,18,095,31,30,24,263,31,8*6E,1763494012858
NMEA,$GLGSV,1,1,04,12,62,227,41,11,53,029,45,01,77,104,39,08,22,135,46,1*76,1763494012858
NMEA,$GAGSV,3,1,10,02,49,173,39,03,67,071,44,05,20,107,39,08,47,315,41,7*76,1763494012858
NMEA,$GAGSV,3,2,10,13,13,277,31,15,06,228,21,16,35,050,43,25,54,072,43,7*7D,1763494012858
NMEA,$GAGSV,3,3,10,26,03,325,33,30,05,202,19,7*7F,1763494012858
NMEA,$GAGSV,2,1,08,02,49,173,31,03,67,071,36,05,20,107,30,08,47,315,39,1*73,1763494012858
NMEA,$GAGSV,2,2,08,13,13,277,34,15,06,228,17,16,35,050,27,25,54,072,30,1*75,1763494012858
NMEA,$GBGSV,2,1,07,37,49,047,45,36,17,231,33,32,16,143,39,23,01,050,22,1*75,1763494012858
NMEA,$GBGSV,2,2,07,22,03,319,30,20,72,159,43,19,54,312,46,1*4C,1763494012858
NMEA,$GBGSV,2,1,05,19,54,312,46,20,72,159,45,32,16,143,39,36,17,231,31,3*79,1763494012858
NMEA,$GBGSV,2,2,05,37,49,047,44,3*4B,1763494012858
NMEA,$GBGSV,2,1,06,19,54,312,41,20,72,159,39,22,03,319,18,32,16,143,26,5*7E,1763494012858
NMEA,$GBGSV,2,2,06,36,17,231,27,37,49,047,36,5*7D,1763494012858
NMEA,$GNGSA,A,3,03,04,07,08,09,16,20,21,27,30,,,0.6,0.4,0.5,1*37,1763494012878
NMEA,$PSSGR,GSA,A,3,03,04,08,09,21,27,30,,,,,,0.6,0.4,0.5,1,8*41,1763494012878
NMEA,$GNGSA,A,3,65,72,75,76,,,,,,,,,0.6,0.4,0.5,2*30,1763494012878
NMEA,$GNGSA,A,3,02,03,05,08,13,16,25,,,,,,0.6,0.4,0.5,3*3A,1763494012878
NMEA,$PSSGR,GSA,A,3,302,303,305,308,313,316,325,,,,,,0.6,0.4,0.5,3,1*74,1763494012878
NMEA,$GNGSA,A,3,19,20,32,36,37,,,,,,,,0.6,0.4,0.5,4*39,1763494012878
NMEA,$PSSGR,GSA,A,3,219,220,232,236,237,,,,,,,,0.6,0.4,0.5,4,5*72,1763494012878
NMEA,$GNVTG,317.6,T,304.8,M,2.2,N,4.0,K,E*31,1763494012878
NMEA,$GNDTM,W84,,0000.000000,N,00000.000000,E,0.000,W84*41,1763494012878
NMEA,$GNRMC,192653.00,A,3725.853283,N,12209.357531,W,2.2,317.6,181125,12.8,E,E,V*71,1763494012878
NMEA,$GNGNS,192653.00,3725.853283,N,12209.357531,W,EEEEEE,26,0.4,21.8,-32.6,,,V*21,1763494012878
NMEA,$GNGGA,192653.00,3725.853283,N,12209.357531,W,6,12,0.4,21.8,M,-32.6,M,,*71,1763494012878
NMEA,$PSMSG,magcal=PASS,bluesky=0*00,1763494012885
NMEA,$GPGSV,3,1,11,03,19,173,39,04,54,099,45,07,52,279,44,08,17,127,48,1*6C,1763494013857
NMEA,$GPGSV,3,2,11,09,75,354,44,16,35,051,45,20,13,320,36,21,14,320,43,1*6C,1763494013857
NMEA,$GPGSV,3,3,11,26,03,041,27,27,18,095,38,30,24,263,38,1*51,1763494013857
NMEA,$GPGSV,3,1,10,03,19,173,25,04,54,099,31,06,04,258,22,08,17,127,30,8*64,1763494013857
NMEA,$GPGSV,3,2,10,09,75,354,41,11,04,296,16,21,14,320,36,26,03,041,23,8*6E,1763494013857
NMEA,$GPGSV,3,3,10,27,18,095,33,30,24,263,36,8*6B,1763494013857
NMEA,$GLGSV,1,1,04,12,62,227,42,11,53,029,46,01,77,104,38,08,22,135,47,1*76,1763494013857
NMEA,$GAGSV,3,1,10,02,49,173,43,03,67,071,44,05,20,107,41,08,47,315,41,7*74,1763494013857
NMEA,$GAGSV,3,2,10,13,13,277,34,15,06,228,20,16,35,050,42,25,54,072,43,7*78,1763494013857
NMEA,$GAGSV,3,3,10,26,03,325,32,30,05,202,20,7*74,1763494013857
NMEA,$GAGSV,2,1,08,02,49,173,31,03,67,071,32,05,20,107,30,08,47,315,40,1*79,1763494013857
NMEA,$GAGSV,2,2,08,13,13,277,33,15,06,228,17,16,35,050,31,25,54,072,32,1*77,1763494013857
NMEA,$GBGSV,2,1,07,37,49,047,44,36,17,231,31,32,16,143,39,23,01,050,25,1*71,1763494013857
NMEA,$GBGSV,2,2,07,22,03,319,25,20,72,159,46,19,54,312,45,1*4E,1763494013857
NMEA,$GBGSV,2,1,05,19,54,312,44,20,72,159,44,32,16,143,36,36,17,231,30,3*74,1763494013857
NMEA,$GBGSV,2,2,05,37,49,047,44,3*4B,1763494013857
NMEA,$GBGSV,2,1,06,19,54,312,38,20,72,159,34,22,03,319,20,32,16,143,27,5*77,1763494013857
NMEA,$GBGSV,2,2,06,36,17,231,26,37,49,047,31,5*7B,1763494013857
NMEA,$GNGSA,A,3,03,04,07,08,09,16,20,21,27,30,,,0.6,0.4,0.5,1*37,1763494013871
NMEA,$PSSGR,GSA,A,3,03,04,08,09,21,27,30,,,,,,0.6,0.4,0.5,1,8*41,1763494013871
NMEA,$GNGSA,A,3,65,72,75,76,,,,,,,,,0.6,0.4,0.5,2*30,1763494013871
NMEA,$GNGSA,A,3,02,03,05,08,13,16,25,,,,,,0.6,0.4,0.5,3*3A,1763494013871
NMEA,$PSSGR,GSA,A,3,302,303,305,308,313,316,325,,,,,,0.6,0.4,0.5,3,1*74,1763494013871
NMEA,$GNGSA,A,3,19,20,32,36,37,,,,,,,,0.6,0.4,0.5,4*39,1763494013871
NMEA,$PSSGR,GSA,A,3,219,220,232,236,237,,,,,,,,0.6,0.4,0.5,4,5*72,1763494013871
NMEA,$GNVTG,321.5,T,308.7,M,2.0,N,3.7,K,E*36,1763494013871
NMEA,$GNDTM,W84,,0000.000000,N,00000.000000,E,0.000,W84*41,1763494013871
NMEA,$GNRMC,192654.00,A,3725.853759,N,12209.357961,W,2.0,321.5,181125,12.8,E,E,V*79,1763494013871
NMEA,$GNGNS,192654.00,3725.853759,N,12209.357961,W,EEEEEE,26,0.4,21.8,-32.6,,,V*2D,1763494013871
NMEA,$GNGGA,192654.00,3725.853759,N,12209.357961,W,6,12,0.4,21.8,M,-32.6,M,,*7D,1763494013871
NMEA,$PSMSG,magcal=PASS,bluesky=0*00,1763494013876
NMEA,$GPGSV,3,1,11,03,19,173,39,04,54,099,46,07,52,279,42,08,17,127,48,1*69,1763494014860
NMEA,$GPGSV,3,2,11,09,75,354,43,16,35,051,43,20,13,320,39,21,14,320,44,1*65,1763494014860
NMEA,$GPGSV,3,3,11,26,03,041,33,27,18,095,37,30,24,263,38,1*5B,1763494014860
NMEA,$GPGSV,3,1,10,03,19,173,28,04,54,099,30,06,04,258,22,08,17,127,32,8*6A,1763494014860
NMEA,$GPGSV,3,2,10,09,75,354,39,11,04,296,16,21,14,320,34,26,03,041,18,8*6B,1763494014860
NMEA,$GPGSV,3,3,10,27,18,095,32,30,24,263,34,8*68,1763494014860
NMEA,$GLGSV,1,1,04,12,62,227,41,11,53,029,45,01,77,104,39,08,22,135,48,1*78,1763494014860
NMEA,$GAGSV,3,1,10,02,49,173,42,03,67,071,43,05,20,107,40,08,47,315,43,7*71,1763494014860
NMEA,$GAGSV,3,2,10,13,13,277,33,15,06,228,20,16,35,050,41,25,54,072,42,7*7D,1763494014860
NMEA,$GAGSV,3,3,10,26,03,325,35,30,05,202,22,7*71,1763494014860
NMEA,$GAGSV,2,1,08,02,49,173,31,03,67,071,33,05,20,107,28,08,47,315,40,1*71,1763494014860
NMEA,$GAGSV,2,2,08,13,13,277,31,15,06,228,17,16,35,050,29,25,54,072,31,1*7F,1763494014860
NMEA,$GBGSV,2,1,07,37,49,047,44,36,17,231,31,32,16,143,38,23,01,050,23,1*76,1763494014860
NMEA,$GBGSV,2,2,07,22,03,319,29,20,72,159,45,19,54,312,46,1*42,1763494014860
NMEA,$GBGSV,2,1,05,19,54,312,45,20,72,159,44,32,16,143,37,36,17,231,30,3*74,1763494014860
NMEA,$GBGSV,2,2,05,37,49,047,43,3*4C,1763494014860
NMEA,$GBGSV,2,1,06,19,54,312,40,20,72,159,35,22,03,319,20,32,16,143,29,5*77,1763494014860
NMEA,$GBGSV,2,2,06,36,17,231,24,37,49,047,31,5*79,1763494014860
NMEA,$GNGSA,A,3,03,04,07,08,09,16,20,21,27,30,,,0.6,0.4,0.5,1*37,1763494014877
NMEA,$PSSGR,GSA,A,3,03,04,08,09,21,27,30,,,,,,0.6,0.4,0.5,1,8*41,1763494014877
NMEA,$GNGSA,A,3,65,72,75,76,,,,,,,,,0.6,0.4,0.5,2*30,1763494014877
NMEA,$GNGSA,A,3,02,03,05,08,13,16,25,,,,,,0.6,0.4,0.5,3*3A,1763494014877
NMEA,$PSSGR,GSA,A,3,302,303,305,308,313,316,325,,,,,,0.6,0.4,0.5,3,1*74,1763494014877
NMEA,$GNGSA,A,3,19,20,32,36,37,,,,,,,,0.6,0.4,0.5,4*39,1763494014877
NMEA,$PSSGR,GSA,A,3,219,220,232,236,237,,,,,,,,0.6,0.4,0.5,4,5*72,1763494014877
NMEA,$GNVTG,312.6,T,299.8,M,2.1,N,3.9,K,E*3C,1763494014877
NMEA,$GNDTM,W84,,0000.000000,N,00000.000000,E,0.000,W84*41,1763494014877
NMEA,$GNRMC,192655.00,A,3725.854178,N,12209.358517,W,2.1,312.6,181125,12.8,E,E,V*7A,1763494014877
NMEA,$GNGNS,192655.00,3725.854178,N,12209.358517,W,EEEEEE,26,0.4,21.9,-32.6,,,V*2D,1763494014877
NMEA,$GNGGA,192655.00,3725.854178,N,12209.358517,W,6,12,0.4,21.9,M,-32.6,M,,*7D,1763494014877
NMEA,$PSMSG,magcal=PASS,bluesky=0*00,1763494014881
NMEA,$GPGSV,3,1,11,03,19,173,38,04,54,099,46,07,52,279,42,08,17,127,48,1*68,1763494015862
NMEA,$GPGSV,3,2,11,09,75,354,44,16,35,051,41,20,13,320,40,21,14,320,43,1*69,1763494015862
NMEA,$GPGSV,3,3,11,26,03,041,31,27,18,095,37,30,24,263,40,1*56,1763494015862
NMEA,$GPGSV,3,1,10,03,19,173,24,04,54,099,30,06,04,258,16,08,17,127,33,8*60,1763494015862
NMEA,$GPGSV,3,2,10,09,75,354,37,11,04,296,16,21,14,320,35,26,03,041,18,8*64,1763494015862
NMEA,$GPGSV,3,3,10,27,18,095,31,30,24,263,33,8*6C,1763494015862
NMEA,$GLGSV,1,1,04,12,62,227,40,11,53,029,41,01,77,104,40,08,22,135,47,1*7C,1763494015862
NMEA,$GAGSV,3,1,10,02,49,173,42,03,67,071,43,05,20,107,41,08,47,315,44,7*77,1763494015862
NMEA,$GAGSV,3,2,10,13,13,277,34,15,06,228,20,16,35,050,40,25,54,072,43,7*7A,1763494015862
NMEA,$GAGSV,3,3,10,26,03,325,34,30,05,202,22,7*70,1763494015862
NMEA,$GAGSV,2,1,08,02,49,173,31,03,67,071,34,05,20,107,30,08,47,315,39,1*71,1763494015862
NMEA,$GAGSV,2,2,08,13,13,277,32,15,06,228,18,16,35,050,26,25,54,072,31,1*7C,1763494015862
NMEA,$GBGSV,2,1,07,37,49,047,44,36,17,231,30,32,16,143,40,23,01,050,24,1*7F,1763494015862
NMEA,$GBGSV,2,2,07,22,03,319,27,20,72,159,44,19,54,312,44,1*4F,1763494015862
NMEA,$GBGSV,2,1,05,19,54,312,45,20,72,159,43,32,16,143,39,36,17,231,30,3*7D,1763494015862
NMEA,$GBGSV,2,2,05,37,49,047,44,3*4B,1763494015862
NMEA,$GBGSV,2,1,06,19,54,312,39,20,72,159,37,22,03,319,20,32,16,143,28,5*7A,1763494015862
NMEA,$GBGSV,2,2,06,36,17,231,28,37,49,047,32,5*76,1763494015862
NMEA,$GNGSA,A,3,03,04,07,08,09,16,20,21,27,30,,,0.6,0.4,0.5,1*37,1763494015880
NMEA,$PSSGR,GSA,A,3,03,04,08,09,21,27,30,,,,,,0.6,0.4,0.5,1,8*41,1763494015880
NMEA,$GNGSA,A,3,65,72,75,76,,,,,,,,,0.6,0.4,0.5,2*30,1763494015880
NMEA,$GNGSA,A,3,02,03,05,08,13,16,25,,,,,,0.6,0.4,0.5,3*3A,1763494015880
NMEA,$PSSGR,GSA,A,3,302,303,305,308,313,316,325,,,,,,0.6,0.4,0.5,3,1*74,1763494015880
NMEA,$GNGSA,A,3,19,20,32,36,37,,,,,,,,0.6,0.4,0.5,4*39,1763494015880
NMEA,$PSSGR,GSA,A,3,219,220,232,236,237,,,,,,,,0.6,0.4,0.5,4,5*72,1763494015880
NMEA,$GNVTG,319.9,T,307.1,M,1.9,N,3.6,K,E*33,1763494015880
NMEA,$GNDTM,W84,,0000.000000,N,00000.000000,E,0.000,W84*41,1763494015880
NMEA,$GNRMC,192656.00,A,3725.854598,N,12209.358991,W,1.9,319.9,181125,12.8,E,E,V*7E,1763494015880
NMEA,$GNGNS,192656.00,3725.854598,N,12209.358991,W,EEEEEE,26,0.4,22.1,-32.6,,,V*2D,1763494015880
NMEA,$GNGGA,192656.00,3725.854598,N,12209.358991,W,6,12,0.4,22.1,M,-32.6,M,,*7D,1763494015880
NMEA,$PSMSG,magcal=PASS,bluesky=0*00,1763494015886
NMEA,$GPGSV,3,1,11,03,19,173,38,04,54,099,46,07,52,279,43,08,17,127,49,1*68,1763494016863
NMEA,$GPGSV,3,2,11,09,75,354,45,16,35,051,44,20,13,320,44,21,14,320,42,1*68,1763494016863
NMEA,$GPGSV,3,3,11,26,03,041,32,27,18,095,36,30,24,263,39,1*5A,1763494016863
NMEA,$GPGSV,3,1,10,03,19,173,24,04,54,099,32,06,04,258,16,08,17,127,32,8*63,1763494016863
NMEA,$GPGSV,3,2,10,09,75,354,38,11,04,296,16,21,14,320,35,26,03,041,21,8*61,1763494016863
NMEA,$GPGSV,3,3,10,27,18,095,31,30,24,263,35,8*6A,1763494016863
NMEA,$GLGSV,1,1,04,12,62,227,40,11,53,029,43,01,77,104,39,08,22,135,45,1*72,1763494016863
NMEA,$GAGSV,3,1,10,02,49,173,43,03,67,071,43,05,20,107,42,08,47,315,44,7*75,1763494016863
NMEA,$GAGSV,3,2,10,13,13,277,32,15,06,228,19,16,35,050,42,25,54,072,43,7*74,1763494016863
NMEA,$GAGSV,3,3,10,26,03,325,35,30,05,202,21,7*72,1763494016863
NMEA,$GAGSV,2,1,08,02,49,173,32,03,67,071,35,05,20,107,30,08,47,315,38,1*72,1763494016863
NMEA,$GAGSV,2,2,08,13,13,277,32,15,06,228,18,16,35,050,26,25,54,072,32,1*7F,1763494016863
NMEA,$GBGSV,2,1,07,37,49,047,44,36,17,231,31,32,16,143,41,23,01,050,23,1*78,1763494016863
NMEA,$GBGSV,2,2,07,22,03,319,32,20,72,159,44,19,54,312,41,1*4E,1763494016863
NMEA,$GBGSV,2,1,05,19,54,312,46,20,72,159,42,32,16,143,40,36,17,231,30,3*71,1763494016863
NMEA,$GBGSV,2,2,05,37,49,047,44,3*4B,1763494016863
NMEA,$GBGSV,2,1,07,19,54,312,37,20,72,159,36,22,03,319,20,23,01,050,15,5*7F,1763494016863
NMEA,$GBGSV,2,2,07,32,16,143,28,36,17,231,27,37,49,047,31,5*41,1763494016863
NMEA,$GNGSA,A,3,03,04,07,08,09,16,20,21,27,30,,,0.6,0.4,0.5,1*37,1763494016882
NMEA,$PSSGR,GSA,A,3,03,04,08,09,21,27,30,,,,,,0.6,0.4,0.5,1,8*41,1763494016882
NMEA,$GNGSA,A,3,65,72,75,76,,,,,,,,,0.6,0.4,0.5,2*30,1763494016882
NMEA,$GNGSA,A,3,02,03,05,08,13,16,25,,,,,,0.6,0.4,0.5,3*3A,1763494016882
NMEA,$PSSGR,GSA,A,3,302,303,305,308,313,316,325,,,,,,0.6,0.4,0.5,3,1*74,1763494016882
NMEA,$GNGSA,A,3,19,20,32,36,37,,,,,,,,0.6,0.4,0.5,4*39,1763494016882
NMEA,$PSSGR,GSA,A,3,219,220,232,236,237,,,,,,,,0.6,0.4,0.5,4,5*72,1763494016882
NMEA,$GNVTG,319.5,T,306.7,M,1.7,N,3.1,K,E*31,1763494016882
NMEA,$GNDTM,W84,,0000.000000,N,00000.000000,E,0.000,W84*41,1763494016882
NMEA,$GNRMC,192657.00,A,3725.854962,N,12209.359386,W,1.7,319.5,181125,12.8,E,E,V*79,1763494016882
NMEA,$GNGNS,192657.00,3725.854962,N,12209.359386,W,EEEEEE,26,0.4,22.2,-32.6,,,V*2B,1763494016882
NMEA,$GNGGA,192657.00,3725.854962,N,12209.359386,W,6,12,0.4,22.2,M,-32.6,M,,*7B,1763494016882
NMEA,$PSMSG,magcal=PASS,bluesky=0*00,1763494016888
NMEA,$GPGSV,3,1,11,03,19,173,36,04,54,099,44,07,52,279,44,08,17,127,48,1*62,1763494017861
NMEA,$GPGSV,3,2,11,09,75,354,43,16,35,051,43,20,13,320,42,21,14,320,42,1*6F,1763494017861
NMEA,$GPGSV,3,3,11,26,03,041,34,27,18,095,40,30,24,263,35,1*51,1763494017861
NMEA,$GPGSV,3,1,10,03,19,173,24,04,54,099,35,06,04,258,16,08,17,127,32,8*64,1763494017861
NMEA,$GPGSV,3,2,10,09,75,354,39,11,04,296,16,21,14,320,36,26,03,041,21,8*63,1763494017861
NMEA,$GPGSV,3,3,10,27,18,095,35,30,24,263,37,8*6C,1763494017861
NMEA,$GLGSV,1,1,04,12,62,227,41,11,53,029,41,01,77,104,40,08,22,135,48,1*72,1763494017861
NMEA,$GAGSV,3,1,10,02,49,173,40,03,67,071,43,05,20,107,43,08,47,315,40,7*73,1763494017861
NMEA,$GAGSV,3,2,10,13,13,277,27,15,06,228,22,16,35,050,41,25,54,072,43,7*7B,1763494017861
NMEA,$GAGSV,3,3,10,26,03,325,36,30,05,202,23,7*73,1763494017861
NMEA,$GAGSV,2,1,08,02,49,173,30,03,67,071,32,05,20,107,30,08,47,315,34,1*7B,1763494017861
NMEA,$GAGSV,2,2,08,13,13,277,31,15,06,228,25,16,35,050,33,25,54,072,35,1*71,1763494017861
NMEA,$GBGSV,2,1,07,37,49,047,45,36,17,231,31,32,16,143,41,23,01,050,25,1*7F,1763494017861
NMEA,$GBGSV,2,2,07,22,03,319,30,20,72,159,45,19,54,312,48,1*44,1763494017861
NMEA,$GBGSV,2,1,05,19,54,312,46,20,72,159,44,32,16,143,40,36,17,231,32,3*75,1763494017861
NMEA,$GBGSV,2,2,05,37,49,047,41,3*4E,1763494017861
NMEA,$GBGSV,2,1,07,19,54,312,30,20,72,159,30,22,03,319,21,23,01,050,15,5*7F,1763494017861
NMEA,$GBGSV,2,2,07,32,16,143,29,36,17,231,28,37,49,047,33,5*4D,1763494017861
NMEA,$GNGSA,A,3,03,04,07,08,09,16,20,21,27,30,,,0.6,0.4,0.5,1*37,1763494017886
NMEA,$PSSGR,GSA,A,3,03,04,08,09,21,27,30,,,,,,0.6,0.4,0.5,1,8*41,1763494017886
NMEA,$GNGSA,A,3,65,72,75,76,,,,,,,,,0.6,0.4,0.5,2*30,1763494017886
NMEA,$GNGSA,A,3,02,03,05,08,13,16,25,,,,,,0.6,0.4,0.5,3*3A,1763494017886
NMEA,$PSSGR,GSA,A,3,302,303,305,308,313,316,325,,,,,,0.6,0.4,0.5,3,1*74,1763494017886
NMEA,$GNGSA,A,3,19,20,32,36,37,,,,,,,,0.6,0.4,0.5,4*39,1763494017886
NMEA,$PSSGR,GSA,A,3,219,220,232,236,237,,,,,,,,0.6,0.4,0.5,4,5*72,1763494017886
NMEA,$GNVTG,327.0,T,314.2,M,2.1,N,4.0,K,E*3C,1763494017886
NMEA,$GNDTM,W84,,0000.000000,N,00000.000000,E,0.000,W84*41,1763494017886
NMEA,$GNRMC,192658.00,A,3725.855420,N,12209.359798,W,2.1,327.0,181125,12.8,E,E,V*7A,1763494017886
NMEA,$GNGNS,192658.00,3725.855420,N,12209.359798,W,EEEEEE,26,0.4,22.2,-32.6,,,V*25,1763494017886
NMEA,$GNGGA,192658.00,3725.855420,N,12209.359798,W,6,12,0.4,22.2,M,-32.6,M,,*75,1763494017886
NMEA,$PSMSG,magcal=PASS,bluesky=0*00,1763494017892
NMEA,$GPGSV,3,1,11,03,19,173,38,04,54,099,43,07,52,279,43,08,17,127,44,1*60,1763494018863
NMEA,$GPGSV,3,2,11,09,75,354,44,16,35,051,42,20,13,320,36,21,14,320,37,1*68,1763494018863
NMEA,$GPGSV,3,3,11,26,03,041,32,27,18,095,45,30,24,263,43,1*53,1763494018863
NMEA,$GPGSV,3,1,10,03,19,173,24,04,54,099,37,06,04,258,16,08,17,127,32,8*66,1763494018863
NMEA,$GPGSV,3,2,10,09,75,354,35,11,04,296,16,21,14,320,38,26,03,041,23,8*63,1763494018863
NMEA,$GPGSV,3,3,10,27,18,095,36,30,24,263,31,8*69,1763494018863
NMEA,$GLGSV,1,1,04,12,62,227,42,11,53,029,41,01,77,104,38,08,22,135,47,1*71,1763494018863
NMEA,$GAGSV,3,1,10,02,49,173,42,03,67,071,41,05,20,107,42,08,47,315,38,7*7D,1763494018863
NMEA,$GAGSV,3,2,10,13,13,277,36,15,06,228,28,16,35,050,40,25,54,072,43,7*70,1763494018863
NMEA,$GAGSV,3,3,10,26,03,325,32,30,05,202,25,7*71,1763494018863
NMEA,$GAGSV,2,1,08,02,49,173,34,03,67,071,35,05,20,107,35,08,47,315,31,1*78,1763494018863
NMEA,$GAGSV,2,2,08,13,13,277,30,15,06,228,21,16,35,050,34,25,54,072,36,1*70,1763494018863
NMEA,$GBGSV,2,1,07,37,49,047,43,36,17,231,40,32,16,143,39,23,01,050,27,1*72,1763494018863
NMEA,$GBGSV,2,2,07,22,03,319,31,20,72,159,45,19,54,312,44,1*49,1763494018863
NMEA,$GBGSV,2,1,05,19,54,312,41,20,72,159,44,32,16,143,38,36,17,231,38,3*77,1763494018863
NMEA,$GBGSV,2,2,05,37,49,047,42,3*4D,1763494018863
NMEA,$GBGSV,2,1,07,19,54,312,32,20,72,159,35,22,03,319,21,23,01,050,19,5*74,1763494018863
NMEA,$GBGSV,2,2,07,32,16,143,31,36,17,231,28,37,49,047,34,5*43,1763494018863
NMEA,$GNGSA,A,3,03,04,07,08,09,16,20,21,27,30,,,0.6,0.4,0.5,1*37,1763494018880
NMEA,$PSSGR,GSA,A,3,03,04,08,09,21,27,30,,,,,,0.6,0.4,0.5,1,8*41,1763494018880
NMEA,$GNGSA,A,3,65,72,75,76,,,,,,,,,0.6,0.4,0.5,2*30,1763494018880
NMEA,$GNGSA,A,3,02,03,05,08,13,15,16,25,,,,,0.6,0.4,0.5,3*3E,1763494018880
NMEA,$PSSGR,GSA,A,3,302,303,305,308,313,316,325,,,,,,0.6,0.4,0.5,3,1*74,1763494018880
NMEA,$GNGSA,A,3,19,20,32,36,37,,,,,,,,0.6,0.4,0.5,4*39,1763494018880
NMEA,$PSSGR,GSA,A,3,219,220,232,236,237,,,,,,,,0.6,0.4,0.5,4,5*72,1763494018880
NMEA,$GNVTG,345.6,T,332.8,M,2.2,N,4.0,K,E*33,1763494018880
NMEA,$GNDTM,W84,,0000.000000,N,00000.000000,E,0.000,W84*41,1763494018880
NMEA,$GNRMC,192659.00,A,3725.855904,N,12209.359865,W,2.2,345.6,181125,12.8,E,E,V*7C,1763494018880
NMEA,$GNGNS,192659.00,3725.855904,N,12209.359865,W,EEEEEE,27,0.4,21.8,-32.6,,,V*2A,1763494018880
NMEA,$GNGGA,192659.00,3725.855904,N,12209.359865,W,6,12,0.4,21.8,M,-32.6,M,,*7B,1763494018880
NMEA,$PSMSG,magcal=PASS,bluesky=0*00,1763494018889
NMEA,$GPGSV,3,1,11,03,19,173,35,04,54,099,43,07,52,279,45,08,17,127,45,1*6A,1763494019871
NMEA,$GPGSV,3,2,11,09,75,354,46,16,35,051,44,20,13,320,37,21,14,320,42,1*6F,1763494019871
NMEA,$GPGSV,3,3,11,26,03,041,24,27,18,095,44,30,24,263,38,1*59,1763494019871
NMEA,$GPGSV,3,1,10,03,19,173,24,04,54,099,38,06,04,258,16,08,17,127,33,8*68,1763494019871
NMEA,$GPGSV,3,2,10,09,75,354,35,11,04,296,16,21,14,320,37,26,03,041,24,8*6B,1763494019871
NMEA,$GPGSV,3,3,10,27,18,095,38,30,24,263,30,8*66,1763494019871
NMEA,$GLGSV,1,1,04,12,62,227,41,11,53,029,39,01,77,104,41,08,22,135,41,1*75,1763494019871
NMEA,$GAGSV,3,1,10,02,49,173,41,03,67,071,42,05,20,107,42,08,47,315,42,7*70,1763494019871
NMEA,$GAGSV,3,2,10,13,13,277,35,15,06,228,23,16,35,050,42,25,54,072,41,7*78,1763494019871
NMEA,$GAGSV,3,3,10,26,03,325,24,30,05,202,25,7*76,1763494019871
NMEA,$GAGSV,2,1,08,02,49,173,30,03,67,071,40,05,20,107,34,08,47,315,35,1*7B,1763494019871
NMEA,$GAGSV,2,2,08,13,13,277,27,15,06,228,21,16,35,050,36,25,54,072,39,1*7B,1763494019871
NMEA,$GBGSV,2,1,07,37,49,047,44,36,17,231,28,32,16,143,37,23,01,050,27,1*75,1763494019871
NMEA,$GBGSV,2,2,07,22,03,319,27,20,72,159,45,19,54,312,44,1*4E,1763494019871
NMEA,$GBGSV,2,1,05,19,54,312,43,20,72,159,44,32,16,143,37,36,17,231,29,3*7A,1763494019871
NMEA,$GBGSV,2,2,05,37,49,047,44,3*4B,1763494019871
NMEA,$GBGSV,2,1,07,19,54,312,36,20,72,159,36,22,03,319,19,23,01,050,22,5*70,1763494019871
NMEA,$GBGSV,2,2,07,32,16,143,32,36,17,231,27,37,49,047,37,5*4C,1763494019871
NMEA,$GNGSA,A,3,03,04,07,08,09,16,20,21,27,30,,,0.6,0.4,0.5,1*37,1763494019904
NMEA,$PSSGR,GSA,A,3,03,04,08,09,21,27,30,,,,,,0.6,0.4,0.5,1,8*41,1763494019904
NMEA,$GNGSA,A,3,65,72,75,76,,,,,,,,,0.6,0.4,0.5,2*30,1763494019904
NMEA,$GNGSA,A,3,02,03,05,08,13,15,16,25,,,,,0.6,0.4,0.5,3*3E,1763494019904
NMEA,$PSSGR,GSA,A,3,302,303,305,308,313,316,325,,,,,,0.6,0.4,0.5,3,1*74,1763494019904
NMEA,$GNGSA,A,3,19,20,32,36,37,,,,,,,,0.6,0.4,0.5,4*39,1763494019904
NMEA,$PSSGR,GSA,A,3,219,220,232,236,237,,,,,,,,0.6,0.4,0.5,4,5*72,1763494019904
NMEA,$GNVTG,50.1,T,37.3,M,3.9,N,7.3,K,E*34,1763494019904
NMEA,$GNDTM,W84,,0000.000000,N,00000.000000,E,0.000,W84*41,1763494019904
NMEA,$GNRMC,192700.00,A,3725.856465,N,12209.358736,W,3.9,50.1,181125,12.8,E,E,V*4A,1763494019904
NMEA,$GNGNS,192700.00,3725.856465,N,12209.358736,W,EEEEEE,27,0.4,20.8,-32.6,,,V*27,1763494019904
NMEA,$GNGGA,192700.00,3725.856465,N,12209.358736,W,6,12,0.4,20.8,M,-32.6,M,,*76,1763494019904
NMEA,$PSMSG,magcal=PASS,bluesky=0*00,1763494019911
NMEA,$GPGSV,3,1,11,03,18,173,35,04,54,100,38,07,52,280,38,08,17,126,41,1*6F,1763494020859
NMEA,$GPGSV,3,2,11,09,76,357,43,16,35,050,42,20,13,319,30,21,14,320,30,1*65,1763494020859
NMEA,$GPGSV,3,3,11,26,02,041,24,27,19,094,29,30,25,264,40,1*5A,1763494020859
NMEA,$GPGSV,3,1,10,03,18,173,20,04,54,100,32,06,04,258,16,08,17,126,32,8*66,1763494020859
NMEA,$GPGSV,3,2,10,09,76,357,31,11,04,295,16,21,14,320,30,26,02,041,26,8*68,1763494020859
NMEA,$GPGSV,3,3,10,27,19,094,33,30,25,264,31,8*6A,1763494020859
NMEA,$GLGSV,1,1,04,12,62,227,41,11,53,029,38,01,77,104,38,08,22,135,38,1*74,1763494020859
NMEA,$GAGSV,3,1,10,02,50,173,32,03,67,073,43,05,19,108,42,08,48,315,42,7*75,1763494020859
NMEA,$GAGSV,3,2,10,13,13,277,33,15,06,228,23,16,34,050,40,25,54,071,40,7*7F,1763494020859
NMEA,$GAGSV,3,3,10,26,03,324,24,30,05,202,25,7*77,1763494020859
NMEA,$GAGSV,2,1,08,02,50,173,34,03,67,073,36,05,19,108,29,08,48,315,22,1*74,1763494020859
NMEA,$GAGSV,2,2,08,13,13,277,28,15,06,228,21,16,34,050,36,25,54,071,36,1*79,1763494020859
NMEA,$GBGSV,2,1,07,37,48,047,37,36,17,232,28,32,15,144,38,23,01,050,24,1*7B,1763494020859
NMEA,$GBGSV,2,2,07,22,03,319,27,20,71,159,39,19,54,312,42,1*40,1763494020859
NMEA,$GBGSV,2,1,05,19,54,312,39,20,71,159,38,32,15,144,38,36,17,232,28,3*76,1763494020859
NMEA,$GBGSV,2,2,05,37,48,047,40,3*4E,1763494020859
NMEA,$GBGSV,2,1,07,19,54,312,34,20,71,159,32,22,03,319,19,23,01,050,22,5*75,1763494020859
NMEA,$GBGSV,2,2,07,32,15,144,25,36,17,232,28,37,48,047,33,5*47,1763494020859
NMEA,$GNGSA,A,3,03,04,07,08,09,16,20,21,27,30,,,0.6,0.4,0.5,1*37,1763494020865
NMEA,$PSSGR,GSA,A,3,03,04,08,09,21,27,30,,,,,,0.6,0.4,0.5,1,8*41,1763494020865
NMEA,$GNGSA,A,3,65,72,75,76,,,,,,,,,0.6,0.4,0.5,2*30,1763494020865
NMEA,$GNGSA,A,3,02,03,05,08,13,15,16,25,,,,,0.6,0.4,0.5,3*3E,1763494020865
NMEA,$PSSGR,GSA,A,3,302,303,305,308,313,316,325,,,,,,0.6,0.4,0.5,3,1*74,1763494020865
NMEA,$GNGSA,A,3,19,20,32,36,37,,,,,,,,0.6,0.4,0.5,4*39,1763494020865
NMEA,$PSSGR,GSA,A,3,219,220,232,236,237,,,,,,,,0.6,0.4,0.5,4,5*72,1763494020865
NMEA,$GNVTG,,T,,M,0.0,N,0.0,K,E*39,1763494020865
NMEA,$GNDTM,W84,,0000.000000,N,00000.000000,E,0.000,W84*41,1763494020865
NMEA,$GNRMC,192701.00,A,3725.856453,N,12209.358363,W,0.0,,181125,12.8,E,E,V*5A,1763494020865
NMEA,$GNGNS,192701.00,3725.856453,N,12209.358363,W,EEEEEE,27,0.4,20.9,-32.6,,,V*26,1763494020865
NMEA,$GNGGA,192701.00,3725.856453,N,12209.358363,W,6,12,0.4,20.9,M,-32.6,M,,*77,1763494020865
NMEA,$PSMSG,magcal=PASS,bluesky=0*00,1763494020866
NMEA,$GPGSV,3,1,11,03,18,173,34,04,54,100,36,07,52,280,36,08,17,126,39,1*61,1763494021860
NMEA,$GPGSV,3,2,11,09,76,357,42,16,35,050,38,20,13,319,31,21,14,320,32,1*6A,1763494021860
NMEA,$GPGSV,3,3,11,26,02,041,26,27,19,094,31,30,25,264,42,1*53,1763494021860
NMEA,$GPGSV,3,1,10,03,18,173,20,04,54,100,28,06,04,258,16,08,17,126,27,8*69,1763494021860
NMEA,$GPGSV,3,2,10,09,76,357,29,11,04,295,16,21,14,320,29,26,02,041,23,8*6C,1763494021860
NMEA,$GPGSV,3,3,10,27,19,094,29,30,25,264,31,8*61,1763494021860
NMEA,$GLGSV,1,1,04,12,62,227,41,11,53,029,36,01,77,104,38,08,22,135,37,1*75,1763494021860
NMEA,$GAGSV,3,1,10,02,50,173,29,03,67,073,42,05,19,108,40,08,48,315,40,7*7E,1763494021860
NMEA,$GAGSV,3,2,10,13,13,277,29,15,06,228,23,16,34,050,37,25,54,071,37,7*74,1763494021860
NMEA,$GAGSV,3,3,10,26,03,324,24,30,05,202,25,7*77,1763494021860
NMEA,$GAGSV,2,1,08,02,50,173,31,03,67,073,34,05,19,108,30,08,48,315,22,1*7B,1763494021860
NMEA,$GAGSV,2,2,08,13,13,277,27,15,06,228,21,16,34,050,36,25,54,071,33,1*73,1763494021860
NMEA,$GBGSV,2,1,07,37,48,047,38,36,17,232,24,32,15,144,37,23,01,050,24,1*77,1763494021860
NMEA,$GBGSV,2,2,07,22,03,319,27,20,71,159,37,19,54,312,41,1*4D,1763494021860
NMEA,$GBGSV,2,1,05,19,54,312,36,20,71,159,34,32,15,144,38,36,17,232,30,3*7C,1763494021860
NMEA,$GBGSV,2,2,05,37,48,047,40,3*4E,1763494021860
NMEA,$GBGSV,2,1,07,19,54,312,32,20,71,159,27,22,03,319,19,23,01,050,20,5*75,1763494021860
NMEA,$GBGSV,2,2,07,32,15,144,25,36,17,232,25,37,48,047,32,5*4B,1763494021860
NMEA,$GNGSA,A,3,03,04,07,08,09,16,20,21,27,30,,,0.6,0.4,0.5,1*37,1763494021869
NMEA,$PSSGR,GSA,A,3,03,04,08,09,21,27,30,,,,,,0.6,0.4,0.5,1,8*41,1763494021869
NMEA,$GNGSA,A,3,65,72,75,76,,,,,,,,,0.6,0.4,0.5,2*30,1763494021869
NMEA,$GNGSA,A,3,02,03,05,08,13,15,16,25,,,,,0.6,0.4,0.5,3*3E,1763494021869
NMEA,$PSSGR,GSA,A,3,302,303,305,308,313,316,325,,,,,,0.6,0.4,0.5,3,1*74,1763494021869
NMEA,$GNGSA,A,3,19,20,32,36,37,,,,,,,,0.6,0.4,0.5,4*39,1763494021869
NMEA,$PSSGR,GSA,A,3,219,220,232,236,237,,,,,,,,0.6,0.4,0.5,4,5*72,1763494021869
NMEA,$GNVTG,,T,,M,0.0,N,0.0,K,E*39,1763494021869
NMEA,$GNDTM,W84,,0000.000000,N,00000.000000,E,0.000,W84*41,1763494021869
NMEA,$GNRMC,192702.00,A,3725.856392,N,12209.358276,W,0.0,,181125,12.8,E,E,V*56,1763494021869
NMEA,$GNGNS,192702.00,3725.856392,N,12209.358276,W,EEEEEE,27,0.4,20.9,-32.6,,,V*2A,1763494021869
NMEA,$GNGGA,192702.00,3725.856392,N,12209.358276,W,6,12,0.4,20.9,M,-32.6,M,,*7B,1763494021869
NMEA,$PSMSG,magcal=PASS,bluesky=0*00,1763494021871
